Date,Open,High,Low,Close,Volume
2007-07-02,4.936919167525085,4.990988254547119,4.936919167525085,4.990988254547119,26300
2007-07-03,4.978513469013052,5.011786709514781,4.978513469013052,4.995150089263916,9800
2007-07-05,4.995153517057122,4.995153517057122,4.974357628310829,4.98683500289917,27700
2007-07-06,4.990993524923839,5.007630154140977,4.978516152173118,5.0034708976745605,19500
2007-07-09,4.999313709147364,4.999313709147364,4.970199300797912,4.974358558654785,74300
2007-07-10,4.9618774616424925,4.98267294203845,4.9618774616424925,4.966036319732666,15300
2007-07-11,4.9410844900359105,5.015949532757977,4.9410844900359105,5.0117902755737305,24900
2007-07-12,4.995152244144409,5.024266242980957,4.990992988125334,5.024266242980957,32800
2007-07-13,4.982672849985185,4.986832104646882,4.9286041259765625,4.9286041259765625,19000
2007-07-16,4.920284434529106,4.924443688191519,4.911966323852539,4.911966323852539,3400
2007-07-17,4.911967558540905,4.916126416600442,4.907808303833008,4.907808303833008,4700
2007-07-18,4.911967558540905,4.911967558540905,4.907808303833008,4.907808303833008,13900
2007-07-19,4.887013938784309,4.907809822108832,4.887013938784309,4.899491310119629,25100
2007-07-20,4.886125306360671,4.9195346788478,4.886125306360671,4.90700626373291,8200
2007-07-23,4.907007001925852,4.915359545439729,4.873597624412733,4.8861260414123535,34900
2007-07-24,4.865243072939285,4.881947754801569,4.815129027352434,4.836009979248047,39800
2007-07-25,4.8234813346464795,4.836009745870836,4.802600383758545,4.802600383758545,49900
2007-07-26,4.823482766807402,4.823482766807402,4.773368708759385,4.790073394775391,48600
2007-07-27,4.781719663627866,4.840186249281375,4.781719663627866,4.836009979248047,19300
2007-07-30,4.823480369305491,4.861065993727422,4.823480369305491,4.856889724731445,22200
2007-07-31,4.844364909106154,4.865245473031403,4.844364909106154,4.848540782928467,18000
2007-08-01,4.865241864452467,4.869418133448445,4.844361316014446,4.856889724731445,14700
2007-08-02,4.844363354518621,4.865243911743164,4.831834542258576,4.865243911743164,24400
2007-08-03,4.848540782928467,4.869421745124944,4.844364909106154,4.848540782928467,6400
2007-08-06,4.844363469418638,4.848539341999931,4.823482513427734,4.823482513427734,16900
2007-08-07,4.80260155743683,4.83183465686143,4.80260155743683,4.823482513427734,7000
2007-08-08,4.781720769442732,4.823482682891766,4.773368625715599,4.7775444984436035,40400
2007-08-09,4.781721024243973,4.785897295465641,4.739959506840737,4.74413537979126,62400
2007-08-10,4.744136199417648,4.756665015247205,4.719079364300961,4.73578405380249,38900
2007-08-13,4.723255640086144,4.769193436684914,4.723255640086144,4.760840892791748,19000
2007-08-14,4.739959019655838,4.744134892177153,4.719078063964844,4.719078063964844,19500
2007-08-15,4.7023751992268075,4.714903618182369,4.668965816497803,4.668965816497803,36200
2007-08-16,4.656437319729888,4.681494557636725,4.564561710037819,4.6063232421875,46300
2007-08-17,4.664787486011799,4.739958763122559,4.6313781180228135,4.739958763122559,27200
2007-08-20,4.719079281716274,4.744136116394463,4.710726737976074,4.710726737976074,9400
2007-08-21,4.71490227778188,4.752487922234594,4.702373862388023,4.74413537979126,23400
2007-08-22,4.739102612691969,4.881695142271401,4.739102612691969,4.751684188842773,27200
2007-08-23,4.751685795802151,4.755879789257805,4.730716228485107,4.730716228485107,30400
2007-08-24,4.7432990074157715,4.7516865957779535,4.684584289035311,4.7432990074157715,18000
2007-08-27,4.743296832662421,4.743296832662421,4.718133279190514,4.739102840423584,29400
2007-08-28,4.709744202010187,4.718132184541774,4.688775045603262,4.697162628173828,30500
2007-08-29,4.697164678080475,4.768460960869546,4.655225947002972,4.7642669677734375,58600
2007-08-30,4.739103692073246,4.793624401092529,4.739103692073246,4.793624401092529,27200
2007-08-31,4.785236415107477,4.802011987116396,4.785236415107477,4.793624401092529,31200
2007-09-04,4.806204627606093,4.827174186706543,4.797816643981483,4.827174186706543,13800
2007-09-05,4.818786509819044,4.848144054412842,4.818786509819044,4.848144054412842,22000
2007-09-06,4.835560160557552,4.877499264796452,4.831366570102414,4.856529712677002,12100
2007-09-07,4.831367868812705,4.927827274545918,4.831367868812705,4.894276142120361,25500
2007-09-10,4.8900813915796775,4.9529900550842285,4.8900813915796775,4.9529900550842285,43500
2007-09-11,4.940409074638602,4.969766616821289,4.915245924151802,4.969766616821289,34400
2007-09-12,4.9571855168242696,4.96557350177484,4.927828369419546,4.936216354370117,40300
2007-09-13,4.936217124653604,4.936217124653604,4.877502420720749,4.885890007019043,8700
2007-09-14,4.902663725246227,4.902663725246227,4.8649190012382615,4.894276142120361,13500
2007-09-17,4.885888783242985,4.885888783242985,4.8397560702543005,4.848144054412842,16800
2007-09-18,4.848143601050861,4.885888326351401,4.848143601050861,4.873306751251221,8800
2007-09-19,4.877500870363682,4.877500870363682,4.831368160483759,4.835561752319336,22600
2007-09-20,4.843142032623291,4.8641992522221775,4.8220848130244045,4.843142032623291,14900
2007-09-21,4.834722888062168,4.8642031799585155,4.826300234401342,4.855780124664307,21800
2007-09-24,4.843141752228757,4.855775922603408,4.817873009846419,4.834718704223633,28900
2007-09-25,4.813662166164685,4.851565081116069,4.813662166164685,4.843142032623291,8100
2007-09-26,4.843143366642025,4.8684121174474475,4.843143366642025,4.864200592041016,6900
2007-09-27,4.859988491169606,4.872622664259737,4.838931268263974,4.868411540985107,10800
2007-09-28,4.855777541228152,4.881046292033574,4.847354892048457,4.864200592041016,9100
2007-10-01,4.87262334110488,4.876834866597645,4.8431434659218855,4.859989166259766,21900
2007-10-02,4.8641992522221775,4.8726218990818975,4.843142032623291,4.843142032623291,34700
2007-10-03,4.843145644109289,4.859991352023466,4.838934116722406,4.851568698883057,12500
2007-10-04,4.84735355686968,4.84735355686968,4.817873288778015,4.843142032623291,38900
2007-10-05,4.826298814310737,4.847356044716994,4.809453110312383,4.822087287902832,24600
2007-10-08,4.8010282570918,4.8347196524540985,4.796817133896348,4.817873954772949,24900
2007-10-09,4.809451306748931,4.8347196524540985,4.805239781920365,4.817873954772949,17400
2007-10-10,4.809452156676343,4.813663682249171,4.805240631103516,4.805240631103516,10700
2007-10-11,4.805241583904479,4.83051034071864,4.805241583904479,4.822087287902832,12300
2007-10-12,4.813660621643066,4.826294788695349,4.801026052957854,4.813660621643066,14600
2007-10-15,4.796817133896348,4.817873954772949,4.796817133896348,4.817873954772949,6300
2007-10-16,4.792606079634105,4.809451778969264,4.792606079634105,4.801028728485107,15000
2007-10-17,4.805241861721995,4.805241861721995,4.784184630098302,4.79681921005249,18200
2007-10-18,4.78839493044539,4.805240631103516,4.78839493044539,4.805240631103516,14100
2007-10-19,4.788395306977377,4.826298236846924,4.788395306977377,4.826298236846924,11500
2007-10-22,4.808532137190377,4.825448681077151,4.808532137190377,4.821219444274902,12900
2007-10-23,4.804304832359279,4.846596410744177,4.804304832359279,4.842367172241211,11800
2007-10-24,4.821219623845786,4.855052712879479,4.821219623845786,4.850823879241943,13800
2007-10-25,4.850826720263083,4.893117904663086,4.850826720263083,4.893117904663086,11600
2007-10-26,4.880435636932981,4.888894124554079,4.850831736904918,4.855060577392578,30700
2007-10-29,4.8508250020989,4.871970788470291,4.842366526221412,4.846595764160156,18800
2007-10-30,4.846594461766173,4.846594461766173,4.808532137190377,4.821219444274902,28900
2007-10-31,4.800074066908101,4.846594461766173,4.762011742332305,4.821219444274902,24100
2007-11-01,4.842369453657913,4.842369453657913,4.740870101700974,4.791619777679443,37400
2007-11-02,4.791617594403673,4.82122145773829,4.783159520589092,4.808534145355225,12700
2007-11-05,4.75355705686121,4.783161334746526,4.75355705686121,4.778932094573975,18400
2007-11-06,4.757786297033761,4.783161334746526,4.757786297033761,4.778932094573975,7700
2007-11-07,4.76624899595751,4.76624899595751,4.72818660736084,4.72818660736084,8600
2007-11-08,4.723953643228902,4.723953643228902,4.668974725588903,4.694349765777588,21900
2007-11-09,4.702807843625428,4.711266324795851,4.664745485003692,4.694349765777588,18600
2007-11-12,4.660515514746802,4.660515514746802,4.613994686264086,4.643598556518555,25500
2007-11-13,4.626681048977065,4.677431106567383,4.626681048977065,4.677431106567383,21000
2007-11-14,4.660516697313036,4.660516697313036,4.605537779088249,4.61822509765625,60300
2007-11-15,4.605537779088249,4.61822509765625,4.588621219890052,4.61822509765625,24600
2007-11-16,4.609765446707025,4.668973590538443,4.5928488918012595,4.643598556518555,33500
2007-11-19,4.626682994885783,4.698578469500685,4.626682994885783,4.685891151428223,40200
2007-11-20,4.693534859956569,4.719019889831543,4.693534859956569,4.719019889831543,15600
2007-11-21,4.71052691952389,4.73176472305836,4.651061150642856,4.706279277801514,35800
2007-11-23,4.702030758293098,4.736011075573762,4.697783522441017,4.73176383972168,10200
2007-11-26,4.7275166511535645,4.736011528747911,4.7105264908874975,4.7275166511535645,20300
2007-11-27,4.719019936232855,4.753000246451774,4.6977825461539675,4.714772701263428,35400
2007-11-28,4.706281201178395,4.740261538689768,4.70203355772008,4.723271369934082,16200
2007-11-29,4.714774132223357,4.748754452755491,4.697783971957291,4.7275166511535645,48500
2007-11-30,4.7275171489331145,4.769992351531982,4.7275171489331145,4.769992351531982,33800
2007-12-03,4.795475032174784,4.799722671508789,4.761494727657112,4.799722671508789,35700
2007-12-04,4.774240062978431,4.803973150816646,4.76999242113334,4.795477867126465,27600
2007-12-05,4.791227360257911,4.799722638868148,4.7742372081146165,4.7827324867248535,17500
2007-12-06,4.769990498783551,4.812466089961566,4.761495623594303,4.791228294372559,26700
2007-12-07,4.786981059316564,4.803971214772318,4.778485779050057,4.791228294372559,19200
2007-12-10,4.782732453967846,4.791227327442722,4.748752149913989,4.765742301940918,36800
2007-12-11,4.761494662664892,4.774237175415793,4.727514358611035,4.765742301940918,67500
2007-12-12,4.765742242791071,4.7742371161605135,4.744504451751709,4.744504451751709,28700
2007-12-13,4.731762809846276,4.782733274673472,4.693534859956569,4.719019889831543,34900
2007-12-14,4.714772654903878,4.761495479726162,4.67654470501417,4.719019889831543,40700
2007-12-17,4.714771235796521,4.740256258000713,4.685038169788797,4.697781085968018,32900
2007-12-18,4.706277421170072,4.731762856372887,4.6977825461539675,4.714772701263428,37500
2007-12-19,4.713919336887431,4.726717193802666,4.645663557557455,4.7181854248046875,129700
2007-12-20,4.713919011234783,4.735249042510986,4.70965292361224,4.735249042510986,40400
2007-12-21,4.726718002143276,4.726718002143276,4.6925901066419,4.701122283935547,78700
2007-12-24,4.713920143039411,4.726718002143276,4.701122283935547,4.701122283935547,16100
2007-12-26,4.701122392690447,4.786442133417659,4.692590215199418,4.769378185272217,63800
2007-12-27,4.748047525705557,4.794973275242361,4.743781437519512,4.752313613891602,43500
2007-12-28,4.786440043446465,4.799237897258285,4.743779988291816,4.765110015869141,86700
2007-12-31,4.777910721458724,4.80777294062533,4.743782819699758,4.803506851196289,94100
2008-01-02,4.820568736007778,4.824834823608398,4.786440848875827,4.824834823608398,26100
2008-01-03,4.863230686712763,4.91868863118476,4.837634962702117,4.90162467956543,31800
2008-01-04,4.880293876061951,4.93575181187178,4.880293876061951,4.931486129760742,29300
2008-01-07,4.905893665649083,4.918691535210346,4.897361481383615,4.914425849914551,8600
2008-01-08,4.905892204418559,4.944286208503551,4.89736002269442,4.92722225189209,18600
2008-01-09,4.935750658570151,4.961346779438684,4.927218889504999,4.940016746520996,18500
2008-01-10,4.931486533769277,5.004008017637795,4.931486533769277,4.995476245880127,25000
2008-01-11,4.999743461608887,5.012541325547055,4.999743461608887,4.999743461608887,6200
2008-01-14,5.012541325547055,5.0168074158053635,4.98694519083396,4.999743461608887,26700
2008-01-15,4.9997445161792,5.021074565133023,4.9997445161792,5.004010200500488,9900
2008-01-16,4.991211078539468,5.008275032043457,4.991211078539468,5.008275032043457,11700
2008-01-17,5.008272066581297,5.008272066581297,4.965612411499023,4.965612411499023,26600
2008-01-18,4.965611949794965,4.991207659097133,4.820568240961139,4.876026153564453,42700
2008-01-22,4.875169851152942,4.947997552234443,4.840898039885439,4.926577568054199,41200
2008-01-23,4.926578621089915,5.007974088110126,4.926578621089915,4.999406337738037,30900
2008-01-24,5.007974088110126,5.029394076868804,4.97798634897936,4.999406337738037,32300
2008-01-25,4.995122360410425,4.995122360410425,4.9565664615669185,4.965134620666504,11400
2008-01-28,4.969418237760803,4.995121895562943,4.969418237760803,4.986554145812988,8600
2008-01-29,5.0036900538651725,5.0036900538651725,4.960850079458574,4.986554145812988,54300
2008-01-30,4.973701477050781,4.990837383616976,4.969417806823412,4.973701477050781,11900
2008-01-31,4.965133728043803,4.97798555583039,4.939429663918391,4.973701477050781,22800
2008-02-01,4.977989619557079,4.9908414578351215,4.969421863555908,4.969421863555908,14800
2008-02-04,4.9694207894692255,4.986556706320396,4.965136708118312,4.982272624969482,17600
2008-02-05,4.973701477050781,4.982269634609998,4.965133728043803,4.973701477050781,2500
2008-02-06,4.97370273273037,4.9908386436227605,4.969419061421529,4.977986812591553,15200
2008-02-07,4.960850079458574,4.999405974714057,4.960850079458574,4.986554145812988,9200
2008-02-08,4.960852626767399,4.995124460469739,4.948000791267142,4.982272624969482,26900
2008-02-11,4.947998250557504,4.986554145812987,4.866602380895421,4.986554145812988,74200
2008-02-12,4.973703101991782,5.012259006500244,4.973703101991782,5.012259006500244,42300
2008-02-13,5.0036927411151035,5.012260495466399,4.948000907897949,4.948000907897949,59000
2008-02-14,4.913725851973249,4.913725851973249,4.819478164582348,4.8280463218688965,70000
2008-02-15,4.805677158630077,4.818583965301514,4.754049521644345,4.818583965301514,63000
2008-02-19,4.840091614068939,4.883114814758301,4.840091614068939,4.883114814758301,43400
2008-02-20,4.8529999359786915,4.870209139605221,4.827186335688788,4.84009313583374,66100
2008-02-21,4.81858097343059,4.84009257805969,4.801371771787256,4.809976577758789,23100
2008-02-22,4.7841632473228515,4.801372451402079,4.771256446838379,4.771256446838379,41400
2008-02-25,4.762651514364471,4.861604742941846,4.758349521182673,4.84009313583374,20900
2008-02-26,4.818580825091703,4.84869723476521,4.809976429684786,4.82718563079834,32900
2008-02-27,4.805677514496167,4.822886728099107,4.7540498736873475,4.758352279663086,90400
2008-02-28,4.741143648114768,4.741143648114768,4.6680043787482015,4.689515590667725,125500
2008-02-29,4.646486839400505,4.659393632175912,4.482999293147021,4.603463649749756,110400
2008-03-03,4.607769394933957,4.719629440970412,4.607769394933957,4.702420234680176,203800
2008-03-04,4.689514094235771,4.715328114721995,4.6335844687321694,4.659398078918457,56300
2008-03-05,4.680907706622096,4.749744518288636,4.680907706622096,4.706721305847168,65600
2008-03-06,4.698119800818183,4.74114303973667,4.6637013738033986,4.680910587310791,53400
2008-03-07,4.68090862424242,4.715327036822892,4.68090862424242,4.702420234680176,33000
2008-03-10,4.702417214975521,4.715324008830009,4.672300815582275,4.672300815582275,84700
2008-03-11,4.680910844213614,4.689515246289538,4.655096817385765,4.668004035949707,127500
2008-03-12,4.672301882612608,4.6766042849798515,4.633581492206428,4.650790691375732,141100
2008-03-13,4.629282063601143,4.663700484049484,4.629282063601143,4.659398078918457,43400
2008-03-14,4.646490729049992,4.680909145462964,4.629281520843506,4.629281520843506,40300
2008-03-17,4.607768357529178,4.668000771134045,4.564745146340023,4.573349952697754,88200
2008-03-18,4.573352591129389,4.650794251827154,4.573352591129389,4.6120734214782715,93500
2008-03-19,4.645782126346719,4.645782126346719,4.615530653689596,4.632817268371582,67500
2008-03-20,4.624170481827709,4.632813989123264,4.602562125733935,4.619848728179932,81200
2008-03-24,4.62417457233193,4.676034425544691,4.619852814861164,4.645782947540283,73400
2008-03-25,4.619846953756047,4.680350245151054,4.619846953756047,4.6717071533203125,48800
2008-03-26,4.667390180410601,4.72357177734375,4.66306842399758,4.72357177734375,82300
2008-03-27,4.723570176985899,4.745178127439424,4.6976400594383385,4.7062835693359375,50100
2008-03-28,4.693316281113082,4.736532987679074,4.693316281113082,4.7192463874816895,67900
2008-03-31,4.719248338008564,4.7538215526928935,4.697639975794551,4.749499797821045,40400
2008-04-01,4.753820603393425,4.766785453274766,4.714925641604255,4.727890491485596,92900
2008-04-02,4.745176262220761,4.74949801547078,4.676029858800762,4.693316459655762,124700
2008-04-03,4.6717110443564955,4.740857485173841,4.6717110443564955,4.732213973999023,58000
2008-04-04,4.714927363794687,4.736535729586432,4.693318998002943,4.732213973999023,81800
2008-04-07,4.714927363794687,4.758144095378177,4.706284264765168,4.732213973999023,49800
2008-04-08,4.7192484220371,4.736535029687062,4.6976400594383385,4.7062835693359375,83600
2008-04-09,4.701960018759171,4.745176315307617,4.701960018759171,4.745176315307617,47500
2008-04-10,4.7451770356264085,4.766785393253324,4.7106038282814,4.740855693817139,51300
2008-04-11,4.745178212332042,4.788394938302724,4.740856869451169,4.766786575317383,55700
2008-04-14,4.75382260847851,4.7970393425046245,4.75382260847851,4.779752731323242,31400
2008-04-15,4.762466611777084,4.775431468465168,4.753823099221452,4.758144855499268,39400
2008-04-16,4.758143288596803,4.810003110416564,4.758143288596803,4.7927165031433105,72900
2008-04-17,4.7624650434514235,4.79703825799793,4.7624650434514235,4.7927165031433105,46100
2008-04-18,4.784076528734172,4.818649768829346,4.779755182831424,4.818649768829346,48400
2008-04-21,4.797036823190188,4.818644766709835,4.775428467525437,4.814323425292969,58800
2008-04-22,4.800436782853746,4.826478702594593,4.7874154090544705,4.796096324920654,42200
2008-04-23,4.8004341914243485,4.848177961128173,4.8004341914243485,4.826476097106934,47700
2008-04-24,4.8264792136788115,4.830819672071522,4.80043729118034,4.809117794036865,40200
2008-04-25,4.826475579435432,4.830816034559863,4.804773717741861,4.813454627990723,23500
2008-04-28,4.791755866987562,4.8221382446615015,4.7874154090544705,4.796096324920654,46000
2008-04-29,4.800436973571777,4.809117475853979,4.791756057360707,4.800436973571777,43100
2008-04-30,4.804776322172433,4.8308186531066895,4.796095821146886,4.8308186531066895,42600
2008-05-01,4.839499154132236,4.839499154132236,4.804776322172433,4.8308186531066895,31500
2008-05-02,4.8264792136788115,4.843840633320758,4.809117794036865,4.809117794036865,30000
2008-05-05,4.800433676546013,4.822135124311001,4.796093221421582,4.813454627990723,28100
2008-05-06,4.774391359728011,4.817795083115153,4.774391359728011,4.813454627990723,106700
2008-05-07,4.796096832787629,4.817798710822286,4.778735413145684,4.809117794036865,81700
2008-05-08,4.809117794036865,4.817798710822286,4.79175637439492,4.809117794036865,14500
2008-05-09,4.796095821146886,4.8308186531066895,4.796095821146886,4.8308186531066895,50100
2008-05-12,4.835161811784599,4.839501857757568,4.809119466301584,4.839501857757568,42800
2008-05-13,4.826477186686234,4.856859554817626,4.817796687475289,4.852519512176514,113500
2008-05-14,4.8481815644732835,4.878563948327137,4.8481815644732835,4.8568620681762695,140600
2008-05-15,4.839497950729655,4.861199818790289,4.839497950729655,4.848178863525391,41400
2008-05-16,4.8525212924785315,4.908946006801406,4.8525212924785315,4.874222755432129,57800
2008-05-19,4.874223135732528,4.9089463898110095,4.874223135732528,4.882904052734375,67400
2008-05-20,4.86988075019831,4.895922660827637,4.865540293783853,4.895922660827637,45300
2008-05-21,4.873258113861084,4.908129336282099,4.873258113861084,4.873258113861084,36600
2008-05-22,4.873258174599204,4.890693786027021,4.847104549608595,4.855822563171387,46500
2008-05-23,4.868898928441701,4.868898928441701,4.8427453047369164,4.851463317871094,60900
2008-05-27,4.855822324438182,4.873257935008789,4.8471043113040055,4.851463317871094,44500
2008-05-28,4.838388956071577,4.886336803436279,4.838388956071577,4.886336803436279,55200
2008-05-29,4.860180262879479,4.9081284972854125,4.860180262879479,4.8950514793396,57000
2008-05-30,4.855822442561286,4.89505225552615,4.855822442561286,4.890693664550781,30100
2008-06-02,4.877616644531403,4.89505225552615,4.873258053556033,4.890693664550781,53400
2008-06-03,4.8776193364375935,4.921208595829787,4.799159251508823,4.8601837158203125,168300
2008-06-04,4.8427453047369164,4.864539921874612,4.8427453047369164,4.851463317871094,99900
2008-06-05,4.82530945650655,4.860180675930261,4.820950865851881,4.847104072570801,94000
2008-06-06,4.834027944962174,4.855822563171387,4.829668938180778,4.855822563171387,85700
2008-06-09,4.829671483664568,4.8601837158203125,4.829671483664568,4.8601837158203125,62900
2008-06-10,4.829668104477859,4.8558217249538,4.790437881612796,4.820950508117676,92800
2008-06-11,4.781722308196537,4.825311139833431,4.764286692402205,4.777363300323486,96100
2008-06-12,4.703259300883932,4.820949956000656,4.703259300883932,4.755566120147705,83900
2008-06-13,4.755566300985477,4.777360913765236,4.751207295289993,4.768642902374268,66500
2008-06-16,4.773002563042715,4.790438172519582,4.725054740905762,4.725054740905762,149100
2008-06-17,4.7294158963401935,4.7512101063167105,4.72069787979126,4.72069787979126,160600
2008-06-18,4.711979628400197,4.725056235720321,4.698902605382222,4.707620620727539,200500
2008-06-19,4.703260599477446,4.742490828681348,4.690183994975399,4.716337203979492,500200
2008-06-20,4.715462104661242,4.715462104661242,4.601625412517765,4.619138717651367,268500
2008-06-23,4.62789619603579,4.645409505084593,4.623518181936258,4.632274627685547,108400
2008-06-24,4.632274198744858,4.676057676087701,4.6278957675005366,4.662922382354736,99500
2008-06-25,4.689191818237305,4.7110835534818545,4.6760569441106234,4.689191818237305,55400
2008-06-26,4.706704054494657,4.719838925639705,4.689190753784585,4.693569183349609,93200
2008-06-27,4.702325454705598,4.706703884112123,4.689190584036032,4.697947025299072,43400
2008-06-30,4.715460973165368,4.732974274096575,4.70670411392475,4.724217414855957,25700
2008-07-01,4.746109428188044,4.746109428188044,4.715461254119873,4.715461254119873,52200
2008-07-02,4.7285961834395955,4.754865927944503,4.7285961834395955,4.746109485626221,77800
2008-07-03,4.732977789540807,4.768004417419434,4.732977789540807,4.768004417419434,94300
2008-07-07,4.781135747269888,4.781135747269888,4.724217414855957,4.724217414855957,68400
2008-07-08,4.741729648322218,4.750486505591481,4.706703054345041,4.728594779968262,26600
2008-07-09,4.754865672461441,4.76362253185927,4.7198390699702,4.73735237121582,62500
2008-07-10,4.732977789540807,4.768004417419434,4.732977789540807,4.768004417419434,46500
2008-07-11,4.767999737233773,4.803026330730905,4.763621308659149,4.781134605407715,83300
2008-07-14,4.807406882788004,4.8161637445658325,4.741732089654894,4.7592453956604,144900
2008-07-15,4.759244300281537,4.759244300281537,4.68919109238283,4.715461254119873,177500
2008-07-16,4.715462319878336,4.737353639131876,4.689192152203879,4.711083889007568,112300
2008-07-17,4.715461674180422,4.759244724242348,4.715461674180422,4.75048828125,96500
2008-07-18,4.750489981603055,4.785516601209785,4.741733117926251,4.77238130569458,86600
2008-07-21,4.7461088488481415,4.794270319012097,4.7461088488481415,4.785513877868652,78100
2008-07-22,4.785954675244908,4.812372273386992,4.755134493990375,4.7727460861206055,171300
2008-07-23,4.768343944283973,4.803567134905789,4.763940940482858,4.790358543395996,84600
2008-07-24,4.777146896700148,4.790355479762496,4.755132311667376,4.759535312652588,57100
2008-07-25,4.768342907515641,4.807969093322754,4.768342907515641,4.807969093322754,91800
2008-07-28,4.812374469787887,4.812374469787887,4.785956859588623,4.785956859588623,73100
2008-07-29,4.807970138706904,4.8343873217264886,4.790358543395996,4.790358543395996,137600
2008-07-30,4.794759977268544,4.816774149279004,4.75953679817971,4.763939380645752,79700
2008-07-31,4.794759917451102,4.816774089186922,4.781550910537518,4.803565502166748,58800
2008-08-01,4.816774543052329,4.816774543052329,4.763939770099813,4.781551361083984,54000
2008-08-04,4.777148387724127,4.799162559734587,4.763939380645752,4.763939380645752,55100
2008-08-05,4.781551649307407,4.781551649307407,4.733119876154915,4.750731468200684,91200
2008-08-06,4.768345551277889,4.772748556562874,4.724316338215431,4.7331223487854,54500
2008-08-07,4.7331182828833445,4.755132870503329,4.7331182828833445,4.741924285888672,39900
2008-08-08,4.750731490984448,4.785954675244908,4.750731490984448,4.7727460861206055,91800
2008-08-11,4.772743895714936,4.785952478777285,4.755132311667376,4.759535312652588,36100
2008-08-12,4.7595361537713785,4.785953324564594,4.755133152008057,4.755133152008057,55700
2008-08-13,4.750731181835046,4.78595436380339,4.750731181835046,4.781551361083984,33900
2008-08-14,4.781551361083985,4.78595436380339,4.772745775538624,4.781551361083984,20700
2008-08-15,4.785958556383759,4.799167156219482,4.7639439433950095,4.799167156219482,37400
2008-08-18,4.768345259420338,4.794762869619601,4.768345259420338,4.785956859588623,50600
2008-08-19,4.777152963124551,4.799167156219482,4.768346949971523,4.799167156219482,69800
2008-08-20,4.808460712432861,4.808460712432861,4.786322648468058,4.808460712432861,73500
2008-08-21,4.795181751251221,4.808464685055402,4.781898817447041,4.795181751251221,28100
2008-08-22,4.80403473381677,4.80403473381677,4.7818962412322,4.7863240242004395,47100
2008-08-25,4.799606926984197,4.80403470993042,4.786324000402149,4.80403470993042,42200
2008-08-26,4.795178171950928,4.821744441986084,4.795178171950928,4.821744441986084,34200
2008-08-27,4.8261740056143125,4.852740287780762,4.8261740056143125,4.852740287780762,62600
2008-08-28,4.843884143738168,4.852739710826367,4.80846271989873,4.830601215362549,61300
2008-08-29,4.839457232275088,4.8483123779296875,4.804035805143253,4.8483123779296875,57900
2008-09-02,4.861591277279836,4.8660190575648645,4.835025440082403,4.839453220367432,59600
2008-09-03,4.82617358459548,4.8394569356482755,4.80403551068754,4.817318439483643,98600
2008-09-04,4.808462594055267,4.826173305511475,4.808462594055267,4.826173305511475,37900
2008-09-05,4.812887306594667,4.8571642681123635,4.808459525991617,4.835025787353516,54600
2008-09-08,4.839457232275088,4.861595307539946,4.839457232275088,4.8483123779296875,53000
2008-09-09,4.857165853861933,4.857165853861933,4.821744441986084,4.821744441986084,34200
2008-09-10,4.8128886222839355,4.843882250465147,4.799605699100062,4.8128886222839355,67000
2008-09-11,4.795179642290151,4.817318137064987,4.7509026527404785,4.7509026527404785,101400
2008-09-12,4.75533119362789,4.768614545962709,4.724337549360113,4.742048263549805,51700
2008-09-15,5.051981796564476,5.2158058729512415,4.967856079273688,5.047554016113281,733800
2008-09-16,5.007705604505311,5.025416305276283,4.9368623791650075,4.950145721435547,364000
2008-09-17,4.972286166233684,4.976713949114824,4.857166767120361,4.857166767120361,191000
2008-09-18,4.857165168294836,4.870448090309321,4.706623977942421,4.759756088256836,251300
2008-09-19,4.8217473356444165,4.905873133771546,4.777470333099534,4.879307270050049,107600
2008-09-22,4.897558824081542,4.902011252190912,4.7951555252075195,4.7951555252075195,79900
2008-09-23,4.768443025963065,4.848585061147892,4.768443025963065,4.799609184265137,60800
2008-09-24,4.7996088097417715,4.8441322535051,4.759537795276182,4.777347087860107,51400
2008-09-25,4.75508634767585,4.763990782707514,4.728372193366705,4.746181488037109,102800
2008-09-26,4.741726264315919,4.781797259865621,4.706107695962148,4.715012550354004,60400
2008-09-29,4.692750703511925,4.692750703511925,4.474586872491267,4.4968485832214355,103900
2008-09-30,4.55028064102807,4.643779572850811,4.536923347476815,4.608160972595215,155200
2008-10-01,4.670488659437979,4.679393512937212,4.545823682696209,4.563632965087891,92700
2008-10-02,4.554728416929792,4.617061121782746,4.550276414488506,4.576990127563477,58500
2008-10-03,4.5636349473474365,4.5636349473474365,4.532468795776367,4.532468795776367,60000
2008-10-06,4.49684958564886,4.49684958564886,4.296494569021476,4.345470428466797,229500
2008-10-07,4.3499230509655655,4.430064636591887,4.274233468991257,4.300947189331055,193000
2008-10-08,4.162927507810124,4.430066975268331,4.162927507810124,4.274235725402832,260300
2008-10-09,4.2875902475345375,4.372184259809312,4.082783222198486,4.082783222198486,202900
2008-10-10,3.900238245577649,4.1094972923179265,3.695431202784112,4.015998840332031,238300
2008-10-13,4.211903408960477,4.211903408960477,4.12285691054204,4.185189247131348,65700
2008-10-14,4.434518242407261,4.434518242407261,4.189640143029765,4.207449436187744,146300
2008-10-15,4.171830931149442,4.171830931149442,4.007094860076904,4.007094860076904,133000
2008-10-16,4.047164990993996,4.0694267091555245,3.980379836509411,4.015998840332031,95500
2008-10-17,4.051618419730521,4.078332148433343,3.953667090403698,4.073879718780518,353900
2008-10-20,4.091690318233748,4.113952048993386,4.078333449620843,4.087238311767578,185700
2008-10-21,4.038258354505591,4.078329344618439,4.015997070760028,4.042710781097412,65600
2008-10-22,4.101431410144869,4.146255970001221,4.083501671698065,4.146255970001221,71400
2008-10-23,4.159705159909119,4.289695932797563,4.159705159909119,4.271766185760498,121500
2008-10-24,4.213494956188985,4.307626247406006,4.14625850281066,4.307626247406006,53200
2008-10-27,4.312106695400121,4.356931260847931,4.25831747334999,4.325553894042969,86600
2008-10-28,4.365895094118178,4.365895094118178,4.303141227300019,4.339000701904297,84200
2008-10-29,4.3300371962523405,4.3300371962523405,4.253835678100586,4.253835678100586,65900
2008-10-30,4.2403893291810375,4.276248824048958,4.191082630607373,4.1955647468566895,84500
2008-10-31,4.217974551702701,4.298658581335174,4.182115077972412,4.182115077972412,93100
2008-11-03,4.231422120753868,4.231422120753868,4.132808773035789,4.146255970001221,79100
2008-11-04,4.155220686414019,4.253834025432989,4.155220686414019,4.182115077972412,68800
2008-11-05,4.2045297715503125,4.271766216554271,4.2045297715503125,4.22694206237793,60800
2008-11-06,4.410722045906919,4.410722045906919,4.244871778944344,4.271766185760498,53200
2008-11-07,4.307626247406006,4.325555996805489,4.298661586445737,4.307626247406006,33200
2008-11-10,4.307624153359591,4.347966176766874,4.307624153359591,4.325553894042969,47600
2008-11-11,4.258318017202353,4.294177503148912,4.182116502696219,4.249352931976318,138600
2008-11-12,4.249352369019442,4.258317453057778,4.21349288782357,4.235905170440674,94400
2008-11-13,4.191079844110806,4.267281326911266,4.191079844110806,4.26279878616333,78600
2008-11-14,4.271763440180588,4.2762459809285245,4.217974233641196,4.26279878616333,47500
2008-11-17,4.235905170440674,4.267282537096113,4.21349288782357,4.235905170440674,118000
2008-11-18,4.253834226489652,4.298658784510461,4.195562472054068,4.231421947479248,103000
2008-11-19,4.182117543150944,4.244871872909252,4.173152883173413,4.1955647468566895,80800
2008-11-20,4.198717875855817,4.212247457963207,4.085970354733023,4.1355791091918945,197100
2008-11-21,4.009306440188948,4.14009369213604,4.009306440188948,4.099504470825195,123900
2008-11-24,4.099506645326895,4.230293966647518,4.090486622429711,4.198724746704102,70200
2008-11-25,4.2077411783105365,4.225780780453746,4.171661974024118,4.21225118637085,76400
2008-11-26,4.194213201813181,4.194213201813181,4.1400943745115,4.1581339836120605,35300
2008-11-28,4.171661085559751,4.171661085559751,4.140091896057129,4.140091896057129,7200
2008-12-01,4.198720457393116,4.198720457393116,4.067933269681511,4.081462860107422,100500
2008-12-02,4.08597323974127,4.08597323974127,4.03636402015685,4.0634236335754395,113500
2008-12-03,4.063422252230031,4.063422252230031,4.000283462449098,4.036362648010254,88500
2008-12-04,4.031850817557621,4.036360821236085,3.905573725243998,3.9236133098602295,293800
2008-12-05,3.9236175993403655,3.9236175993403655,3.842439594868587,3.855969190597534,202300
2008-12-08,3.869498736487556,3.9145979618006304,3.78381072451042,3.788320302963257,155500
2008-12-09,3.743220530859638,3.75224011550951,3.6079233203277523,3.6394925117492676,174900
2008-12-10,3.6349824283921355,3.675571198812543,3.576353415938701,3.630472421646118,107000
2008-12-11,3.6259613572849845,3.6304713627155296,3.5267436033508317,3.5402731895446777,118700
2008-12-12,3.499684215914245,3.553802990787419,3.4726246134287626,3.5402731895446777,69900
2008-12-15,3.540274115962633,3.576353308652609,3.4771355287551753,3.5538039207458496,106800
2008-12-16,3.5312570480266054,3.644004719879558,3.522237242880334,3.6034154891967773,165600
2008-12-17,3.58086606755261,3.7567523746286837,3.58086606755261,3.7296931743621826,108500
2008-12-18,3.7116496678699398,3.7928280530561724,3.7116496678699398,3.7702784538269043,115400
2008-12-19,3.7916231058891894,3.9323897027972436,3.7916231058891894,3.846113443374634,87800
2008-12-22,3.859735676063054,3.955093868911345,3.859735676063054,3.8824400901794434,450300
2008-12-23,3.8733583311785527,3.968716528454962,3.8688177945849715,3.941471576690674,120600
2008-12-24,3.8915204588071868,3.9414702418769476,3.8915204588071868,3.9323883056640625,65800
2008-12-26,3.9006037649245524,3.941471626134351,3.882440319170276,3.9369306564331055,103000
2008-12-29,3.9596350222170997,3.968716528454962,3.9142261918756853,3.941471576690674,289300
2008-12-30,3.9369289920393262,3.991419306265586,3.9369289920393262,3.955092430114746,102200
2008-12-31,3.932391434139622,3.9732593135095784,3.932391434139622,3.964177370071411,106000
2009-01-02,3.9823373038078334,4.086776951367443,3.973255369385014,4.032286643981934,132300
2009-01-05,4.023206090763259,4.132187175998969,4.023206090763259,4.109482765197754,137400
2009-01-06,4.109482716738503,4.127646158555168,4.077696368771382,4.114023685455322,118400
2009-01-07,4.114023685455322,4.132187127271987,4.109482716738503,4.114023685455322,83900
2009-01-08,4.118564035592819,4.163972854614258,4.1140235001311485,4.163972854614258,85500
2009-01-09,4.154892145333662,4.241168840358486,4.154892145333662,4.213923454284668,246100
2009-01-12,4.213921255567018,4.218462223051747,4.114022569205977,4.20029878616333,149800
2009-01-13,4.16851448884009,4.19575943816351,4.163973519602633,4.186677932739258,90200
2009-01-14,4.182135760908142,4.182135760908142,4.095859535458917,4.132186412811279,163600
2009-01-15,4.1321862739815485,4.173053684842023,4.123104338423317,4.141267776489258,189800
2009-01-16,4.141267785501708,4.182135629501645,4.141267785501708,4.1775946617126465,66000
2009-01-20,4.17759656155339,4.241168840358486,4.163974085041842,4.213923454284668,80600
2009-01-21,4.226259726219416,4.249104460533583,4.203414991905249,4.23996639251709,95500
2009-01-22,4.221688121069513,4.221688121069513,4.116603017242391,4.157723426818848,50300
2009-01-23,4.1120352963007045,4.134880023981096,4.057208211303927,4.125741958618164,116800
2009-01-26,4.1348787064178385,4.171430084768733,4.125740643966715,4.157723426818848,84200
2009-01-27,4.14858691670543,4.239965396775094,4.14858691670543,4.212552070617676,45900
2009-01-28,4.198845957897003,4.271949194847749,4.198845957897003,4.23996639251709,83900
2009-01-29,4.239961706491773,4.262806415557861,4.239961706491773,4.262806415557861,46800
2009-01-30,4.258240743017748,4.276516437530518,4.226258386552132,4.276516437530518,103400
2009-02-02,4.290224532126266,4.294793130020865,4.258241732501906,4.285655498504639,88100
2009-02-03,4.276513066706881,4.28565112462395,4.258237386599327,4.262806415557861,79000
2009-02-04,4.258242114407241,4.267380182470053,4.217121679578722,4.235397815704346,36300
2009-02-05,4.221688790805009,4.244533514830143,4.203413098730278,4.2308268547058105,81500
2009-02-06,4.226260258528701,4.258242629160564,4.226260258528701,4.253674030303955,26000
2009-02-09,4.235396342777971,4.235396342777971,4.217120213008162,4.226258277893066,34500
2009-02-10,4.226259726219416,4.244535426525336,4.207984025913496,4.23996639251709,57400
2009-02-11,4.235397815704346,4.24453544804009,4.23082878167294,4.235397815704346,31800
2009-02-12,4.235394981598576,4.253670669767994,4.235394981598576,4.249101638793945,93100
2009-02-13,4.249099764408842,4.271944473474931,4.249099764408842,4.262806415557861,105300
2009-02-17,4.253672956655734,4.262810587789689,4.203414460374449,4.207983493804932,168400
2009-02-18,4.207981082215759,4.221687738924926,4.1851363638826395,4.194274425506592,85500
2009-02-19,4.194274407254002,4.203412033111428,4.180567314877725,4.198843002319336,57300
2009-02-20,4.197462638811717,4.197462638811717,4.10551392943196,4.1606831550598145,43900
2009-02-23,4.160687510457182,4.160687510457182,4.100920677185059,4.100920677185059,78800
2009-02-24,4.100918360687318,4.14229540946036,4.073333515356544,4.123905658721924,66500
2009-02-25,4.123905513972843,4.22964646739578,4.105515763879887,4.179074764251709,68700
2009-02-26,4.179074880868014,4.202062178737221,4.160685130261896,4.1836724281311035,39800
2009-02-27,4.146892362566669,4.220451354980469,4.142294815929262,4.220451354980469,106600
2009-03-02,4.225047636585285,4.229645182323231,4.165281295776367,4.165281295776367,86300
2009-03-03,4.179074764251709,4.192866967209868,4.160685014158753,4.179074764251709,102800
2009-03-04,4.179073723239817,4.2250478677968815,4.179073723239817,4.215853214263916,60300
2009-03-05,4.197465719285557,4.202063267740142,4.151491111632404,4.1698808670043945,110700
2009-03-06,4.169879786341836,4.202062178737221,4.165282677524986,4.1836724281311035,56000
2009-03-09,4.174478158843158,4.183673255187084,4.137698650360107,4.137698650360107,60600
2009-03-10,4.137695868103367,4.1606831550598145,4.137695868103367,4.1606831550598145,49700
2009-03-11,4.1606868550466585,4.174479064107154,4.14229709681719,4.1560893058776855,41800
2009-03-12,4.146891551270679,4.169878403068219,4.142294005532733,4.165281295776367,38500
2009-03-13,4.16528070014031,4.188267548650726,4.137695868103367,4.1606831550598145,31900
2009-03-16,4.160685014158753,4.2020620614794595,4.160685014158753,4.179074764251709,23500
2009-03-17,4.197465719285557,4.197465719285557,4.151491111632404,4.1698808670043945,34200
2009-03-18,4.156090673949543,4.179077988914782,4.146896011031387,4.174480438232422,32100
2009-03-19,4.202063267740142,4.202063267740142,4.165283756996161,4.1698808670043945,61000
2009-03-20,4.168492666809066,4.200878150398542,4.16386604309082,4.16386604309082,60400
2009-03-23,4.1869997813550075,4.233264706602595,4.182373156464478,4.2240118980407715,47300
2009-03-24,4.210129488896705,4.242514957802104,4.210129488896705,4.237888336181641,15200
2009-03-25,4.228640522368881,4.2795320965701755,4.228640522368881,4.265652656555176,37700
2009-03-26,4.284156799316406,4.293409608097138,4.270276924316443,4.284156799316406,25500
2009-03-27,4.29340924969385,4.321168556157254,4.288783066299289,4.307289123535156,24500
2009-03-30,4.307288651797202,4.307288651797202,4.270276100159908,4.288782596588135,101200
2009-03-31,4.288783621336113,4.3304219245910645,4.288783621336113,4.3304219245910645,95400
2009-04-01,4.3489276319941474,4.3489276319941474,4.311915515730138,4.335048198699951,60200
2009-04-02,4.3489270156273045,4.390565750827728,4.3489270156273045,4.367433071136475,37700
2009-04-03,4.372060922408928,4.372060922408928,4.33042217552191,4.339675426483154,70700
2009-04-06,4.358181487186353,4.367434296928306,4.33042217552191,4.339675426483154,21200
2009-04-07,4.335048801002532,4.339675426483154,4.325795991260579,4.339675426483154,47100
2009-04-08,4.335046766281244,4.35355281829834,4.335046766281244,4.35355281829834,24000
2009-04-09,4.367433071136475,4.427577861846067,4.353553639809389,4.367433071136475,64200
2009-04-13,4.372062806577017,4.376689434051514,4.367436179102521,4.376689434051514,33300
2009-04-14,4.385940801751675,4.399820679599017,4.376687991072782,4.395194053649902,95400
2009-04-15,4.3998188972473145,4.413698328252811,4.39519227317243,4.3998188972473145,22200
2009-04-16,4.413699491423193,4.427578926086426,4.409072866129025,4.427578926086426,41800
2009-04-17,4.432204013913241,4.506228228064917,4.432204013913241,4.496975421905518,38300
2009-04-20,4.469218840678124,4.492351531982422,4.469218840678124,4.492351531982422,44800
2009-04-21,4.492347973466995,4.5386133194275065,4.492347973466995,4.520107269287109,57500
2009-04-22,4.5541026537999,4.572728823268252,4.540133137719362,4.544789791107178,64500
2009-04-23,4.544788745951583,4.55875825881958,4.521505928449716,4.55875825881958,21200
2009-04-24,4.558760983255393,4.568074293455142,4.530821496739216,4.554104328155518,27700
2009-04-27,4.535477736796107,4.5401343914698495,4.516851562184168,4.52150821685791,70100
2009-04-28,4.530815968671929,4.540129267508484,4.512189815081348,4.526159763336182,68700
2009-04-29,4.540131857274869,4.540131857274869,4.507536180918873,4.516849040985107,54300
2009-04-30,4.530815601348877,4.544785548471136,4.521502747349866,4.530815601348877,54500
2009-05-01,4.554098402470148,4.5587550515109,4.5121894492683605,4.530815601348877,65200
2009-05-04,4.540130896430388,4.5541004056147125,4.530817594252378,4.549444198608398,31200
2009-05-05,4.540128899430384,4.544785548471136,4.526159396390619,4.530815601348877,25400
2009-05-06,4.535475154682309,4.582040786743164,4.535475154682309,4.582040786743164,39100
2009-05-07,4.58203918480268,4.619291499794358,4.5773825344080645,4.609978199005127,47100
2009-05-08,4.609981378918421,4.7124255378516775,4.609981378918421,4.63792085647583,48300
2009-05-11,4.619292084252303,4.647231101989746,4.614635433268503,4.647231101989746,52000
2009-05-12,4.633265330553327,4.661204814910889,4.633265330553327,4.661204814910889,93700
2009-05-13,4.6472320475256685,4.689141026741406,4.642575839677186,4.67982816696167,78300
2009-05-14,4.675167974219067,4.740359719634315,4.6705113258146,4.721733570098877,46200
2009-05-15,4.7031096548303095,4.717079162597656,4.698453004213646,4.717079162597656,47100
2009-05-18,4.712421950980598,4.758987563438442,4.707765300918295,4.731048107147217,41900
2009-05-19,4.731048360343266,4.777613975293207,4.731048360343266,4.7729573249816895,100800
2009-05-20,4.797787189483643,4.811843528671218,4.779045850728971,4.797787189483643,63500
2009-05-21,4.774361564794393,4.78373245986381,4.769676564088555,4.779047012329102,54200
2009-05-22,4.779050097933554,4.793106002784035,4.755623291963314,4.760308742523193,48100
2009-05-26,4.741563439653554,4.769675672779601,4.727507546504923,4.7321929931640625,54900
2009-05-27,4.7321990496535395,4.7696817772412246,4.704086780548096,4.704086780548096,51800
2009-05-28,4.704085956719119,4.722827317230777,4.69471549987793,4.69471549987793,82200
2009-05-29,4.6947150725330005,4.718141435918186,4.690029621124268,4.690029621124268,36900
2009-06-01,4.69471549987793,4.727512769066013,4.675973692536991,4.69471549987793,79400
2009-06-02,4.694713452710604,4.746252059936523,4.694713452710604,4.746252059936523,166700
2009-06-03,4.73687977908271,4.750936124360214,4.732194777485831,4.741565227508545,31700
2009-06-04,4.741567387112832,4.760308742523193,4.736881936552953,4.760308742523193,29500
2009-06-05,4.764992022808763,4.764992022808763,4.732194777485831,4.741565227508545,47900
2009-06-08,4.633806000455398,4.783736885647074,4.633806000455398,4.769680976867676,33500
2009-06-09,4.7603074367360865,4.764992886010713,4.746251535741242,4.750936985015869,45400
2009-06-10,4.741563439653554,4.741563439653554,4.708766206697154,4.7321929931640625,97500
2009-06-11,4.722825955460583,4.732196856429066,4.713455501321252,4.727511405944824,28700
2009-06-12,4.718142691686138,4.727513596997739,4.6994013278922955,4.704086780548096,37400
2009-06-15,4.708768325756115,4.708768325756115,4.671285629272461,4.671285629272461,45000
2009-06-16,4.671289505616211,4.708772233203896,4.671289505616211,4.704086780548096,34500
2009-06-17,4.6947150725330005,4.70877097992996,4.685344169715534,4.690029621124268,54400
2009-06-18,4.680657370315133,4.732196427309884,4.680657370315133,4.722825527191162,59000
2009-06-19,4.7181366531866455,4.7368779929944145,4.7181366531866455,4.7321929931640625,52800
2009-06-22,4.72418212890625,4.73361139991319,4.72418212890625,4.72418212890625,34500
2009-06-23,4.738324427534294,4.743039286031055,4.719465443180904,4.7288947105407715,37500
2009-06-24,4.724180301677665,4.752468553390924,4.724180301677665,4.7288947105407715,38300
2009-06-25,4.738325886268472,4.7618997363760345,4.710037176212637,4.752470016479492,74200
2009-06-26,4.738325886268472,4.7618997363760345,4.738325886268472,4.752470016479492,24500
2009-06-29,4.743041347964265,4.747755758876859,4.644031524658203,4.644031524658203,86400
2009-06-30,4.65346079611724,4.65346079611724,4.620457671559835,4.644031524658203,66500
2009-07-01,4.6723188017108646,4.6723188017108646,4.620456695556641,4.620456695556641,56900
2009-07-02,4.611027161876342,4.629886151202949,4.563879913376709,4.6063127517700195,64400
2009-07-06,4.596881137700475,4.681746779510001,4.573307298349652,4.629884243011475,71600
2009-07-07,4.6204553726649,4.63459949763301,4.6157405144643215,4.6251702308654785,37000
2009-07-08,4.62516983484818,4.644028816402121,4.62516983484818,4.629884243011475,39200
2009-07-09,4.629883370376344,4.6770310401916495,4.629883370376344,4.67703104019165,58600
2009-07-10,4.66288995539383,4.695893075974797,4.66288995539383,4.686463356018066,25200
2009-07-13,4.672321705734352,4.700610430986096,4.672321705734352,4.69118070602417,38300
2009-07-14,4.695892333984375,4.710036462050785,4.691177474750997,4.695892333984375,24100
2009-07-15,4.695891600330752,4.776042396241075,4.695891600330752,4.7288947105407715,38000
2009-07-16,4.7336103662572215,4.743040084838867,4.710036519436837,4.743040084838867,30100
2009-07-17,4.724181097309306,4.761899072368429,4.724181097309306,4.743040084838867,39700
2009-07-20,4.75246577132216,4.7760396003723145,4.738321653745424,4.7760396003723145,50600
2009-07-21,4.761895893082663,4.804328249468863,4.761895893082663,4.794898986816406,82000
2009-07-22,4.796325011420539,4.801069259643554,4.76786042695527,4.801069259643555,38600
2009-07-23,4.801069259643554,4.815301551876188,4.78683696741092,4.801069259643555,62900
2009-07-24,4.820046143702817,4.8295346408252495,4.801069601894398,4.815301895141602,28800
2009-07-27,4.805812510722946,4.824789047241211,4.8010682634843,4.824789047241211,30000
2009-07-28,4.805814130788321,4.8295349225416375,4.805814130788321,4.820046424865723,88900
2009-07-29,4.829534530639648,4.843766823562142,4.815301785280719,4.829534530639648,61100
2009-07-30,4.839024149542984,4.853256447096125,4.839024149542984,4.848512649536133,132800
2009-07-31,4.853256308474888,4.8864656050657835,4.843768261189325,4.8627448081970215,52200
2009-08-03,4.900698382406008,4.910186883057869,4.8674895349977225,4.895954132080078,81500
2009-08-04,4.886466165506997,4.919675013470131,4.886466165506997,4.905442714691162,56800
2009-08-05,4.8864639236159295,4.90544046409373,4.8864639236159295,4.891208171844482,24700
2009-08-06,4.895951967636623,4.938649296820778,4.8864639236159295,4.891208171844482,61800
2009-08-07,4.895951967636623,4.910184712322283,4.891208171844482,4.891208171844482,39900
2009-08-10,4.891210415912194,4.919675013470131,4.891210415912194,4.905442714691162,72400
2009-08-11,4.895954132080078,4.905442632731939,4.891210334190761,4.895954132080078,34700
2009-08-12,4.905441344230569,4.914929389953613,4.905441344230569,4.914929389953613,23800
2009-08-13,4.900694847106934,4.910183340913915,4.891206805736239,4.900694847106934,30400
2009-08-14,4.89120468005599,4.938645771164502,4.89120468005599,4.929157733917236,16900
2009-08-17,4.92916213719292,4.933905933836195,4.905441344230569,4.914929389953613,28500
2009-08-18,4.9101866297825385,4.986092821335608,4.9101866297825385,4.957627773284912,42100
2009-08-19,4.9528837446641925,4.995581092431087,4.9528837446641925,4.986093044281006,27400
2009-08-20,4.997070032411544,4.997070032411544,4.977979048115887,4.992297172546387,40300
2009-08-21,4.997070930911818,5.016161918640137,4.997070930911818,5.016161918640137,15800
2009-08-24,5.00661448908007,5.025705470295093,5.00661448908007,5.011387348175049,29300
2009-08-25,5.0209312438964835,5.02570364609431,5.011385529171372,5.020931243896484,22700
2009-08-26,5.020933018610619,5.040023999644067,5.020933018610619,5.035251140594482,42200
2009-08-27,5.035252768582238,5.044798034602672,5.025707047396765,5.030479907989502,39000
2009-08-28,5.035254279546082,5.054345272480758,5.03048141752112,5.040027141571045,32100
2009-08-31,5.049568176269531,5.054341034292336,5.025704341320303,5.049568176269531,53600
2009-09-01,5.0447932199620995,5.078202757060883,5.040020819089077,5.0543389320373535,83500
2009-09-02,5.068658351898193,5.078204066434732,5.020931144709663,5.068658351898193,123300
2009-09-03,5.06388741559826,5.106842236978006,5.06388741559826,5.10206937789917,69600
2009-09-04,5.082978579430778,5.1545701026916495,5.082978579430778,5.15457010269165,102200
2009-09-08,5.145021177847638,5.197521686553956,5.145021177847638,5.197521686553955,54900
2009-09-09,5.202297099761636,5.226160939793823,5.202297099761636,5.216615676879883,79100
2009-09-10,5.211843440138472,5.245252547073672,5.211843440138472,5.2357072830200195,50800
2009-09-11,5.235708519736901,5.273890495300293,5.235708519736901,5.273890495300293,84200
2009-09-14,5.264341704649179,5.3407056112548394,5.259569301859916,5.335933208465576,92900
2009-09-15,5.321615500339311,5.33593407653085,5.316843096773659,5.326388359069824,41600
2009-09-16,5.321614980232682,5.364569794279401,5.321614980232682,5.3502516746521,24100
2009-09-17,5.364571654581865,5.388435499012642,5.350253529989389,5.374117374420166,46500
2009-09-18,5.36934263010079,5.412297443967966,5.36934263010079,5.407524585723877,22200
2009-09-21,5.3884334784966414,5.431388291332159,5.383660620367183,5.421842575073242,57100
2009-09-22,5.428084257876861,5.456880203454191,5.418485304215549,5.452080726623535,49500
2009-09-23,5.452084675230037,5.466483116149902,5.4232887087975765,5.466483116149902,54500
2009-09-24,5.447280516736094,5.447280516736094,5.42808307131328,5.44248104095459,103200
2009-09-25,5.442479742229499,5.456877708435059,5.428081776023939,5.456877708435059,59600
2009-09-28,5.466483116149902,5.47128213875289,5.44728565262705,5.466483116149902,100100
2009-09-29,5.452080155835254,5.485676032429329,5.4424816608821285,5.476077079772949,63700
2009-09-30,5.471276324995233,5.514470686449393,5.461677832284946,5.509671211242676,131300
2009-10-01,5.514473793136542,5.5192732710471395,5.476078885258573,5.500075817108154,99400
2009-10-02,5.495277548539315,5.528873443603516,5.480879569342375,5.528873443603516,113500
2009-10-05,5.519270824247783,5.567264666670348,5.509671872681988,5.562465190887451,60400
2009-10-06,5.557665715104554,5.567264666670348,5.528869775813576,5.562465190887451,45400
2009-10-07,5.53846872755567,5.552866698391476,5.519271280540181,5.543268203735352,40700
2009-10-08,5.533671247075526,5.533671247075526,5.500075817108155,5.500075817108154,51500
2009-10-09,5.500073747833331,5.504873223938237,5.418484484862859,5.4472808837890625,143500
2009-10-12,5.437682471951719,5.437682471951719,5.37529064949742,5.384889602661133,211000
2009-10-13,5.375286763866144,5.432879068106861,5.375286763866144,5.4088826179504395,92000
2009-10-14,5.4184813723951635,5.4184813723951635,5.332092682942915,5.3560895919799805,176900
2009-10-15,5.336896637054729,5.346495591809856,5.27450480425647,5.28890323638916,128300
2009-10-16,5.341695036615912,5.370490979664304,5.274503739997561,5.312898635864258,117700
2009-10-19,5.322494193949871,5.384885974365053,5.322494193949871,5.3560895919799805,101900
2009-10-20,5.341691629638929,5.384885974365053,5.341691629638929,5.3560895919799805,82200
2009-10-21,5.416924735677023,5.421752304297464,5.3396781126356565,5.354161739349365,142600
2009-10-22,5.35898678800727,5.368642380304409,5.344502708922659,5.363814353942871,223900
2009-10-23,5.3734704066659456,5.3734704066659456,5.3493307352841954,5.363814353942871,12300
2009-10-26,5.358990914268109,5.383130143810399,5.358990914268109,5.378302574157715,29200
2009-10-27,5.368643539561025,5.397611243559337,5.368643539561025,5.387955188751221,30800
2009-10-28,5.383126904940255,5.4072665803846975,5.3589876899218245,5.368643283843994,56500
2009-10-29,5.3976106253470775,5.3976106253470775,5.358987331390381,5.358987331390381,36900
2009-10-30,5.368643951651393,5.368643951651393,5.27208569828872,5.310708999633789,66900
2009-11-02,5.305880971859138,5.330020650306324,5.2913973489612545,5.310708999633789,92000
2009-11-03,5.325195417082883,5.436237812042236,5.310711786584292,5.436237812042236,71900
2009-11-04,5.416925989984046,5.416925989984046,5.330023288726807,5.330023288726807,86500
2009-11-05,5.368643283843994,5.368643283843994,5.32036439338112,5.368643283843994,56400
2009-11-06,5.33967924118042,5.363818470663046,5.3300231810463385,5.33967924118042,42900
2009-11-09,5.3734733951097065,5.3734733951097065,5.33002205454239,5.354161739349365,54100
2009-11-10,5.334848403930664,5.3541600536108005,5.330020376404118,5.334848403930664,66100
2009-11-11,5.3203654289245605,5.33484905283988,5.315537400810753,5.3203654289245605,58900
2009-11-12,5.325192622531673,5.325192622531673,5.310708999633789,5.310708999633789,44700
2009-11-13,5.334848029014387,5.334848029014387,5.2913967051811905,5.325191974639893,29000
2009-11-16,5.3493316501501145,5.3493316501501145,5.3058803263169185,5.325191974639893,35500
2009-11-17,5.330020753965382,5.334848781833929,5.301053047180176,5.301053047180176,39600
2009-11-18,5.315536022186279,5.320364049047901,5.2962243751657745,5.315536022186279,53800
2009-11-19,5.3184500040536316,5.3184500040536316,5.279593784695641,5.289308071136475,48800
2009-11-20,5.289309639382472,5.313594436279496,5.274738205400886,5.308737754821777,37200
2009-11-23,5.299021894374636,5.30873618081547,5.284450927916058,5.289308071136475,38000
2009-11-24,5.29416475115422,5.3038790375950535,5.284450927916058,5.289308071136475,17000
2009-11-25,5.308737754821777,5.318451580940025,5.294166320840191,5.308737754821777,21200
2009-11-27,5.284454822540284,5.308740093337853,5.265026698542831,5.284454822540283,28300
2009-11-30,5.299022674560548,5.333021755703875,5.294165530625003,5.299022674560547,33200
2009-12-01,5.337879576487384,5.357307691490322,5.318451461484446,5.342736721038818,46200
2009-12-02,5.352451460997282,5.371879577636718,5.347594316036713,5.371879577636719,30200
2009-12-03,5.3718787634414396,5.3913068771362305,5.352450649746649,5.3913068771362305,61300
2009-12-04,5.42530626299728,5.42530626299728,5.386450033439781,5.4010210037231445,25700
2009-12-07,5.415592330718909,5.4398775915926585,5.405878504291104,5.435020446777344,38400
2009-12-08,5.435020965960959,5.435020965960959,5.381593757497305,5.405879020690918,43500
2009-12-09,5.420447270002811,5.439875378156121,5.410733447527472,5.425304412841797,66400
2009-12-10,5.4107369908693705,5.439878940582276,5.405879844849573,5.439878940582275,20600
2009-12-11,5.4447326008970265,5.449589743807292,5.410733526930452,5.42044734954834,26700
2009-12-14,5.410736464933055,5.425307438373174,5.401022173837712,5.415593147277832,36000
2009-12-15,5.425305242998185,5.430162386580391,5.376734733581543,5.376734733581543,29400
2009-12-16,5.386452031749957,5.449593544006348,5.386452031749957,5.449593544006348,73100
2009-12-17,5.439877754273326,5.454448725952193,5.371879577636718,5.371879577636719,35200
2009-12-18,5.4010252725798065,5.4544525146484375,5.381597142445472,5.4544525146484375,51500
2009-12-21,5.454448179447857,5.459305323921767,5.415591950062155,5.430163383483887,44000
2009-12-22,5.428209152417748,5.428209152417748,5.379350662231445,5.379350662231445,37400
2009-12-23,5.408665663152519,5.408665663152519,5.350035195356833,5.379350662231445,54000
2009-12-24,5.364692381680053,5.389121858319469,5.364692381680053,5.3842363357543945,6700
2009-12-28,5.39401164338724,5.413555145263672,5.389125651429673,5.413555145263672,30700
2009-12-29,5.379354133468377,5.428212655182535,5.3744681415108095,5.413555145263672,84700
2009-12-30,5.413552129652111,5.42332410812378,5.38912264942652,5.423324108123779,25200
2009-12-31,5.403782034328037,5.442869026558492,5.394010053293572,5.43798303604126,55500
2010-01-04,5.457526532156487,5.457526532156487,5.394010053293572,5.43798303604126,70100
2010-01-05,5.437982076760593,5.4624115590836,5.413552594437586,5.452639579772949,36400
2010-01-06,5.433096086779039,5.481955051422119,5.433096086779039,5.481955051422119,36100
2010-01-07,5.491726720760666,5.501498700348285,5.462411713905077,5.4721832275390625,61600
2010-01-08,5.472182906393361,5.491726398468018,5.467296916886296,5.491726398468018,23300
2010-01-11,5.506386119705768,5.506386119705768,5.48195663034799,5.486842155456543,12800
2010-01-12,5.496611753102589,5.516155242919922,5.491725764159867,5.516155242919922,26600
2010-01-13,5.525925472158303,5.525925472158303,5.486838038939075,5.506381988525391,45500
2010-01-14,5.501498377482148,5.516155880049739,5.486840408960952,5.491726398468018,54700
2010-01-15,5.491725764159867,5.516155242919922,5.491725764159867,5.516155242919922,73900
2010-01-19,5.516154298212622,5.565013247365054,5.511268310106685,5.545469760894775,51600
2010-01-20,5.563162708792021,5.563162708792021,5.543504908250241,5.54841947555542,40200
2010-01-21,5.5484195699778285,5.5484195699778285,5.509103968225199,5.514018535614014,28000
2010-01-22,5.514018535614014,5.543505002589014,5.509103968225199,5.514018535614014,43900
2010-01-25,5.509108912817817,5.543509978057633,5.499279769218234,5.518937587738037,70500
2010-01-26,5.533674999398338,5.548418229323458,5.494359407145465,5.5287604331970215,43900
2010-01-27,5.528762343780169,5.577907085418701,5.518933207980867,5.577907085418701,68300
2010-01-28,5.577906696019946,5.582820794897549,5.5435051918029785,5.5435051918029785,46100
2010-01-29,5.5435036631221415,5.553332795524774,5.523845866995705,5.5287604331970215,30500
2010-02-01,5.543505002589014,5.5484195699778285,5.509103968225199,5.514018535614014,70300
2010-02-02,5.5287604331970215,5.538589565599654,5.504188070869269,5.5287604331970215,111700
2010-02-03,5.543506723960257,5.543506723960257,5.514020247829108,5.53367805480957,54100
2010-02-04,5.518937587738038,5.538595874937204,5.504194341018025,5.518937587738037,72100
2010-02-05,5.523848916979794,5.543506723960257,5.48453330301887,5.53367805480957,53600
2010-02-08,5.52876167501364,5.558248610165776,5.504189307166681,5.54841947555542,34300
2010-02-09,5.572992128463385,5.572992128463385,5.538591092925376,5.5435051918029785,21800
2010-02-10,5.568075936920483,5.568075936920483,5.52384577916953,5.5385894775390625,49400
2010-02-11,5.5631645309407185,5.5631645309407185,5.523848916979794,5.53367805480957,74200
2010-02-12,5.5385894775390625,5.543503574983418,5.528760345292707,5.5385894775390625,41000
2010-02-16,5.5385894775390625,5.553332707229773,5.5336749114158845,5.5385894775390625,49300
2010-02-17,5.55824727335295,5.568075936920483,5.5336749114158845,5.5385894775390625,52100
2010-02-18,5.551448345184326,5.556391867565492,5.526731676158979,5.551448345184326,60800
2010-02-19,5.556387967911942,5.556387967911942,5.477293551085281,5.506954193115234,87000
2010-02-22,5.5168380045947805,5.5168380045947805,5.457517221597379,5.487177848815918,88000
2010-02-23,5.477291213053014,5.526725438188177,5.467404650889807,5.521781921386719,60300
2010-02-24,5.516836868466309,5.5662710798369135,5.511893353041334,5.541553974151611,56100
2010-02-25,5.546500236271539,5.561330318450928,5.536613200525405,5.561330318450928,42500
2010-02-26,5.566273836323995,5.576160400630316,5.556386800577861,5.561330318450928,31400
2010-03-01,5.586045229059787,5.586045229059787,5.561328120901189,5.5712151527404785,49200
2010-03-02,5.576161297913367,5.610765457153321,5.566274732016158,5.61076545715332,99900
2010-03-03,5.6008762191407735,5.630536848058035,5.590989657128155,5.620649814605713,105100
2010-03-04,5.60582152001379,5.640425205230713,5.60582152001379,5.640425205230713,85000
2010-03-05,5.635479965987769,5.6601970784974815,5.635479965987769,5.650310516357422,67400
2010-03-08,5.650311317962231,5.670084916487323,5.640424282979797,5.655254364013672,46700
2010-03-09,5.670084916487323,5.670084916487323,5.640424282979797,5.655254364013672,50900
2010-03-10,5.660196014238714,5.670083045959473,5.625592346095299,5.670083045959473,64500
2010-03-11,5.655254364013672,5.655254364013672,5.625594201945923,5.655254364013672,68700
2010-03-12,5.640422966563282,5.6651400768108715,5.630536405328045,5.63547945022583,96800
2010-03-15,5.650313978777935,5.65525702715713,5.620653331302776,5.630540370941162,94600
2010-03-16,5.63547945022583,5.640422966563282,5.620649372653143,5.63547945022583,66000
2010-03-17,5.645370458958742,5.660200546976323,5.630540370941162,5.630540370941162,46700
2010-03-18,5.650312094220178,5.650312094220178,5.630538492978526,5.645368576049805,50500
2010-03-19,5.650310516357422,5.6601970784974815,5.635479965987769,5.650310516357422,58100
2010-03-22,5.668209838478677,5.668209838478677,5.628432963934652,5.643349647521973,73300
2010-03-23,5.658266752554355,5.678155192974423,5.653294523904883,5.673182964324951,58800
2010-03-24,5.668210735675478,5.6831274216238965,5.663238981203828,5.673182964324951,30400
2010-03-25,5.69307254726917,5.707988762033252,5.658267888093674,5.698044776916504,63300
2010-03-26,5.673182964324951,5.698043633394492,5.658266752554355,5.673182964324951,40800
2010-03-29,5.683124526278469,5.707984708504828,5.663236095990833,5.693068504333496,91600
2010-03-30,5.703012956566105,5.707984708504828,5.683124526278469,5.693068504333496,62500
2010-03-31,5.668210412135522,5.717931747436523,5.668210412135522,5.717931747436523,36400
2010-04-01,5.727875919339155,5.7427921295166025,5.707987006865529,5.742792129516602,63100
2010-04-05,5.727876452130668,5.742792663695582,5.7129597663879395,5.7129597663879395,74400
2010-04-06,5.693068504333496,5.732845364908767,5.693068504333496,5.693068504333496,47100
2010-04-07,5.693072090393325,5.703016548889937,5.678155876826287,5.6880998611450195,50700
2010-04-08,5.707988762033252,5.707988762033252,5.668211873210422,5.698044776916504,53400
2010-04-09,5.683127364072109,5.7030158042907715,5.663238923853447,5.7030158042907715,55900
2010-04-12,5.693070146354349,5.70798635482788,5.673181710330401,5.707986354827881,69900
2010-04-13,5.67815626931813,5.737821601888415,5.67815626931813,5.727877616882324,110200
2010-04-14,5.727878318744766,5.732850074768066,5.683129195289265,5.732850074768066,135900
2010-04-15,5.7378204351146715,5.7378204351146715,5.688099097661207,5.7129597663879395,73200
2010-04-16,5.70798753780703,5.71793199496885,5.678155114677204,5.7129597663879395,76000
2010-04-19,5.703014601455182,5.712958582378296,5.683126165431234,5.707986354827881,68500
2010-04-20,5.693074826777555,5.737823963165282,5.688102595139339,5.737823963165283,74800
2010-04-21,5.720819713093346,5.725820544266518,5.70581769647934,5.715819358825684,57900
2010-04-22,5.725819110421917,5.735820770263672,5.715817927485554,5.735820770263672,75100
2010-04-23,5.715818406437892,5.730820420552214,5.705816745758057,5.705816745758057,79800
2010-04-26,5.710817576097974,5.725819590212297,5.705816745758057,5.705816745758057,71800
2010-04-27,5.725820306702021,5.725820306702021,5.695816274718878,5.710818290710449,68500
2010-04-28,5.740819924332563,5.740819924332563,5.700814247131348,5.700814247131348,80600
2010-04-29,5.720819713093346,5.720819713093346,5.695816511038506,5.715819358825684,68600
2010-04-30,5.720819713093346,5.730821375439689,5.715819358825684,5.715819358825684,91600
2010-05-03,5.700816628779075,5.7208194757363335,5.700816628779075,5.710818290710449,112300
2010-05-04,5.725820306702021,5.725820306702021,5.705817459744762,5.710818290710449,119300
2010-05-05,5.705815076007823,5.710815904884297,5.700814247131348,5.700814247131348,60800
2010-05-06,5.720816101454587,5.720816101454587,5.615801097643107,5.62080192565918,121900
2010-05-07,5.695814369020138,5.695814369020138,5.635805848225941,5.670810699462891,51800
2010-05-10,5.675812244415283,5.715817929989042,5.675812244415283,5.675812244415283,76100
2010-05-11,5.680813781821817,5.725820306702021,5.680813781821817,5.710818290710449,70500
2010-05-12,5.710817097564677,5.740821123279159,5.700815437722922,5.735820770263672,43300
2010-05-13,5.760824441754848,5.765824794769287,5.740821122075534,5.765824794769287,100100
2010-05-14,5.765826222358055,5.775827884674072,5.725820526905004,5.775827884674072,68300
2010-05-17,5.750824205789538,5.775827884674072,5.730821358063012,5.775827884674072,93800
2010-05-18,5.7908287039791375,5.800830364227295,5.775826690512312,5.800830364227295,101600
2010-05-19,5.805830957975511,5.83083463272637,5.775826929798822,5.785828113555908,61600
2010-05-20,5.81902315031744,5.81902315031744,5.698317509777775,5.758670330047607,77900
2010-05-21,5.708377035707177,5.778788425488882,5.683229905224446,5.728494644165039,38000
2010-05-24,5.733521460253522,5.778786181618074,5.728492419823021,5.763698101043701,29400
2010-05-25,5.743583992433578,5.753642559051514,5.693289720418725,5.753642559051514,58600
2010-05-26,5.748613515563409,5.7938782644484315,5.743583992433578,5.753642559051514,50600
2010-05-27,5.79387537883525,5.8039339404435655,5.763698734727333,5.783816337585449,53700
2010-05-28,5.798902815623964,5.798902815623964,5.718432426452637,5.718432426452637,82700
2010-06-01,5.738550023745469,5.738550023745469,5.708373867626897,5.718432426452637,57000
2010-06-02,5.748610019683838,5.748610019683838,5.718433378897783,5.748610019683838,49100
2010-06-03,5.74358239690673,5.778788089752197,5.74358239690673,5.778788089752197,44500
2010-06-04,5.763701605311175,5.768731128441005,5.753642559051514,5.753642559051514,49400
2010-06-07,5.758669214974262,5.778786817835424,5.7385516121131,5.768728256225586,54200
2010-06-08,5.773758415204671,5.773758415204671,5.743582244890544,5.758670330047607,34700
2010-06-09,5.77878618082846,5.77878618082846,5.748610019683838,5.748610019683838,43700
2010-06-10,5.753639379136972,5.778786501246118,5.753639379136972,5.773756980895996,64500
2010-06-11,5.76872952592846,5.778788089752197,5.753640960730467,5.778788089752197,43600
2010-06-14,5.788847133217526,5.788847133217526,5.758670482463131,5.778788089752197,55700
2010-06-15,5.783815701690009,5.783815701690009,5.753639060899831,5.763698101043701,58800
2010-06-16,5.763698100256149,5.768727620327397,5.74358049961259,5.748610019683838,58900
2010-06-17,5.768727620327397,5.768727620327397,5.74358049961259,5.748610019683838,46600
2010-06-18,5.768727620327397,5.768727620327397,5.748610019683838,5.748610019683838,68600
2010-06-21,5.768730178183725,5.768730178183725,5.738553524017334,5.738553524017334,74300
2010-06-22,5.771937934738616,5.771937934738616,5.741586208343506,5.741586208343506,74700
2010-06-23,5.741588000572489,5.776998519897461,5.741588000572489,5.776998519897461,40400
2010-06-24,5.776998519897461,5.792174387832143,5.766880952986244,5.776998519897461,35300
2010-06-25,5.797232645454031,5.797232645454031,5.761822129340944,5.792173862457275,57900
2010-06-28,5.807351093591662,5.8124098777771,5.787116439282124,5.8124098777771,40100
2010-06-29,5.787114109895907,5.807348756060745,5.7769970280294975,5.797231674194336,61300
2010-06-30,5.802290916442871,5.812407999111526,5.787114568791803,5.802290916442871,57900
2010-07-01,5.8124089420624525,5.8124089420624525,5.7921742910104035,5.807350158691406,44800
2010-07-02,5.812409039222432,5.812409039222432,5.776998519897461,5.776998519897461,98400
2010-07-06,5.787114631807901,5.812408062403046,5.771938766423639,5.7820563316345215,67600
2010-07-07,5.797232482073229,5.8427605628967285,5.782056615942757,5.8427605628967285,97300
2010-07-08,5.847816903726194,5.878168623312381,5.822523482449782,5.862992763519287,63800
2010-07-09,5.862995211881385,5.862995211881385,5.832642997188357,5.8427605628967285,46700
2010-07-12,5.857937027537595,5.857937027537595,5.802291857752496,5.807350158691406,52300
2010-07-13,5.85287772828894,5.85287772828894,5.8073496468266805,5.817467212677002,89700
2010-07-14,5.832642583810476,5.8427601488017835,5.817466718755567,5.822525501251221,48300
2010-07-15,5.822525472727123,5.842760120178559,5.822525472727123,5.832642555236816,103600
2010-07-16,5.868054817928345,5.893347770883293,5.842761382541244,5.883230686187744,111300
2010-07-19,5.878168472501736,5.918637752532959,5.873109691889865,5.918637752532959,52300
2010-07-20,5.888286998456318,5.928756285117988,5.888286998456318,5.913579940795898,64000
2010-07-21,5.93698037504686,5.94206787823703,5.906455841076844,5.9318928718566895,67900
2010-07-22,5.947158458902237,5.947158458902237,5.916634391817783,5.942071437835693,85700
2010-07-23,5.952242399446364,5.952242399446364,5.921718350647356,5.9318928718566895,54500
2010-07-26,5.9522459651400785,5.957333471377921,5.926808919122168,5.942071437835693,83900
2010-07-27,5.962421509255867,5.992945579062003,5.952246495872926,5.9776835441589355,150400
2010-07-28,5.982771568921317,5.982771568921317,5.957334518432617,5.957334518432617,46800
2010-07-29,5.962417277730918,5.967504295640792,5.91663072034507,5.936980247497559,120600
2010-07-30,5.936985539227109,5.972597122192383,5.921723501552195,5.972597122192383,64200
2010-08-02,5.977681507493074,5.982769012451172,5.967506497576879,5.982769012451172,101700
2010-08-03,5.977682295727369,6.008206844329834,5.977682295727369,6.008206844329834,175900
2010-08-04,6.008203387742346,6.028552913379596,5.99802838233824,6.0132904052734375,123200
2010-08-05,6.0031154838429535,6.0489020347595215,5.992940479118859,6.0489020347595215,130300
2010-08-06,6.0336417567222504,6.0743408203125,6.0336417567222504,6.0743408203125,109000
2010-08-09,6.0692546892450725,6.0692546892450725,6.038730144500732,6.038730144500732,107900
2010-08-10,6.059079961163868,6.084517002105713,6.028555900170616,6.084517002105713,87400
2010-08-11,6.05398905195064,6.079426078589948,6.043814532397474,6.0489020347595215,117200
2010-08-12,6.043815587526566,6.079427139936102,6.038728084276341,6.064165115356445,104900
2010-08-13,6.079429843558299,6.099779380437952,6.069255317704087,6.08960485458374,74200
2010-08-16,6.104866375222954,6.135390920574392,6.084516840045725,6.109953880310059,101500
2010-08-17,6.115043079028238,6.135392619841505,6.094693053043648,6.099780559539795,159000
2010-08-18,6.1099551802928564,6.1252172136302026,6.094692661784218,6.115042686462402,119100
2010-08-19,6.1201284053130784,6.160827475667537,6.104866375222954,6.109953880310059,161100
2010-08-20,6.148836511275102,6.153951644897461,6.082334895659275,6.153951644897461,135600
2010-08-23,6.164176154534438,6.184638130230198,6.138598562951742,6.179522514343262,83400
2010-08-24,6.148830491752102,6.220447170879679,6.113021664336276,6.215331554412842,244300
2010-08-25,6.22556273815165,6.240909099578857,6.1692924210172,6.240909099578857,66300
2010-08-26,6.256259541089953,6.256259541089953,6.21022042678345,6.2511444091796875,58000
2010-08-27,6.281837051928805,6.281837051928805,6.215335459631754,6.256259441375732,73800
2010-08-30,6.266489456509523,6.266489456509523,6.225565482760497,6.24602746963501,49000
2010-08-31,6.276722020140424,6.286952771813308,6.230682417981569,6.2511444091796875,136800
2010-09-01,6.286951283042133,6.312528887946007,6.2051033376315265,6.2306809425354,162600
2010-09-02,6.235796865418571,6.338107298031395,6.210219745117663,6.261374473571777,198200
2010-09-03,6.261374378589564,6.2818363672312705,6.194872793540947,6.220450401306152,111100
2010-09-07,6.220446753190495,6.235793113708496,6.2051003926724935,6.235793113708496,122000
2010-09-08,6.240913070184826,6.271606300418982,6.215335459631754,6.256259441375732,91400
2010-09-09,6.281834861464968,6.297181715156799,6.261372877728033,6.2920660972595215,88400
2010-09-10,6.3022957818004235,6.317642632902744,6.281833801516088,6.297180652618408,83300
2010-09-13,6.307413738557255,6.307413738557255,6.276721000671387,6.276721000671387,52800
2010-09-14,6.3022978611166325,6.307413479838535,6.266489505767822,6.266489505767822,114800
2010-09-15,6.276724121031879,6.286954876129114,6.113027648803493,6.153951644897461,130900
2010-09-16,6.2051033376315265,6.292066901593356,6.174410114176431,6.2306809425354,146700
2010-09-17,6.261372294933924,6.261372294933924,6.189755602446657,6.20510196685791,113200
2010-09-20,6.264768123626709,6.264768123626709,6.233906981853241,6.264768123626709,81400
2010-09-21,6.280195673726912,6.280195673726912,6.254478148701722,6.275052070617676,72000
2010-09-22,6.304015234557966,6.304015234557966,6.267815139580406,6.293672561645508,60400
2010-09-23,6.304015828723649,6.309187412261963,6.267815730334161,6.309187412261963,66600
2010-09-24,6.314356327056885,6.314356327056885,6.283327332130668,6.314356327056885,60100
2010-09-27,6.304015828723649,6.319530579338589,6.288501571298062,6.309187412261963,71600
2010-09-28,6.309188003997756,6.324702262878418,6.2936737451170925,6.324702262878418,77800
2010-09-29,6.324699909962618,6.350557327270508,6.319528821052412,6.350557327270508,90300
2010-09-30,6.355729745094007,6.360901327873447,6.329872324386088,6.335043907165527,68700
2010-10-01,6.36090049146935,6.36090049146935,6.324699909962618,6.350557327270508,47300
2010-10-04,6.335044836764177,6.345388003840803,6.304015828723649,6.309187412261963,81800
2010-10-05,6.314357728302263,6.319529310802471,6.267814472178902,6.2885003089904785,99800
2010-10-06,6.272982421661513,6.329868316650391,6.262639262651371,6.329868316650391,89000
2010-10-07,6.329872324386088,6.366072910652886,6.283329065749689,6.335043907165527,107300
2010-10-08,6.324700741606648,6.340215489944967,6.298843814088008,6.335043907165527,55800
2010-10-11,6.324699507161748,6.345385834241982,6.293671002919763,6.340214252471924,103800
2010-10-12,6.340212190719007,6.360898017883301,6.324697450454019,6.360898017883301,63100
2010-10-13,6.335045643675459,6.360903071471201,6.324702475281397,6.35573148727417,85300
2010-10-14,6.345384285613236,6.38675594329834,6.345384285613236,6.38675594329834,108800
2010-10-15,6.386756225053678,6.386756225053678,6.360898814562509,6.381584644317627,44500
2010-10-18,6.3867590134973495,6.3971016862959535,6.340215752930386,6.391930103302002,159400
2010-10-19,6.39192859060496,6.39192859060496,6.335042670701865,6.340214252471924,83500
2010-10-20,6.3641346453732694,6.3797333719121525,6.332938184013129,6.3693342208862305,80200
2010-10-21,6.369328896198485,6.390126685004796,6.35373067855835,6.35373067855835,73300
2010-10-22,6.390126685004796,6.390126685004796,6.348531107392172,6.35373067855835,17200
2010-10-25,6.343331536225994,6.369328896198485,6.343331536225994,6.35373067855835,35500
2010-10-26,6.3745317459106445,6.3745317459106445,6.348534372567199,6.3745317459106445,81600
2010-10-27,6.353733946407619,6.3745317459106445,6.348534372567199,6.3745317459106445,33300
2010-10-28,6.400529455717175,6.400529455717175,6.364132932779596,6.37973165512085,27000
2010-10-29,6.3797333719121525,6.3849324515663,6.3693342208862305,6.3693342208862305,14700
2010-11-01,6.369328896198485,6.384927113838619,6.348531107392172,6.35373067855835,62100
2010-11-02,6.374533127367557,6.379732702334803,6.3485357483900895,6.35893440246582,47400
2010-11-03,6.3745317459106445,6.379731319751064,6.353733946407619,6.3745317459106445,28800
2010-11-04,6.374530521885417,6.374530521885417,6.33813400784992,6.3485331535339355,61500
2010-11-05,6.3745337963991915,6.3797333719121525,6.348536414693199,6.3693342208862305,63500
2010-11-08,6.353736107896859,6.3693343388658565,6.270544881583778,6.2757439613342285,100400
2010-11-09,6.306937139484641,6.312136711977894,6.213346818040194,6.218546390533447,98500
2010-11-10,6.187350611693406,6.192550185161689,6.000170429562737,6.046965599060059,210300
2010-11-11,6.041763145647759,6.041763145647759,5.953372422254852,6.010566711425781,215800
2010-11-12,5.968973286947487,6.078161846872556,5.958574636213891,6.0001702308654785,102500
2010-11-15,5.968974184865081,5.994971559397779,5.849386956216812,5.875384330749512,251200
2010-11-16,5.750600081018355,5.859788705843352,5.563419297970419,5.849389553070068,317700
2010-11-17,5.807787698902315,5.88577927754062,5.786989911541542,5.833785057067871,124600
2010-11-18,5.833789639528973,5.859787018115557,5.677805863868224,5.786994457244873,163300
2010-11-19,5.716904360944588,5.910431707718774,5.6750606372537655,5.852896213531494,137600
2010-11-22,5.858127121717857,6.009810753035689,5.8424358491860975,5.999350070953369,85600
2010-11-23,5.994119644165039,6.020272098309734,5.967967190020344,5.994119644165039,37600
2010-11-24,5.988890497559714,5.999351681266527,5.957507944072662,5.962738037109375,62600
2010-11-26,5.952272771764635,6.02026891708374,5.941811596108014,6.02026891708374,35100
2010-11-29,6.0202700363494595,6.051652571521224,5.999348179962816,6.046422481536865,88200
2010-11-30,6.072577945961401,6.072577945961401,6.030734208946596,6.041195392608643,55400
2010-12-01,6.083036576734912,6.088267166370796,6.015040407917863,6.030731678009033,162500
2010-12-02,5.994121410663881,6.020273872515843,5.858129008087055,5.889512062072754,69800
2010-12-03,5.858129501342773,5.952278172410486,5.85289890876862,5.858129501342773,90000
2010-12-06,5.868585895309047,5.926120870202222,5.826742186511036,5.842433452606201,45900
2010-12-07,5.863353336430542,5.863353336430542,5.769204773868593,5.779665946960449,132700
2010-12-08,5.805825926766943,5.805825926766943,5.675064086063334,5.690755367279053,190200
2010-12-09,5.711675958053978,5.732597827911377,5.62275788645585,5.732597827911377,111100
2010-12-10,5.743058052158482,5.743058052158482,5.596604974919564,5.622757434844971,111200
2010-12-13,5.617526372927474,5.622756964238107,5.570452048765049,5.575682640075684,162300
2010-12-14,5.5599915243829745,5.586143982869378,5.50768660741017,5.554760932922363,138900
2010-12-15,5.502455106457493,5.591372644446889,5.460610884298943,5.570450782775879,127100
2010-12-16,5.565222110395724,5.680292129516602,5.565222110395724,5.680292129516602,162800
2010-12-17,5.669829856740864,5.779669752445863,5.669829856740864,5.763978481292725,166300
2010-12-20,5.790131560966536,5.790131560966536,5.57045172678416,5.601834774017334,107300
2010-12-21,5.652359471971754,5.652359471971754,5.531312905974171,5.56289005279541,142100
2010-12-22,5.531312919336225,5.668148560984681,5.531312919336225,5.652359485626221,96200
2010-12-23,5.673407849589898,5.678670871708756,5.541835308074951,5.541835308074951,100600
2010-12-27,5.489205042804884,5.552359784671962,5.478679001539068,5.515519142150879,188400
2010-12-28,5.483948011899297,5.568154426361427,5.483948011899297,5.520788192749023,87900
2010-12-29,5.499734598829992,5.5839409828186035,5.494471574353294,5.5839409828186035,166000
2010-12-30,5.552363953530397,5.610255718231201,5.552363953530397,5.610255718231201,135000
2010-12-31,5.610255086797597,5.720776081085205,5.610255086797597,5.720776081085205,117300
2011-01-03,5.726040331569935,5.736565879899209,5.641833937296947,5.652359485626221,93700
2011-01-04,5.636568193873415,5.704985981702327,5.636568193873415,5.6628828048706055,81900
2011-01-05,5.704990458191514,5.710253484902541,5.6628872483230035,5.673412799835205,44700
2011-01-06,5.689197771580146,5.689197771580146,5.636568546295166,5.636568546295166,51900
2011-01-07,5.673408702848958,5.673408702848958,5.6313055233847695,5.636568546295166,67700
2011-01-10,5.636570898561134,5.657622497078527,5.547101479384791,5.56289005279541,86800
2011-01-11,5.594467081411242,5.594467081411242,5.515523219289227,5.5365753173828125,103100
2011-01-12,5.536575681244097,5.536575681244097,5.48920946123993,5.510261058807373,139800
2011-01-13,5.504993964152321,5.510256985130703,5.415524615157042,5.441839218139648,151000
2011-01-14,5.405002172083737,5.410264694168149,5.3155327718240155,5.373424530029297,166500
2011-01-18,5.336584823289629,5.420791206772681,5.315533227418866,5.389213562011719,215300
2011-01-19,5.426053338470536,5.4471049308776855,5.352372514090735,5.4471049308776855,118400
2011-01-20,5.418502566621391,5.471469560551323,5.392019574787116,5.46087646484375,165200
2011-01-21,5.4502829145538865,5.550919597797278,5.4502829145538865,5.545623302459717,148400
2011-01-24,5.561513330479267,5.593293628910946,5.5403266332350505,5.566810131072998,137700
2011-01-25,5.603885422131079,5.603885422131079,5.540325345175391,5.587995529174805,108500
2011-01-26,5.635667193335956,5.656853891219031,5.5774033953094575,5.614480495452881,84400
2011-01-27,5.640962373234816,5.646259172940614,5.593292691274508,5.625072479248047,62700
2011-01-28,5.646259465221173,5.662149360030488,5.577402580873275,5.635666370391846,77900
2011-01-31,5.6515556061304935,5.6515556061304935,5.582698729812516,5.587995529174805,67100
2011-02-01,5.598588985849683,5.640962373234816,5.582699091862914,5.625072479248047,77900
2011-02-02,5.609185306148139,5.667448615782234,5.609185306148139,5.66215181350708,97500
2011-02-03,5.651556491851807,5.667446387298373,5.640962891466984,5.651556491851807,30500
2011-02-04,5.619776791075608,5.651557090465582,5.5985900931925325,5.614480495452881,81300
2011-02-07,5.640962944771065,5.667446440852708,5.587996457738452,5.619776248931885,132000
2011-02-08,5.6462594417732905,5.667446136474609,5.630369547029963,5.667446136474609,40200
2011-02-09,5.656853345498455,5.656853345498455,5.614479953820095,5.619776248931885,65700
2011-02-10,5.635665781069258,5.678039166216872,5.625072182217056,5.6727423667907715,58400
2011-02-11,5.667445951211561,5.7151161390139,5.667445951211561,5.67803955078125,64700
2011-02-14,5.678042766034023,5.709822572477487,5.65155925724386,5.656856060028076,65700
2011-02-15,5.683339063687323,5.6886358664715395,5.65155925724386,5.656856060028076,50300
2011-02-16,5.678040915681536,5.715117512826743,5.651557415521781,5.683337211608887,109100
2011-02-17,5.6971936742938425,5.729170664426051,5.6971936742938425,5.707852840423584,75200
2011-02-18,5.7291704761405,5.7291704761405,5.675875663757324,5.675875663757324,54200
2011-02-22,5.64389868913812,5.649228271561543,5.57461564240449,5.601263046264648,101400
2011-02-23,5.622581565019121,5.691864620345299,5.5852749916853215,5.633240222930908,128700
2011-02-24,5.659888923463896,5.702524581367956,5.633241510209575,5.691865921020508,101000
2011-02-25,5.713180850707532,5.761146068572998,5.70252168751215,5.761146068572998,61200
2011-02-28,5.729170618315262,5.782465432021,5.729170618315262,5.777135848999023,68800
2011-03-01,5.798452264330004,5.803781846057374,5.750487045297457,5.782464027404785,85500
2011-03-02,5.782463275981988,5.809110164642334,5.782463275981988,5.809110164642334,72300
2011-03-03,5.830428738180444,5.830428738180444,5.782464027404785,5.782464027404785,83300
2011-03-04,5.761146267091956,5.80378190482888,5.761146267091956,5.787793159484863,81300
2011-03-07,5.809112943579584,5.814442527163924,5.782466042172014,5.798454284667969,42300
2011-03-08,5.803779691806531,5.8197679227972285,5.803779691806531,5.814438343048096,63800
2011-03-09,5.814439745677132,5.8197693267119295,5.803781091864358,5.809110164642334,96700
2011-03-10,5.814440560134664,5.8197701419160035,5.77180492239774,5.787793159484863,85900
2011-03-11,5.787794506785964,5.79312408980794,5.7611476081901065,5.777135848999023,40600
2011-03-14,5.777134841675614,5.782464423768303,5.761146603654468,5.766475677490234,33600
2011-03-15,5.729168110791522,5.766474159103342,5.6492264334785425,5.755815505981445,71800
2011-03-16,5.771807358892547,5.777136942923701,5.718512535095215,5.718512535095215,50200
2011-03-17,5.723843699601892,5.7718089526123,5.686537617597018,5.745161533355713,105600
2011-03-18,5.755816627024826,5.782464027404785,5.729169226644868,5.782464027404785,70100
2011-03-21,5.7558164869753075,5.803781704840774,5.73449866884142,5.761146068572998,82100
2011-03-22,5.742915918946072,5.7911757982330565,5.732191274047091,5.737553596496582,77000
2011-03-23,5.7321899708119615,5.7697257080452875,5.7321899708119615,5.753638744354248,53900
2011-03-24,5.769725610018636,5.78581206205727,5.759000967740153,5.7643632888793945,73100
2011-03-25,5.748279571533203,5.769728354915145,5.748279571533203,5.748279571533203,50000
2011-03-28,5.742914515701519,5.775087931157878,5.742914515701519,5.7643632888793945,64600
2011-03-29,5.785811741316816,5.8179851549896195,5.7643629693279665,5.807260513305664,74200
2011-03-30,5.807262132161491,5.823348587792688,5.791175676530295,5.812624454498291,49300
2011-03-31,5.817986776835092,5.823348587792688,5.791175676530295,5.812624454498291,84100
2011-04-01,5.839435699731275,5.855522155761719,5.823348732321613,5.855522155761719,96500
2011-04-04,5.8555205355552395,5.866244666148459,5.844795893582944,5.850158214569092,74000
2011-04-05,5.828712531969306,5.850161315905429,5.817988395690918,5.817988395690918,60100
2011-04-06,5.812626850223139,5.86088674838667,5.812626850223139,5.839437961578369,74900
2011-04-07,5.834074855798174,5.839437179627041,5.817988395690918,5.817988395690918,73000
2011-04-08,5.83407563703144,5.839437961578369,5.801902201129281,5.839437961578369,36400
2011-04-11,5.8340747050609725,5.839437028751291,5.748279571533203,5.748279571533203,61400
2011-04-12,5.76972770690918,5.785814164794111,5.710743175698972,5.76972770690918,60500
2011-04-13,5.791174383196513,5.801898514095905,5.759000967740153,5.7643632888793945,39700
2011-04-14,5.737552292042308,5.775088029275634,5.71610351850002,5.753638744354248,78400
2011-04-15,5.7268281609607135,5.785812160357228,5.7268281609607135,5.753638744354248,70700
2011-04-18,5.716102728378443,5.753637949044277,5.710740407889316,5.732189178466797,47200
2011-04-19,5.75364114547284,5.780452251434326,5.7482793333839926,5.780452251434326,33600
2011-04-20,5.821453718310609,5.837639265824131,5.778291915255033,5.794477462768555,50400
2011-04-21,5.7836872692693,5.821453718310609,5.7836872692693,5.794477462768555,28900
2011-04-25,5.799875052654475,5.80527040874867,5.762108589054064,5.783689498901367,48300
2011-04-26,5.794477190338592,5.799872544099194,5.767500936064837,5.7728962898254395,82000
2011-04-27,5.799871802791164,5.799871802791164,5.762105360352562,5.78908109664917,110100
2011-04-28,5.767502097405462,5.783688161946483,5.751316547393799,5.751316547393799,78200
2011-04-29,5.762107960126396,5.816059971591112,5.7567126046210975,5.810665130615234,78000
2011-05-02,5.805270301608817,5.880803227415631,5.805270301608817,5.853827476501465,96000
2011-05-03,5.870013029955858,5.875408385950479,5.826851211057831,5.853827476501465,39000
2011-05-04,5.859220770278904,5.880801674027416,5.837639866530393,5.8430352210998535,69000
2011-05-05,5.864614878519663,5.902381323421224,5.843033979357452,5.896986484527588,68200
2011-05-06,5.896988430327623,5.923964177284522,5.832245711478159,5.859221458435059,67400
2011-05-09,5.8700101142226915,5.891591012952109,5.864614760908035,5.886195659637451,43000
2011-05-10,5.896986366266765,5.902381205052211,5.8808003063227945,5.886195659637451,45400
2011-05-11,5.902381205052211,5.907776558366868,5.8808003063227945,5.886195659637451,58200
2011-05-12,5.902385603185725,5.934757232666016,5.896990760380339,5.934757232666016,44000
2011-05-13,5.934756866714413,5.961733137196301,5.934756866714413,5.945547580718994,40500
2011-05-16,5.961735141307551,5.977920703225836,5.94015422057326,5.950944423675537,43900
2011-05-17,5.929361509712123,5.956337780194011,5.929361509712123,5.945547580718994,51800
2011-05-18,5.956337780194011,5.967128494198591,5.945547580718994,5.945547580718994,70800
2011-05-19,5.961733504811326,5.977919062286674,5.934757232666016,5.934757232666016,91600
2011-05-20,5.959722689450899,5.959722689450899,5.905445013347916,5.910872936248779,80500
2011-05-23,5.910874785710346,5.981436252593994,5.910874785710346,5.981436252593994,79300
2011-05-24,6.003145336467005,6.003145336467005,5.921728048823849,5.9271559715271,92800
2011-05-25,5.921730128741807,5.948869234155058,5.91630220413208,5.91630220413208,51300
2011-05-26,5.943439312813859,5.9542951583862305,5.92715606209051,5.9542951583862305,50800
2011-05-27,5.932586139816439,5.986863834488386,5.932586139816439,5.970580577850342,71900
2011-05-31,5.992290324653157,6.024857347767886,5.9868624011948235,6.003146171569824,50700
2011-06-01,6.024852803646812,6.095413684844971,6.024852803646812,6.095413684844971,181200
2011-06-02,6.057423853247344,6.106274129101801,6.003146171569824,6.003146171569824,183600
2011-06-03,6.008573191427837,6.100845813751221,6.008573191427837,6.100845813751221,160500
2011-06-06,6.09541539895538,6.144265651702881,6.068276829771237,6.144265651702881,123000
2011-06-07,6.149698792735039,6.160554643731653,6.111704349517822,6.111704349517822,55000
2011-06-08,6.100843836188836,6.149694093070759,6.0899885111234475,6.138838768005371,175600
2011-06-09,6.138838768005371,6.138838768005371,6.117127600239524,6.138838768005371,71000
2011-06-10,6.1279876083772775,6.138843459373891,6.0899931651600605,6.111704349517822,38900
2011-06-13,6.106269523573845,6.117125362302719,6.0628472039281105,6.095413684844971,53600
2011-06-14,6.095420438168669,6.149698656679964,6.073709254291243,6.122559547424316,98000
2011-06-15,6.127983390023898,6.144266637674364,6.106272220611572,6.106272220611572,65100
2011-06-16,6.12798240666539,6.14969357259372,6.106271240737058,6.144265651702881,43900
2011-06-17,6.117128338193001,6.17683392734303,6.117128338193001,6.155122756958008,65900
2011-06-20,6.160547610245731,6.171402931213379,6.13883645067556,6.171402931213379,72100
2011-06-21,6.187689825525752,6.187689825525752,6.160551248262933,6.182262420654297,86200
2011-06-22,6.196457632946373,6.21829534753768,6.185538515324628,6.212835788726807,65800
2011-06-23,6.212835788726807,6.21829534753768,6.196457632946373,6.212835788726807,44400
2011-06-24,6.190994483102942,6.218291740671584,6.169156781178405,6.17461633682251,73000
2011-06-27,6.196456908475807,6.218294620513916,6.174619196437699,6.218294620513916,29400
2011-06-28,6.22375365803435,6.22375365803435,6.190997350303249,6.218294620513916,57700
2011-06-29,6.22921735123216,6.22921735123216,6.152785568688556,6.158244609832764,49900
2011-06-30,6.185539517057159,6.185539517057159,6.087269525155611,6.114566802978516,76700
2011-07-01,6.141862143172844,6.169159412384033,6.120024431934313,6.169159412384033,60200
2011-07-05,6.158238892859789,6.196455269306062,6.158238892859789,6.180076599121094,49600
2011-07-06,6.1964540387470475,6.201913073739269,6.17461633682251,6.17461633682251,50900
2011-07-07,6.196455269306062,6.212833418839044,6.169158006316435,6.180076599121094,73000
2011-07-08,6.190993567871749,6.207371711730957,6.185534013034745,6.207371711730957,67000
2011-07-11,6.207376229915934,6.223754385696368,6.207376229915934,6.212835788726807,49700
2011-07-12,6.201912156893952,6.218290821404965,6.201912156893952,6.207371711730957,31400
2011-07-13,6.229215612842492,6.261972453828623,6.21283745267559,6.251053333282471,69500
2011-07-14,6.261972244847583,6.272890844377024,6.201918125152588,6.201918125152588,100800
2011-07-15,6.234674226070275,6.234674226070275,6.152782917022705,6.152782917022705,58400
2011-07-18,6.185539232380835,6.185539232380835,6.114566521568559,6.152782917022705,56800
2011-07-19,6.163700800733321,6.212835788726807,6.141863086142015,6.212835788726807,62900
2011-07-20,6.227111339569092,6.254567843141945,6.194163430543819,6.227111339569092,47600
2011-07-21,6.2545701580952615,6.26006104189073,6.238095935640531,6.249078750610352,40200
2011-07-22,6.26005858262481,6.2930064909012335,6.26005858262481,6.271041393280029,46900
2011-07-25,6.28751501486964,6.293006420135498,6.254567630652949,6.293006420135498,58400
2011-07-26,6.282024860663138,6.287516267022605,6.2051472663879395,6.2051472663879395,75500
2011-07-27,6.221622461930649,6.232605277297752,6.128270626068115,6.128270626068115,103100
2011-07-28,6.095321730100418,6.139251933398963,6.067865222116494,6.111795425415039,97200
2011-07-29,6.089828718553512,6.100811004638672,6.040407121947308,6.100811004638672,68000
2011-08-01,6.122780865955995,6.194167613983154,6.122780865955995,6.194167613983154,39500
2011-08-02,6.2051455864107785,6.25456718288694,6.188671895481789,6.216127872467041,68800
2011-08-03,6.2545701580952615,6.2545701580952615,6.216130829390331,6.249078750610352,48100
2011-08-04,6.254567843141945,6.271041535809958,6.188672548780646,6.227111339569092,61800
2011-08-05,6.188671895481789,6.238092968268758,6.1063023934584555,6.216127872467041,48800
2011-08-08,6.067864713092271,6.117286318579561,6.012951701730995,6.0184431076049805,189900
2011-08-09,6.018446109832259,6.122780255037333,5.958042186154538,6.106306552886963,123000
2011-08-10,6.1008134096594775,6.199656641837185,6.1008134096594775,6.155726432800293,49900
2011-08-11,6.2051495600999225,6.2051495600999225,6.128271413717649,6.172201633453369,33000
2011-08-12,6.17219665255104,6.221618240793369,6.17219665255104,6.199653148651123,38400
2011-08-15,6.2490786640340525,6.309482574462891,6.232604965496995,6.309482574462891,19900
2011-08-16,6.325953822889229,6.369884014129639,6.303988203579836,6.369884014129639,60400
2011-08-17,6.369886693577234,6.397342681884766,6.347921588717564,6.397342681884766,39700
2011-08-18,6.336938081549147,6.37537687992824,6.232603975796172,6.347920894622803,79700
2011-08-19,6.331447695617972,6.369887023882692,6.23260498046875,6.23260498046875,90700
2011-08-22,6.241440736156308,6.318767982071333,6.241440736156308,6.3021979331970215,36200
2011-08-23,6.285629503678324,6.351910243003716,6.269059450535099,6.32429313659668,44100
2011-08-24,6.346385470415613,6.379526096948211,6.340861944868115,6.3629560470581055,41200
2011-08-25,6.37952678097822,6.37952678097822,6.34086262475245,6.3684797286987305,44900
2011-08-26,6.379527349410752,6.390573875922072,6.318769609964774,6.32429313659668,63500
2011-08-29,6.357432488567825,6.379526063890943,6.32981538772583,6.32981538772583,41100
2011-08-30,6.362957296267528,6.396097402553978,6.32429313659668,6.32429313659668,47200
2011-08-31,6.362955699659658,6.374002223399157,6.31876802444458,6.31876802444458,66900
2011-09-01,6.351909329121243,6.3740029057176555,6.263535022735596,6.263535022735596,100100
2011-09-02,6.2801051008700375,6.374002933502197,6.230394421623315,6.374002933502197,135500
2011-09-06,6.291151409531599,6.346385081363423,6.246964261365198,6.3021979331970215,81300
2011-09-07,6.324289434448151,6.3850471383274385,6.296672344207764,6.296672344207764,86100
2011-09-08,6.324292699010359,6.351909803506531,6.324292699010359,6.34086275100708,32700
2011-09-09,6.35191011428833,6.35191011428833,6.335340061480881,6.35191011428833,41500
2011-09-12,6.351908718026647,6.385049343109131,6.329815143555779,6.385049343109131,35900
2011-09-13,6.396096929878608,6.45133113861084,6.3740033517362065,6.45133113861084,65100
2011-09-14,6.462374322751932,6.462374322751932,6.401617145964661,6.434757232666016,53200
2011-09-15,6.401618146654498,6.41266466836433,6.313243865966797,6.313243865966797,98300
2011-09-16,6.324291507280222,6.351908606572312,6.3021979331970215,6.3021979331970215,66200
2011-09-19,6.296677760096225,6.346388459935572,6.285631230550057,6.335341930389404,84400
2011-09-20,6.335340061480881,6.362957167328283,6.318769481920952,6.35191011428833,118900
2011-09-21,6.360797679442259,6.383018785885128,6.327466284674438,6.33302116394043,76200
2011-09-22,6.305244889559482,6.383018493652344,6.294134071950248,6.383018493652344,69300
2011-09-23,6.394129532379298,6.416350638573259,6.360797608191878,6.388574123382568,100400
2011-09-26,6.41635108118989,6.41635108118989,6.371908865736231,6.399685382843018,86800
2011-09-27,6.410793989602003,6.438570499420166,6.37190719373229,6.438570499420166,82000
2011-09-28,6.438572443344479,6.466348961548888,6.416351334739556,6.427461624145508,88800
2011-09-29,6.421908159694719,6.449684154227796,6.41635274887085,6.41635274887085,33500
2011-09-30,6.410795359473776,6.51634548358553,6.410795359473776,6.505235195159912,138800
2011-10-03,6.510791975102309,6.544123377189993,6.510791975102309,6.538568496704102,163300
2011-10-04,6.527456561324166,6.527456561324166,6.449682420080783,6.466348648071289,216300
2011-10-05,6.466346728201881,6.5663414174913575,6.455235912840363,6.48856782913208,98800
2011-10-06,6.510789776529795,6.510789776529795,6.3496866413926325,6.360796928405762,139000
2011-10-07,6.388574564083103,6.421906490569847,6.344132348629443,6.399685382843018,56700
2011-10-10,6.421907395284952,6.477459907531738,6.405241164797151,6.477459907531738,73300
2011-10-11,6.477458679406406,6.521900892694826,6.438571875227281,6.505235195159912,41900
2011-10-12,6.527453685865707,6.527453685865707,6.455234985766103,6.4996771812438965,77500
2011-10-13,6.494126960979514,6.544124603271484,6.466350963966804,6.544124603271484,32000
2011-10-14,6.544120487511681,6.5830078125,6.544120487511681,6.5830078125,70500
2011-10-17,6.588563746558567,6.588563746558567,6.477458221197018,6.48301362991333,57400
2011-10-18,6.471904256181719,6.527457296151291,6.471904256181719,6.4941253662109375,75800
2011-10-19,6.527456301804122,6.527456301804122,6.49412437694132,6.505235195159912,34000
2011-10-20,6.503003886264891,6.614739238373322,6.503003886264891,6.5979790687561035,51500
2011-10-21,6.592391863306863,6.592391863306863,6.547697724528877,6.564457893371582,41000
2011-10-24,6.5979790687561035,6.5979790687561035,6.547698027108264,6.5979790687561035,54600
2011-10-25,6.597972935967817,6.597972935967817,6.553278303871733,6.586799144744873,72900
2011-10-26,6.586803711618865,6.59239061110394,6.542109581330382,6.581216812133789,77700
2011-10-27,6.620320817877804,6.620320817877804,6.558866024017334,6.558866024017334,36200
2011-10-28,6.542110823982589,6.586804962760575,6.542110823982589,6.564457893371582,25800
2011-10-31,6.564454711196161,6.586801769752227,6.530933856964111,6.530933856964111,68500
2011-11-01,6.57004479391787,6.581218062214286,6.5532840922790045,6.564457893371582,59900
2011-11-02,6.553282847504472,6.586803711618865,6.547696480815457,6.581216812133789,42700
2011-11-03,6.5812183663427,6.5979790687561035,6.564458196725481,6.5979790687561035,41500
2011-11-04,6.603563877278031,6.609150776763106,6.581216812133789,6.581216812133789,46800
2011-11-07,6.575629533896752,6.620323657989502,6.575629533896752,6.620323657989502,54800
2011-11-08,6.631495763739412,6.631495763739412,6.592388545191365,6.6147356033325195,59500
2011-11-09,6.614737419822403,6.637084484100342,6.592390355544464,6.637084484100342,62200
2011-11-10,6.637084484100342,6.642671383368836,6.614737419822403,6.637084484100342,36700
2011-11-11,6.637085147119771,6.637085147119771,6.570043947588795,6.592391014099121,65500
2011-11-14,6.631495272106449,6.631495272106449,6.603561318301945,6.625908374786377,66600
2011-11-15,6.6370826614736735,6.6370826614736735,6.592388545191365,6.6147356033325195,64700
2011-11-16,6.637083821325287,6.637083821325287,6.592389697232536,6.620323657989502,59800
2011-11-17,6.631495763739412,6.631495763739412,6.597975442925627,6.6147356033325195,44500
2011-11-18,6.620321137443367,6.625907501231082,6.5979740839051555,6.603560447692871,50900
2011-11-21,6.640642455510078,6.640642455510078,6.56198882482919,6.629406452178955,65400
2011-11-22,6.657495061891699,6.657495061891699,6.6294042591748035,6.6406402587890625,60500
2011-11-23,6.612549991859666,6.657495061891699,6.612549991859666,6.6406402587890625,43500
2011-11-25,6.651878994628877,6.651878994628877,6.629406452178955,6.629406452178955,26900
2011-11-28,6.657495061891699,6.657495061891699,6.635022526875682,6.6406402587890625,39100
2011-11-29,6.646262032593018,6.651880303257704,6.618171215057373,6.618171215057373,63300
2011-11-30,6.640640717912789,6.640640717912789,6.595695644773323,6.623786449432373,102300
2011-12-01,6.623786449432373,6.623786449432373,6.60131391286264,6.623786449432373,100800
2011-12-02,6.629406452178955,6.635024721738354,6.606933909729033,6.629406452178955,73100
2011-12-05,6.65187679419082,6.657495061891699,6.623785991473925,6.6406402587890625,141100
2011-12-06,6.6518793230790205,6.67435186663857,6.6518793230790205,6.668733596801758,84300
2011-12-07,6.67435359954834,6.67435359954834,6.663117056957291,6.67435359954834,53900
2011-12-08,6.657499979502902,6.696826810883109,6.657499979502902,6.6855902671813965,48500
2011-12-09,6.679972531118434,6.713681090647785,6.679972531118434,6.6855902671813965,42600
2011-12-12,6.724917118710651,6.74177139718301,6.691208025978081,6.7361531257629395,58400
2011-12-13,6.736149484050434,6.747386020815853,6.719295214689868,6.730531215667725,86400
2011-12-14,6.769858558559127,6.775476826941836,6.724913483072578,6.730531215667725,68000
2011-12-15,6.741770267486572,6.7698610840919855,6.730533726529302,6.741770267486572,79800
2011-12-16,6.76986026763916,6.76986026763916,6.736151184620465,6.76986026763916,57500
2011-12-19,6.77548048991558,6.781098225547797,6.730534854342869,6.7361531257629395,105900
2011-12-20,6.764238051832415,6.77547458487957,6.741765521525492,6.758619785308838,51300
2011-12-21,6.795908608129617,6.807207135652452,6.7507155755251675,6.773312091827393,89800
2011-12-22,6.812857500754341,6.812857500754341,6.784611716124593,6.801558971405029,100800
2011-12-23,6.824154663429403,6.824154663429403,6.795908882226534,6.812856674194336,56900
2011-12-27,6.835450048858962,6.891941046549904,6.812853542033941,6.874993801116943,88300
2011-12-28,6.897590489041657,6.931485519540729,6.874993981623354,6.920186996459961,105500
2011-12-29,6.897593357183384,6.937137126922607,6.897593357183384,6.937137126922607,65400
2011-12-30,6.948437201154699,6.976682988144902,6.908892883870984,6.931489944458008,58000
2012-01-03,6.948434223754743,6.948434223754743,6.886293411254883,6.886293411254883,105500
2012-01-04,6.942785398455995,6.942785398455995,6.891943108204937,6.9032416343688965,61200
2012-01-05,6.891941046549904,6.914537553374925,6.874993801116943,6.874993801116943,70500
2012-01-06,6.8862916620972525,6.9201866911006755,6.8862916620972525,6.91453742980957,63100
2012-01-09,6.914537734919577,6.925836258000345,6.891941227501273,6.920186996459961,125600
2012-01-10,6.920186996459961,6.93713424233788,6.908888473379193,6.920186996459961,73500
2012-01-11,6.914540738165264,6.9597337726309085,6.914540738165264,6.9484357833862305,103800
2012-01-12,6.97102885393937,7.004923343658447,6.959730331537544,7.004923343658447,64400
2012-01-13,6.9992755517971,7.033170046022657,6.98232776594105,6.987977027893066,100800
2012-01-17,6.987979221159172,7.010575737316171,6.954084716295394,6.976681232452393,159000
2012-01-18,7.016221866060273,7.016221866060273,6.982326837597996,7.004923343658447,100100
2012-01-19,7.0388182000425195,7.0388182000425195,6.99362518902645,7.01057243347168,113600
2012-01-20,7.04805583044585,7.04805583044585,6.991262795894631,7.019659042358398,113400
2012-01-23,7.042376364503623,7.042376364503623,7.002621186155402,7.019659042358398,157300
2012-01-24,7.019665380649707,7.0367037938609425,7.002627509062645,7.008306980133057,117700
2012-01-25,7.025339137358082,7.04237699508667,7.008301279629494,7.04237699508667,189700
2012-01-26,7.0366972197730915,7.099169718309697,7.031017754008764,7.082131862640381,137300
2012-01-27,7.104851400764545,7.19004124731375,7.082134072243169,7.144606590270996,221800
2012-01-30,7.144609589489621,7.207082133742649,7.144609589489621,7.1843647956848145,84800
2012-01-31,7.212761603663123,7.241158411641431,7.167326927547454,7.1843647956848145,160400
2012-02-01,7.229795294768286,7.235474761407435,7.1843606449026005,7.190040111541748,111000
2012-02-02,7.212758533492475,7.224117468498398,7.19004120510446,7.195720672607422,117100
2012-02-03,7.212758533492475,7.212758533492475,7.161644409213484,7.195720672607422,96500
2012-02-06,7.1957179904454,7.1957179904454,7.144603885218895,7.16732120513916,108600
2012-02-07,7.161641739753186,7.190038525059426,7.150283350604869,7.16732120513916,187800
2012-02-08,7.184360775552021,7.195719709036883,7.155964525087386,7.17868185043335,205200
2012-02-09,7.184361779777447,7.184361779777447,7.144606590270996,7.144606590270996,128400
2012-02-10,7.150285058344956,7.184360775552021,7.150285058344956,7.17868185043335,90300
2012-02-13,7.1900420245632555,7.207079887390137,7.178683629886633,7.207079887390137,145200
2012-02-14,7.207079887390137,7.212759355540395,7.178683629886633,7.207079887390137,91000
2012-02-15,7.201400140110384,7.207079065989514,7.161644409213484,7.195720672607422,85300
2012-02-16,7.184363610950298,7.201402017902009,7.07077693939209,7.07077693939209,181000
2012-02-17,7.070776273157737,7.138928269671132,7.070776273157737,7.1162109375,136600
2012-02-21,7.15389216201888,7.182439327239989,7.13676408068297,7.18243932723999,124800
2012-02-22,7.182440663950535,7.199568748474121,7.153893493416565,7.199568748474121,69300
2012-02-23,7.199565561617358,7.210984642573135,7.131052709357944,7.142471790313721,85800
2012-02-24,7.1367612622930094,7.2052741050720215,7.1367612622930094,7.2052741050720215,87600
2012-02-27,7.216695695713054,7.239533317919759,7.210986154038412,7.233823776245117,100500
2012-02-28,7.239534551191603,7.250953091994201,7.210987382447179,7.245243549346924,79300
2012-02-29,7.233825008544327,7.245243549346924,7.216696925094455,7.245243549346924,69600
2012-03-01,7.256663217422214,7.268081759141831,7.23953513259679,7.250953674316406,106000
2012-03-02,7.2623717135739545,7.273790253647458,7.239534088935026,7.268080711364746,60600
2012-03-05,7.268080711364745,7.273790253647458,7.256662171291242,7.268080711364746,60500
2012-03-06,7.233825545343012,7.285210343997685,7.131055948033667,7.159603118896484,168600
2012-03-07,7.182439327239989,7.193858411125189,7.15389216201888,7.18243932723999,84500
2012-03-08,7.176730632781982,7.193859260632464,7.153893006806627,7.176730632781982,107500
2012-03-09,7.193855570188023,7.210983644759858,7.188146030500187,7.2052741050720215,136900
2012-03-12,7.205279254191313,7.222407341003418,7.1938607111472646,7.222407341003418,107500
2012-03-13,7.250953091994201,7.250953091994201,7.205277839799902,7.245243549346924,107000
2012-03-14,7.2452408181312595,7.262369439616165,7.148181352175546,7.165309429168701,126400
2012-03-15,7.165316104246822,7.165316104246822,6.999743087090175,7.005452632904053,267900
2012-03-16,7.068250004008714,7.068250004008714,6.828454728281255,6.862711429595947,279500
2012-03-19,6.834163771467548,6.954061400598268,6.7999070726480175,6.948351860046387,126600
2012-03-20,6.931222879670546,7.011154259013948,6.908385264930762,6.994026184082031,67000
2012-03-21,7.008956133990315,7.072099685668945,6.98025432052128,7.072099685668945,76800
2012-03-22,7.072097407277778,7.095058741167327,6.985992542052314,7.003213405609131,99600
2012-03-23,7.020438392809954,7.05488068759558,7.008957992842547,7.043400287628174,87400
2012-03-26,7.037658182368585,7.077840394101536,7.003215895567785,7.066359996795654,72900
2012-03-27,7.037655553510171,7.112280024168564,6.985992416328101,7.100799083709717,103900
2012-03-28,7.123760484461382,7.175423622131348,7.118020014177746,7.175423622131348,120100
2012-03-29,7.152461793426319,7.204124927520752,7.152461793426319,7.204124927520752,83000
2012-03-30,7.204124927520752,7.209865397407098,7.175423125530362,7.204124927520752,59800
2012-04-02,7.23856515578825,7.23856515578825,7.1926425010721005,7.215603828430176,91800
2012-04-03,7.186903571855089,7.232826232910156,7.169682163378461,7.232826232910156,62400
2012-04-04,7.2328267295111415,7.2328267295111415,7.186904065303055,7.204124927520752,70600
2012-04-05,7.181166172027588,7.221348380766753,7.181166172027588,7.181166172027588,45700
2012-04-09,7.1696866207798,7.209869384765625,7.140984802916108,7.209869384765625,72200
2012-04-10,7.209869384765625,7.221349783446117,7.181167566901934,7.209869384765625,58600
2012-04-11,7.17542164241385,7.227084765829826,7.17542164241385,7.215603828430176,46000
2012-04-12,7.22134578973845,7.261527984060192,7.192643987748061,7.204124927520752,74900
2012-04-13,7.227085530610152,7.250046860398027,7.221345061302862,7.238565921783447,50000
2012-04-16,7.267267989888297,7.290229320526123,7.238566189730688,7.290229320526123,59200
2012-04-17,7.267267989888297,7.313190651163949,7.255787598290036,7.290229320526123,115900
2012-04-18,7.318932619601887,7.318932619601887,7.250048613580957,7.278750419616699,72200
2012-04-19,7.307452265294149,7.318933207607395,7.267270062080709,7.295971870422363,59400
2012-04-20,7.293661558341801,7.3398239279902615,7.276350256999489,7.322512626647949,54400
2012-04-23,7.322514170112883,7.345595359802246,7.31674428541477,7.345595359802246,63500
2012-04-24,7.322515613545393,7.362908116188277,7.322515613545393,7.357137680053711,67100
2012-04-25,7.36290803739033,7.374448359236879,7.247502067429478,7.293664455413818,109900
2012-04-26,7.310972309385261,7.345593811472179,7.299431441823719,7.322512626647949,51900
2012-04-27,7.3398239279902615,7.3398239279902615,7.3167427431660315,7.322512626647949,29100
2012-04-30,7.351366887241635,7.362907758950821,7.310974936857588,7.3282856941223145,67000
2012-05-01,7.357139214155957,7.385990850545819,7.334058015103906,7.380220413208008,75000
2012-05-02,7.380218753108135,7.391759625187763,7.357137559247947,7.385989189147949,64000
2012-05-03,7.409069519110427,7.409069519110427,7.345595830671643,7.397528648376465,38000
2012-05-04,7.397527106437154,7.4263787269592285,7.397527106437154,7.4263787269592285,48600
2012-05-07,7.4263787269592285,7.437919595287615,7.403297540601347,7.4263787269592285,63000
2012-05-08,7.409068698472543,7.4436902062416985,7.409068698472543,7.432149887084961,34900
2012-05-09,7.437920321812802,7.437920321812802,7.403298263744702,7.432149887084961,70000
2012-05-10,7.432149161123421,7.44945991331711,7.40906797476554,7.4263787269592285,86000
2012-05-11,7.4436904549952505,7.4436904549952505,7.432150135452859,7.437920570373535,47000
2012-05-14,7.437920321812802,7.449460640969539,7.403298263744702,7.432149887084961,61300
2012-05-15,7.432148325679937,7.460999942958818,7.432148325679937,7.449459075927734,71000
2012-05-16,7.449461231379763,7.466771986636312,7.443690796194584,7.455231666564941,48900
2012-05-17,7.4667747720784,7.478315646754023,7.368680088831579,7.380220413208008,91000
2012-05-18,7.409070383008137,7.443691898648884,7.37444831706832,7.385989189147949,45700
2012-05-21,7.437920570373535,7.437920570373535,7.403298511148435,7.437920570373535,38000
2012-05-22,7.458801746368408,7.458801746368408,7.429802181309271,7.458801746368408,62300
2012-05-23,7.458802560091426,7.482002546548502,7.458802560091426,7.476202964782715,45000
2012-05-24,7.476200351952215,7.481999931691129,7.4355999749931305,7.464600086212158,113500
2012-05-25,7.476202964782714,7.476202964782714,7.453002978325638,7.476202964782715,60700
2012-05-29,7.482002434078849,7.482002434078849,7.458802447970515,7.470402717590332,58900
2012-05-30,7.458801322020306,7.482001304626465,7.458801322020306,7.482001304626465,57200
2012-05-31,7.493602816342695,7.493602816342695,7.435602573634349,7.476202964782715,83200
2012-06-01,7.476202964782714,7.487802681445599,7.458802560091426,7.476202964782715,101500
2012-06-04,7.482001304626465,7.499401706429496,7.458801322020306,7.482001304626465,63300
2012-06-05,7.481999264958314,7.499399662017822,7.464599421029871,7.499399662017822,100900
2012-06-06,7.493599244402187,7.505198955535889,7.487799112269815,7.505198955535889,72200
2012-06-07,7.505201287232624,7.505201287232624,7.42980175861102,7.482001304626465,95700
2012-06-08,7.4878001224511825,7.505199968064676,7.447200298309326,7.447200298309326,74400
2012-06-11,7.458801322020306,7.493601572495153,7.458801322020306,7.482001304626465,77400
2012-06-12,7.481999931691129,7.481999931691129,7.453000373603216,7.464600086212158,60900
2012-06-13,7.48779821395874,7.48779821395874,7.458798109907062,7.48779821395874,86300
2012-06-14,7.487800852661025,7.499401119622024,7.435600757598877,7.435600757598877,119500
2012-06-15,7.424001043769051,7.464600871870201,7.395000929497727,7.435600757598877,70700
2012-06-18,7.424002856971465,7.476202964782714,7.412402587177273,7.476202964782715,57300
2012-06-19,7.476201723823337,7.482001304626465,7.453001741217179,7.482001304626465,71700
2012-06-20,7.497155735317202,7.497155735317202,7.473836454491002,7.491326332092285,53500
2012-06-21,7.508819103240967,7.508819103240967,7.491329773580663,7.508819103240967,72000
2012-06-22,7.514647889930591,7.520477294921875,7.497158007029701,7.520477294921875,87800
2012-06-25,7.520477294921875,7.520477294921875,7.502987967996664,7.520477294921875,72400
2012-06-26,7.520477294921875,7.520477294921875,7.508817928963627,7.520477294921875,82500
2012-06-27,7.520473662951315,7.53213357925415,7.514644260775309,7.53213357925415,86600
2012-06-28,7.53213357925415,7.53213357925415,7.514644260775309,7.53213357925415,87400
2012-06-29,7.532137066868938,7.543796432595013,7.5146477402919905,7.526307106018066,74400
2012-07-02,7.526303621102733,7.537963537405568,7.520473662951315,7.53213357925415,162400
2012-07-03,7.532137066868938,7.543796432595013,7.526307106018066,7.526307106018066,100900
2012-07-05,7.526308432901271,7.549627724440265,7.508819103240967,7.508819103240967,158600
2012-07-06,7.520477145167194,7.549626393445884,7.520477145167194,7.526307106018066,77400
2012-07-09,7.549627304077148,7.555457265631226,7.537967936944727,7.549627304077148,134800
2012-07-10,7.57294225692749,7.57294225692749,7.549622980042991,7.57294225692749,116100
2012-07-11,7.555455751585809,7.596264362335205,7.555455751585809,7.596264362335205,159400
2012-07-12,7.596263112000866,7.6079230308532715,7.561284467394713,7.6079230308532715,124600
2012-07-13,7.607924270938917,7.637073516845703,7.596264350185953,7.637073516845703,130500
2012-07-16,7.6195815170506105,7.648730754852295,7.6195815170506105,7.648730754852295,140700
2012-07-17,7.660396728195779,7.666226135584108,7.64290683810307,7.654566764831543,110500
2012-07-18,7.66039477221654,7.701203393394445,7.66039477221654,7.677884101867676,183000
2012-07-19,7.65456271940325,7.718690614590604,7.648732759120142,7.70703125,194400
2012-07-20,7.7222665123058984,7.7222665123058984,7.687111791486326,7.716407299041748,66800
2012-07-23,7.722266602467649,7.733984470367432,7.710548175802529,7.733984470367432,114400
2012-07-24,7.745704416488089,7.75156307220459,7.728126773042246,7.75156307220459,166000
2012-07-25,7.7515633927561005,7.76328182220459,7.745704736797326,7.76328182220459,220400
2012-07-26,7.763281501168485,7.763281501168485,7.7398452020061415,7.75156307220459,169200
2012-07-27,7.763274089383521,7.780851157282666,7.745697021484376,7.745697021484375,187100
2012-07-30,7.7339861518876125,7.775000095367432,7.722268281440135,7.775000095367432,101400
2012-07-31,7.757416577981257,7.792571280237049,7.745698716406017,7.769134998321533,133300
2012-08-01,7.775000095367432,7.780858751208441,7.763281666154494,7.775000095367432,136500
2012-08-02,7.780856355463119,7.780856355463119,7.757420063018799,7.757420063018799,112200
2012-08-03,7.786717965814908,7.786717965814908,7.757422451548027,7.775000095367432,129800
2012-08-06,7.780852859896773,7.780852859896773,7.763275788151395,7.769134998321533,123700
2012-08-07,7.7808589076118535,7.7808589076118535,7.76328182220459,7.76328182220459,125200
2012-08-08,7.7749942084916706,7.7749942084916706,7.739839506235879,7.769134998321533,184200
2012-08-09,7.769140715650432,7.769140715650432,7.728126773042246,7.75156307220459,120000
2012-08-10,7.75156307220459,7.75156307220459,7.733985987524194,7.75156307220459,86000
2012-08-13,7.751560409972675,7.757419622442307,7.628520300701924,7.698829174041748,107700
2012-08-14,7.7222665123058984,7.7222665123058984,7.675393923723356,7.716407299041748,70800
2012-08-15,7.733985987524194,7.757422286686537,7.716408902843797,7.75156307220459,108400
2012-08-16,7.757420063018799,7.757420063018799,7.751560850216397,7.757420063018799,181000
2012-08-17,7.757420764932335,7.757420764932335,7.728125257034872,7.733984470367432,135100
2012-08-20,7.739842983376881,7.757420063018799,7.733983770574479,7.757420063018799,146300
2012-08-21,7.7574191667178445,7.763278378843267,7.704687375119492,7.728123664855957,223700
2012-08-22,7.702216377963006,7.72577053416326,7.6315539093622435,7.637442588806152,174700
2012-08-23,7.6786609572456435,7.702215109567014,7.625663974128737,7.6609954833984375,93700
2012-08-24,7.625665229918336,7.6668854244503155,7.625665229918336,7.637442588806152,100900
2012-08-27,7.643327462159548,7.684547639193981,7.643327462159548,7.678658962249756,76800
2012-08-28,7.719878146308611,7.719878146308611,7.643327035036926,7.690435886383057,107800
2012-08-29,7.731656158099023,7.731656158099023,7.690436541432191,7.713990688323975,160800
2012-08-30,7.737546832640979,7.755212306976318,7.713992679668759,7.755212306976318,130600
2012-08-31,7.778768757738414,7.778768757738414,7.755214597808472,7.7728800773620605,74100
2012-09-04,7.77876615524292,7.77876615524292,7.75521200319335,7.77876615524292,101800
2012-09-05,7.737546616728017,7.778766242885361,7.737546616728017,7.761100769042969,72400
2012-09-06,7.778766242885361,7.778766242885361,7.737546616728017,7.761100769042969,84400
2012-09-07,7.766990828518843,7.7905449867248535,7.749325350258192,7.7905449867248535,85300
2012-09-10,7.7905449867248535,7.7905449867248535,7.772879508464203,7.7905449867248535,87200
2012-09-11,7.7905449867248535,7.796433666670214,7.772879508464203,7.7905449867248535,126600
2012-09-12,7.7905449867248535,7.7905449867248535,7.761102710148911,7.7905449867248535,204300
2012-09-13,7.766987631071776,7.790541779581216,7.766987631071776,7.784653663635254,102900
2012-09-14,7.772883840193469,7.772883840193469,7.731664180755615,7.731664180755615,243500
2012-09-17,7.7552140062382815,7.7552140062382815,7.69632833011751,7.719882488250732,130900
2012-09-18,7.708105689971835,7.719882488250733,7.702217010044672,7.719882488250732,139000
2012-09-19,7.725769475367217,7.755212306976318,7.713992679668759,7.755212306976318,137600
2012-09-20,7.776501860265635,7.800156596903216,7.7528471236280545,7.794243335723877,140200
2012-09-21,7.80015764288022,7.80015764288022,7.770589641098322,7.788330554962158,119300
2012-09-24,7.811986921295064,7.811986921295064,7.746936514267955,7.7705912590026855,164100
2012-09-25,7.788330554962157,7.794244380907931,7.735107249397168,7.788330554962158,146200
2012-09-26,7.788323965748368,7.794237786690826,7.770583066893996,7.782410144805908,109000
2012-09-27,7.800156596903216,7.806070422055964,7.758760948780801,7.794243335723877,84800
2012-09-28,7.788327808502823,7.823809623718262,7.788327808502823,7.823809623718262,108200
2012-10-01,7.81789799796253,7.841552734375001,7.788329436453591,7.841552734375,130300
2012-10-02,7.8238123826898285,7.835640034581374,7.776502903070612,7.788330554962158,95600
2012-10-03,7.811984152840098,7.811984152840098,7.776501766325649,7.806070327758789,135900
2012-10-04,7.776503849802973,7.776503849802973,7.717367275066249,7.746935844421387,180300
2012-10-05,7.782415685418383,7.800156596903216,7.741020037295968,7.794243335723877,84600
2012-10-08,7.764670798444697,7.8178940696224455,7.741016073918266,7.811980247497559,121700
2012-10-09,7.770590587110787,7.788331503134449,7.7410220177556495,7.746935844421387,74500
2012-10-10,7.746929645176926,7.776497626897635,7.717361099483115,7.752842903137207,85400
2012-10-11,7.782413778835562,7.806068509678064,7.7646728716970035,7.800154685974121,100800
2012-10-12,7.823813346177513,7.835640999525611,7.7942453407543715,7.8297271728515625,139900
2012-10-15,7.835634972023989,7.835634972023989,7.794239345096015,7.811980247497559,109800
2012-10-16,7.829724404987287,7.829724404987287,7.782414936266237,7.817897319793701,102200
2012-10-17,7.84155187070977,7.84155187070977,7.823810397374404,7.835638046264648,92700
2012-10-18,7.841551508891973,7.877033325978855,7.835637684719721,7.865206241607666,141900
2012-10-19,7.912515614286843,7.912515614286843,7.841551416971622,7.877033233642578,80100
2012-10-22,7.898410841561347,7.904349632169291,7.862778664267928,7.886533260345459,76200
2012-10-23,7.874662170322696,7.898416784273027,7.8687233752464465,7.892477989196777,90400
2012-10-24,7.8984141257347185,7.922168731689453,7.892475332657415,7.922168731689453,166100
2012-10-25,7.934045003977435,7.969677192729662,7.928106777814086,7.951861381530762,122200
2012-10-26,7.95186378917702,7.993434216679192,7.945924994861111,7.987495422363281,98000
2012-10-31,8.005309286707307,8.005309286707307,7.9459230570944825,7.975616455078125,106100
2012-11-01,8.005308318376446,8.070633899309497,7.9756154903389405,8.023124694824219,157600
2012-11-02,8.017188497672386,8.035004313532378,7.963740483737838,8.02906608581543,164400
2012-11-05,8.07063654989586,8.183470806017215,7.963740521519626,8.040943145751953,107700
2012-11-06,8.040937898375383,8.046876688599527,7.975612904972405,8.017183303833008,92600
2012-11-07,8.023126115596684,8.064696535294187,7.969678109497326,8.046880722045898,146600
2012-11-08,8.064694354868628,8.106264763326873,8.046878546437142,8.100326538085938,105800
2012-11-09,8.106267380020025,8.165654182434082,8.100329152862237,8.165654182434082,162900
2012-11-12,8.183469074161351,8.183469074161351,8.064696049076067,8.070634841918945,105000
2012-11-13,8.058760377830335,8.100331377478742,8.03500576361182,8.064699172973633,107500
2012-11-14,8.088450470664474,8.088450470664474,7.934045258377952,7.969677448272705,167200
2012-11-15,7.987491681627421,7.987491681627421,7.720252292466746,7.761822700500488,245300
2012-11-16,7.833087310528715,8.023124694824219,7.833087310528715,8.023124694824219,96000
2012-11-19,8.112203591177025,8.165651583064689,8.100326574287733,8.159712791442871,82500
2012-11-20,8.193106577795847,8.199069674040103,8.085773688760026,8.181180953979492,120000
2012-11-21,8.19310596686149,8.24677269171372,8.16925415233518,8.234847068786621,177400
2012-11-23,8.300438420086891,8.312364041582303,8.210994268519146,8.288512229919434,74100
2012-11-26,8.294476434858716,8.300439530740347,8.193106079559492,8.282550811767578,153500
2012-11-27,8.28851215397892,8.294475249008014,8.22291981467501,8.276586532592773,152200
2012-11-28,8.276588936136333,8.294477657746507,8.252737117765367,8.264662742614746,157400
2012-11-29,8.294475249008014,8.300438344037108,8.246771626119344,8.276586532592773,122600
2012-11-30,8.27658683834384,8.300438650669303,8.26466064784508,8.294475555419922,166100
2012-12-03,8.354105370569606,8.354105370569606,8.258698121267761,8.294475555419922,150200
2012-12-04,8.300440220715908,8.300440220715908,8.163291847398542,8.24081039428711,142300
2012-12-05,8.24677269171372,8.276587602039637,8.205032158460703,8.234847068786621,80600
2012-12-06,8.258699417114258,8.276588136997201,8.187143400238183,8.258699417114258,135600
2012-12-07,8.26465980402645,8.26465980402645,7.960549370094399,8.049993515014648,217900
2012-12-10,8.097696408235533,8.127511310091167,8.02017789087967,8.05595588684082,111100
2012-12-11,8.079810988156064,8.133477719637927,8.014218063601705,8.03210735321045,137000
2012-12-12,8.014216507149644,8.121549949267994,8.014216507149644,8.085772514343262,178000
2012-12-13,8.121552467346191,8.12751556457319,8.038070812184962,8.121552467346191,114700
2012-12-14,8.133479546524088,8.133479546524088,7.972479315915735,8.109627723693848,153000
2012-12-17,8.091736158486924,8.091736158486924,7.859181093344974,7.930736541748047,192700
2012-12-18,7.960556073699247,7.960556073699247,7.7816670645438455,7.835333824157715,134200
2012-12-19,7.877065823451233,7.894954534323121,7.823399122163705,7.859177112579346,108600
2012-12-20,7.994520023972305,7.994520023972305,7.87475148026885,7.94661283493042,116400
2012-12-21,7.898706070739778,7.994521032003625,7.862775959977298,7.9106831550598145,107000
2012-12-24,7.970563133144355,7.970563133144355,7.820853086527883,7.844806671142578,56000
2012-12-26,7.934632470673059,7.94660954852966,7.808876008671282,7.844806671142578,44900
2012-12-27,7.892719115602505,7.916672716226989,7.719055368300273,7.802892684936523,117500
2012-12-28,7.808881023256851,7.81486956603078,7.707078080495542,7.7909159660339355,129400
2012-12-31,7.677134573051428,7.790914581135272,7.677134573051428,7.754983901977539,178300
2013-01-02,7.802890432335591,7.970566159399895,7.802890432335591,7.95858907699585,119400
2013-01-03,7.970564215325213,8.048412947568785,7.970564215325213,7.994517803192139,80100
2013-01-04,8.030450445512157,8.042427528792269,7.940624605306384,8.000508308410645,111200
2013-01-07,7.982540723709384,8.02445935970186,7.928645008234155,7.994517803192139,71000
2013-01-08,7.988531483262798,8.048415184020996,7.988531483262798,8.048415184020996,79600
2013-01-09,8.054403838271398,8.078357433130025,8.024461701923428,8.060392379760742,75300
2013-01-10,8.084343614918467,8.084343614918467,7.982540723709384,7.994517803192139,73500
2013-01-11,8.00649764428662,8.048416297727766,7.97655550421488,8.024462699890137,92200
2013-01-14,8.042427263868575,8.048415234212618,7.934635802293369,7.982542991638184,73400
2013-01-15,8.006497545224848,8.072369795688603,7.898706070739778,7.9106831550598145,147700
2013-01-16,7.9286462743397275,8.018472671508789,7.844808988967012,8.018472671508789,119400
2013-01-17,8.042425190389148,8.042425190389148,7.976552393699141,8.006494522094727,69600
2013-01-18,8.030450243412773,8.060392379760742,8.006496648554146,8.060392379760742,65700
2013-01-22,8.076026203437872,8.094066309474064,8.039945417880853,8.088052749633789,91800
2013-01-23,8.112106415510258,8.112106415510258,8.051972537561403,8.088052749633789,82100
2013-01-24,8.094066309474064,8.100079869314339,8.051972537561403,8.088052749633789,87200
2013-01-25,8.106094218075418,8.112107778926402,8.05197389087074,8.070013999938965,89100
2013-01-28,8.09407228004885,8.09407228004885,7.8956292468157585,7.9617767333984375,151600
2013-01-29,7.967785549784913,8.009879327664894,7.889610981233008,7.919678211212158,91600
2013-01-30,7.949746299837165,7.961772849036977,7.901638956068375,7.943732738494873,73700
2013-01-31,7.985829739638338,7.985829739638338,7.895628577087151,7.931708812713623,85400
2013-02-01,7.967785718219672,7.979812839859464,7.907651256990162,7.913664817810059,90000
2013-02-04,7.913665224342619,7.93170533424432,7.8896115533121,7.895625114440918,56500
2013-02-05,7.907655131134306,7.949749504011866,7.895628577087151,7.931708812713623,45700
2013-02-06,7.937715530395508,7.961769191229134,7.901635325887322,7.937715530395508,101100
2013-02-07,7.931701166455739,7.949741840362549,7.913661066033383,7.949741840362549,61300
2013-02-08,7.93170533424432,7.949746017630775,7.871571443410399,7.895625114440918,96800
2013-02-11,7.895622000128703,7.931702205700797,7.895622000128703,7.925689220428467,64500
2013-02-12,7.943734684768598,7.943734684768598,7.9016408920288095,7.901640892028809,56900
2013-02-13,7.913660609671412,7.93170070905344,7.871566853285209,7.889606952667236,103000
2013-02-14,7.889607852831092,7.889607852831092,7.793393213836789,7.8114333152771,120000
2013-02-15,7.799410298599219,7.805423286141734,7.7573159448931515,7.76332950592041,140100
2013-02-19,7.7633276734392895,7.787381338385875,7.7633276734392895,7.781367778778076,96000
2013-02-20,7.7729127658617605,7.8031106776189025,7.736675732534998,7.7970709800720215,86800
2013-02-21,7.797073619652356,7.845390064429675,7.778955096855225,7.821231842041016,68900
2013-02-22,7.857469463612732,7.857469463612732,7.803113319243884,7.821231842041016,62900
2013-02-25,7.839350364838146,7.839350364838146,7.778955096855225,7.821231842041016,53800
2013-02-26,7.78499155131995,7.827268278882942,7.766872460098199,7.815188884735107,51600
2013-02-27,7.833311576505857,7.839350700378418,7.784995129660496,7.839350700378418,84700
2013-02-28,7.815188884735107,7.839347097053562,7.791030672416653,7.815188884735107,55700
2013-03-01,7.8393490696365475,7.8393490696365475,7.724597676243775,7.803112030029297,66600
2013-03-04,7.815192142449487,7.821231842041016,7.778955096855225,7.821231842041016,91000
2013-03-05,7.8031100665644875,7.833307975956859,7.78499155131995,7.815188884735107,69000
2013-03-06,7.815192476955737,7.839350700378418,7.772915729960416,7.839350700378418,64900
2013-03-07,7.797075875005296,7.797075875005296,7.682324429460954,7.730640888214111,179900
2013-03-08,7.730634304870738,7.730634304870738,7.652119982264592,7.670238494873047,187500
2013-03-11,7.706475354840722,7.706475354840722,7.555486420346086,7.591723442077637,171000
2013-03-12,7.555488452187771,7.609844575379763,7.525290541972528,7.573606967926025,177800
2013-03-13,7.537369360472288,7.57964666516452,7.519250844734033,7.573606967926025,198300
2013-03-14,7.543409165484298,7.543409165484298,7.428657796199585,7.452816009521484,188000
2013-03-15,7.452819079461844,7.47093760292228,7.332027963096473,7.386383533477783,281600
2013-03-18,7.368262257550771,7.579647064208984,7.332025224166498,7.579647064208984,212400
2013-03-19,7.58568234207668,7.597761154174805,7.501128353482108,7.597761154174805,99500
2013-03-20,7.59533921013264,7.6560045094261655,7.59533921013264,7.61353874206543,91000
2013-03-21,7.619605445560588,7.637804977493377,7.5468061607240555,7.61353874206543,106700
2013-03-22,7.5892718298279425,7.619604766045965,7.552872190655787,7.577138423919678,90700
2013-03-25,7.571072578430176,7.595339392995051,7.516473981317315,7.571072578430176,86000
2013-03-26,7.558937006579599,7.613536162431255,7.5225373764943315,7.601402759552002,89800
2013-03-27,7.583208084860995,7.656006813049316,7.571074674219843,7.656006813049316,71100
2013-03-28,7.625666717876398,7.655999637497017,7.619600596794131,7.631733417510986,51600
2013-04-01,7.607470243034446,7.662069404498859,7.601403540971167,7.643869876861572,109400
2013-04-02,7.656004152613124,7.692403793334961,7.637804621528536,7.692403793334961,128500
2013-04-03,7.680270841284462,7.680270841284462,7.595339305496623,7.619605541229248,105900
2013-04-04,7.6438717769618725,7.668138012694498,7.595339305496623,7.619605541229248,69900
2013-04-05,7.680267941525123,7.734867095947266,7.674201240244335,7.734867095947266,156500
2013-04-08,7.747004599998714,7.747004599998714,7.631739528848956,7.674205303192139,152900
2013-04-09,7.692404556309931,7.692404556309931,7.63780537908806,7.680271148681641,64300
2013-04-10,7.704539298508198,7.704539298508198,7.649940107728741,7.656006813049316,107500
2013-04-11,7.692402336262704,7.692402336262704,7.619603647161005,7.643869876861572,47700
2013-04-12,7.686337947845459,7.692404651734862,7.625672066056876,7.686337947845459,56700
2013-04-15,7.704536987901062,7.704536987901062,7.6196054530956,7.637804985046387,71300
2013-04-16,7.668138012694498,7.668138012694498,7.619605541229248,7.619605541229248,102100
2013-04-17,7.656004516997173,7.662071220498332,7.613538749594442,7.637804985046387,59500
2013-04-18,7.6681343751605,7.6681343751605,7.613535226024126,7.625668048858643,74700
2013-04-19,7.649937813496014,7.662071220498332,7.6196054530956,7.637804985046387,50900
2013-04-22,7.678019654055233,7.684112878598508,7.653645012470247,7.665832042694092,68000
2013-04-23,7.6963033369720355,7.708490371704102,7.665834878435604,7.708490371704102,56200
2013-04-24,7.726771003045085,7.726771003045085,7.653647058739803,7.684114933013916,69000
2013-04-25,7.659740009696684,7.702396078195215,7.653646783743262,7.678021430969238,38400
2013-04-26,7.696305274963378,7.702399084432637,7.6719306182240015,7.696305274963379,39800
2013-04-29,7.684118439665143,7.696306059846576,7.66583759053071,7.690212249755859,80800
2013-04-30,7.70239636341606,7.726771011544634,7.678021715287487,7.714583396911621,80600
2013-05-01,7.738962005014746,7.738962005014746,7.696306494247568,7.732868194580078,106200
2013-05-02,7.738958224775096,7.769426680927796,7.720677383538462,7.751145839691162,89600
2013-05-03,7.763336665615668,7.763336665615668,7.702400304682237,7.732868194580078,72300
2013-05-06,7.745055815449414,7.751149625884081,7.708493533979155,7.732868194580078,103000
2013-05-07,7.745055332614019,7.763336181640625,7.738961522559245,7.763336181640625,72100
2013-05-08,7.763333964559342,7.763333964559342,7.72677227694755,7.738959312438965,65300
2013-05-09,7.745051852356701,7.745051852356701,7.70239636341606,7.714583396911621,74000
2013-05-10,7.708489304148637,7.714583111239488,7.678021430969238,7.678021430969238,75200
2013-05-13,7.69630115529508,7.69630115529508,7.623177224218653,7.629271030426025,101700
2013-05-14,7.61708590655964,7.671929018068876,7.61708590655964,7.659741401672363,117300
2013-05-15,7.665833168674598,7.684114007264157,7.623177684919832,7.671926975250244,164500
2013-05-16,7.684113542880335,7.684113542880335,7.617083418011281,7.629271030426025,67900
2013-05-17,7.659738237013522,7.665832042694093,7.623176565204692,7.665832042694092,68800
2013-05-20,7.6658338167875355,7.708489304148637,7.641459169561559,7.678021430969238,68100
2013-05-21,7.671928264452025,7.678022072051684,7.62927277352937,7.653647422790527,47800
2013-05-22,7.6756818408124445,7.718528362986219,7.657319128986553,7.663440227508545,58800
2013-05-23,7.681802939334436,7.687924037856428,7.6267142201166775,7.663440227508545,106400
2013-05-24,7.657323333358194,7.657323333358194,7.577750760102003,7.614476203918457,111000
2013-05-28,7.596113011215979,7.602234112719481,7.5287826458985645,7.547145366668701,88400
2013-05-29,7.54714230449219,7.54714230449219,7.400239430454709,7.461448669433594,172600
2013-05-30,7.455329632757071,7.455329632757071,7.375757080936909,7.400240898132324,174900
2013-05-31,7.424724163789351,7.424724163789351,7.271700171750181,7.326788902282715,220100
2013-06-03,7.326790697424361,7.326790697424361,7.18600828671023,7.247218132019043,220600
2013-06-04,7.179887185431279,7.2778230546734495,7.137040643959319,7.247218132019043,276500
2013-06-05,7.339034171571845,7.351276377224613,7.259461586050338,7.30842924118042,205200
2013-06-06,7.32066939607389,7.363515936374869,7.296185575367569,7.332911014556885,103000
2013-06-07,7.3390327638889845,7.36963768841015,7.30842783936782,7.3512749671936035,87100
2013-06-10,7.320666899270121,7.339029612601949,7.222731649846863,7.22885274887085,134800
2013-06-11,7.192129159976058,7.192129159976058,7.106435496008548,7.155403137207031,202100
2013-06-12,7.14316358936629,7.149284692225507,7.051349381440033,7.063591003417969,241900
2013-06-13,7.057468577772881,7.143162250518799,7.002379829846248,7.143162250518799,267300
2013-06-14,7.112552207241006,7.198245818318597,7.112552207241006,7.179882526397705,174500
2013-06-17,7.204371362145842,7.228855182745084,7.137040417692682,7.155403137207031,103800
2013-06-18,7.118679135168009,7.118679135168009,7.063590381764317,7.088074207305908,113000
2013-06-19,7.063589294338269,7.112556937882977,7.045226573944092,7.045226573944092,207500
2013-06-20,7.030464293833988,7.030464293833988,6.956653717441854,6.987407684326172,240500
2013-06-21,7.0243148965056905,7.0243148965056905,6.938202244093426,6.950504302978516,250700
2013-06-24,6.852086999297891,6.90129403882008,6.692163827553686,6.864388465881348,303800
2013-06-25,6.8951430122312605,6.8951430122312605,6.729068813898237,6.864388465881348,189100
2013-06-26,6.895146478231121,7.116578267388621,6.882844418869578,7.09197473526001,219200
2013-06-27,7.14117769701038,7.190384732998847,7.104272713316099,7.15963077545166,121900
2013-06-28,7.165783911832046,7.165783911832046,7.024313776771755,7.079671859741211,95400
2013-07-01,7.122725829647886,7.22113991025327,7.116574802961502,7.178083896636963,135900
2013-07-02,7.122727736120103,7.15348229118961,7.091973181050595,7.1350297927856445,172200
2013-07-03,7.09197492930633,7.09197492930633,7.005862857797283,7.055069923400879,110200
2013-07-05,7.012009604626945,7.024311657839985,6.876690538848598,6.895143032073975,134800
2013-07-08,6.999711503585476,7.0058625331495135,6.876693845277056,6.938202381134033,139300
2013-07-09,6.975104618176189,6.975104618176189,6.870539512242077,6.895143032073975,106700
2013-07-10,6.9320493909398495,6.9320493909398495,6.839785741165537,6.888992786407471,141000
2013-07-11,6.919749879036386,6.9935604740214385,6.907447819908311,6.938202381134033,141600
2013-07-12,6.944350685378769,6.975105234534829,6.876691146510827,6.88284158706665,132400
2013-07-15,6.864388467625708,6.876690520806472,6.8213324546813965,6.8213324546813965,163600
2013-07-16,6.802884075323691,6.8828451229757315,6.796733045013677,6.876694679260254,213600
2013-07-17,6.852086999297891,6.907444478814717,6.852086999297891,6.864388465881348,190200
2013-07-18,6.888991987393054,6.901294040573819,6.8213324546813965,6.8213324546813965,154600
2013-07-19,6.827482830511614,6.827482830511614,6.796728287085249,6.815180778503418,242900
2013-07-22,6.763252194257152,6.781799014875708,6.701431227584129,6.713795185089111,203200
2013-07-23,6.7199783097328725,6.781799873809827,6.7014320763394375,6.775617599487305,274100
2013-07-24,6.726161561414697,6.738525522282182,6.701433050105512,6.719979286193848,126200
2013-07-25,6.664339542388916,6.689068052043313,6.5839717386185805,6.664339542388916,210000
2013-07-26,6.695246776600319,6.750886041212743,6.6396075119878954,6.744703769683838,217200
2013-07-29,6.6581568060182486,6.750888555188931,6.6581568060182486,6.726160049438477,77800
2013-07-30,6.738524752271245,6.763253260754705,6.695250009818729,6.750889301300049,212100
2013-07-31,6.713795501776208,6.744706281357797,6.6581568060182486,6.726160049438477,161700
2013-08-01,6.701433529638408,6.74470828013253,6.621065714739142,6.658158779144287,93400
2013-08-02,6.658155317941037,6.676701545715332,6.633426228143375,6.676701545715332,92500
2013-08-05,6.639612946235191,6.645795222824034,6.60252046585083,6.60252046585083,91000
2013-08-06,6.5963345492991925,6.5963345492991925,6.528331313070239,6.534512996673584,115200
2013-08-07,6.497421137407022,6.553060421998801,6.497421137407022,6.51596736907959,158900
2013-08-08,6.50978561991465,6.534514127328818,6.503603935241699,6.503603935241699,160100
2013-08-09,6.503603411155902,6.540695874501039,6.485056589909259,6.51596736907959,167800
2013-08-12,6.509785157170931,6.57160671609887,6.509785157170931,6.56542444229126,190900
2013-08-13,6.546878605735085,6.583971071672182,6.540696331554197,6.5716071128845215,181400
2013-08-14,6.56542444229126,6.577788989906479,6.54687821044251,6.56542444229126,140500
2013-08-15,6.509783744812012,6.540694517569597,6.491237516987041,6.509783744812012,199600
2013-08-16,6.478872943974961,6.503602033733016,6.447962760925293,6.447962760925293,166100
2013-08-19,6.435598243938177,6.509783744812012,6.429415971471869,6.509783744812012,360800
2013-08-20,6.447964509522384,6.645792564643402,6.447964509522384,6.639610290527344,213200
2013-08-21,6.637125678926563,6.64955444469101,6.5998381963043595,6.606052875518799,121700
2013-08-22,6.630911449213397,6.705485826848677,6.5936239640635215,6.693057060241699,105200
2013-08-23,6.655769348144531,6.699270918782351,6.643339989296897,6.655769348144531,136200
2013-08-26,6.674410824364545,6.674410824364545,6.562549591064453,6.562549591064453,101500
2013-08-27,6.500403171375596,6.581192191749312,6.500403171375596,6.53769063949585,143700
2013-08-28,6.5252638237243845,6.612267554733237,6.5252638237243845,6.606052875518799,144400
2013-08-29,6.5501213521299455,6.630910396575928,6.525263230197672,6.630910396575928,131400
2013-08-30,6.64334052637259,6.649555206298828,6.562552057989486,6.649555206298828,129400
2013-09-03,6.643338029078412,6.643338029078412,6.556334913474371,6.562549591064453,112100
2013-09-04,6.562552321941418,6.599839217669564,6.531479513724948,6.5874104499816895,82700
2013-09-05,6.550119936905139,6.5998361700279515,6.50661838108874,6.5314764976501465,87400
2013-09-06,6.531476674024261,6.562549468731162,6.506618556791594,6.5128326416015625,118800
2013-09-09,6.537690639094558,6.581192191345351,6.519046608703476,6.550119400024414,87400
2013-09-10,6.53769117495656,6.543905259598725,6.500403703782326,6.5314764976501465,109600
2013-09-11,6.500406524163802,6.525264651510595,6.450690269470215,6.450690269470215,253900
2013-09-12,6.456900541214365,6.506616761965667,6.456900541214365,6.475543975830078,168800
2013-09-13,6.450686585837892,6.550119038444661,6.450686585837892,6.525260925292969,142900
2013-09-16,6.556334018416702,6.612264923763309,6.556334018416702,6.56876277923584,136900
2013-09-17,6.568764613983466,6.6744117774437415,6.568764613983466,6.661983013153076,173000
2013-09-18,6.6619804247130725,6.829772529761598,6.630907637062863,6.8235578536987305,138700
2013-09-19,6.8422066014523395,6.860850049836549,6.786275663635172,6.829777240753174,176400
2013-09-20,6.802290259224517,6.846014614342966,6.7460728908152765,6.78355073928833,158700
2013-09-23,6.783552047514901,6.846015934615868,6.783552047514901,6.808537483215332,95100
2013-09-24,6.796041467002599,6.889736652374268,6.777302549068158,6.889736652374268,102500
2013-09-25,6.870998920555033,6.883491931800924,6.852259999385761,6.8772454261779785,133800
2013-09-26,6.858507632224106,6.933464527130127,6.858507632224106,6.933464527130127,126800
2013-09-27,6.902229661463536,6.908476166008169,6.864751229895192,6.889736652374268,90000
2013-09-30,6.846018980743912,6.864757916932159,6.808540512667376,6.827280044555664,118500
2013-10-01,6.821027216972226,6.833519630961818,6.789795288449012,6.8147807121276855,76200
2013-10-02,6.802293851297743,6.808539765541745,6.746076453201899,6.771061897277832,84200
2013-10-03,6.783553506449646,6.783553506449646,6.702350674034054,6.708597183227539,57100
2013-10-04,6.733579451073664,6.746072463573249,6.689855098724365,6.689855098724365,109000
2013-10-07,6.696100111152971,6.708592525166022,6.677360596584159,6.68360710144043,139700
2013-10-08,6.664875259946686,6.68986071020412,6.652382236967908,6.677367687225342,70100
2013-10-09,6.652378018017056,6.739827336307609,6.652378018017056,6.721088409423828,138800
2013-10-10,6.733581365359263,6.739827873384871,6.683610492553983,6.727335453033447,83900
2013-10-11,6.746074381410479,6.746074381410479,6.714842436982232,6.727335453033447,107600
2013-10-14,6.702347515524327,6.727333540523496,6.677362086224781,6.689855098724365,68400
2013-10-15,6.689858251346989,6.714843692421025,6.677365232960019,6.708597183227539,67300
2013-10-16,6.7210866283624044,6.758564472198486,6.689854694699278,6.758564472198486,150600
2013-10-17,6.73357696935666,6.8897359938499925,6.73357696935666,6.883490085601807,163000
2013-10-18,6.87100088206299,6.958450198650241,6.87100088206299,6.945957183837891,157200
2013-10-21,6.939710019595324,6.939710019595324,6.8834932453598086,6.9022321701049805,70000
2013-10-22,6.9267237950662155,6.939283872134007,6.882764723123819,6.889044761657715,63400
2013-10-23,6.889041897198974,6.939280986785889,6.889041897198974,6.939280986785889,95500
2013-10-24,6.9267238638390545,6.945563979627799,6.901604308351506,6.933003902435303,61500
2013-10-25,6.958125496215707,6.964405536651611,6.914166410959612,6.964405536651611,79600
2013-10-28,6.939285973805611,6.995805139933515,6.9330059333697065,6.964405536651611,113200
2013-10-29,6.95184275544435,6.98324234652957,6.92672320235565,6.945563316345215,123900
2013-10-30,6.9267237950662155,6.939283872134007,6.876484684589923,6.889044761657715,69600
2013-10-31,6.889048654420168,6.901608139687451,6.826249431390421,6.845088958740234,121300
2013-11-01,6.857644671346043,6.857644671346043,6.763446495747938,6.801125526428223,129700
2013-11-04,6.7948448738710745,6.857644051188959,6.769725322723389,6.769725322723389,59700
2013-11-05,6.90788441121604,6.926723928282616,6.876484816840113,6.920444488525391,533300
2013-11-06,6.939284286963205,6.9581238047936775,6.8764850956649965,6.901604652404785,148200
2013-11-07,6.889046639341064,6.901606120934639,6.851366996765137,6.851366996765137,85000
2013-11-08,6.8262473100283705,6.832527350159281,6.763448705412039,6.819967269897461,132200
2013-11-11,6.876483564825389,6.876483564825389,6.769725322723389,6.769725322723389,89200
2013-11-12,6.744608213429436,6.801127373698561,6.744608213429436,6.757168292999268,154100
2013-11-13,6.719485946827583,6.801124634457777,6.719485946827583,6.788565158843994,125200
2013-11-14,6.7634455610253115,6.782285073761793,6.744605449391519,6.750885486602783,134300
2013-11-15,6.7320475324551925,6.801126161080099,6.7320475324551925,6.782286643981934,140400
2013-11-18,6.769727645757692,6.832526844625143,6.769727645757692,6.813687324523926,89100
2013-11-19,6.788566049167259,6.826245079847544,6.78228601108808,6.801125526428223,105200
2013-11-20,6.800493401347865,6.8194361104882075,6.775235652923584,6.775235652923584,148600
2013-11-21,6.775238028931868,6.8068096233561945,6.762609752468984,6.7941813468933105,124000
2013-11-22,6.8068096233561945,6.8068096233561945,6.749980873828023,6.7941813468933105,101600
2013-11-25,6.762607256967167,6.794178839741114,6.737350111183581,6.756292819976807,187900
2013-11-26,6.743667565713118,6.781553000251886,6.743667565713118,6.74998140335083,181200
2013-11-27,6.7752390765039054,6.7752390765039054,6.743668079376221,6.743668079376221,145500
2013-11-29,6.743669729088795,6.79418405946428,6.743669729088795,6.78155517578125,82600
2013-12-02,6.787869727728663,6.787869727728663,6.731040954589845,6.731040954589844,162800
2013-12-03,6.7184110825577505,6.75629652089684,6.7184110825577505,6.737353801727295,98100
2013-12-04,6.731038932256611,6.74998165021879,6.712096214294434,6.712096214294434,142300
2013-12-05,6.693154234572511,6.712096954624029,6.636325472239741,6.65526819229126,324900
2013-12-06,6.693153918743992,6.693153918743992,6.630010718647504,6.648953437805176,271700
2013-12-09,6.636322975158691,6.642637413525971,6.617379660056851,6.636322975158691,170700
2013-12-10,6.617379223498591,6.636322537350712,6.604750949775123,6.61106538772583,332200
2013-12-11,6.642636299133301,6.667893446187205,6.617378549901512,6.642636299133301,246200
2013-12-12,6.623692950992934,6.686836119371386,6.623692950992934,6.667893409729004,132100
2013-12-13,6.686835676710655,6.686835676710655,6.623692512512207,6.623692512512207,155700
2013-12-16,6.6300085367914114,6.674208401006398,6.617379660056851,6.636322975158691,213800
2013-12-17,6.661578795903656,6.7941789642417945,6.6426360867633125,6.775235652923584,244900
2013-12-18,6.8446969341877555,6.8446969341877555,6.762611014240108,6.800497055053711,906200
2013-12-19,6.8512933126587,6.87669196623786,6.813195029514127,6.857643127441406,370800
2013-12-20,6.844943100900889,6.908440033942092,6.838593892038074,6.8830413818359375,247400
2013-12-23,6.876689511020677,7.010032546091083,6.876689511020677,6.997333526611328,231900
2013-12-24,6.978287220001221,6.997336666094913,6.965588194823814,6.978287220001221,126100
2013-12-26,6.971936225891113,6.990985668764116,6.9592372028607326,6.971936225891113,134500
2013-12-27,6.940187708332408,6.946536916470544,6.851292133331299,6.851292133331299,161900
2013-12-30,6.870345174447911,6.883044809601239,6.806848815337069,6.838597297668457,245100
2013-12-31,6.819543361663818,6.857641636525467,6.794144713606564,6.819543361663818,464500
2014-01-02,6.794141158679858,6.8322394136071996,6.768742523912038,6.81318998336792,230100
2014-01-03,6.794143582164856,6.863990306854248,6.768744938337287,6.863990306854248,161200
2014-01-06,6.8449394913323225,6.952883857248666,6.8449394913323225,6.933835029602051,155700
2014-01-07,6.9211390438659,6.997335605588986,6.9211390438659,6.965587139129639,129400
2014-01-08,6.952888564094686,6.984637035365784,6.952888564094686,6.978287220001221,52600
2014-01-09,6.965582089097882,7.016379356384277,6.965582089097882,7.016379356384277,69800
2014-01-10,7.003684655739355,7.067181587219238,7.003684655739355,7.067181587219238,103400
2014-01-13,7.079878362346035,7.079878362346035,7.035430887753015,7.048130512237549,130700
2014-01-14,7.0290804808927945,7.060828933866977,7.022731274739057,7.054479122161865,80100
2014-01-15,7.067179311355208,7.0925779546576395,7.04813048026624,7.079878330230713,184300
2014-01-16,7.067181441185437,7.086230278015137,7.060831627058335,7.086230278015137,123200
2014-01-17,7.073530160518144,7.1433762884511225,7.073530160518144,7.105278015136719,156700
2014-01-21,7.111628758870237,7.124328386820681,7.111628758870237,7.117978572845459,138400
2014-01-22,7.105212376479202,7.156283036154771,7.105212376479202,7.137131690979004,91200
2014-01-23,7.162665409097673,7.213736057281494,7.162665409097673,7.213736057281494,130900
2014-01-24,7.188205516957132,7.213740858042872,7.156286188397319,7.169053554534912,173000
2014-01-27,7.14989444424271,7.194581699270967,7.117975150311067,7.124359130859375,132300
2014-01-28,7.1435139807068495,7.1562819480896,7.11159527987036,7.1562819480896,77700
2014-01-29,7.156278339813514,7.169045691948628,7.124359046260898,7.130743026733398,91600
2014-01-30,7.143513372996448,7.2265033274936545,7.130746015510032,7.220119953155518,96400
2014-01-31,7.181817865772739,7.245656490325928,7.181817865772739,7.245656490325928,79400
2014-02-03,7.245654192458882,7.264805530227138,7.232886228073344,7.239270210266113,86300
2014-02-04,7.23927203637921,7.245656020182344,7.175433415968271,7.2009687423706055,111900
2014-02-05,7.1945827190482845,7.200966091691493,7.14351147623276,7.175430774688721,106400
2014-02-06,7.162665237503784,7.188200560983953,7.149897271358633,7.181816577911377,127700
2014-02-07,7.1690487835130385,7.23288739814789,7.149897442646643,7.213736057281494,96200
2014-02-10,7.245658916004454,7.264810266257741,7.239274929649875,7.252042293548584,69800
2014-02-11,7.232890943295297,7.258426279903162,7.232890943295297,7.252042293548584,53300
2014-02-12,7.232890943295297,7.264810266257741,7.232890943295297,7.252042293548584,49100
2014-02-13,7.23927250610856,7.258423849950419,7.2328885218911925,7.245656490325928,45100
2014-02-14,7.226501085056989,7.271188344418015,7.226501085056989,7.264804363250732,34500
2014-02-18,7.2520351603924915,7.31587374352527,7.2520351603924915,7.296722412109375,63500
2014-02-19,7.290338432034128,7.322257723600517,7.2775704718836325,7.296722412109375,125900
2014-02-20,7.315980944635901,7.315980944635901,7.28389379745857,7.290310859680176,105100
2014-02-21,7.283894027849269,7.32239885048922,7.283894027849269,7.309564113616943,87500
2014-02-24,7.290307536770847,7.373735427856445,7.27105513483504,7.373735427856445,76100
2014-02-25,7.309561221260895,7.309561221260895,7.238968054315806,7.251803398132324,127200
2014-02-26,7.2453858298470735,7.277473577824406,7.232551097869873,7.232551097869873,117000
2014-02-27,7.232551287125602,7.264638423919678,7.232551287125602,7.264638423919678,136000
2014-02-28,7.264637153940592,7.283890167078776,7.226132351709818,7.277472496032715,137600
2014-03-03,7.277470506663553,7.2903052332243785,7.258218110811001,7.271052837371826,121200
2014-03-04,7.2646410045061725,7.309564113616943,7.258223942081594,7.309564113616943,111400
2014-03-05,7.33523401113313,7.33523401113313,7.290310903175266,7.322398662567139,100100
2014-03-06,7.315977298263489,7.315977298263489,7.251802423871267,7.277472496032715,97100
2014-03-07,7.245385272215969,7.251802943722085,7.200462795718832,7.226132869720459,143700
2014-03-10,7.219717152519163,7.277474987662997,7.219717152519163,7.258222579956055,101400
2014-03-11,7.2453872334694225,7.271057314419681,7.232552499005796,7.258222579956055,51300
2014-03-12,7.251800982974083,7.303141117095947,7.251800982974083,7.303141117095947,87700
2014-03-13,7.303139283857126,7.335227012634277,7.296721615697192,7.335227012634277,44500
2014-03-14,7.315975666046143,7.335228674888919,7.3031409388402855,7.315975666046143,34900
2014-03-17,7.303146251741257,7.33523401113313,7.303146251741257,7.322398662567139,51500
2014-03-18,7.309562712377495,7.32239744678936,7.283892631530762,7.283892631530762,61100
2014-03-19,7.277473768255631,7.322396249385659,7.251803691606628,7.264638423919678,78200
2014-03-20,7.251734165133426,7.251734165133426,7.21302418417932,7.238831043243408,138500
2014-03-21,7.258185908714362,7.283992767333984,7.258185908714362,7.283992767333984,51200
2014-03-24,7.264637562211717,7.322703146208574,7.264637562211717,7.316251277923584,60700
2014-03-25,7.309800887686487,7.329155881171028,7.290445894201947,7.303349018096924,56300
2014-03-26,7.290443303987595,7.335605144500733,7.283991436690309,7.335605144500732,38300
2014-03-27,7.329153277203448,7.367863865703231,7.3162501578928065,7.335605144500732,110500
2014-03-28,7.335604027417378,7.354959011077881,7.329152161102598,7.354959011077881,32200
2014-03-31,7.354960131108659,7.354960131108659,7.3162501578928065,7.335605144500732,64000
2014-04-01,7.342060264041289,7.367867129377926,7.316253398704653,7.322705268859863,88300
2014-04-02,7.335608355179349,7.335608355179349,7.2904464948995855,7.296898365020752,80300
2014-04-03,7.303349658394234,7.32915652373087,7.303349658394234,7.322705268859863,61300
2014-04-04,7.309800920117891,7.367866516113281,7.309800920117891,7.367866516113281,74800
2014-04-07,7.354960131108659,7.3743157330005165,7.322702025190092,7.335605144500732,61100
2014-04-08,7.329157829284668,7.335609700589159,7.316254701959998,7.329157829284668,71500
2014-04-09,7.354959011077881,7.361410877392661,7.335604027417378,7.354959011077881,92100
2014-04-10,7.335610421080225,7.37432103742495,7.335610421080225,7.361417293548584,74600
2014-04-11,7.374314610022221,7.380765861053164,7.342055893732158,7.354959011077881,103500
2014-04-14,7.3485121341965,7.354963389067506,7.322705268859863,7.322705268859863,55100
2014-04-15,7.348506984079145,7.374313831329346,7.335603252812158,7.374313831329346,125200
2014-04-16,7.367863497314576,7.425929069519042,7.367863497314576,7.425929069519043,129700
2014-04-17,7.42593215293654,7.432384022590201,7.393673419952393,7.393673419952393,70400
2014-04-21,7.425928212169921,7.451735061805315,7.425928212169921,7.438831329345703,72000
2014-04-22,7.445316165432064,7.477743625640868,7.4323455524499575,7.477743625640869,78400
2014-04-23,7.490719318389893,7.50368993909694,7.477748079180117,7.490719318389893,112300
2014-04-24,7.50369312229193,7.51017874464813,7.490722496082521,7.497208118438721,94500
2014-04-25,7.497202703928287,7.523144556114784,7.484231468583766,7.510173320770264,107600
2014-04-28,7.497205878067542,7.52314774123721,7.490720257649424,7.516662120819092,145400
2014-04-29,7.52314774123721,7.529632743152523,7.484234637231307,7.516662120819092,137800
2014-04-30,7.516660994295537,7.529631614685059,7.51017537484942,7.529631614685059,116600
2014-05-01,7.53611216254069,7.59448146126943,7.523141550880024,7.568539619445801,164400
2014-05-02,7.555573158911167,7.555573158911167,7.51666068086248,7.5426025390625,53100
2014-05-05,7.536116919886823,7.5426025390625,7.51666068086248,7.5426025390625,80400
2014-05-06,7.529631457562999,7.54908831549534,7.529631457562999,7.536117076873779,105900
2014-05-07,7.52963066129714,7.581514373291231,7.52963066129714,7.575029373168945,114700
2014-05-08,7.555573458073535,7.6009721755981445,7.555573458073535,7.6009721755981445,101600
2014-05-09,7.594483375549316,7.600968992265575,7.587997758833058,7.594483375549316,95300
2014-05-12,7.594483375549316,7.607453990479381,7.575027143902994,7.594483375549316,127300
2014-05-13,7.555564918070233,7.607448577880859,7.555564918070233,7.607448577880859,153400
2014-05-14,7.53610870026675,7.633391026288185,7.53610870026675,7.607448577880859,101700
2014-05-15,7.620434284210205,7.633405533064859,7.588006780576758,7.620434284210205,196300
2014-05-16,7.6009721755981445,7.633399654257806,7.575030316370959,7.6009721755981445,214800
2014-05-19,7.555564918070233,7.613934189982691,7.555564918070233,7.607448577880859,170900
2014-05-20,7.607456044385195,7.639883518218994,7.594485425953247,7.639883518218994,71600
2014-05-21,7.646409537819829,7.659447193145751,7.620334848837607,7.659447193145752,185800
2014-05-22,7.659432359691169,7.665951174729625,7.6333577212057655,7.646394729614258,67800
2014-05-23,7.639886082448678,7.659441930331084,7.639886082448678,7.652923107147217,48400
2014-05-27,7.659441271768613,7.659441271768613,7.639885425567627,7.639885425567627,79600
2014-05-28,7.6464021242393265,7.678995609283447,7.6464021242393265,7.678995609283447,63900
2014-05-29,7.672475814819335,7.69203165311335,7.672475814819335,7.672475814819336,62000
2014-05-30,7.685511856163353,7.685511856163353,7.61380671042101,7.665956020355225,94000
2014-06-02,7.672475543793022,7.678993741881515,7.620325607403002,7.633363246917725,87100
2014-06-03,7.639885467697038,7.639885467697038,7.5812173071014195,7.587736129760742,110500
2014-06-04,7.574701881974656,7.587739533141169,7.535590171813966,7.535590171813965,175100
2014-06-05,7.529069651875395,7.5616631507873535,7.522550827759146,7.5616631507873535,56500
2014-06-06,7.56165996478729,7.633365134846197,7.56165996478729,7.6268463134765625,131800
2014-06-09,7.6007706790697975,7.633364160086849,7.594251858532599,7.620326519012451,73900
2014-06-10,7.613809585571289,7.6398842503847915,7.607290763950652,7.613809585571289,73000
2014-06-11,7.607289499606996,7.633364160086849,7.607289499606996,7.620326519012451,48600
2014-06-12,7.64640428396335,7.652923107147217,7.626848436080943,7.652923107147217,93700
2014-06-13,7.652922449145237,7.652922449145237,7.613810756743265,7.639885425567627,77600
2014-06-16,7.639884691140077,7.646402891467711,7.600772380828858,7.600772380828857,106300
2014-06-17,7.60076763532035,7.60728645324707,7.574692985282168,7.60728645324707,59700
2014-06-18,7.5681762926818505,7.633363246917725,7.5681762926818505,7.633363246917725,75600
2014-06-19,7.633365134846197,7.646402155916443,7.600771649667049,7.6268463134765625,67800
2014-06-20,7.646503914459986,7.646503914459986,7.620294843089992,7.626847267150879,46600
2014-06-23,7.6399514903991,7.653056338520873,7.626847267150879,7.626847267150879,56000
2014-06-24,7.626844424318253,7.646501064300537,7.626844424318253,7.646501064300537,36200
2014-06-25,7.646500808320054,7.679262290442658,7.646500808320054,7.659605026245117,87400
2014-06-26,7.672712326049805,7.692368971668628,7.646503256933541,7.672712326049805,63300
2014-06-27,7.685814814998727,7.757890207470376,7.679263017852233,7.73823356628418,181000
2014-06-30,7.705478399377558,7.725135056681772,7.685821117199475,7.698925971984863,113000
2014-07-01,7.725127990490325,7.725127990490325,7.653053229719235,7.659605026245117,90200
2014-07-02,7.646502324466086,7.65960654498945,7.5744275494040325,7.580979347229004,151800
2014-07-03,7.567875696710785,7.567875696710785,7.502352714538574,7.502352714538574,126400
2014-07-07,7.476144741702022,7.561324381053074,7.476144741702022,7.548220157623291,80100
2014-07-08,7.567876147068348,7.594085216522216,7.561323723486503,7.594085216522217,90100
2014-07-09,7.587531769927397,7.587531769927397,7.5416660607854915,7.580979347229004,77400
2014-07-10,7.61373862287836,7.61373862287836,7.548216289559075,7.554768085479736,110300
2014-07-11,7.574428121907835,7.633398056030273,7.561323275520536,7.633398056030273,136700
2014-07-14,7.659608069804476,7.659608069804476,7.6006381283999325,7.613742351531982,76400
2014-07-15,7.6137418623942414,7.620294285976085,7.587532792940372,7.594085216522217,92700
2014-07-16,7.607188988129145,7.639950479223923,7.600637189808964,7.633398056030273,72800
2014-07-17,7.666159547125051,7.672711970318701,7.613741411322794,7.633398056030273,94900
2014-07-18,7.653055884188661,7.666160106658936,7.633398613172978,7.6661601066589355,43500
2014-07-21,7.653051622926103,7.692364893320589,7.646499202902634,7.685812473297119,61100
2014-07-22,7.705574068200501,7.705574068200501,7.659472543242157,7.672644138336182,63000
2014-07-23,7.698985972345053,7.698985972345053,7.659470569161142,7.685814380645752,69800
2014-07-24,7.6858177570409625,7.6858177570409625,7.6397162237119,7.65288782119751,86900
2014-07-25,7.685817202865509,7.738504845181549,7.666059494018555,7.666059494018555,103200
2014-07-28,7.698989354526573,7.698989354526573,7.6463017084115625,7.65288782119751,83800
2014-07-29,7.652887381939169,7.692403428300438,7.64630126953125,7.64630126953125,83800
2014-07-30,7.659473455668163,7.672645052331239,7.6265435218811035,7.6265435218811035,167500
2014-07-31,7.5936125975256035,7.646300233477425,7.587027114096249,7.606784820556641,110900
2014-08-01,7.646301190894846,7.646301190894846,7.580441951751709,7.580441951751709,90700
2014-08-04,7.600199772987691,7.606785885425195,7.534339904785155,7.534339904785156,78100
2014-08-05,7.50799644582051,7.540926381512569,7.501410961151123,7.501410961151123,128500
2014-08-06,7.501408234084628,7.573853563801313,7.501408234084628,7.560681343078613,81600
2014-08-07,7.547511073089301,7.626542527017033,7.547511073089301,7.606784820556641,111700
2014-08-08,7.613369563595083,7.685814892985497,7.606783453263395,7.679228782653809,99900
2014-08-11,7.659472437978788,7.738503891715329,7.659472437978788,7.718746185302734,87200
2014-08-12,7.7187443833529485,7.738502085153085,7.685814461628711,7.698986053466797,51600
2014-08-13,7.705571698500863,7.745087727802888,7.705571698500863,7.725329399108887,71900
2014-08-14,7.725329399108887,7.758259318846245,7.725329399108887,7.725329399108887,87900
2014-08-15,7.751673837367556,7.7780176475402465,7.725329399108887,7.725329399108887,94000
2014-08-18,7.731915880670275,7.771431911873489,7.718744288993209,7.74508810043335,60600
2014-08-19,7.751679977212762,7.778023808251516,7.7385077476501465,7.7385077476501465,61600
2014-08-20,7.758362035179512,7.7980802577130035,7.738502292603001,7.784841060638428,139700
2014-08-21,7.798082871708336,7.804702788119568,7.725265685114709,7.738504886627197,93800
2014-08-22,7.731887315768865,7.738506602337688,7.692168439805344,7.718647480010986,97300
2014-08-25,7.718647094752257,7.7451261336362585,7.678928852081299,7.678928852081299,99000
2014-08-26,7.672309317478641,7.725267397889925,7.672309317478641,7.718647480010986,115000
2014-08-27,7.751741940425356,7.758361854463328,7.698783890741081,7.705403804779053,147600
2014-08-28,7.718645796297353,7.751744747161866,7.712025879862455,7.751744747161865,110800
2014-08-29,7.7385093826845175,7.7782282729185255,7.7385093826845175,7.771608352661133,76200
2014-09-02,7.771598797769091,7.771598797769091,7.73849986848638,7.764978885650635,86300
2014-09-03,7.778228097978804,7.778228097978804,7.7451291287466155,7.758368968963623,86200
2014-09-04,7.758364635860895,7.764983920962151,7.725265685114709,7.738504886627197,91000
2014-09-05,7.731885615358358,7.778223767699931,7.731885615358358,7.745124816894531,107700
2014-09-08,7.738504718154171,7.751744550688394,7.72526551692991,7.7318854331970215,67800
2014-09-09,7.725267397889925,7.725267397889925,7.692168439805344,7.718647480010986,86200
2014-09-10,7.72526551692991,7.751744550688394,7.7120256843956865,7.7318854331970215,97700
2014-09-11,7.738502112349413,7.745122026387384,7.705403804779053,7.705403804779053,60500
2014-09-12,7.692168235778809,7.7054080711855155,7.685548318075456,7.692168235778809,80500
2014-09-15,7.712027177203736,7.718647094752257,7.678928852081299,7.678928852081299,89900
2014-09-16,7.672304865898943,7.705403804779053,7.665684951860971,7.705403804779053,70700
2014-09-17,7.712027357578769,7.725267192985476,7.672309113978848,7.692168235778809,79500
2014-09-18,7.712027562132047,7.725267397889925,7.6987883576842835,7.718647480010986,81100
2014-09-19,7.7120232903197685,7.738502315858258,7.7120232903197685,7.7252631187438965,38400
2014-09-22,7.75188095101957,7.75188095101957,7.698649199520317,7.7119574546813965,72100
2014-09-23,7.7319183349609375,7.758534207722994,7.71861071586614,7.7319183349609375,55200
2014-09-24,7.7319183349609375,7.765188334556624,7.7252642081273075,7.7319183349609375,52100
2014-09-25,7.745230488001159,7.765192243979427,7.738576357817476,7.7518839836120605,73400
2014-09-26,7.765188128608231,7.77184225526538,7.73857225655208,7.7452263832092285,69500
2014-09-29,7.7518822924047734,7.785152301491979,7.7518822924047734,7.77849817276001,104100
2014-09-30,7.785149097442627,7.805110840850455,7.7585332280413954,7.785149097442627,84300
2014-10-01,7.78515153179289,7.805113281442586,7.765189782143193,7.771843910217285,67900
2014-10-02,7.751879875293933,7.7784957473500835,7.711956384495929,7.7452263832092285,92700
2014-10-03,7.72526473310027,7.74522711495771,7.711957113101149,7.718611240386963,108000
2014-10-06,7.731918129894931,7.7784957473500835,7.731918129894931,7.7452263832092285,91700
2014-10-07,7.7851458584336255,7.818415839986288,7.765184123330875,7.805107593536377,216300
2014-10-08,7.818417780695513,7.845033645629884,7.8051095309421905,7.845033645629883,135300
2014-10-09,7.851687770506545,7.871649510564254,7.838379520753222,7.845033645629883,79100
2014-10-10,7.838381337289732,7.84503546370848,7.81841959260591,7.825073719024658,54700
2014-10-13,7.838379520753222,7.8649953856875925,7.818417780695513,7.845033645629883,93100
2014-10-14,7.8250752479103,7.904922876818869,7.8250752479103,7.884961128234863,128200
2014-10-15,7.931536561871475,7.971460048009801,7.898266567041289,7.96480655670166,179500
2014-10-16,7.978118552657331,7.984772682189942,7.9182326560092715,7.984772682189941,146400
2014-10-17,7.984771385768956,7.991425514221191,7.971463128864485,7.991425514221191,123000
2014-10-20,7.9914224256513355,7.9914224256513355,7.9581524308211495,7.96480655670166,126800
2014-10-21,7.9381928808405755,7.9515005017057305,7.871652872797162,7.884961128234863,200900
2014-10-22,7.905026729107661,7.92509070846023,7.878275394439698,7.878275394439697,152900
2014-10-23,7.905024206140866,7.918400188106834,7.838146209716797,7.838146209716797,204600
2014-10-24,7.838139827404586,7.891642436099382,7.838139827404586,7.844827175140381,120100
2014-10-27,7.851518413490254,7.878269728920479,7.8448304251822805,7.864894390106201,135100
2014-10-28,7.858208179473877,7.884959500955758,7.851520189652954,7.858208179473877,150100
2014-10-29,7.858206401798228,7.918397020966651,7.858206401798228,7.864894390106201,149400
2014-10-30,7.8715879958529085,7.918402671813965,7.8715879958529085,7.918402671813965,132600
2014-10-31,7.891651337293058,7.918402671813965,7.891651337293058,7.918402671813965,143200
2014-11-03,7.918399683366733,7.918399683366733,7.878272377828574,7.911711692810059,96700
2014-11-04,7.898338669248239,7.898338669248239,7.8715873369665355,7.891650676727295,65400
2014-11-05,7.878272377828574,7.925087673923406,7.871585025073784,7.911711692810059,115400
2014-11-06,7.8916470017318705,7.931773662567139,7.8916470017318705,7.931773662567139,72900
2014-11-07,7.911714678733206,7.938466013254113,7.905026685652449,7.918402671813965,82900
2014-11-10,7.911713786902781,7.945153110735072,7.898338440051096,7.938465118408203,53200
2014-11-11,7.918400857205275,7.998654842376709,7.918400857205275,7.998654842376709,73600
2014-11-12,7.971903800964356,7.991967138528974,7.951840463399738,7.9719038009643555,47000
2014-11-13,7.991964399113426,7.998652388609848,7.978589057922363,7.978589057922363,83000
2014-11-14,7.978589068555404,8.025403719489187,7.978589068555404,8.012027740478516,103200
2014-11-17,8.012031120597602,8.012031120597602,7.931777126081334,7.938465118408203,62700
2014-11-18,7.938464479821992,7.978591792753229,7.938464479821992,7.9719038009643555,108900
2014-11-19,7.9451481210346895,7.985274774191514,7.9451481210346895,7.951836109161377,88100
2014-11-20,7.978726163484036,7.985448074906917,7.938395977020263,7.938395977020264,88100
2014-11-21,7.95856375891123,7.978728858955536,7.891345904047578,7.9182329177856445,126900
2014-11-24,7.918232693670164,7.9383984341806775,7.8913456806931,7.911511421203613,148300
2014-11-25,7.911507959277062,7.938394960488881,7.904786048714938,7.931673049926758,85500
2014-11-26,7.931670072407262,7.958557063525804,7.911504989327463,7.9518351554870605,73800
2014-11-28,7.938395977020263,7.978726163484036,7.938395977020263,7.938395977020264,38400
2014-12-01,7.95856375891123,7.965285672604989,7.911511645128857,7.9182329177856445,90400
2014-12-02,7.924954877001584,7.965285718358836,7.924954877001584,7.958563804626465,97800
2014-12-03,7.972002447689343,8.025776444827747,7.972002447689343,7.998889446258545,52300
2014-12-04,8.005612436378817,8.045943260192871,8.005612436378817,8.045943260192871,77400
2014-12-05,8.019057689290944,8.045944696287055,8.005613865274483,8.012335777282715,78000
2014-12-08,8.019053329035664,8.039218413059043,7.998887603975821,8.005609512329102,86200
2014-12-09,8.005612436378817,8.045943260192871,8.005612436378817,8.045943260192871,65300
2014-12-10,8.02577639143555,8.066107209539352,8.02577639143555,8.059385299682617,66700
2014-12-11,8.039218413059043,8.066105405435703,8.005609512329102,8.005609512329102,87100
2014-12-12,8.005612436378817,8.045943260192871,8.005612436378817,8.045943260192871,74200
2014-12-15,8.052663634748775,8.072829364932323,8.019055366516113,8.019055366516113,86600
2014-12-16,8.019060517810072,8.086277738491104,8.019060517810072,8.079556465148926,63400
2014-12-17,8.052665767279041,8.092996597290039,8.045944496474537,8.092996597290039,81800
2014-12-18,8.09299475594742,8.133325576782227,8.09299475594742,8.133325576782227,79600
2014-12-19,8.153590313047543,8.153590313047543,8.079282760620117,8.079282760620117,88300
2014-12-22,8.086040081861334,8.133326658756891,8.045508270071362,8.059019088745117,101900
2014-12-23,8.07928424460806,8.11981605425128,8.05901866190208,8.092794418334961,124200
2014-12-24,8.099549710304418,8.140081519362097,8.099549710304418,8.126570701599121,65800
2014-12-26,8.106306076049805,8.113061485728698,8.072529671886665,8.106306076049805,38700
2014-12-29,8.106306913011894,8.126572499909633,8.092796092259139,8.119817733764648,77400
2014-12-30,8.10630523629312,8.13332622797818,8.08603965358714,8.092794418334961,82000
2014-12-31,8.07927895570686,8.153586473139372,8.07927895570686,8.099544525146484,83600
2015-01-02,8.106306913011894,8.133327910286011,8.092796092259139,8.119817733764648,80800
2015-01-05,8.113061782771593,8.146838188171387,8.08604078729803,8.146838188171387,123000
2015-01-06,8.160346031188965,8.200877834929125,8.146835859429688,8.160346031188965,68400
2015-01-07,8.160347283384551,8.241410259072724,8.160347283384551,8.221144676208496,77000
2015-01-08,8.214389805995296,8.214389805995296,8.160347818658325,8.194124221801758,126400
2015-01-09,8.187369219084607,8.241411209106445,8.180613809274043,8.241411209106445,79100
2015-01-12,8.227901033716654,8.281943023738492,8.214390214095525,8.241411209106445,90900
2015-01-13,8.227898068179623,8.281940038723405,8.227898068179623,8.275184631347656,113500
2015-01-14,8.288701164812153,8.308966756690355,8.28194575277557,8.295455932617188,86700
2015-01-15,8.302206347502112,8.363003730773926,8.302206347502112,8.363003730773926,99500
2015-01-16,8.376514440086124,8.376514440086124,8.302206880335515,8.315717697143555,78900
2015-01-20,8.32247299234902,8.349493983458027,8.308962818910139,8.329228401184082,60700
2015-01-21,8.369278678558919,8.389641705896455,8.335339868110378,8.382854461669922,116500
2015-01-22,8.38284948829521,8.416787631279972,8.355698585510254,8.355698585510254,110300
2015-01-23,8.36927371323844,8.376061600766826,8.342122810453484,8.355698585510254,85800
2015-01-26,8.369274928868236,8.396425835596839,8.348911910653953,8.38963794708252,84100
2015-01-27,8.403213924846362,8.423576943547074,8.396426036169892,8.416789054870605,66800
2015-01-28,8.437153120115989,8.471091270446777,8.437153120115989,8.471091270446777,96800
2015-01-29,8.471089932371795,8.50502872467041,8.457514803849522,8.50502872467041,44400
2015-01-30,8.511823834553198,8.53897476196289,8.511823834553198,8.53897476196289,40800
2015-02-02,8.53897262453708,8.566123545150512,8.53218473255147,8.5525484085083,60900
2015-02-03,8.545762655647605,8.566125689372582,8.518611728237914,8.53897476196289,60200
2015-02-04,8.525393876346806,8.525393876346806,8.437153259901603,8.491455078125,116500
2015-02-05,8.477878712315913,8.505029619545823,8.464303582365304,8.498242378234863,36200
2015-02-06,8.396429597451956,8.443943543682531,8.382854461669922,8.382854461669922,93500
2015-02-09,8.382855284330933,8.403218313666818,8.362491607666016,8.362491607666016,31300
2015-02-10,8.335335101208448,8.369273892247703,8.294609069824219,8.294609069824219,101100
2015-02-11,8.267465591430664,8.294616519180469,8.260677697660917,8.267465591430664,148100
2015-02-12,8.294611762548403,8.321762674728234,8.274248092916924,8.314974784851074,98700
2015-02-13,8.321763836428907,8.321763836428907,8.253886222839355,8.253886222839355,38000
2015-02-17,8.253886779062222,8.267462561626553,8.138495216581177,8.152070999145508,182900
2015-02-18,8.16564444711828,8.240309941136127,8.16564444711828,8.226734161376953,119400
2015-02-19,8.226734188512726,8.301399035448044,8.226734188512726,8.274248123168945,123600
2015-02-20,8.308360729064393,8.322003018901295,8.253790268654381,8.294717788696289,91900
2015-02-23,8.294714544746167,8.315178296764026,8.246965573194181,8.25378704071045,84400
2015-02-24,8.246968798470329,8.294717788696289,8.240147328286277,8.294717788696289,78600
2015-02-25,8.301535275435388,8.328820492547736,8.27425005832304,8.28789234161377,101100
2015-02-26,8.294713614606787,8.308356548109455,8.233321714906529,8.267428398132324,84400
2015-02-27,8.260607026891424,8.335641860961914,8.246964743761897,8.335641860961914,91700
2015-03-02,8.342461953783722,8.342461953783722,8.267427776751251,8.281070709228516,92000
2015-03-03,8.301539258880341,8.322003018901295,8.274254028675335,8.294717788696289,53800
2015-03-04,8.287892271442388,8.349284172058105,8.287892271442388,8.349284172058105,53900
2015-03-05,8.356106401622792,8.356106401622792,8.315178247299597,8.328821182250977,39300
2015-03-06,8.287889077914114,8.29471054213869,8.226497851484837,8.24696159362793,79500
2015-03-09,8.253786308121501,8.28789234161377,8.246964841210692,8.28789234161377,44100
2015-03-10,8.308356147914237,8.321998430228911,8.308356147914237,8.315176963806152,30900
2015-03-11,8.315174069252741,8.315174069252741,8.294710327638839,8.301531791687012,33800
2015-03-12,8.315181548717243,8.328824489085347,8.287896318512237,8.294717788696289,56200
2015-03-13,8.29471249067711,8.308355422331166,8.246963530949483,8.260605812072754,60300
2015-03-16,8.281068264220172,8.287889077914114,8.233318665178778,8.24696159362793,31900
2015-03-17,8.233321714906529,8.267428398132324,8.22650089868607,8.267428398132324,44200
2015-03-18,8.267429276031654,8.328821182250977,8.246965524135527,8.328821182250977,50900
2015-03-19,8.308358192443848,8.335643414318417,8.274251502467886,8.308358192443848,26900
2015-03-20,8.335776061557159,8.383761405944824,8.315211007355485,8.383761405944824,65600
2015-03-23,8.383760976840694,8.390616212474143,8.34948610617595,8.376906394958496,91000
2015-03-24,8.35634281656161,8.383763112328573,8.349488232933432,8.3700532913208,25500
2015-03-25,8.376906640599792,8.38376122268299,8.328920643509774,8.349486351013184,53300
2015-03-26,8.35634281656161,8.3700532913208,8.322067937166468,8.3700532913208,86500
2015-03-27,8.363194953802141,8.418035525007308,8.349485137876437,8.397470474243164,70200
2015-03-30,8.411184537694176,8.411184537694176,8.363198527073704,8.404329299926758,42300
2015-03-31,8.37690900260854,8.411184537694176,8.356343289306286,8.404329299926758,64600
2015-04-01,8.397468789371205,8.418033836009169,8.3837583224452,8.390613555908203,50900
2015-04-02,8.370051404765322,8.39061645851746,8.342631115178714,8.349486351013184,34800
2015-04-06,8.34948677956449,8.383761652993513,8.342631543378165,8.356341361999512,44800
2015-04-07,8.376907070558492,8.383761652993513,8.342631543378165,8.356341361999512,66600
2015-04-08,8.376905423479021,8.397470474243164,8.363194953802141,8.397470474243164,32100
2015-04-09,8.397471448107593,8.397471448107593,8.363195923691597,8.376906394958496,32000
2015-04-10,8.3700532913208,8.383763112328573,8.363198053941206,8.3700532913208,32500
2015-04-13,8.370050673543664,8.370050673543664,8.301499628690243,8.342630386352539,62900
2015-04-14,8.342633467522905,8.404329299926758,8.342633467522905,8.404329299926758,68800
2015-04-15,8.404329299926758,8.411184537694176,8.390618824391922,8.404329299926758,45400
2015-04-16,8.383760471220352,8.411181412100408,8.363195419311523,8.363195419311523,48700
2015-04-17,8.370048509270239,8.390613555908203,8.363193275807236,8.390613555908203,45600
2015-04-20,8.404328824467362,8.404328824467362,8.3700532913208,8.3700532913208,33900
2015-04-21,8.370048509270239,8.404324022834208,8.363193275807236,8.390613555908203,62600
2015-04-22,8.404393431264891,8.404393431264891,8.376838068813727,8.383727073669434,53800
2015-04-23,8.383727073669434,8.39061607852514,8.349282706362564,8.383727073669434,56700
2015-04-24,8.363060992708414,8.369949340820312,8.34928298254125,8.369949340820312,79500
2015-04-27,8.376835942732034,8.383724945839278,8.314836228709828,8.328614234924316,73400
2015-04-28,8.321727955131891,8.383727689443727,8.321727955131891,8.376838684082031,68900
2015-04-29,8.35617171121827,8.383727073669434,8.349282706362564,8.383727073669434,54200
2015-04-30,8.363059891594947,8.363059891594947,8.335504531860352,8.335504531860352,44900
2015-05-01,8.356171058226058,8.363060062543425,8.280393981649867,8.294171333312988,88700
2015-05-04,8.29417314126772,8.301062147086743,8.25283976332533,8.266617774963379,74700
2015-05-05,8.259727201852808,8.28728256292849,8.239060845288952,8.273505210876465,83800
2015-05-06,8.266618777084771,8.266618777084771,8.183952668150543,8.190841674804688,80300
2015-05-07,8.177061080932617,8.197727437401209,8.135728367995435,8.177061080932617,84600
2015-05-08,8.197724457113534,8.225279808044434,8.177058108158207,8.225279808044434,55600
2015-05-11,8.211509807791025,8.225287167097198,8.121954672898992,8.142621040344238,85800
2015-05-12,8.149510718162503,8.156399726867676,8.10817797987553,8.156399726867676,162200
2015-05-13,8.149507522583008,8.170173883622816,8.13573016754706,8.149507522583008,77000
2015-05-14,8.177061185330391,8.21839455576691,8.149505824029925,8.20461654663086,167600
2015-05-15,8.245950698852539,8.245950698852539,8.20461732449727,8.245950698852539,100100
2015-05-18,8.245949279780778,8.29417099408688,8.170171549332233,8.28728199005127,194900
2015-05-19,8.252838264663767,8.273505278367844,8.20461654663086,8.20461654663086,55200
2015-05-20,8.239237018339828,8.239237018339828,8.197695015254105,8.211542129516602,68500
2015-05-21,8.232306729098468,8.253077712822499,8.218458966417334,8.246153831481934,29800
2015-05-22,8.246160905620194,8.246160905620194,8.19077112797374,8.211542129516602,51100
2015-05-26,8.22538948059082,8.232313367514708,8.20461848011736,8.22538948059082,27800
2015-05-27,8.260001594163066,8.266924815205966,8.225382847757901,8.246153831481934,61100
2015-05-28,8.23923397064209,8.266928849220964,8.23923397064209,8.23923397064209,56500
2015-05-29,8.253084182739258,8.280779069514967,8.246160295970785,8.253084182739258,44700
2015-06-01,8.260009425862295,8.280780429280282,8.218466758728027,8.218466758728027,72300
2015-06-02,8.225386973180793,8.239234082509242,8.169997215270996,8.169997215270996,64400
2015-06-03,8.169999730769076,8.197694618251079,8.10076218191497,8.128457069396973,71100
2015-06-04,8.135377240038753,8.135377240038753,8.04536873176428,8.059216499328613,114600
2015-06-05,8.031523704528809,8.045370815381414,7.989981051374849,8.031523704528809,92100
2015-06-08,8.031526969518115,8.031526969518115,7.955365517824258,7.996908187866211,143700
2015-06-09,7.976137182994404,8.017679192738017,7.9415184013425,7.996908187866211,110300
2015-06-10,8.003831885637522,8.052297782616924,8.003831885637522,8.024602890014648,93400
2015-06-11,8.024597776034614,8.09383463326732,8.024597776034614,8.079987525939941,87900
2015-06-12,8.07999118137802,8.135380956342024,8.066143407487917,8.128457069396973,84100
2015-06-15,8.142299859269343,8.176918612505766,8.1353759765625,8.1353759765625,79900
2015-06-16,8.128455485546244,8.183845249717407,8.128455485546244,8.149227142333984,67400
2015-06-17,8.156152537913213,8.190771314806465,8.156152537913213,8.183847427368164,72100
2015-06-18,8.190770706269586,8.239236594140394,8.190770706269586,8.22538948059082,141600
2015-06-19,8.225387249540047,8.30154800415039,8.225387249540047,8.30154800415039,37500
2015-06-22,8.252836262051009,8.294587834823796,8.21108535289696,8.245878219604492,74800
2015-06-23,8.225002767975345,8.280671093771348,8.204127311706543,8.204127311706543,64400
2015-06-24,8.197171967252919,8.218048095703125,8.197171967252919,8.218048095703125,30300
2015-06-25,8.231961474604544,8.231961474604544,8.190210562066937,8.204127311706543,39700
2015-06-26,8.19716812754187,8.23891970126598,8.183251378713,8.22500228881836,54100
2015-06-29,8.238923992591339,8.238923992591339,8.03712605232364,8.058001518249512,190800
2015-06-30,8.064958788094307,8.078875541687012,8.00233173787969,8.078875541687012,172200
2015-07-01,8.106712129751683,8.106712129751683,8.05104377154371,8.092795372009277,67100
2015-07-02,8.099747657775879,8.099747657775879,8.064954795589635,8.099747657775879,60600
2015-07-06,8.078879111878134,8.10671329498291,8.030169457349594,8.10671329498291,46400
2015-07-07,8.120626496362505,8.19021224975586,8.071916867158512,8.19021224975586,52600
2015-07-08,8.183255911197536,8.25979973119875,8.16237978096338,8.211090087890625,72900
2015-07-09,8.15541769253974,8.204127311706543,8.14845898591054,8.204127311706543,31700
2015-07-10,8.18325636128888,8.218049249973681,8.15542218306487,8.197173118591309,73700
2015-07-13,8.183251855437739,8.204127311706543,8.162375735550146,8.204127311706543,44700
2015-07-14,8.204131377812573,8.211090087890625,8.176297201119484,8.211090087890625,27400
2015-07-15,8.211088900148095,8.238923072814941,8.183254727481248,8.238923072814941,33300
2015-07-16,8.238920207021655,8.280671119689941,8.218044750687511,8.280671119689941,61200
2015-07-17,8.259794968116264,8.266753674181517,8.231960807473985,8.245878219604492,22800
2015-07-20,8.238923072814941,8.25979853641032,8.218047609219562,8.238923072814941,40400
2015-07-21,8.23196099504217,8.23196099504217,8.21108553998949,8.22500228881836,60700
2015-07-22,8.225004018862581,8.273962161723357,8.21101559689969,8.245985984802246,53800
2015-07-23,8.225003242492676,8.252979416773075,8.20402061152892,8.225003242492676,55400
2015-07-24,8.245987634315565,8.308934211730957,8.245987634315565,8.308934211730957,86300
2015-07-27,8.301939190076402,8.301939190076402,8.245986830495807,8.280957221984863,46900
2015-07-28,8.259974406765137,8.273962161723357,8.245985984802246,8.245985984802246,39800
2015-07-29,8.238989734279663,8.27396011352539,8.238989734279663,8.27396011352539,50600
2015-07-30,8.252982874961363,8.28795327421641,8.245988661709376,8.26697063446045,46300
2015-07-31,8.273963851712049,8.322922004572714,8.273963851712049,8.31592845916748,65700
2015-08-03,8.343898653053843,8.357886400829551,8.301934075718062,8.322916030883789,45800
2015-08-04,8.33690830364423,8.3508960578929,8.315926338768909,8.329914093017578,30000
2015-08-05,8.343903011179457,8.350896555217961,8.183039492209636,8.259974479675293,120100
2015-08-06,8.23199830250724,8.273962234756981,8.218009880420874,8.259974479675293,37500
2015-08-07,8.252981042194566,8.336909581565457,8.238992618797047,8.280957221984863,60300
2015-08-10,8.280960170191143,8.280960170191143,8.23200200487911,8.238995552062988,29400
2015-08-11,8.238987543216556,8.343898653053843,8.238987543216556,8.322916030883789,78700
2015-08-12,8.322923508658997,8.364888123698112,8.322923508658997,8.350899696350098,81000
2015-08-13,8.357886400829551,8.357886400829551,8.3159224904981,8.322916030883789,35400
2015-08-14,8.322922004572714,8.329916216982754,8.308934246757442,8.31592845916748,21500
2015-08-17,8.336911316736236,8.357893289194775,8.294946704814278,8.30194091796875,22100
2015-08-18,8.308932128142256,8.329914093017578,8.280955952640282,8.329914093017578,47400
2015-08-19,8.322919882390925,8.329914093017578,8.280955952640282,8.329914093017578,47100
2015-08-20,8.32288971315103,8.343977928161621,8.294771869676152,8.343977928161621,35000
2015-08-21,8.3228854218521,8.336944001149767,8.308826172172507,8.329915046691895,27000
2015-08-24,8.2525933354217,8.28774080125415,8.189328030999722,8.28071117401123,85300
2015-08-25,8.25962296266462,8.3228882670866,8.22447549683217,8.28071117401123,96400
2015-08-26,8.2525939750855,8.266653230661081,8.154181867585237,8.175270080566406,86700
2015-08-27,8.168241598909232,8.238536545886204,8.147153382969059,8.210418701171875,82200
2015-08-28,8.203391172321666,8.224479393660053,8.189331911174428,8.196361541748047,49100
2015-08-31,8.189325453160134,8.252590737667438,8.17526687348181,8.231502532958984,78100
2015-09-01,8.259621226934529,8.259621226934529,8.203385561573196,8.238533020019531,44800
2015-09-02,8.23853185288112,8.23853185288112,8.175266570716799,8.203384399414062,67000
2015-09-03,8.203385561573196,8.238533020019531,8.203385561573196,8.238533020019531,35100
2015-09-04,8.238530776042328,8.301796049937396,8.231501152191358,8.294766426086426,92500
2015-09-08,8.294767432735792,8.372091293334961,8.28070818332763,8.372091293334961,72900
2015-09-09,8.372094625882097,8.393182838006682,8.336947158753004,8.358036041259766,58400
2015-09-10,8.372091332068019,8.386150581541227,8.287737846374512,8.287737846374512,48300
2015-09-11,8.3158540725708,8.329913319334956,8.266648049659828,8.3158540725708,110300
2015-09-14,8.336945286496354,8.34397491241994,8.22447395324707,8.22447395324707,158900
2015-09-15,8.23853538989212,8.23853538989212,8.154181867585237,8.175270080566406,60500
2015-09-16,8.154181867585237,8.182299708354197,8.154181867585237,8.175270080566406,37000
2015-09-17,8.189327198150405,8.322887420654297,8.189327198150405,8.322887420654297,90700
2015-09-18,8.273677673041904,8.343971895717326,8.273677673041904,8.3158540725708,69300
2015-09-21,8.336944580078125,8.365062411007925,8.32288599980421,8.336944580078125,56300
2015-09-22,8.358135611321497,8.407591819763184,8.336940189673676,8.407591819763184,54900
2015-09-23,8.40759413303206,8.42879023430209,8.379333338462509,8.41465950012207,37300
2015-09-24,8.435857818951238,8.442923188462869,8.379336210439627,8.39346694946289,50900
2015-09-25,8.400534780639676,8.414664850012848,8.37933866589354,8.386404037475586,39900
2015-09-28,8.414664850012848,8.414664850012848,8.372273968102416,8.386404037475586,59800
2015-09-29,8.414663117095335,8.471184730529785,8.414663117095335,8.471184730529785,59500
2015-09-30,8.471182843367448,8.485313580473486,8.442922042946005,8.449987411499023,84600
2015-10-01,8.492381974948769,8.506512043298862,8.421729611825688,8.435859680175781,48800
2015-10-02,8.464113393350912,8.478244123642998,8.400527128407447,8.407591819763184,103000
2015-10-05,8.428787915201312,8.428787915201312,8.400527128407447,8.407591819763184,40500
2015-10-06,8.39346880133463,8.449990422316747,8.39346880133463,8.435859680175781,55100
2015-10-07,8.428793123230328,8.449988557974502,8.386401579951258,8.39346694946289,50300
2015-10-08,8.42172255005527,8.42172255005527,8.393461763261405,8.407591819763184,45900
2015-10-09,8.400529439732539,8.421724867212081,8.400529439732539,8.41465950012207,48500
2015-10-12,8.428793528086388,8.435858224146632,8.400532722473145,8.400532722473145,37300
2015-10-13,8.421724867212081,8.42879023430209,8.39346407264253,8.41465950012207,76000
2015-10-14,8.428787915201312,8.428787915201312,8.393461763261405,8.407591819763184,66600
2015-10-15,8.428792549511673,8.428792549511673,8.407596442419523,8.421727180480957,76600
2015-10-16,8.442918638404084,8.457049369812012,8.421723215082551,8.457049369812012,60100
2015-10-19,8.46412049066684,8.46412049066684,8.414664240755206,8.435859680175781,53400
2015-10-20,8.442922042946005,8.478248211920466,8.421726611077581,8.449987411499023,65300
2015-10-21,8.457087552635775,8.577801704406738,8.457087552635775,8.577801704406738,94800
2015-10-22,8.577800823537736,8.592002805670177,8.542296545394414,8.556498527526855,37400
2015-10-23,8.563602462184484,8.570702778503536,8.528098171837174,8.535199165344238,38600
2015-10-26,8.535199165344238,8.563602462184484,8.528098171837174,8.535199165344238,52700
2015-10-27,8.5422965552668,8.56359952849008,8.4996919631958,8.4996919631958,42900
2015-10-28,8.521000773007353,8.563606074835242,8.513899776504655,8.542303085327148,59500
2015-10-29,8.528095308062012,8.57069990042155,8.513893325816975,8.563599586486816,27000
2015-10-30,8.549404002582966,8.634613928260608,8.549404002582966,8.62751293182373,39900
2015-11-02,8.648814180677075,8.698519791356043,8.606208887817848,8.677217483520508,93700
2015-11-03,8.691416688532932,8.719819984488085,8.648812083194198,8.655912399291992,70800
2015-11-04,8.648809438086307,8.726918308777563,8.60620416858976,8.620406150817871,84300
2015-11-05,8.64171314239502,8.663015450123881,8.599107849749142,8.64171314239502,96600
2015-11-06,8.599104980821721,8.599104980821721,8.48549180792179,8.52099609375,59100
2015-11-09,8.520995248344132,8.520995248344132,8.386079788208008,8.386079788208008,62500
2015-11-10,8.421587967700093,8.44999127353495,8.386084343297691,8.393184661865234,157300
2015-11-11,8.378978654306374,8.449986540526453,8.378978654306374,8.400280952453613,118800
2015-11-12,8.421585134487122,8.471291410866973,8.400282831574616,8.4570894241333,147000
2015-11-13,8.435787121220795,8.485492720412644,8.421585134487122,8.4570894241333,70200
2015-11-16,8.457090507175115,8.499695795644298,8.457090507175115,8.471292495727539,78300
2015-11-17,8.435789003365581,8.49259560859863,8.435789003365581,8.485494613647461,76400
2015-11-18,8.485489981046946,8.513893268156874,8.47838898997252,8.4996919631958,56100
2015-11-19,8.492590017493592,8.542295595051757,8.485489027217367,8.528094291687012,62200
2015-11-20,8.485280306053278,8.549508094787598,8.485280306053278,8.549508094787598,91500
2015-11-23,8.563781390454022,8.570918038287234,8.528098831876157,8.549508094787598,42100
2015-11-24,8.535230337972346,8.556639587986567,8.528093694438343,8.542366981506348,37600
2015-11-25,8.54237205273898,8.585190578186907,8.520962109426824,8.535235404968262,58800
2015-11-27,8.55664474262081,8.570918038287234,8.542372127542581,8.549508094787598,31300
2015-11-30,8.56377667091916,8.578049958719513,8.549503383118806,8.570913314819336,52000
2015-12-01,8.606603584966097,8.635149505621522,8.563784363688743,8.585193634033203,65900
2015-12-02,8.585187311695902,8.613733211329444,8.556641412062362,8.59946060180664,87600
2015-12-03,8.585188962957996,8.599462255814036,8.506687894013963,8.528097152709961,67700
2015-12-04,8.513827813194274,8.563782996217277,8.513827813194274,8.556646347045898,74800
2015-12-07,8.556644242390938,8.585190151466767,8.506689071655273,8.506689071655273,57600
2015-12-08,8.535232157484188,8.606597246862009,8.535232157484188,8.59946060180664,51400
2015-12-09,8.60659702737682,8.64227889056784,8.592323737630078,8.620869636535645,119200
2015-12-10,8.613732991662275,8.635142926282384,8.578051128471254,8.620869636535645,51200
2015-12-11,8.613733211329444,8.620869856384813,8.578051347228467,8.59946060180664,44000
2015-12-14,8.606599787912046,8.606599787912046,8.463869567016111,8.513825416564941,92600
2015-12-15,8.542372127542581,8.578054686120446,8.528098831876157,8.549508094787598,85700
2015-12-16,8.520957488105921,8.592322565932044,8.520957488105921,8.570913314819336,62300
2015-12-17,8.570916629459552,8.706509513061784,8.570916629459552,8.69223690032959,117000
2015-12-18,8.699374546330642,8.763603017498838,8.670828634765689,8.713647842407227,101000
2015-12-21,8.713642494246798,8.720779137904843,8.6494140625,8.6494140625,84900
2015-12-22,8.63507321530268,8.663761138916016,8.627901063405833,8.663761138916016,85700
2015-12-23,8.670937665508424,8.735485697197968,8.663765509993052,8.713969230651855,58300
2015-12-24,8.713969230651855,8.742657168738942,8.678109821023794,8.713969230651855,35900
2015-12-28,8.71396436273154,8.771340206853594,8.71396436273154,8.764168739318848,66400
2015-12-29,8.757001479769684,8.77134510682603,8.70679775911088,8.713969230651855,88700
2015-12-30,8.728312624255075,8.785688494398508,8.728312624255075,8.771344184875488,31000
2015-12-31,8.757000531299752,8.828720710736661,8.757000531299752,8.807204246520996,61500
2016-01-04,8.778511034332006,8.850231170654297,8.771338883904994,8.850231170654297,89100
2016-01-05,8.81437553404589,8.929127262675491,8.81437553404589,8.921955108642578,79000
2016-01-06,8.893268520328327,8.94347292217075,8.871752738952637,8.871752738952637,54500
2016-01-07,8.886096042087237,8.957815533202721,8.886096042087237,8.943471908569336,60400
2016-01-08,8.921955108642578,8.936299416708405,8.886095706426518,8.921955108642578,90700
2016-01-11,8.921956456820702,8.950644393313077,8.864580583835954,8.871752738952637,59200
2016-01-12,8.835890816758601,8.893266677856445,8.835890816758601,8.893266677856445,65200
2016-01-13,8.893266084794204,8.893266084794204,8.864578156158384,8.878922462463379,123400
2016-01-14,8.893264186874363,8.893264186874363,8.828716874199499,8.843060493469238,71700
2016-01-15,8.828718274783817,8.979330062866211,8.828718274783817,8.979330062866211,167800
2016-01-19,8.979326777562,8.979326777562,8.900434494018555,8.900434494018555,59300
2016-01-20,8.900437363929896,8.922057666439793,8.741886875164266,8.799541473388672,142300
2016-01-21,8.82836920691967,8.950885405999463,8.82836920691967,8.92205810546875,77700
2016-01-22,8.958094004739525,9.001334619618854,8.914852702563017,8.986921310424805,66000
2016-01-25,9.008538240219302,9.008538240219302,8.893229060712002,8.907642364501953,122400
2016-01-26,8.93647301000268,8.986921310424805,8.922059700808632,8.986921310424805,112700
2016-01-27,9.001327514648438,9.001327514648438,8.943672948786055,9.001327514648438,54100
2016-01-28,8.994127621373238,8.994127621373238,8.907645704317401,8.986921310424805,86100
2016-01-29,8.98691984957819,9.008540153503418,8.97971285250409,9.008540153503418,62700
2016-02-01,9.008540945380666,9.022954940795898,9.00133394767305,9.022954940795898,58000
2016-02-02,9.022955614355698,9.037368923549748,8.986921310424805,8.986921310424805,65800
2016-02-03,9.022949675966823,9.05177696267963,9.022949675966823,9.044569969177246,99000
2016-02-04,9.058983268885287,9.058983268885287,9.030155982172477,9.044569969177246,36900
2016-02-05,9.015745613152722,9.058986213629504,9.015745613152722,9.037365913391113,73900
2016-02-08,9.058986584487286,9.066193580627441,9.030159287223645,9.066193580627441,40600
2016-02-09,9.08060424939244,9.08060424939244,9.022949675966823,9.044569969177246,105700
2016-02-10,9.087814757483084,9.09502175431773,9.044574151069304,9.07340145111084,44500
2016-02-11,9.109434285544701,9.109434285544701,9.04457269903996,9.095020294189453,138200
2016-02-12,9.05898863602625,9.08781593981825,9.008541026214532,9.015748023986816,80200
2016-02-16,9.015747373380737,9.044574675092464,8.950885772705078,8.950885772705078,102900
2016-02-17,8.979713439941406,9.001333745280998,8.936472141965108,8.979713439941406,69200
2016-02-18,8.986917151248974,8.994123458862305,8.943675869084679,8.994123458862305,42300
2016-02-19,9.022951438503078,9.022951438503078,8.972503161428588,8.994123458862305,97700
2016-02-22,9.03757542682464,9.03757542682464,8.95791755578218,8.986884117126465,85700
2016-02-23,9.00137204069206,9.059305191040039,8.97240546551807,9.059305191040039,78300
2016-02-24,9.052059396522543,9.073784145701346,9.015851020812988,9.015851020812988,72500
2016-02-25,9.052061879972724,9.052061879972724,9.008611679077148,9.008611679077148,66300
2016-02-26,9.01585067847075,9.030334304451543,8.965159368772575,8.986884117126465,84600
2016-02-29,9.023090968993374,9.030332780761858,8.986882600768137,8.994124412536621,77400
2016-03-01,9.044817064836947,9.044817064836947,9.001367568969727,9.001367568969727,138700
2016-03-02,9.001363679037368,9.04481315612793,9.001363679037368,9.04481315612793,66000
2016-03-03,9.0520629315462,9.073787689208984,9.023096357789955,9.073787689208984,98000
2016-03-04,9.073784145701346,9.095509585497474,9.015851020812988,9.015851020812988,169000
2016-03-07,9.015851020812988,9.044817583257167,9.008609207547613,9.015851020812988,66700
2016-03-08,9.02309647116906,9.037579412920369,9.02309647116906,9.030338287353516,35600
2016-03-09,9.05206265747394,9.05206265747394,9.023096084594727,9.023096084594727,59500
2016-03-10,9.04482155814423,9.059305191040039,9.037579741696327,9.059305191040039,62000
2016-03-11,9.052061258599498,9.05930307335457,9.037577629089355,9.037577629089355,89000
2016-03-14,9.066545486450195,9.066545486450195,9.044820040751224,9.066545486450195,102300
2016-03-15,9.073786012247247,9.073786012247247,9.037577629089355,9.037577629089355,59400
2016-03-16,9.037575713967223,9.09550952911377,9.037575713967223,9.09550952911377,64700
2016-03-17,9.095509139265067,9.109992074467952,9.073783700534806,9.08826732635498,79500
2016-03-18,9.124476091378384,9.124476091378384,9.081025902672803,9.09550952911377,87100
2016-03-21,9.09551290078756,9.117237657884978,9.052062695975145,9.10999584197998,117000
2016-03-22,9.139098925694233,9.168204307556152,9.117269368852513,9.168204307556152,113300
2016-03-23,9.1754789352417,9.1754789352417,9.146373557177824,9.1754789352417,117600
2016-03-24,9.168203111170943,9.1754789352417,9.139097733107068,9.1754789352417,44000
2016-03-28,9.182756603070803,9.182756603070803,9.131822358562959,9.146374702453613,67200
2016-03-29,9.182755470275879,9.190031988287085,9.1463735741468,9.182755470275879,80700
2016-03-30,9.182756651523592,9.190033170470832,9.153651269661673,9.168204307556152,83700
2016-03-31,9.197311921473485,9.255522699324244,9.190035400760339,9.24096965789795,176300
2016-04-01,9.262797386085046,9.284626945537799,9.255521560194584,9.277350425720215,126000
2016-04-04,9.284630030328335,9.291906552563523,9.240971590844566,9.255524635314941,151500
2016-04-05,9.28462771314162,9.313733100891113,9.27735119272245,9.313733100891113,116800
2016-04-06,9.313731934049455,9.33556079864502,9.313731934049455,9.33556079864502,152400
2016-04-07,9.335563686219833,9.357392557567266,9.328287164461587,9.350116729736328,80600
2016-04-08,9.357389663240584,9.371942702255689,9.328284279137467,9.33556079864502,686100
2016-04-11,9.350113640326537,9.364665985107422,9.350113640326537,9.364665985107422,248000
2016-04-12,9.379219993922522,9.386495820101974,9.364666953709314,9.371943473815918,205700
2016-04-13,9.379220717143793,9.393773064551965,9.379220717143793,9.386496543884277,77900
2016-04-14,9.393768310546875,9.408321344517242,9.371939453518179,9.393768310546875,117100
2016-04-15,9.415602725282744,9.437432289123535,9.40105037664948,9.437432289123535,71600
2016-04-18,9.437430168195323,9.466535552848095,9.430153648550354,9.459259033203125,79000
2016-04-19,9.466532536007554,9.510190252110105,9.4592560186815,9.502914428710938,162600
2016-04-20,9.554090873633585,9.576021194458008,9.554090873633585,9.576021194458008,181000
2016-04-21,9.561399580262075,9.590639306615502,9.5540894743912,9.583329200744629,77100
2016-04-22,9.546778040979044,9.597947376963086,9.546778040979044,9.561397552490234,74200
2016-04-25,9.554083989233956,9.554083989233956,9.459054758860644,9.466364860534668,77600
2016-04-26,9.473678971131479,9.510228797838513,9.422509632019606,9.45905876159668,70800
2016-04-27,9.495608014023112,9.502918118348406,9.444438678005886,9.480988502502441,75600
2016-04-28,9.495605796672832,9.546775817871094,9.473676185947722,9.546775817871094,84700
2016-04-29,9.54678146382228,9.583330604269314,9.532161249939332,9.576021194458008,80000
2016-05-02,9.597945652419071,9.619875264310537,9.546776325629056,9.554085731506348,80100
2016-05-03,9.590636001903126,9.627185821533203,9.583325898551147,9.627185821533203,77000
2016-05-04,9.627184809196478,9.656424522399902,9.619874706613185,9.656424522399902,67300
2016-05-05,9.619872042635466,9.65642184830065,9.619872042635466,9.6491117477417,65200
2016-05-06,9.612563412710589,9.692973136901855,9.612563412710589,9.692973136901855,72100
2016-05-09,9.69297093178949,9.69297093178949,9.605251823006313,9.612561225891113,144000
2016-05-10,9.663735641163278,9.671045047385434,9.590636001903126,9.627185821533203,77200
2016-05-11,9.634494204642834,9.641803609559892,9.590634289491982,9.619874000549316,72000
2016-05-12,9.597945095993056,9.663734624983197,9.597945095993056,9.656424522399902,70700
2016-05-13,9.65642821519783,9.65642821519783,9.62718849081259,9.634498596191406,118000
2016-05-16,9.641800928818839,9.671040631746566,9.597941722992005,9.612561225891113,98300
2016-05-17,9.597948766427352,9.65642821519783,9.57601914742093,9.634498596191406,116200
2016-05-18,9.641810065540769,9.714909740695171,9.576021194458008,9.576021194458008,136600
2016-05-19,9.539461646588865,9.561391247960808,9.437122344970703,9.437122344970703,152000
2016-05-20,9.495877678684057,9.532597448827017,9.422436737628692,9.437125205993652,119400
2016-05-23,9.437130026555948,9.539946556091309,9.437130026555948,9.539946556091309,63900
2016-05-24,9.606042353960598,9.606042353960598,9.547289857025092,9.554634094238281,126500
2016-05-25,9.584008966004925,9.620729446411133,9.547288485598717,9.620729446411133,104500
2016-05-26,9.61338762610624,9.686827904989357,9.61338762610624,9.679484367370605,84500
2016-05-27,9.694169054741074,9.701513290405273,9.67948128379754,9.701513290405273,85200
2016-05-31,9.620728271395524,9.664792282193345,9.606039800873036,9.642760276794434,57200
2016-06-01,9.701514971386304,9.730891218748257,9.65745025015088,9.723546981811523,71500
2016-06-02,9.708859001001022,9.76026725769043,9.701514764221116,9.76026725769043,105500
2016-06-03,9.782297875487984,9.811674118041992,9.767610104403415,9.811674118041992,91900
2016-06-06,9.804325498464003,9.819013261931941,9.73822881189702,9.745573043823242,76400
2016-06-07,9.782297875487984,9.811674118041992,9.760265868668695,9.811674118041992,79500
2016-06-08,9.80432985068283,9.826361855857169,9.75292090476295,9.789641380310059,53000
2016-06-09,9.7676050392174,9.819013261931941,9.745573043823242,9.745573043823242,90600
2016-06-10,9.767612440436451,9.789644452524941,9.738236190856787,9.752923965454102,50200
2016-06-13,9.774955749511719,9.782299285920375,9.752923039130838,9.774955749511719,34400
2016-06-14,9.782299267645179,9.826363987939649,9.752923020910522,9.76026725769043,58700
2016-06-15,9.80433007263082,9.81167360759863,9.730889119874064,9.767609596252441,74300
2016-06-16,9.80433007263082,9.80433007263082,9.745577590579348,9.767609596252441,90100
2016-06-17,9.789640415187444,9.811672418189733,9.774952646647499,9.782296180725098,58200
2016-06-20,9.804325498464003,9.804325498464003,9.745573043823242,9.745573043823242,64400
2016-06-21,9.789641181388003,9.826361656188965,9.767609176661347,9.826361656188965,76000
2016-06-22,9.81898565514361,9.87062547315071,9.796853701535062,9.841116905212402,109200
2016-06-23,9.870627692116761,9.878005011644735,9.818987862500771,9.848496437072754,102600
2016-06-24,9.826360421518196,9.92226342516702,9.804229175611429,9.900132179260254,84200
2016-06-27,9.885377546295993,9.929640741649152,9.841115054482456,9.900132179260254,117000
2016-06-28,9.870622973630379,9.914885462559452,9.84111441316447,9.907508850097656,66900
2016-06-29,9.870627133450807,9.973907490377153,9.870627133450807,9.922266960144043,109800
2016-06-30,9.929641672546945,9.959150237702254,9.870624542236328,9.870624542236328,63700
2016-07-01,9.966526001351582,9.973903317375399,9.937017440795898,9.937017440795898,78900
2016-07-05,9.95914930403805,9.96652662052018,9.870623616871356,9.900132179260254,77300
2016-07-06,9.944398213935447,9.951775533045874,9.922266960144043,9.922266960144043,74600
2016-07-07,9.966529239716952,10.032923698425293,9.937020669573222,10.032923698425293,179200
2016-07-08,10.040298487833663,10.069807052612305,10.018167240134602,10.069807052612305,73500
2016-07-11,10.077186201870983,10.084563520291868,10.003415128281564,10.032923698425293,61900
2016-07-12,10.069806522263205,10.069806522263205,9.870623896382694,9.87800121307373,150700
2016-07-13,9.870625771138721,9.892757021875642,9.737836859637644,9.767345428466797,394800
2016-07-14,9.774720929747943,9.782098246468966,9.487011909484863,9.487011909484863,672600
2016-07-15,9.546031047805753,9.686197280883789,9.52389979651862,9.686197280883789,109500
2016-07-18,9.767345133596754,9.841116905212402,9.686196747651346,9.841116905212402,127200
2016-07-19,9.900132459607201,9.900132459607201,9.796852136551605,9.87800121307373,150300
2016-07-20,9.944697857532612,9.959518202118188,9.915056461654839,9.952108383178711,106800
2016-07-21,9.974341644071124,9.981752171493387,9.937289713666605,9.944700241088867,80500
2016-07-22,9.974341644071124,9.974341644071124,9.944700241088867,9.944700241088867,76400
2016-07-25,9.996567483331898,10.011388530709537,9.944695230923035,9.959515571594238,54000
2016-07-26,10.018799540794772,10.018799540794772,9.952106237770419,9.9817476272583,80300
2016-07-27,10.003979687945813,10.01139021287979,9.937286376953125,9.937286376953125,82700
2016-07-28,9.996567483331898,9.996567483331898,9.922464366563014,9.959515571594238,55800
2016-07-29,9.996567964181667,10.003978488226943,9.959516050661755,9.966926574707031,52400
2016-08-01,9.98915744013639,10.003978488226943,9.952106233322949,9.966926574707031,87700
2016-08-02,9.974338784805575,9.98174931010352,9.89282512664795,9.89282512664795,91500
2016-08-03,9.907640733217674,10.011385917663574,9.89282039641469,10.011385917663574,53700
2016-08-04,10.018802396314332,10.055853613704523,9.989160291671503,10.048443794250488,69800
2016-08-05,10.048442125797347,10.048442125797347,10.003979682922363,10.003979682922363,52900
2016-08-08,10.026202685839063,10.033613204956055,10.00397183519409,10.033613204956055,33100
2016-08-09,10.04844331601047,10.06326366091986,10.026211738586426,10.026211738586426,60500
2016-08-10,10.011390205155875,10.063262466240587,9.937286369286381,9.989158630371094,172800
2016-08-11,10.003978488226943,10.003978488226943,9.966926574707031,9.966926574707031,41000
2016-08-12,9.989156734039186,10.018798828125,9.959515346659792,10.018798828125,44800
2016-08-15,10.018798101669555,10.041028963915553,9.974335670471191,9.974335670471191,57100
2016-08-16,10.011389727170691,10.063261985778809,9.966927286430506,10.063261985778809,92900
2016-08-17,10.063259844574045,10.092901229858398,10.055849321576364,10.092901229858398,78100
2016-08-18,10.129954812858067,10.144775154597207,10.115133764412441,10.122544288635254,48700
2016-08-19,10.12995242120697,10.12995242120697,10.078080177307129,10.078080177307129,51100
2016-08-22,10.107856827135663,10.152516300954582,10.085527445145333,10.145072937011719,82900
2016-08-23,10.137625804383678,10.159955178073014,10.122739791870117,10.122739791870117,59500
2016-08-24,10.12274351711848,10.12274351711848,10.055754661560059,10.055754661560059,62100
2016-08-25,10.025982773029599,10.085528269764582,9.929221163375672,9.958993911743164,160700
2016-08-26,9.981319428911782,9.988762790579761,9.899444580078125,9.899444580078125,79400
2016-08-29,9.958990163335564,9.96643352508545,9.921774064424175,9.96643352508545,42600
2016-08-30,9.97387896288219,9.97387896288219,9.921776835756008,9.929220199584961,83800
2016-08-31,9.988763874767766,9.996207237243652,9.944104409750556,9.996207237243652,66800
2016-09-01,10.025976958672898,10.055749689774313,9.966431496470065,10.033419609069824,115900
2016-09-02,10.078081111981565,10.078081111981565,9.96643352508545,9.96643352508545,49000
2016-09-06,9.981322442086647,10.063198025475051,9.981322442086647,10.055754661560059,63200
2016-09-07,10.07064045974177,10.078083823494296,9.958992842806815,9.973878860473633,81700
2016-09-08,10.011092119568216,10.011092119568216,9.966433369442413,10.00364875793457,38200
2016-09-09,10.003647585318255,10.003647585318255,9.817567825317383,9.817567825317383,77400
2016-09-12,9.839898907815858,9.839898907815858,9.653819128900176,9.795239448547363,169300
2016-09-13,9.854787850646968,9.854787850646968,9.743140234042139,9.772912979125977,78200
2016-09-14,9.795239603137036,9.839899063110352,9.780353589704621,9.839899063110352,115400
2016-09-15,9.810122281509111,9.832451647369933,9.787792205810547,9.787792205810547,74800
2016-09-16,9.825014081372572,9.825014081372572,9.76546859741211,9.76546859741211,62000
2016-09-19,9.825012339839901,9.839899063110352,9.78779624150181,9.839899063110352,43800
2016-09-20,9.847340668301406,9.862227389989648,9.795238562068477,9.802681922912598,51300
2016-09-21,9.855022523850337,9.862499237060547,9.802681252859145,9.862499237060547,46900
2016-09-22,9.937275328901716,10.027002334594727,9.922321184496308,10.027002334594727,65400
2016-09-23,10.034478339719298,10.034478339719298,9.974660344410518,9.989614486694336,34100
2016-09-26,10.019526481628418,10.034481341472645,9.989617475026932,10.019526481628418,39300
2016-09-27,10.034479763340856,10.049433907746266,9.997093332697057,10.027002334594727,47800
2016-09-28,10.056909273687967,10.109250551088147,10.049431846475557,10.071864128112793,57700
2016-09-29,10.0494331713707,10.064388027767139,9.929797172546387,9.929797172546387,75900
2016-09-30,9.967185351250041,9.982140210273396,9.922322200353827,9.974662780761719,34600
2016-10-03,9.97466122790488,9.98213865625247,9.892410942255015,9.907365798950195,45000
2016-10-04,9.944751147412562,9.944751147412562,9.795206162138253,9.802682876586914,56000
2016-10-05,9.847546244306253,9.855023671473834,9.757819257555388,9.840068817138672,59600
2016-10-06,9.840069905831406,9.892410475621963,9.772774480051103,9.869978904724121,67800
2016-10-07,9.899886519618079,9.899886519618079,9.847545957144705,9.855023384094238,77400
2016-10-10,9.86997908208785,9.922320365905762,9.795206940055797,9.922320365905762,74400
2016-10-11,9.907365331611711,9.907365331611711,9.869978904724121,9.869978904724121,24800
2016-10-12,9.862504582305078,9.87745944300392,9.772777557373047,9.772777557373047,45400
2016-10-13,9.810164372558845,9.810164372558845,9.675573473451538,9.705482482910156,82200
2016-10-14,9.698000148563949,9.698000148563949,9.60079574584961,9.60079574584961,91300
2016-10-17,9.593322032190683,9.60079946139018,9.45125444283472,9.49611759185791,148600
2016-10-18,9.563412866857108,9.63818573141462,9.4437768540346,9.54098129272461,107400
2016-10-19,9.630710024206634,9.727914480275732,9.630710024206634,9.720437049865723,56200
2016-10-20,9.727946274353432,9.840625620223733,9.682875109119916,9.735458374023438,44600
2016-10-21,9.848137984049123,9.848137984049123,9.72043514251709,9.72043514251709,81700
2016-10-24,9.818087660404336,9.83311185720288,9.682873471183111,9.705409049987793,80100
2016-10-25,9.742965960723916,9.742965960723916,9.667846431605962,9.69038200378418,78000
2016-10-26,9.720432362128134,9.720432362128134,9.585218175247528,9.60775375366211,96600
2016-10-27,9.585220196767702,9.615267879788565,9.465029464684251,9.480052947998047,159800
2016-10-28,9.472537805910761,9.472537805910761,9.374882688357902,9.389906883239746,98900
2016-10-31,9.472539030839597,9.472539030839597,9.32230064455849,9.35986042022705,107100
2016-11-01,9.40493395087889,9.419957433956647,9.314790186839305,9.382397651672363,94400
2016-11-02,9.404931073267122,9.41995455174817,9.389906878393033,9.397418975830078,140500
2016-11-03,9.412443670477135,9.412443670477135,9.359860414409713,9.367372512817383,81700
2016-11-04,9.389910713767176,9.389910713767176,9.35235092763344,9.374886512756348,33700
2016-11-07,9.412443576953022,9.495075225830078,9.352348223075051,9.495075225830078,100800
2016-11-08,9.517616149680045,9.517616149680045,9.427473068237305,9.427473068237305,44700
2016-11-09,9.352350756211687,9.352350756211687,9.254695600611255,9.307279586791992,131400
2016-11-10,9.30727592699503,9.30727592699503,9.014310575393255,9.051870346069336,213400
2016-11-11,8.991775270364311,9.044358521058731,8.969238977444078,8.999286651611328,145800
2016-11-14,8.931682300410804,8.939193683657995,8.691300126669367,8.72134780883789,246000
2016-11-15,8.751396195924636,8.976754188537598,8.751396195924636,8.976754188537598,201000
2016-11-16,9.014311622686908,9.029335819260085,8.90163301396057,8.916656494140625,158500
2016-11-17,8.931686294861105,8.954221887467607,8.803983409434977,8.834031105041504,107900
2016-11-18,8.87158350926818,8.886606986352733,8.766416304104412,8.781439781188965,86800
2016-11-21,8.837289392899047,8.882570440731739,8.77691514226735,8.829742431640625,127600
2016-11-22,8.867475875311085,8.91275691986084,8.837288752183843,8.91275691986084,76500
2016-11-23,8.867477478753827,8.912758531491432,8.829743388092142,8.890117645263672,70800
2016-11-25,8.920303798110773,8.942944681861983,8.761821210441491,8.769368171691895,44800
2016-11-28,8.822192455980304,8.882567405700684,8.822192455980304,8.882567405700684,58500
2016-11-29,8.890117645263672,8.912758531491432,8.829743388092142,8.890117645263672,63400
2016-11-30,8.87502384866345,8.93539810180664,8.844836722091856,8.93539810180664,169200
2016-12-01,8.897660149300174,8.912754065889434,8.792004892328025,8.814645767211914,133900
2016-12-02,8.867475442683483,8.867475442683483,8.799554239031494,8.84483528137207,88900
2016-12-05,8.807103221582299,8.920304773849436,8.807103221582299,8.890117645263672,134300
2016-12-06,8.905211516832155,9.048600196838379,8.905211516832155,9.048600196838379,173100
2016-12-07,9.101425331256445,9.207079887390137,9.093878371613272,9.207079887390137,154400
2016-12-08,9.191989596562513,9.191989596562513,9.041053234807022,9.048600196838379,168800
2016-12-09,9.025961885188009,9.071242946962949,8.950493688802464,8.965587615966797,158900
2016-12-12,8.958037244692807,8.965584205404065,8.91275691986084,8.91275691986084,105100
2016-12-13,8.935399116135121,9.018413543701172,8.92785215370604,9.018413543701172,220200
2016-12-14,8.995774750577402,9.056149019798616,8.965587615966797,8.965587615966797,155300
2016-12-15,8.912759845431076,8.927853052090075,8.859931822829521,8.875025749206543,194500
2016-12-16,8.829744276209432,8.905212465123576,8.829744276209432,8.867478370666504,210000
2016-12-19,8.875024440829748,8.9504919024352,8.875024440829748,8.890117645263672,121100
2016-12-20,8.897667383895223,8.988228797912598,8.882574174751397,8.988228797912598,120200
2016-12-21,8.968515709160727,9.029164954901773,8.960934372694087,8.99884033203125,104100
2016-12-22,8.991257983995762,9.02158260345459,8.991257983995762,9.02158260345459,73600
2016-12-23,9.059489261554326,9.059489261554326,8.960934059916147,8.968515396118164,100000
2016-12-27,8.869956472110347,9.013998907515706,8.869956472110347,8.945768356323242,111000
2016-12-28,9.021583618435132,9.021583618435132,8.960934372694087,8.99884033203125,108800
2016-12-29,9.006422932024076,9.05190951121323,8.991260256963598,9.029166221618652,113600
2016-12-30,9.02158139284855,9.059487342834473,9.006419446651696,9.059487342834473,89400
2017-01-03,9.059488612781443,9.10497590374007,9.029163993141012,9.089813232421875,79500
2017-01-04,9.135297423552963,9.218689918518066,9.104972814202405,9.218689918518066,102400
2017-01-05,9.249017715454102,9.256599051153506,9.21111175995305,9.249017715454102,49000
2017-01-06,9.211110225482884,9.241434840232781,9.158042330419521,9.165623664855957,90100
2017-01-09,9.218694312774566,9.302087570486284,9.158045065163897,9.211112976074219,76700
2017-01-10,9.195952721980296,9.249020642679671,9.195952721980296,9.226277351379395,24000
2017-01-11,9.218690273444329,9.256596217340862,9.135297775268555,9.135297775268555,66500
2017-01-12,9.15804397347509,9.211111878059427,9.15804397347509,9.203531265258789,50500
2017-01-13,9.211108585431498,9.218689918518066,9.188365309167509,9.218689918518066,29600
2017-01-17,9.332408727910458,9.332408727910458,9.233853556400922,9.309664726257324,150500
2017-01-18,9.294505807285965,9.33999237940868,9.27176179822858,9.332411766052246,49300
2017-01-19,9.309662734310237,9.309662734310237,9.241432189941406,9.241432189941406,75700
2017-01-20,9.267329543105056,9.267329543105056,9.191180283967304,9.214025497436523,40600
2017-01-23,9.198791126175246,9.313014236157073,9.198791126175246,9.305399894714355,49400
2017-01-24,9.25971021499393,9.313014236157073,9.25971021499393,9.305399894714355,40300
2017-01-25,9.29778466540977,9.32824420928955,9.259710054006844,9.32824420928955,70000
2017-01-26,9.320631980895996,9.320631980895996,9.290172427738023,9.320631980895996,49700
2017-01-27,9.32825074035752,9.366325378417969,9.297791175151824,9.366325378417969,65300
2017-01-30,9.343474344335846,9.35870375316933,9.313014074243256,9.32824420928955,63900
2017-01-31,9.320630798238906,9.40439510345459,9.320630798238906,9.40439510345459,74800
2017-02-01,9.404393432095405,9.427237908452037,9.29778466540977,9.32824420928955,128000
2017-02-02,9.335859439123697,9.358703915877499,9.297784827058814,9.305399894714355,47800
2017-02-03,9.320631980895996,9.36632167373947,9.313016911053245,9.320631980895996,42200
2017-02-06,9.35109049247926,9.389165111239027,9.313015873719491,9.37393569946289,69200
2017-02-07,9.381548761377541,9.42723844289382,9.366319351680682,9.419623374938965,56800
2017-02-08,9.427240077908847,9.4881591796875,9.427240077908847,9.4881591796875,32200
2017-02-09,9.457697988500389,9.465313056455244,9.41200830698411,9.419623374938965,74800
2017-02-10,9.41200830698411,9.44246785259068,9.41200830698411,9.419623374938965,57100
2017-02-13,9.404395395952077,9.434854946192521,9.33586122635784,9.343476295471191,109800
2017-02-14,9.35108882633624,9.381548370674293,9.290169737660133,9.297784805297852,72700
2017-02-15,9.267327983282927,9.335862159729004,9.267327983282927,9.335862159729004,92300
2017-02-16,9.32824615724449,9.358705707484932,9.297786607004046,9.343476295471191,51500
2017-02-17,9.35109049247926,9.381550042244484,9.328246011708579,9.37393569946289,62600
2017-02-21,9.384641298352575,9.384641298352575,9.346398931817127,9.354046821594238,105900
2017-02-22,9.361699216693967,9.392292976379395,9.32345683473399,9.392292976379395,60900
2017-02-23,9.399942662117246,9.422887802124023,9.392294038977369,9.422887802124023,39600
2017-02-24,9.438181995954366,9.476424369872742,9.438181995954366,9.468775749206543,79800
2017-02-27,9.484073985528827,9.484073985528827,9.3387538135119,9.36934757232666,100900
2017-02-28,9.399939570669847,9.399939570669847,9.346400685124255,9.36169719696045,77800
2017-03-01,9.338753586256306,9.346402208127056,9.308159828186035,9.308159828186035,92100
2017-03-02,9.292860407451055,9.323454158354275,9.269915276626778,9.285212516784668,71100
2017-03-03,9.277562165175317,9.285210783826752,9.22402329344012,9.239319801330566,104500
2017-03-06,9.239322509477764,9.277564884531776,9.239322509477764,9.246971130371094,82400
2017-03-07,9.246970024735552,9.262266535280611,9.231672784777942,9.254618644714355,50100
2017-03-08,9.224026872188233,9.224026872188233,9.178135871887207,9.178135871887207,96000
2017-03-09,9.147539876720819,9.185782246046234,9.048110008239746,9.048110008239746,131400
2017-03-10,9.048110008239746,9.086352377565163,9.032813498157095,9.048110008239746,131100
2017-03-13,9.055758476257324,9.063407095876759,9.017516107572662,9.055758476257324,62100
2017-03-14,9.04811298170122,9.078706741333008,9.017519222069433,9.078706741333008,47400
2017-03-15,9.071057091319805,9.170486981210885,9.032815443172428,9.155190467834473,66700
2017-03-16,9.15519077510182,9.15519077510182,9.078706017414714,9.139893531799316,60300
2017-03-17,9.13989215367321,9.16283728575456,9.124595642089844,9.124595642089844,66300
2017-03-20,9.124596218538878,9.162837864619522,9.124596218538878,9.132244110107422,51600
2017-03-21,9.139896236924836,9.155193484754852,9.116951094592737,9.147544860839844,41300
2017-03-22,9.165981723226231,9.165981723226231,9.119882583618164,9.119882583618164,129900
2017-03-23,9.119882583618164,9.165981723226231,9.096833380174614,9.119882583618164,126500
2017-03-24,9.11988412511999,9.181349166505987,9.11988412511999,9.150616645812988,52800
2017-03-27,9.158296761443557,9.235128402709961,9.158296761443557,9.235128402709961,66700
2017-03-28,9.242812003967478,9.242812003967478,9.196713600280571,9.219762802124023,52100
2017-03-29,9.212079286157719,9.281227622874377,9.212079286157719,9.273544311523438,88900
2017-03-30,9.2658626159295,9.288911819458008,9.258179303846342,9.288911819458008,64800
2017-03-31,9.265861425175006,9.273544003549908,9.227445602416992,9.227445602416992,88700
2017-04-03,9.235126466873432,9.311957359313965,9.235126466873432,9.311957359313965,36500
2017-04-04,9.327322349535999,9.327322349535999,9.281223235940816,9.296589851379395,71100
2017-04-05,9.281225490332204,9.296592109503305,9.258176294296286,9.265859603881836,53400
2017-04-06,9.265857353222792,9.296589851379395,9.265857353222792,9.296589851379395,110500
2017-04-07,9.296597695962458,9.358062744140625,9.296597695962458,9.358062744140625,89100
2017-04-10,9.373422528735322,9.465620040893555,9.358056643069297,9.465620040893555,109600
2017-04-11,9.465620040893555,9.480986659280273,9.427204960368144,9.465620040893555,71500
2017-04-12,9.450255369451307,9.473304567272187,9.396472930908203,9.396472930908203,148100
2017-04-13,9.411843813408009,9.457942962646484,9.411843813408009,9.457942962646484,72600
2017-04-17,9.44257596777981,9.457942594501537,9.419526760418309,9.434892654418945,54800
2017-04-18,9.442573822801444,9.488672959773641,9.373425483703613,9.373425483703613,168400
2017-04-19,9.388793581590518,9.427209412980996,9.37342695594591,9.419526100158691,63200
2017-04-20,9.422608774827246,9.453477242507144,9.414891473916692,9.438042640686035,65500
2017-04-21,9.453478813171387,9.507498456595812,9.453478813171387,9.453478813171387,86700
2017-04-24,9.42261062260908,9.445761793918386,9.40717601776123,9.40717601776123,50700
2017-04-25,9.384022247090293,9.391739547376535,9.322285316724876,9.337719917297363,101700
2017-04-26,9.33772250383331,9.40717601776123,9.33772250383331,9.40717601776123,59300
2017-04-27,9.384027576200657,9.453481846294812,9.384027576200657,9.445764541625977,74400
2017-04-28,9.430330154053486,9.468915939331055,9.430330154053486,9.468915939331055,62700
2017-05-01,9.461197853088379,9.47663172434617,9.430329374610219,9.461197853088379,77800
2017-05-02,9.461200929420768,9.484352111816406,9.445766317181796,9.484352111816406,72100
2017-05-03,9.484347569841168,9.53836721488237,9.461196398532433,9.507498741149902,92400
2017-05-04,9.48435081315325,9.515219297441648,9.48435081315325,9.499785423278809,67700
2017-05-05,9.507501992378868,9.507501992378868,9.46891693899041,9.499785423278809,36000
2017-05-08,9.47662998378722,9.484347285979979,9.430327642555552,9.453478813171387,70100
2017-05-09,9.453482363602653,9.453482363602653,9.399462699890137,9.399462699890137,73600
2017-05-10,9.430331357523547,9.430331357523547,9.360877082352909,9.391745567321777,95100
2017-05-11,9.360875522904522,9.422612482557366,9.360875522904522,9.376309394836426,109200
2017-05-12,9.422611175720121,9.4920654296875,9.422611175720121,9.4920654296875,48900
2017-05-15,9.492068508238644,9.522936993795405,9.476633897478889,9.515219688415527,27300
2017-05-16,9.499785813618521,9.538370868592413,9.499785813618521,9.515219688415527,25900
2017-05-17,9.530651763591651,9.615539892297985,9.530651763591651,9.600105285644531,64800
2017-05-18,9.615542450465691,9.615542450465691,9.476633897478889,9.515219688415527,138200
2017-05-19,9.55380070318284,9.615537643432617,9.52293223305795,9.615537643432617,129100
2017-05-22,9.587632732371894,9.634137339679505,9.579881841293016,9.610884666442871,78900
2017-05-23,9.64189223567152,9.672895076075633,9.634142079945008,9.665144920349121,68700
2017-05-24,9.680643704929235,9.680643704929235,9.618638038635254,9.618638038635254,71900
2017-05-25,9.626386872203982,9.626386872203982,9.548879436335849,9.572132110595703,73000
2017-05-26,9.595389751009021,9.626392595957107,9.564386906060937,9.587638854980469,123600
2017-05-30,9.60313892364502,9.61088907911659,9.587637134369885,9.60313892364502,30000
2017-05-31,9.610886360254344,9.657390975757874,9.59538531453036,9.649640083312988,65400
2017-06-01,9.657390975757874,9.688393806371632,9.641889190868103,9.649640083312988,91400
2017-06-02,9.688395971427056,9.688395971427056,9.59538745880127,9.59538745880127,111400
2017-06-05,9.595388029007452,9.626390868391725,9.564385189623179,9.60313892364502,77400
2017-06-06,9.618640515753317,9.665145147033206,9.610889620678995,9.626391410827637,32000
2017-06-07,9.634140534256773,9.680644417818913,9.60313769882671,9.672893524169922,61200
2017-06-08,9.688394546508789,9.688394546508789,9.641889927452576,9.688394546508789,37600
2017-06-09,9.680645812257817,9.680645812257817,9.61864013246615,9.63414192199707,61400
2017-06-12,9.634137339679505,9.641887491592726,9.610884666442871,9.610884666442871,51100
2017-06-13,9.634142462744224,9.657394409179688,9.603139621108255,9.657394409179688,45300
2017-06-14,9.665144892114226,9.727150572741314,9.657393997244334,9.680645942687988,98400
2017-06-15,9.649642118008833,9.73490047454834,9.649642118008833,9.73490047454834,53100
2017-06-16,9.742650763476039,9.80465643863081,9.727149714270324,9.781404495239258,85700
2017-06-19,9.758152934256643,9.81240771735175,9.74265114527748,9.773653984069824,79700
2017-06-20,9.78915419232906,9.835658073425293,9.773652405853072,9.835658073425293,79600
2017-06-21,9.854342234743601,9.854342234743601,9.807639606116087,9.823206901550293,50700
2017-06-22,9.838773855668705,9.846557131366112,9.815421801602042,9.830989837646484,57700
2017-06-23,9.83877123019501,9.862122535705566,9.82320319830489,9.862122535705566,54500
2017-06-26,9.869906551650626,9.869906551650626,9.84655450381545,9.862122535705566,29500
2017-06-27,9.838774939309396,9.84655821586405,9.81542288267074,9.823206901550293,57100
2017-06-28,9.830990920429844,9.830990920429844,9.799855587236536,9.823206901550293,39900
2017-06-29,9.792067753253901,9.79985176910071,9.714229079435029,9.745365142822266,69000
2017-06-30,9.768715743710272,9.768715743710272,9.690877075503595,9.729796409606934,64800
2017-07-03,9.760934235818445,9.838772924020363,9.753150218533303,9.784285545349121,88500
2017-07-05,9.768718821967603,9.815421443748601,9.753150786490743,9.807638168334961,68300
2017-07-06,9.768716110073473,9.768716110073473,9.737580790088023,9.753148078918457,38800
2017-07-07,9.737580790088023,9.776500125650982,9.722012758933007,9.753148078918457,67600
2017-07-10,9.7609360099932,9.792071342468262,9.737584696218123,9.792071342468262,36000
2017-07-11,9.792071342468262,9.830990693643312,9.792071342468262,9.792071342468262,57300
2017-07-12,9.807638168334961,9.86212480785439,9.807638168334961,9.807638168334961,69100
2017-07-13,9.815420872164939,9.877691525796576,9.776502270388725,9.784285545349121,101700
2017-07-14,9.83877148234464,9.869906804598198,9.815419433910993,9.84655475616455,48200
2017-07-17,9.84655677237753,9.85434079011596,9.776502839706032,9.807638168334961,69600
2017-07-18,9.807639606116087,9.830990920429844,9.776504272922777,9.823206901550293,49900
2017-07-19,9.83098947922546,9.83098947922546,9.784286115119672,9.807638168334961,102400
2017-07-20,9.818580176160214,9.865483802529685,9.79512761745578,9.802945137023926,102700
2017-07-21,9.834217071533203,9.842034593169563,9.795130208871294,9.834217071533203,57700
2017-07-24,9.826401303072203,9.849853872165571,9.763862609863281,9.763862609863281,91300
2017-07-25,9.763858543762035,9.771676063537598,9.732589210179505,9.771676063537598,144000
2017-07-26,9.74040975745036,9.818583488464355,9.74040975745036,9.818583488464355,103700
2017-07-27,9.810767002529987,9.810767002529987,9.756045086832158,9.763862609863281,167300
2017-07-28,9.787310835369448,9.826396942138672,9.787310835369448,9.826396942138672,100500
2017-07-31,9.826399031566991,9.873303413391113,9.826399031566991,9.873303413391113,67200
2017-08-01,9.912392852020808,9.928027153015137,9.873305981254912,9.928027153015137,72200
2017-08-02,9.928022392535198,9.951474205541587,9.904570579528809,9.904570579528809,63600
2017-08-03,9.92020843939683,9.935843484035106,9.904574140278518,9.912391662597656,40100
2017-08-04,9.920207303950297,9.928024825374658,9.84203432626633,9.865486145019531,69100
2017-08-07,9.881124309352733,9.881124309352733,9.857671737670898,9.857671737670898,24800
2017-08-08,9.881120244099113,9.888937019256998,9.842033386230469,9.842033386230469,38400
2017-08-09,9.849849508913094,9.873301322097829,9.771675804271046,9.802945137023926,67300
2017-08-10,9.779497227632337,9.795131527489849,9.709141014473543,9.724775314331055,71500
2017-08-11,9.576245518736929,9.834217787355184,9.560610474326149,9.818583488464355,184700
2017-08-14,9.834217517968192,9.865486860413244,9.834217517968192,9.849852561950684,48500
2017-08-15,9.849854319717611,9.849854319717611,9.77168057689443,9.779498100280762,147500
2017-08-16,9.787314145162748,9.826400265149795,9.763861578546578,9.818583488464355,112700
2017-08-17,9.810765966258966,9.857669608451403,9.795130921848187,9.818583488464355,57000
2017-08-18,9.842035309560575,9.865487130656794,9.810765966258966,9.818583488464355,59000
2017-08-21,9.849849441874005,9.881118774414062,9.83421440284413,9.881118774414062,56500
2017-08-22,9.884262918150139,9.899964296566022,9.860710476166998,9.868560791015625,37200
2017-08-23,9.907814148284585,9.923516273498535,9.884261709182201,9.923516273498535,63200
2017-08-24,9.915666042818904,9.915666042818904,9.86071009739634,9.907814979553223,80800
2017-08-25,9.868559421835975,9.89211260926994,9.83715592064255,9.876410484313965,118900
2017-08-28,9.845008433435746,9.884263002889938,9.845008433435746,9.852859497070312,62300
2017-08-29,9.860709683410551,9.947069129551577,9.860709683410551,9.915665626525879,74300
2017-08-30,9.93921806661551,9.93921806661551,9.907814563589811,9.915665626525879,79600
2017-08-31,9.91566554344918,9.954920109082057,9.90781448057889,9.931366920471191,80200
2017-09-01,9.93921806661551,9.93921806661551,9.907814563589811,9.915665626525879,85800
2017-09-05,9.93921798334148,9.93921798334148,9.88426204068659,9.931366920471191,70200
2017-09-06,9.915665703119215,9.978472709655762,9.915665703119215,9.978472709655762,83800
2017-09-07,9.970622479362849,9.99417492160141,9.947070037124288,9.96277141571045,86100
2017-09-08,9.95491927663027,9.98632277676683,9.939217152202739,9.947068214416504,75100
2017-09-11,9.947065893658499,9.994170758514015,9.947065893658499,9.954916954040527,119300
2017-09-12,9.97062251495276,10.009877084636239,9.954921136310553,9.99417495727539,79700
2017-09-13,10.017726937550748,10.0491304397583,10.009875874819222,10.0491304397583,72700
2017-09-14,10.064829412471374,10.072680473327637,10.0255756056268,10.072680473327637,67400
2017-09-15,10.080528128064639,10.088379186268103,10.025572218076643,10.064826011657715,76000
2017-09-18,10.017728719949146,10.064833607282308,10.017728719949146,10.033430099487305,87700
2017-09-19,10.072682879234328,10.072682879234328,10.033428314295248,10.0491304397583,95500
2017-09-20,10.056981842185735,10.056981842185735,9.962770583662337,9.978472709655762,36200
2017-09-21,9.96585804183183,9.997395536347527,9.950088918617391,9.95797348022461,64600
2017-09-22,9.981626531995191,9.981626531995191,9.902783170723664,9.942204475402832,70800
2017-09-25,9.918550374608895,9.965856987333465,9.918550374608895,9.934319496154785,48500
2017-09-26,9.973740461502807,10.005277951623178,9.96585665290752,9.989509582519531,78400
2017-09-27,9.965857623529116,9.965857623529116,9.879128953316375,9.950088500976562,85500
2017-09-28,9.918550573324746,9.9816255569458,9.918550573324746,9.9816255569458,63800
2017-09-29,10.013163907648785,10.021048469256005,9.95797348022461,9.95797348022461,42800
2017-10-02,9.98951011787671,10.005278487825416,9.957972626066184,9.9816255569458,36100
2017-10-03,9.997395215434453,10.013163586229552,9.950088599222843,9.97374153137207,45900
2017-10-04,9.981626092726199,9.997395215434453,9.942204037868716,9.97374153137207,33800
2017-10-05,9.973741315068333,9.981625876251465,9.934320012978949,9.96585750579834,21100
2017-10-06,9.950088599222843,10.005279024875426,9.926435667073617,9.97374153137207,70500
2017-10-09,9.9658577219311,9.97374153137207,9.950088599222843,9.97374153137207,25000
2017-10-10,9.96585804183183,9.981626413133087,9.950088918617391,9.95797348022461,51200
2017-10-11,9.97374153137207,9.97374153137207,9.957973160576971,9.97374153137207,31500
2017-10-12,9.973738024997948,9.997391700744629,9.973738024997948,9.997391700744629,25800
2017-10-13,9.99739507834025,10.036816380743993,9.99739507834025,10.028932571411133,25400
2017-10-16,10.01316398416993,10.021048545837402,9.98162648941322,10.021048545837402,35800
2017-10-17,10.013160705566406,10.044698189996815,9.989507780221835,10.013160705566406,24300
2017-10-18,10.013160705566406,10.036813630910979,9.989507780221835,10.013160705566406,96000
2017-10-19,10.036815944670042,10.060469627380371,10.028932135679712,10.060469627380371,39500
2017-10-20,10.036813630910979,10.036813630910979,9.973738662050161,10.013160705566406,37200
2017-10-23,10.00049469970784,10.02424863223774,9.984658241271973,9.984658241271973,78200
2017-10-24,10.000492727400832,10.016328427589666,9.95298411658683,9.968820571899414,40800
2017-10-25,9.929234588633863,9.94507105096398,9.850053787231445,9.850053787231445,50200
2017-10-26,9.86588898159541,9.889642916913639,9.818380355834961,9.818380355834961,70100
2017-10-27,9.818378198379122,9.826296426786605,9.755033881366908,9.778788566589355,95100
2017-10-30,9.810457755382705,9.865883827209473,9.810457755382705,9.865883827209473,82400
2017-10-31,9.850053787231445,9.873808480726622,9.842136311190472,9.850053787231445,41900
2017-11-01,9.873802876376047,9.889638574593768,9.842130724816945,9.857966423034668,52400
2017-11-02,9.857966617550595,9.881720542907715,9.826294465366544,9.881720542907715,84500
2017-11-03,9.857968649393415,9.889640808105469,9.81046078888725,9.889640808105469,71200
2017-11-06,9.88172233472279,9.945067405700684,9.865886633321173,9.945067405700684,49000
2017-11-07,9.93714917743797,9.945067405700684,9.921312720912544,9.945067405700684,44500
2017-11-08,9.952983793852594,9.96090202125213,9.905475939702825,9.937148094177246,71200
2017-11-09,9.929231831774015,9.952985763549805,9.913396128964779,9.952985763549805,17500
2017-11-10,9.905477899998225,9.952985763549805,9.889641442065113,9.952985763549805,28100
2017-11-13,9.952984878839587,9.968821335365012,9.921312720912544,9.945067405700684,39700
2017-11-14,9.929232402423391,10.032167119532813,9.929232402423391,10.000494956970215,98600
2017-11-15,10.008411158463757,10.087591171264648,10.000492930646537,10.087591171264648,91900
2017-11-16,10.071758657328242,10.095512593171572,10.024250030517578,10.024250030517578,63000
2017-11-17,10.040084451461256,10.048001925051215,9.984657605588431,10.016329765319824,47900
2017-11-20,9.98465792429215,9.992576153258707,9.945068289707125,9.952985763549805,55400
2017-11-21,9.95298544585704,10.071756611192647,9.91339581253569,10.016329765319824,77800
2017-11-22,10.05131848918512,10.059269905090332,9.971798263244366,10.059269905090332,52100
2017-11-24,10.05132007598877,10.05132007598877,9.995655605698051,10.05132007598877,27400
2017-11-27,10.035416134358169,10.035416134358169,9.99565601348877,9.99565601348877,27400
2017-11-28,10.003607397231837,10.019511747664755,9.947943687438965,9.947943687438965,77600
2017-11-29,9.892280259854786,9.924088205705331,9.876376666110136,9.884328842163086,78800
2017-11-30,9.884326418793233,9.90023000863875,9.836614132534553,9.876374244689941,143600
2017-12-01,9.916134915024491,9.916134915024491,9.83661468623752,9.852519035339355,90800
2017-12-04,9.836614132534553,9.876374244689941,9.820710542689035,9.876374244689941,80200
2017-12-05,9.852519390697475,9.971798979818972,9.828662866184269,9.908183097839355,71700
2017-12-06,9.924085773797804,10.01155817222254,9.924085773797804,9.955894470214844,67700
2017-12-07,9.955896650980598,9.99565601348877,9.939992299288347,9.99565601348877,92300
2017-12-08,9.963847160339355,10.003607277584933,9.94794356845782,9.963847160339355,56200
2017-12-11,9.955896650980598,9.99565601348877,9.939992299288347,9.99565601348877,35300
2017-12-12,9.963848327608826,9.963848327608826,9.876376666110136,9.884328842163086,79000
2017-12-13,9.860471243801017,9.908183536579022,9.852519826972323,9.90023136138916,111000
2017-12-14,9.892275778276458,9.924083709716797,9.87637219173674,9.924083709716797,56400
2017-12-15,9.90023136138916,9.932039303787441,9.876375594180741,9.90023136138916,88200
2017-12-18,9.876374244689941,9.90023000863875,9.86046989648336,9.876374244689941,79300
2017-12-19,9.860471243801017,9.916135711768884,9.828663301402736,9.90023136138916,140900
2017-12-20,9.868422982011813,9.947943213666898,9.828662866184269,9.908183097839355,87300
2017-12-21,9.911377187319738,9.927350763730066,9.855471193207677,9.919363975524902,95200
2017-12-22,9.895402156403824,9.919361753991296,9.855468985983453,9.863455772399902,95100
2017-12-26,9.863455772399902,9.879428583570926,9.82352260197953,9.863455772399902,88200
2017-12-27,9.847482199567004,9.887415369987375,9.799563004392057,9.863455772399902,112800
2017-12-28,9.863454665425262,9.919360640742335,9.855467879905168,9.903387069702148,65200
2017-12-29,9.903388181158398,9.919361753991296,9.863455772399902,9.863455772399902,84200
2018-01-02,9.887414260323752,9.935333450120732,9.847481094385076,9.903387069702148,79000
2018-01-03,9.935338504356034,9.999232059358468,9.935338504356034,9.99124526977539,119000
2018-01-04,9.983258735825174,9.983258735825174,9.95929912812461,9.96728515625,57200
2018-01-05,9.96728515625,9.991245525612761,9.943325548549435,9.96728515625,62100
2018-01-08,9.999230426935105,10.015203241831442,9.951310458921993,10.007216453552246,90000
2018-01-09,9.975271946037587,9.999232315400349,9.96728515625,9.96728515625,103000
2018-01-10,9.943322212474742,9.983255386352539,9.903389038596943,9.983255386352539,94800
2018-01-11,9.983258735825174,10.00721834352574,9.951312338337022,9.96728515625,49300
2018-01-12,9.951311557419485,9.967284374079014,9.911378373277454,9.927351951599121,51400
2018-01-16,9.927349603947244,9.967282016983791,9.91137602940306,9.951309204101562,52100
2018-01-17,9.967282501956886,9.967282501956886,9.927350086977366,9.935336112976074,36400
2018-01-18,9.919365162438288,9.927351951599121,9.88741876745709,9.927351951599121,58000
2018-01-19,9.927349573946595,9.927349573946595,9.879429612120814,9.911375999450684,53000
2018-01-22,9.903390399114574,9.927350763730066,9.895404372571454,9.919363975524902,39700
2018-01-23,9.938613406726091,9.938613406726091,9.882462529860137,9.906527519226074,92400
2018-01-24,9.882464717223717,9.898508047018673,9.794228698315674,9.810271263122559,120400
2018-01-25,9.818292617797852,9.826314282441874,9.786206724209809,9.818292617797852,87400
2018-01-26,9.84235550417954,9.84235550417954,9.625775195095704,9.714011192321777,367200
2018-01-29,9.705990454413094,9.705990454413094,9.617753690744314,9.689947128295898,191700
2018-01-30,9.6177566826772,9.625778348231211,9.473370527645661,9.513477325439453,235000
2018-01-31,9.513473027396387,9.545558910128383,9.43325870306029,9.441280364990234,148100
2018-02-01,9.449306346190431,9.465349678682538,9.40117787869051,9.433263778686523,89800
2018-02-02,9.401178039742089,9.401178039742089,9.312941239500317,9.320962905883789,164100
2018-02-05,9.33700559502573,9.345026495868089,9.288876365030786,9.31294059753418,112800
2018-02-06,9.280854719287383,9.353048181941972,9.280854719287383,9.337005615234375,64200
2018-02-07,9.369091502294172,9.48139176407587,9.369091502294172,9.465349197387695,115400
2018-02-08,9.457328642418634,9.521500446685346,9.425242740285277,9.505457878112793,186500
2018-02-09,9.505456761590368,9.505456761590368,9.409198301508686,9.465349197387695,175700
2018-02-12,9.465348719344842,9.505456281521903,9.44930538847877,9.497434616088867,126600
2018-02-13,9.481392864703157,9.585672237739896,9.481392864703157,9.569629669189453,126100
2018-02-14,9.54555898626262,9.641817400214139,9.54555898626262,9.633795738220215,158500
2018-02-15,9.61775541559297,9.657862973090953,9.609733751095769,9.64984130859375,86000
2018-02-16,9.641823908138027,9.665888145374604,9.641823908138027,9.657866477966309,34000
2018-02-20,9.657859959214198,9.665881621208124,9.609730752238438,9.633795738220215,69700
2018-02-21,9.633800998334992,9.633800998334992,9.537543296813965,9.537543296813965,142800
2018-02-22,9.550426030542877,9.566531671181862,9.469900131225586,9.469900131225586,147500
2018-02-23,9.486005003905358,9.502110644544345,9.413531156948348,9.469900131225586,214900
2018-02-26,9.510164260864258,9.518216313898494,9.486005797883717,9.510164260864258,75700
2018-02-27,9.534321955885522,9.542374776879036,9.453795281868938,9.510164260864258,87200
2018-02-28,9.494058618877231,9.534321955885522,9.477953744849481,9.510164260864258,110400
2018-03-01,9.502110792379893,9.53432130619979,9.405479250920207,9.413531303405762,138000
2018-03-02,9.389372825622559,9.42158333675152,9.365215134265629,9.389372825622559,82500
2018-03-05,9.389372999324243,9.405478639166256,9.357162487599393,9.373268127441406,35300
2018-03-06,9.357165336608887,9.381323035768112,9.349112514236008,9.357165336608887,100200
2018-03-07,9.357161694247845,9.357161694247845,9.32495118525398,9.341056823730469,102200
2018-03-08,9.324954815076785,9.365218158981765,9.324954815076785,9.357165336608887,66600
2018-03-09,9.341058402278087,9.405479431152344,9.341058402278087,9.405479431152344,61200
2018-03-12,9.413526701911026,9.445737199985873,9.357158522269756,9.397421836853027,69000
2018-03-13,9.421583511049093,9.421583511049093,9.349109667678386,9.373268127441406,64100
2018-03-14,9.349108538187098,9.38937186496863,9.341056487198056,9.381319046020508,111400
2018-03-15,9.381319046020508,9.397424683916755,9.365214176083343,9.381319046020508,77500
2018-03-16,9.373266995031468,9.381319046020508,9.35716135713522,9.381319046020508,66100
2018-03-19,9.333003997802734,9.341056817035208,9.300793488831955,9.333003997802734,143900
2018-03-20,9.308845349353478,9.341055855006921,9.300792530950359,9.324950218200684,58600
2018-03-21,9.300792530950359,9.324950218200684,9.300792530950359,9.324950218200684,60900
2018-03-22,9.362140655517578,9.370225590750389,9.297462715698813,9.362140655517578,76300
2018-03-23,9.32171776911855,9.32171776911855,9.281293859558545,9.305548667907715,74400
2018-03-26,9.281292845233192,9.370225590750389,9.24895387532381,9.362140655517578,102900
2018-03-27,9.329800549364414,9.39447848130628,9.313631451889831,9.386393547058105,102800
2018-03-28,9.378308879470842,9.434901874120989,9.313630951007324,9.426816940307617,84700
2018-03-29,9.394477976075859,9.451070970726006,9.394477976075859,9.426816940307617,54600
2018-04-02,9.483408336473937,9.483408336473937,9.434900283813477,9.434900283813477,59900
2018-04-03,9.451070970726006,9.459155904539378,9.418732006494247,9.426816940307617,38500
2018-04-04,9.475326538085938,9.475326538085938,9.434902636773218,9.475326538085938,96700
2018-04-05,9.44299106058751,9.467245101928711,9.434906123133086,9.467245101928711,22000
2018-04-06,9.515748978448844,9.5238331406528,9.475325083342392,9.491494178771973,39400
2018-04-09,9.49958165972834,9.49958165972834,9.45915775378044,9.48341178894043,32900
2018-04-10,9.491494178771973,9.499579111997596,9.46724015011677,9.491494178771973,63200
2018-04-11,9.499582290649414,9.515752162511259,9.483412418787571,9.499582290649414,59100
2018-04-12,9.48341178894043,9.49958165972834,9.467242689174396,9.48341178894043,80300
2018-04-13,9.475328253878578,9.507667226580336,9.459158382016733,9.499582290649414,63500
2018-04-16,9.47532762456835,9.49958165972834,9.418733847832542,9.48341178894043,70900
2018-04-17,9.475329486720074,9.483413652680905,9.38639672195269,9.394481658935547,92600
2018-04-18,9.39447848130628,9.41064834980263,9.370224449583523,9.386393547058105,82200
2018-04-19,9.38639672195269,9.394481658935547,9.345973579082454,9.394481658935547,92900
2018-04-20,9.370224449583523,9.418732513029038,9.370224449583523,9.386393547058105,52600
2018-04-23,9.375032424926758,9.39126584451324,9.358798231251313,9.375032424926758,56700
2018-04-24,9.39126335175764,9.399380446440814,9.350679426519283,9.366912841796875,91800
2018-04-25,9.34256495768236,9.34256495768236,9.310097343912986,9.334447860717773,96100
2018-04-26,9.34256481166483,9.383149521764478,9.334447714827109,9.375032424926758,77700
2018-04-27,9.358798231251313,9.399382941350963,9.358798231251313,9.375032424926758,51800
2018-04-30,9.38314954637058,9.399382965999633,9.375032449511572,9.391265869140625,41000
2018-05-01,9.39126584451324,9.399382941350963,9.334447714827109,9.375032424926758,83300
2018-05-02,9.37502823912286,9.391261651461377,9.358794052695728,9.383145332336426,42700
2018-05-03,9.38314865702398,9.456200199564247,9.375031560934321,9.448083877563477,72100
2018-05-04,9.439966781473817,9.456200199564247,9.431849685384158,9.448083877563477,51200
2018-05-07,9.431848526000977,9.456199037187849,9.415615109905994,9.431848526000977,37400
2018-05-08,9.456199037187849,9.456199037187849,9.399380919722217,9.431848526000977,53800
2018-05-09,9.407497435125045,9.431847944811441,9.407497435125045,9.423730850219727,36600
2018-05-10,9.423730850219727,9.448082133994868,9.415614529716759,9.423730850219727,73500
2018-05-11,9.423732731690214,9.464317438662869,9.407499313354492,9.407499313354492,43900
2018-05-14,9.407500494294796,9.472435723966921,9.407500494294796,9.43996810913086,84800
2018-05-15,9.415616409566804,9.415616409566804,9.39938221714218,9.407499313354492,101700
2018-05-16,9.407495837888511,9.415612931102077,9.37502823912286,9.383145332336426,46100
2018-05-17,9.375032424926758,9.39126584451324,9.366915328089036,9.375032424926758,81600
2018-05-18,9.366914169197718,9.38314836086464,9.358797073364258,9.358797073364258,88400
2018-05-21,9.366915352652564,9.423733482487695,9.366915352652564,9.391265869140625,65200
2018-05-22,9.38314954637058,9.407500062858642,9.38314954637058,9.391265869140625,34700
2018-05-23,9.404304504394531,9.428752218852434,9.396155007182285,9.404304504394531,42700
2018-05-24,9.420605454491096,9.477650392461403,9.420605454491096,9.46135139465332,93800
2018-05-25,9.461351644157117,9.51024786169181,9.461351644157117,9.47765064239502,110000
2018-05-29,9.518396803134657,9.526545524597168,9.485799585747715,9.526545524597168,97900
2018-05-30,9.518394801491917,9.567290228700527,9.49394631070881,9.550992012023926,67900
2018-05-31,9.526541699076683,9.567288398742676,9.518392980886407,9.567288398742676,59300
2018-06-01,9.567287369245026,9.567287369245026,9.493943473174212,9.510242462158203,67900
2018-06-04,9.51839736081076,9.51839736081076,9.461351644157117,9.47765064239502,51300
2018-06-05,9.461351644157117,9.493948863453907,9.461351644157117,9.47765064239502,83600
2018-06-06,9.477650392461403,9.477650392461403,9.45320267292827,9.46135139465332,53600
2018-06-07,9.46135139465332,9.477650392461403,9.45320267292827,9.46135139465332,79500
2018-06-08,9.461347231671473,9.47764622230802,9.45319851353185,9.469496726989746,39000
2018-06-11,9.477650392461403,9.477650392461403,9.445053174024228,9.46135139465332,66700
2018-06-12,9.469496726989746,9.47764622230802,9.45319851353185,9.469496726989746,72500
2018-06-13,9.453201996519764,9.461350717661746,9.43690299987793,9.43690299987793,82600
2018-06-14,9.45320267292827,9.485799891365444,9.428754176216145,9.46135139465332,249700
2018-06-15,9.445053423098228,9.493948863453907,9.445053423098228,9.47765064239502,86300
2018-06-18,9.48579475586079,9.510242462158203,9.461346272384805,9.510242462158203,66900
2018-06-19,9.510248856244983,9.542846078950692,9.461352633596873,9.534696578979492,85000
2018-06-20,9.510248856244983,9.575443301656401,9.510248856244983,9.534696578979492,63800
2018-06-21,9.531418320930543,9.629596710205078,9.531418320930543,9.629596710205078,68100
2018-06-22,9.613234703242233,9.629598030446868,9.58050882907935,9.596871376037598,41100
2018-06-25,9.588690435470344,9.588690435470344,9.547782897949219,9.547782897949219,36300
2018-06-26,9.539601646502701,9.605053397265438,9.539601646502701,9.580509185791016,75500
2018-06-27,9.57232752188407,9.580509185791016,9.555964974316593,9.580509185791016,49300
2018-06-28,9.555965701290745,9.57232825010301,9.531420707702637,9.531420707702637,91000
2018-06-29,9.547784712150179,9.5559663772583,9.531421381933935,9.5559663772583,224500
2018-07-02,9.564145857977124,9.580509185791016,9.523239098935225,9.580509185791016,677800
2018-07-03,9.564146041870117,9.564146041870117,9.55596515805229,9.564146041870117,26900
2018-07-05,9.555968839056218,9.58051306045711,9.515061283223579,9.523242950439453,59700
2018-07-06,9.52323776502356,9.539600310299148,9.47414856870418,9.490511894226074,86000
2018-07-09,9.474149647554034,9.498693858385494,9.416879562198496,9.425061225891113,73500
2018-07-10,9.425062866655484,9.46596963174705,9.425062866655484,9.433243751525879,51800
2018-07-11,9.449606034021784,9.474150246404657,9.425061821638911,9.441424369812012,104700
2018-07-12,9.457786023428591,9.490511894226074,9.425060152631106,9.490511894226074,99900
2018-07-13,9.47415097351412,9.523240182293742,9.47415097351412,9.515058517456055,46200
2018-07-16,9.506876494361002,9.547784036761374,9.506876494361002,9.531420707702637,63500
2018-07-17,9.51505815889037,9.555965701290745,9.51505815889037,9.531420707702637,91600
2018-07-18,9.523238744355899,9.605053039639916,9.523238744355899,9.596871376037598,103700
2018-07-19,9.580510547275093,9.62141809237677,9.580510547275093,9.613236427307129,86000
2018-07-20,9.596875095921666,9.61323842946896,9.596875095921666,9.605056762695312,16900
2018-07-23,9.582063771352503,9.631328441887929,9.582063771352503,9.590274810791016,45800
2018-07-24,9.598485946655273,9.631329324370814,9.573853609130593,9.598485946655273,105900
2018-07-25,9.582061767578125,9.639537465532902,9.582061767578125,9.582061767578125,76000
2018-07-26,9.598485946655273,9.639540364561672,9.590275689512309,9.598485946655273,64400
2018-07-27,9.59848487383403,9.623117991653363,9.5738525390625,9.5738525390625,82600
2018-07-30,9.57385339688138,9.590275476899023,9.54922105990279,9.565642356872559,46000
2018-07-31,9.549222946166992,9.573855288011226,9.549222946166992,9.549222946166992,76100
2018-08-01,9.557432099911612,9.565642356872559,9.532798979885147,9.565642356872559,67400
2018-08-02,9.549219033872177,9.582062403891305,9.532796957338759,9.541007995605469,58600
2018-08-03,9.532798979885147,9.57385339688138,9.532798979885147,9.565642356872559,54200
2018-08-06,9.557433987797747,9.573855288011226,9.541011904536239,9.549222946166992,48900
2018-08-07,9.54101104657216,9.573854427093748,9.54101104657216,9.557433128356934,74200
2018-08-08,9.557432727083627,9.557432727083627,9.491745968798346,9.508167266845703,86000
2018-08-09,9.499956321450194,9.524589443339845,9.499956321450194,9.516378402709961,90600
2018-08-10,9.434270320435427,9.508168125945303,9.434270320435427,9.499957084655762,77500
2018-08-13,9.508168409180264,9.532800750734653,9.508168409180264,9.524590492248535,54300
2018-08-14,9.516379562692006,9.549222946166992,9.516379562692006,9.549222946166992,59900
2018-08-15,9.541007362018576,9.614905135416233,9.541007362018576,9.582061767578125,131000
2018-08-16,9.573853609130593,9.598485946655273,9.573853609130593,9.598485946655273,56200
2018-08-17,9.58206464932145,9.606696986846131,9.58206464932145,9.598485946655273,73100
2018-08-20,9.614909172058105,9.614909172058105,9.598487089720715,9.614909172058105,24100
2018-08-21,9.590275689512309,9.623119067227847,9.590275689512309,9.598485946655273,72500
2018-08-22,9.59027673706631,9.606698036193848,9.56564361380304,9.606698036193848,53700
2018-08-23,9.600104553149146,9.64130687713623,9.575383473104482,9.64130687713623,64400
2018-08-24,9.649548530578613,9.649548530578613,9.641307907726537,9.649548530578613,62700
2018-08-27,9.649544795986642,9.657785415649414,9.641304176323873,9.657785415649414,58200
2018-08-28,9.666028022766113,9.674268644793237,9.657788186607961,9.666028022766113,64100
2018-08-29,9.666025249443438,9.67426586910621,9.649544795986642,9.657785415649414,58300
2018-08-30,9.64954742117748,9.666027879117838,9.633066177368164,9.633066177368164,58400
2018-08-31,9.666028022766113,9.674268644793237,9.657788186607961,9.666028022766113,42900
2018-09-04,9.674268579152104,9.674268579152104,9.624826419062776,9.64130687713623,42800
2018-09-05,9.624827244393126,9.633067081201938,9.591865539550781,9.591865539550781,40700
2018-09-06,9.575384294195093,9.616586621715282,9.575384294195093,9.591865539550781,43300
2018-09-07,9.550665837252838,9.567146301269531,9.550665837252838,9.567146301269531,50300
2018-09-10,9.558903834708437,9.624827244393126,9.558903834708437,9.591865539550781,49300
2018-09-11,9.575386869346534,9.608348583053418,9.542425155639648,9.542425155639648,52500
2018-09-12,9.50946052661911,9.550662852588639,9.50946052661911,9.517701148986816,99500
2018-09-13,9.509456795788264,9.558899724727628,9.509456795788264,9.525938034057617,80100
2018-09-14,9.501219826918117,9.525941693820018,9.501219826918117,9.50946044921875,78800
2018-09-17,9.484739148271865,9.49297977038143,9.460017281943168,9.468257904052734,56200
2018-09-18,9.443535726132367,9.468256803719177,9.435295104980469,9.435295104980469,49500
2018-09-19,9.410575943637376,9.451778271917874,9.410575943637376,9.418816566467285,111800
2018-09-20,9.402336333055178,9.443538665771484,9.394095709338089,9.443538665771484,53600
2018-09-21,9.370750738366965,9.445187543485694,9.370750738366965,9.412104606628418,64000
2018-09-24,9.395566812007111,9.428649763188975,9.33767184462879,9.35421371459961,154700
2018-09-25,9.321130763417745,9.35421371459961,9.312859828432336,9.35421371459961,76800
2018-09-26,9.329400090082057,9.3955659866333,9.32112994458293,9.3955659866333,139100
2018-09-27,9.362483882400364,9.420379638671875,9.354213736155671,9.420379638671875,141300
2018-09-28,9.412104631719082,9.44518756866455,9.412104631719082,9.44518756866455,63300
2018-10-01,9.445188191143279,9.445188191143279,9.34593937376595,9.37075138092041,40200
2018-10-02,9.362480448949094,9.395563388074871,9.34593937376595,9.37075138092041,86200
2018-10-03,9.337668780699588,9.362480788754585,9.26323196777508,9.288043975830078,191900
2018-10-04,9.221880485565263,9.26323436888254,9.13917350769043,9.13917350769043,138300
2018-10-05,9.08127771595934,9.139173467855061,9.031653687202683,9.039924621582031,143700
2018-10-08,9.006837844848633,9.048190921650566,8.998566913984495,9.006837844848633,84400
2018-10-09,9.006841123197344,9.056465148925781,8.982028321573457,9.056465148925781,105800
2018-10-10,8.990298941092751,9.023381886674818,8.973757862681538,8.982028007507324,1638700
2018-10-11,8.973756264386155,9.073005083455374,8.973756264386155,9.023380279541016,125400
2018-10-12,9.006837844848633,9.064732783378842,8.982025052256217,9.006837844848633,125500
2018-10-15,8.990299921362542,9.089548768930477,8.990299921362542,9.048194885253906,63100
2018-10-16,9.048193563717922,9.122630385711917,9.048193563717922,9.097818374633789,110700
2018-10-17,9.089547476424858,9.21360910981339,9.089547476424858,9.163984298706055,158800
2018-10-18,9.172253632025656,9.230148577585444,9.155711768288873,9.205336570739746,200800
2018-10-19,9.155716504780868,9.21361226905113,9.155716504780868,9.172258377075195,98800
2018-10-22,9.180526866909654,9.230150893049673,9.13090205200996,9.221879959106445,105500
2018-10-23,9.198635428677193,9.2318434673758,9.182031805198937,9.223541259765625,60900
2018-10-24,9.215239186217342,9.298258881167799,9.173728942871094,9.173728942871094,232800
2018-10-25,9.165425438855891,9.190331264642406,9.107311581440047,9.132217407226562,297600
2018-10-26,9.107311719823945,9.148821957926828,9.090707307886017,9.09900951385498,71800
2018-10-29,9.057499138125092,9.173727644698705,9.049196932282277,9.132217407226562,166500
2018-10-30,9.057497726471409,9.190329832286213,9.007686082661758,9.140518188476562,175800
2018-10-31,9.099012368502239,9.115615993907308,9.04919990880265,9.08240795135498,112300
2018-11-01,9.05750103815391,9.148823738098145,9.05750103815391,9.148823738098145,173900
2018-11-02,9.099011894420359,9.115615518960338,9.074106061739316,9.090709686279297,62300
2018-11-05,9.090708589162189,9.132218833115669,9.090708589162189,9.123916625976562,48600
2018-11-06,9.115615518960338,9.140522143383526,9.090709686279297,9.090709686279297,54300
2018-11-07,9.090709076749425,9.157125153940452,9.090709076749425,9.148823738098145,50200
2018-11-08,9.132219322929341,9.157125153940452,9.132219322929341,9.148823738098145,116700
2018-11-09,9.190333076782698,9.273353568096876,9.173729453565112,9.256749153137207,84800
2018-11-12,9.273351322948455,9.28995494214618,9.231841087341309,9.231841087341309,68000
2018-11-13,9.27335470614676,9.339770790652022,9.265052497648057,9.33146858215332,56700
2018-11-14,9.314862582324146,9.348070616111281,9.314862582324146,9.339768409729004,81700
2018-11-15,9.33146858215332,9.414489083655987,9.289958331401985,9.33146858215332,179600
2018-11-16,9.331464311805199,9.381276748259623,9.314860694148269,9.35637092590332,68400
2018-11-19,9.35637282249356,9.35637282249356,9.323163996964446,9.339768409729004,62400
2018-11-20,9.314863195290318,9.364674853377895,9.231842709488314,9.298258781433105,116900
2018-11-21,9.31659342231475,9.358259124497547,9.308259963989258,9.308259963989258,82000
2018-11-23,9.324924383312712,9.349924753724455,9.274925231933594,9.274925231933594,81200
2018-11-26,9.3184232711792,9.360246793603547,9.284963974600188,9.3184232711792,48700
2018-11-27,9.310059422255488,9.418802349290557,9.284965146088213,9.393707275390625,204200
2018-11-28,9.36024564872761,9.443894278810136,9.36024564872761,9.427165031433105,130600
2018-11-29,9.435529543964169,9.59446178642065,9.435529543964169,9.58609676361084,61300
2018-11-30,9.544273416973784,9.63628708176515,9.544273416973784,9.627922058105469,85400
2018-12-03,9.627922665021996,9.686476238865687,9.58609834181967,9.636287689208984,70400
2018-12-04,9.63628662407484,9.719934463500977,8.783073396893567,9.719934463500977,201400
2018-12-06,9.686476722986143,9.728301048278809,9.686476722986143,9.728301048278809,154400
2018-12-07,9.686477661132812,9.71157193964576,9.678112635717586,9.686477661132812,66900
2018-12-10,9.694841850439703,9.745030403137207,9.694841850439703,9.745030403137207,58200
2018-12-11,9.71993671862355,9.745030996500263,9.686477415543697,9.71157169342041,96900
2018-12-12,9.703207711963264,9.745031243573933,9.66974840803509,9.686477661132812,75800
2018-12-13,9.67810871587195,9.69483875992637,9.64464942549552,9.669744491577148,101800
2018-12-14,9.661379469549939,9.71156800624838,9.63628520120072,9.669744491577148,81300
2018-12-17,9.594465255737305,9.686478146719239,9.594465255737305,9.594465255737305,120900
2018-12-18,9.602827592461033,9.661381964037336,9.594463366006657,9.636287689208984,77500
2018-12-19,9.61956024798174,9.67811383769495,9.594465966352198,9.661384582519531,84200
2018-12-20,9.675760006088156,9.751880627494906,9.591182165215358,9.633471488952637,123800
2018-12-21,9.641928708418684,9.667302786622109,9.608097410749213,9.633471488952637,112300
2018-12-24,9.64192859677843,9.658844648718182,9.62501335144043,9.62501335144043,59000
2018-12-26,9.616556753704787,9.641930028781056,9.565810203552246,9.565810203552246,96000
2018-12-27,9.591178467590005,9.650383014036391,9.515057875529536,9.54888916015625,170800
2018-12-28,9.548889607815692,9.565805654222812,9.48968505859375,9.48968505859375,168500
2018-12-31,9.489688837159374,9.540435383383809,9.48123081058803,9.498146057128906,170100
2019-01-02,9.548890085563615,9.658841972906515,9.523516821284954,9.650383949279785,99200
2019-01-03,9.667301893862609,9.768795777498228,9.650385843289163,9.743422508239746,121500
2019-01-04,9.743421134548417,9.777252424323866,9.6165531929393,9.701131820678711,117100
2019-01-07,9.709589422858144,9.794168053948498,9.709589422858144,9.75187873840332,60600
2019-01-08,9.802627288967557,9.887205123901367,9.768795993673692,9.887205123901367,96300
2019-01-09,9.853376315815566,9.87875039864222,9.80262976336608,9.836461067199707,189800
2019-01-10,9.853376315815566,9.870292371033335,9.80262976336608,9.836461067199707,169500
2019-01-11,9.895662420400642,9.904120445251467,9.87028915244982,9.904120445251465,107400
2019-01-14,9.937952041625977,9.954868091844354,9.887204697572514,9.937952041625977,105600
2019-01-15,9.921037487640437,9.929495514025216,9.89566421508789,9.89566421508789,88700
2019-01-16,9.895662959684413,9.921036229018004,9.844916421017231,9.861831665039062,108300
2019-01-17,9.870290756225586,9.887206002074064,9.844917484151983,9.870290756225586,98200
2019-01-18,9.861831854081395,9.904121174849154,9.82800055878753,9.887205123901367,118900
2019-01-22,9.87874698638916,9.895662229162266,9.853372912327057,9.87874698638916,232300
2019-01-23,9.872800813133603,9.923779487609863,9.872800813133603,9.923779487609863,222400
2019-01-24,9.932273491017904,10.025734242549838,9.915281142734713,10.017237663269043,254000
2019-01-25,10.017237368722945,10.034230526784867,10.008740789691984,10.025733947753906,65800
2019-01-28,10.00024671763348,10.025735648772574,9.940771464604246,9.957764625549316,402400
2019-01-29,9.991751670837402,9.991751670837402,9.97475850728398,9.991751670837402,74800
2019-01-30,10.025733947753906,10.059719453599374,10.008740789691984,10.025733947753906,104800
2019-01-31,10.042727832379601,10.068217573373188,10.025735481995708,10.059720993041992,130000
2019-02-01,10.093703563329385,10.102200141185138,10.034229138895641,10.085206985473633,51200
2019-02-04,10.076714596115197,10.076714596115197,10.025736728347693,10.051225662231445,140700
2019-02-05,10.068217573373188,10.076713343425885,10.025735481995708,10.059720993041992,42100
2019-02-06,10.068218231201172,10.093707163581632,10.034232717934373,10.068218231201172,28600
2019-02-07,10.051223534812825,10.068216693990994,10.017238026734917,10.034231185913086,59600
2019-02-08,10.02573512062653,10.076712980219254,10.02573512062653,10.04272747039795,84300
2019-02-11,10.034234239647708,10.102205276489258,10.034234239647708,10.102205276489258,139300
2019-02-12,10.068218231201172,10.10220374446797,10.068218231201172,10.068218231201172,73500
2019-02-13,10.059720545321646,10.119194984436035,10.042727385415558,10.119194984436035,48900
2019-02-14,10.12768958534025,10.195660591125488,10.11919300704752,10.195660591125488,43800
2019-02-15,10.19566497991462,10.229650497436522,10.161679462392717,10.229650497436523,51700
2019-02-19,10.221149810149166,10.238142967224121,10.187164306277582,10.238142967224121,74900
2019-02-20,10.23814668193406,10.314614295959473,10.212657747351795,10.314614295959473,73400
2019-02-21,10.30010667635368,10.317174352720738,10.24037143673219,10.265972137451172,89600
2019-02-22,10.274504661560059,10.300105359004798,10.26597082446798,10.274504661560059,49200
2019-02-25,10.27450552144898,10.291573197061558,10.24037098405539,10.257438659667969,27300
2019-02-26,10.257439113099245,10.291573652001755,10.257439113099245,10.265972137451172,62400
2019-02-27,10.257434588892925,10.334236657175085,10.24036692005384,10.283035278320312,90100
2019-02-28,10.283038498652138,10.308639196096875,10.24037012702324,10.274504661560059,66600
2019-03-01,10.3086359677477,10.3086359677477,10.248900754473382,10.283035278320312,83100
2019-03-04,10.265971058939813,10.300105594256253,10.265971058939813,10.291572570800781,65500
2019-03-05,10.27450144390077,10.300102133328155,10.257434588892925,10.283035278320312,66100
2019-03-06,10.283039813818228,10.291573652001755,10.265972137451172,10.265972137451172,68000
2019-03-07,10.274504698330198,10.393975976552369,10.265970861207578,10.376908302307129,133300
2019-03-08,10.359842300415039,10.402509861901,10.325707762927326,10.359842300415039,106700
2019-03-11,10.368375058542666,10.445177969378493,10.368375058542666,10.385442733764648,67700
2019-03-12,10.393975976552369,10.393975976552369,10.325706907234414,10.376908302307129,96800
2019-03-13,10.368375058542666,10.496380181212896,10.351308197152232,10.385442733764648,117000
2019-03-14,10.385441807919594,10.393975644769808,10.3427734375,10.3427734375,79700
2019-03-15,10.376908959891558,10.385442797554967,10.300106048583984,10.300106048583984,59400
2019-03-18,10.300102830347202,10.317170500341275,10.291569809181462,10.308636665344238,44900
2019-03-19,10.376906471459273,10.445175528732188,10.342771942822816,10.436641693115234,100700
2019-03-20,10.47077703558305,10.47077703558305,10.402507164478777,10.436641693115234,57200
2019-03-21,10.456355202059951,10.490638301711025,10.413501123152718,10.430643081665039,94000
2019-03-22,10.464926611458393,10.507780692127069,10.447784652241483,10.490638732910156,31600
2019-03-25,10.464927028534033,10.490639151010544,10.413501966207377,10.456356048583984,73800
2019-03-26,10.447784345225731,10.533492504044483,10.413501245172947,10.4992094039917,71500
2019-03-27,10.482067781303693,10.5334928417182,10.456355659783242,10.516351699829102,45600
2019-03-28,10.516351699829102,10.542063821349553,10.499209740566396,10.516351699829102,51200
2019-03-29,10.524921215909961,10.542063174120237,10.473496976026247,10.507780075073242,87300
2019-04-01,10.542065396188647,10.593489646911621,10.533494415276909,10.593489646911621,71100
2019-04-02,10.593489138957151,10.602060119457914,10.576347995329314,10.584918975830078,45000
2019-04-03,10.584915774787259,10.60205691323135,10.533490724708104,10.567773818969727,37400
2019-04-04,10.550630569458006,10.56777170447234,10.490634553474644,10.550630569458008,111800
2019-04-05,10.542063821349553,10.567775942870004,10.499209740566396,10.516351699829102,56400
2019-04-08,10.542065396188647,10.593489646911621,10.533494415276909,10.593489646911621,44700
2019-04-09,10.576344796878493,10.60205691323135,10.567773818969727,10.567773818969727,107200
2019-04-10,10.593491767578538,10.644916845969812,10.593491767578538,10.636345863342285,49700
2019-04-11,10.636343311809243,10.644914292380696,10.610631187468586,10.627772331237793,52900
2019-04-12,10.644915050101455,10.644915050101455,10.58491981657814,10.610631942749023,51800
2019-04-15,10.644915050101455,10.644915050101455,10.593489980385932,10.610631942749023,45400
2019-04-16,10.602060119457914,10.602060119457914,10.524922929698427,10.584918975830078,62800
2019-04-17,10.56777170447234,10.584913656859952,10.507776505862255,10.550630569458008,89800
2019-04-18,10.56777667477499,10.56777667477499,10.473498344421387,10.473498344421387,119900
2019-04-22,10.473493538005766,10.499205649507386,10.430639473920875,10.44778060913086,79600
2019-04-23,10.450367662497959,10.484800471067024,10.433150847741969,10.467583656311035,66500
2019-04-24,10.502013619490478,10.570879217970335,10.493405214444824,10.510622024536133,71800
2019-04-25,10.51923314687963,10.545057547744788,10.476191931475764,10.484800338745117,113400
2019-04-26,10.527844836445821,10.570886068625056,10.502020425515568,10.536453247070312,52600
2019-04-29,10.545058383897048,10.622532413578597,10.51923398098419,10.527841567993164,93900
2019-04-30,10.562278478943787,10.588102889874039,10.527844836445821,10.536453247070312,93700
2019-05-01,10.570880610749763,10.605313414526428,10.545056213152963,10.562273025512695,93100
2019-05-02,10.562275199800935,10.562275199800935,10.510625573032247,10.527841567993164,125100
2019-05-03,10.54505443572998,10.605311626946786,10.52783762627223,10.54505443572998,110200
2019-05-06,10.57949215965259,10.588100568389653,10.553667754384445,10.570883750915527,94700
2019-05-07,10.570883207001286,10.622532835823039,10.553667211356034,10.57949161529541,60200
2019-05-08,10.596705829289359,10.622530226886159,10.553664619332828,10.562273025512695,65700
2019-05-09,10.596705715941429,10.648354510582564,10.596705715941429,10.605313301086426,72800
2019-05-10,10.622530113261996,10.622530113261996,10.562272912533075,10.605313301086426,125700
2019-05-13,10.622531625944513,10.656964434256208,10.60531481131721,10.639747619628906,100700
2019-05-14,10.622530937194822,10.639746929762957,10.588098131115702,10.622530937194824,80500
2019-05-15,10.613923218630863,10.665572841569858,10.60531481131721,10.639747619628906,106300
2019-05-16,10.639747619628908,10.674180427940604,10.631140033258163,10.639747619628906,149700
2019-05-17,10.639745733532841,10.691395347315968,10.639745733532841,10.68278694152832,156600
2019-05-20,10.7086132362523,10.7086132362523,10.622531625944513,10.639747619628906,77100
2019-05-21,10.656965665483302,10.691398477773111,10.6483572571751,10.665574073791504,107500
2019-05-22,10.656966067553576,10.674182063876511,10.622533253964672,10.631141662597656,63700
2019-05-23,10.633735156262365,10.685606572559502,10.607799448113795,10.625089645385742,100400
2019-05-24,10.659669844768487,10.69425106048584,10.659669844768487,10.69425106048584,51800
2019-05-28,10.720184378953762,10.754765586970477,10.71153969531036,10.737475395202637,61700
2019-05-29,10.780702616191286,10.797992808768806,10.720184880967288,10.746121406555176,53500
2019-05-30,10.75476755741764,10.780704086542942,10.65966942406842,10.668314933776855,144400
2019-05-31,10.694249525170912,10.806638666237514,10.694249525170912,10.789347648620605,61800
2019-06-03,10.806639721051795,10.841220935179914,10.763412997271352,10.823930740356445,78500
2019-06-04,10.83257486701999,11.031417456365599,10.797993654674816,10.88444709777832,151400
2019-06-05,10.910382350403088,10.936318052470742,10.806638717651367,10.806638717651367,58100
2019-06-06,10.815284251203776,10.884446673196228,10.815284251203776,10.858510971069336,54000
2019-06-07,10.875802089920628,10.9017377942548,10.867156580315513,10.89309310913086,25700
2019-06-10,10.867157419059799,10.970901068884759,10.867157419059799,10.944965362548828,67000
2019-06-11,10.936317069761127,10.979543785643711,10.927672386169434,10.927672386169434,71200
2019-06-12,10.91038600925621,10.979548454284666,10.893095810239787,10.979548454284668,48000
2019-06-13,10.979545169558936,10.988190678721379,10.953609466552734,10.953609466552734,26300
2019-06-14,10.979547954287321,10.979547954287321,10.944966733347888,10.970902442932129,26500
2019-06-17,10.962256383093608,11.00548228549308,10.936319852276439,10.944965362548828,73000
2019-06-18,10.944966806742212,10.96225782956855,10.901740074157715,10.901740074157715,64500
2019-06-19,10.901737236059201,10.97089966039649,10.901737236059201,10.953609466552734,46200
2019-06-20,10.927674684340104,11.00548179991493,10.927674684340104,10.988191604614258,70000
2019-06-21,10.99079227051901,11.016836570458304,10.95606626128883,10.973429679870605,59900
2019-06-24,11.01683944222633,11.01683944222633,10.973432540323719,10.990795135498047,110400
2019-06-25,10.982114794606954,10.990796507244463,10.956070484628116,10.964752197265625,68000
2019-06-26,10.964747970579719,10.99079227051901,10.947384551997944,10.973429679870605,39000
2019-06-27,10.999476432800293,11.034202449774712,10.973432127052865,10.999476432800293,82500
2019-06-28,11.025521153780284,11.03420286533424,10.990795135498047,10.990795135498047,31400
2019-07-01,10.982111775489388,11.051563801628864,10.982111775489388,11.042882919311523,104700
2019-07-02,11.042884537165651,11.086292266845703,11.042884537165651,11.086292266845703,69200
2019-07-03,11.077611506254202,11.112337527392498,11.060248081718226,11.103655815124512,44700
2019-07-05,11.086292681390814,11.086292681390814,11.025521526392922,11.077610969543457,61100
2019-07-08,11.07760893442081,11.103653237244544,11.025519500839884,11.060245513916016,58500
2019-07-09,11.051565420754798,11.103654861957574,11.051565420754798,11.086292266845703,61400
2019-07-10,11.121018947124838,11.147063255310059,11.094973811005989,11.147063255310059,128300
2019-07-11,11.164422573146298,11.173104282636627,11.1383782726087,11.155741691589355,58400
2019-07-12,11.147063377587594,11.181789398193358,11.12101906911668,11.18178939819336,77000
2019-07-15,11.164425558972827,11.233877597603016,11.164425558972827,11.207833290100098,53100
2019-07-16,11.199147901410381,11.242555618286133,11.181785311420082,11.242555618286133,49300
2019-07-17,11.242560625662875,11.329376098081529,11.242560625662875,11.312012672424316,79900
2019-07-18,11.31201303129686,11.398828506469727,11.31201303129686,11.398828506469727,46900
2019-07-19,11.424872695311786,11.424872695311786,11.355420647091886,11.381464958190918,43400
2019-07-22,11.398827136454026,11.442234868823318,11.372782828205901,11.424871444702148,70400
2019-07-23,11.410055138267168,11.410055138267168,11.288022165152713,11.31417179107666,98000
2019-07-24,11.349038124084473,11.383904566179044,11.32288766905238,11.349038124084473,88400
2019-07-25,11.322887293782314,11.366470552776454,11.296737670898438,11.296737670898438,111300
2019-07-26,11.288021226957806,11.349038124084473,11.261871603207263,11.349038124084473,86800
2019-07-29,11.322887919328993,11.4187712606696,11.288021476463745,11.401337623596191,49600
2019-07-30,11.383903316515912,11.532085055690098,11.36646968174162,11.514652252197266,85700
2019-07-31,11.505936280023546,11.575669161680295,11.497219461996071,11.549519538879395,63600
2019-08-01,11.549517010912997,11.610533061187036,11.497216945477149,11.50593376159668,98500
2019-08-02,11.505936172933147,11.610535494444724,11.505936172933147,11.584385871887207,29600
2019-08-05,11.58438430081827,11.627967553357731,11.540801048278809,11.540801048278809,69700
2019-08-06,11.540800349325918,11.610533216653218,11.540800349325918,11.566950798034668,67200
2019-08-07,11.566951498571326,11.636684370121904,11.540801048278809,11.540801048278809,69600
2019-08-08,11.558236356906868,11.558236356906868,11.505936280023546,11.549519538879395,53400
2019-08-09,11.523367881774902,11.549517499959421,11.50593424879764,11.523367881774902,40000
2019-08-12,11.566953174934342,11.575669161680295,11.54080272085192,11.549519538879395,50900
2019-08-13,11.549518098908212,11.593101352330187,11.523368479367594,11.532084465026855,80500
2019-08-14,11.55823491584889,11.627967788811484,11.532084465026855,11.532084465026855,68500
2019-08-15,11.540802847424485,11.601819743004478,11.523370042459865,11.575669288635254,45500
2019-08-16,11.5931039045812,11.671553611755373,11.566954279283676,11.671553611755371,77700
2019-08-19,11.654117964555827,11.70641803741455,11.64540114719913,11.70641803741455,52100
2019-08-20,11.715137130886891,11.776154037286823,11.680270683493365,11.758720397949219,61200
2019-08-21,11.732568740844725,11.784868818529523,11.715135104522615,11.732568740844727,64300
2019-08-22,11.73519244669694,11.73519244669694,11.647682189941404,11.647682189941406,44500
2019-08-23,11.665184974670408,11.70894052433502,11.63893197869872,11.66518497467041,37000
2019-08-26,11.656433337046552,11.682687166773356,11.64768289503862,11.673935890197754,39900
2019-08-27,11.691437721252443,11.726441993323917,11.682687279160332,11.691437721252441,73300
2019-08-28,11.70894052433502,11.70894052433502,11.647683255545182,11.66518497467041,101800
2019-08-29,11.656433337046552,11.691437608781287,11.612678623303884,11.673935890197754,82500
2019-08-30,11.682687166773356,11.691437608781287,11.612678623303884,11.673935890197754,63700
2019-09-03,11.66518115594343,11.726438404680026,11.66518115594343,11.70893669128418,44100
2019-09-04,11.717691551231807,11.735193269983705,11.638931730429068,11.691437721252441,79500
2019-09-05,11.682685513857857,11.700187229965174,11.560170162836437,11.603925704956055,72600
2019-09-06,11.603925217436567,11.673933748059644,11.568920952125028,11.656431198120117,70500
2019-09-09,11.64768327394022,11.64768327394022,11.560172174472793,11.621429443359375,51300
2019-09-10,11.61267828003097,11.647682550730973,11.595175727397148,11.638931274414062,59400
2019-09-11,11.621429600494592,11.621429600494592,11.525168057433012,11.533919334411621,71900
2019-09-12,11.568922933224695,11.603927204530478,11.38515030022742,11.420154571533203,45900
2019-09-13,11.376401560672326,11.376401560672326,10.982603212024161,11.148873329162598,190500
2019-09-16,11.061358559267608,11.157620079113698,11.061358559267608,11.122615814208984,117200
2019-09-17,11.131368832742453,11.2626346380553,11.131368832742453,11.253883361816406,385300
2019-09-18,11.253884369368759,11.43765701400036,11.253884369368759,11.402652740478516,89800
2019-09-19,11.463908670228335,11.490161661747285,11.41140185262288,11.47265911102295,32400
2019-09-20,11.498915532387892,11.542670249938965,11.45515998026908,11.542670249938965,46800
2019-09-23,11.589237370427808,11.589237370427808,11.475015142982008,11.483800888061523,76400
2019-09-24,11.510161519285141,11.510161519285141,11.422297358278334,11.466229438781738,81800
2019-09-25,11.466226686658047,11.5013721750382,11.422294616699219,11.422294616699219,46500
2019-09-26,11.422295079237845,11.483799476910063,11.422295079237845,11.475013732910156,16300
2019-09-27,11.483798794581126,11.545304026533481,11.457439888278415,11.51015853881836,43800
2019-09-30,11.483800888061523,11.527732965197812,11.475015142982008,11.483800888061523,20200
2019-10-01,11.492586784436671,11.571664350970465,11.483800201947444,11.518945693969727,60200
2019-10-02,11.545305059844408,11.580450550705068,11.527731895446777,11.527731895446777,84700
2019-10-03,11.527730863708658,11.571662932836192,11.51015853881836,11.51015853881836,95600
2019-10-04,11.518947862262909,11.615598611968412,11.518947862262909,11.554093360900879,48300
2019-10-07,11.545305059844408,11.554090804108624,11.492586404586115,11.527731895446777,88300
2019-10-08,11.554093360900879,11.615598611968412,11.492588947768128,11.554093360900879,67300
2019-10-09,11.554090581294904,11.65074130774882,11.554090581294904,11.615595817565918,80300
2019-10-10,11.615596162231201,11.668313980102539,11.562877506425256,11.668313980102539,54800
2019-10-11,11.633169522654555,11.633169522654555,11.475015217051602,11.545306205749512,121900
2019-10-14,11.589236071477805,11.633168143690078,11.554090581294904,11.615595817565918,39800
2019-10-15,11.580453113330442,11.615598611968412,11.527734446406097,11.554093360900879,71300
2019-10-16,11.545306924588635,11.633170246964264,11.545306924588635,11.589238166809082,45500
2019-10-17,11.57166614623033,11.59802505985278,11.536520648755479,11.56287956237793,34600
2019-10-18,11.580451125839474,11.633168945781359,11.510160140627201,11.536519050598145,45400
2019-10-21,11.510159568983745,11.56287738630744,11.4837998223873,11.527731895446777,41800
2019-10-22,11.536521030549286,11.598025443682035,11.510162116054504,11.554093360900879,56800
2019-10-23,11.592024657825691,11.600845954761567,11.486161522666489,11.556736946105957,71700
2019-10-24,11.565559054474884,11.565559054474884,11.477340189648867,11.52145004272461,77600
2019-10-25,11.521450410995625,11.539093847994595,11.433230702024291,11.442052841186523,43500
2019-10-28,11.424408953834163,11.424408953834163,11.300902366638184,11.300902366638184,81000
2019-10-29,11.309723993563681,11.345011711120605,11.274436276006757,11.345011711120605,55100
2019-10-30,11.345011777975602,11.477341350588036,11.327368339755944,11.46851921081543,58500
2019-10-31,11.468518473495958,11.627313613891602,11.459696334290534,11.627313613891602,120300
2019-11-01,11.627313519819877,11.644956956762481,11.565559387207031,11.565559387207031,73400
2019-11-04,11.565560201520938,11.574382341276142,11.486163467700777,11.530272483825684,85700
2019-11-05,11.50380832180543,11.547918184685049,11.486164881448975,11.512630462646484,88500
2019-11-06,11.521449077722062,11.6008457970178,11.512626939580736,11.583202362060547,157800
2019-11-07,11.547915950264429,11.565559387207031,11.486162658977078,11.565559387207031,74100
2019-11-08,11.53027087905078,11.565558591834717,11.494983166266843,11.539093017578125,68300
2019-11-11,11.565561760264886,11.565561760264886,11.512630597251004,11.547918319702148,35000
2019-11-12,11.556737613182156,11.556737613182156,11.450873630586878,11.486162185668945,57100
2019-11-13,11.512629861204676,11.539095441019573,11.45969786024927,11.494985580444336,53100
2019-11-14,11.503807230603602,11.530272809290699,11.459697371908055,11.477341651916504,92300
2019-11-15,11.45087523190383,11.494985090599377,11.433231793220957,11.477341651916504,99700
2019-11-18,11.45969530976437,11.503805160522461,11.450873171347668,11.503805160522461,75200
2019-11-19,11.521450374187777,11.565559387207031,11.512628235053729,11.565559387207031,52900
2019-11-20,11.556738041770666,11.609669193705829,11.556738041770666,11.592025756835938,57300
2019-11-21,11.612400170847888,11.612400170847888,11.532681884027959,11.55925464630127,42000
2019-11-22,11.541535625876216,11.559251358841976,11.532678604125977,11.532678604125977,79600
2019-11-25,11.550394728690032,11.621255978672636,11.51496410369873,11.51496410369873,46100
2019-11-26,11.541537565899764,11.603541796969612,11.532680542660744,11.5769681930542,59900
2019-11-27,11.550393822839194,11.674401422949702,11.550393822839194,11.665543556213379,65100
2019-11-29,11.683261862411527,11.736408233642578,11.683261862411527,11.736408233642578,36300
2019-12-02,11.718689778295001,11.727547645568848,11.674402131391203,11.727547645568848,62300
2019-12-03,11.70097541809082,11.745263911731927,11.656686924449714,11.70097541809082,124900
2019-12-04,11.674402236938477,11.727547751596607,11.647828634876687,11.674402236938477,53800
2019-12-05,11.647828246804364,11.692116737365723,11.621255490360626,11.692116737365723,44000
2019-12-06,11.66554574625898,11.683260638324684,11.64783000946045,11.64783000946045,27700
2019-12-09,11.674401847980796,11.692116737365723,11.638971224478249,11.692116737365723,41800
2019-12-10,11.665546025174319,11.692118786274625,11.638973264074012,11.683260917663574,112100
2019-12-11,11.656685402833116,11.665543269351618,11.56810927184603,11.630112648010254,215400
2019-12-12,11.638970467722617,11.683258110671733,11.514962871160217,11.532678604125977,97100
2019-12-13,11.53267822677872,11.621254354511402,11.53267822677872,11.60353946685791,55200
2019-12-16,11.568113480646312,11.665547513601103,11.568113480646312,11.656689643859863,110200
2019-12-17,11.656687733809921,11.718691122372906,11.594684345246938,11.709834098815918,96300
2019-12-18,11.709832901334012,11.851555400546625,11.69211716656607,11.824982643127441,96300
2019-12-19,11.771836000582232,11.842697248485159,11.771836000582232,11.789551734924316,58500
2019-12-20,11.783326321873613,11.827791873842278,11.703288497951988,11.721075057983398,72600
2019-12-23,11.738862305837522,11.7655413012655,11.712183310409541,11.729969024658203,28000
2019-12-24,11.774435727965232,11.783329010009766,11.729970165852619,11.783329010009766,25300
2019-12-26,11.783326321873613,11.783326321873613,11.685502786030439,11.721075057983398,57400
2019-12-27,11.703290939331055,11.747756500575512,11.694397657460156,11.703290939331055,23500
2019-12-30,11.69439639245471,11.747755229798138,11.66771739783797,11.685503959655762,64200
2019-12-31,11.694396018981934,11.77443384838601,11.685503586466975,11.694396018981934,45900
2020-01-02,11.721075371586961,11.756647644491675,11.703288811079661,11.738861083984375,46500
2020-01-03,11.738863218704614,11.827794341193528,11.703290939331055,11.703290939331055,98700
2020-01-06,11.729967489889242,11.765539761842202,11.703288497951988,11.721075057983398,49600
2020-01-07,11.703288591511658,11.836685248484066,11.703288591511658,11.774433135986328,111100
2020-01-08,11.8100061416626,11.86336497738729,11.783327147855214,11.810006141662598,84100
2020-01-09,11.827793076987518,11.85447207163861,11.783327520495734,11.801114082336426,84400
2020-01-10,11.810006515146824,11.85447207163861,11.79222080141608,11.801114082336426,61900
2020-01-13,11.810003968311948,11.87225607321972,11.792218258416703,11.818897247314453,176500
2020-01-14,11.83668480834396,11.863363799502453,11.83668480834396,11.845577239990234,80200
2020-01-15,11.845576236212203,11.863362794217215,11.818897247314453,11.818897247314453,145400
2020-01-16,11.82779109402989,11.943401182282242,11.82779109402989,11.91672134399414,103200
2020-01-17,11.907828695878406,11.996758944223576,11.863363147650924,11.952293395996094,128700
2020-01-21,11.99676063586816,12.005653916389642,11.961188361892143,11.98786735534668,101500
2020-01-22,11.95229408289235,12.014546193232356,11.95229408289235,11.961187362670898,57800
2020-01-23,11.963866233825684,11.981723159804172,11.928153233333806,11.963866233825684,100300
2020-01-24,11.990653038024902,12.00850911464581,11.93708310523179,11.990653038024902,107200
2020-01-27,12.01743616029605,12.01743616029605,11.963866233825684,11.963866233825684,122300
2020-01-28,11.97279741493397,12.044223432133188,11.963868949917746,12.017438888549805,47900
2020-01-29,12.035294967116963,12.044223432133188,12.017438888549803,12.017438888549805,40000
2020-01-30,12.035290354546136,12.044218816140495,11.999577359633669,12.008505821228027,86000
2020-01-31,12.026362907423957,12.062075902820485,11.99064991202743,11.999577522277832,217400
2020-02-03,11.999581582436093,12.02636697664528,11.937084032211848,11.946012496948242,126400
2020-02-04,11.954937470738205,11.954937470738205,11.910296011557186,11.928152084350586,73000
2020-02-05,11.963866233825684,11.981723159804172,11.910297158820413,11.963866233825684,110300
2020-02-06,11.990653038024902,11.99958065060276,11.96386764589575,11.990653038024902,79600
2020-02-07,12.008507368495309,12.026364293984846,11.981722831726076,11.981722831726074,82600
2020-02-10,11.972792625427244,12.035290152609194,11.972792625427244,11.972792625427246,55300
2020-02-11,12.026366259023732,12.07100772857666,12.017437794820104,12.07100772857666,101100
2020-02-12,12.071006149398778,12.071006149398778,12.026364685686026,12.053149223327637,64700
2020-02-13,12.071006149398778,12.097790687040389,12.035292297256497,12.053149223327637,104100
2020-02-14,12.053147277734851,12.097788734241677,11.990649749504273,12.008505821228027,103700
2020-02-18,12.02636432647705,12.06207732608754,12.00850740093927,12.02636432647705,138300
2020-02-19,12.017438171801993,12.142434120178223,12.017438171801993,12.142434120178223,112200
2020-02-20,12.133503718847422,12.16028825655775,12.097790718078613,12.097790718078613,147300
2020-02-21,12.109443664550781,12.154260428626495,12.082553093220149,12.109443664550781,112900
2020-02-24,12.136333404470427,12.145296928264585,12.10944368789663,12.12736988067627,64000
2020-02-25,12.154259791933155,12.199075698852539,12.136332745318498,12.199075698852539,145200
2020-02-26,12.199076422833834,12.199076422833834,12.109443748866987,12.136333465576172,166800
2020-02-27,12.154257274141415,12.217000214678063,12.019807016809155,12.055660247802734,264300
2020-02-28,12.010846060758114,12.064626346139653,11.741947198276332,11.759873390197754,212400
2020-03-02,11.813653521561765,11.948102951049805,11.795726475065425,11.948102951049805,155800
2020-03-03,11.966030703355441,12.118407188327659,11.948103655801686,12.109443664550781,145000
2020-03-04,12.14529523133604,12.22596522459498,12.073588760618883,12.172184944152832,125000
2020-03-05,12.190113311823026,12.234929219777207,12.0108462607717,12.028773307800293,295400
2020-03-06,12.0287726513925,12.172185600560624,12.010845605342183,12.100479125976562,149100
2020-03-09,12.073588505786594,12.073588505786594,11.786761774163345,11.885358810424805,179900
2020-03-10,11.930176036402901,12.010845176322064,11.61645958019694,11.786762237548828,261900
2020-03-11,11.73298267665831,11.73298267665831,11.240000046037398,11.293780326843262,310900
2020-03-12,11.051772503843456,11.051772503843456,10.074770574395332,10.4512300491333,372600
2020-03-13,10.621532741015535,11.01591837803057,10.567752454018246,10.935248374938965,190400
2020-03-16,10.693237434678192,10.693237434678192,10.083731606271499,10.50500774383545,302000
2020-03-17,10.505010340442468,10.666349504752503,10.280927360470283,10.4512300491333,175600
2020-03-18,10.271963355333183,10.289889548391374,9.375631477397683,9.411484718322754,333600
2020-03-19,9.052950353371134,9.572822661881471,8.963316843017555,9.393555641174316,331300
2020-03-20,9.420447287673596,10.549825544585474,9.420447287673596,9.859649658203125,220800
2020-03-23,9.511092797074138,9.736260704724168,8.979696397588482,9.01572322845459,407100
2020-03-24,9.105786953432778,9.565129543749565,9.105786953432778,9.502082824707031,223500
2020-03-25,9.565132165247745,10.357723266073108,9.565132165247745,10.222622871398926,136000
2020-03-26,10.267654321194586,10.826071383397945,10.267654321194586,10.754016876220703,238500
2020-03-27,10.6999768080098,10.817064198258693,10.555869515071846,10.681962966918945,107200
2020-03-30,10.555868126900023,11.042230606079102,10.555868126900023,11.042230606079102,108600
2020-03-31,11.051237817079077,11.078257716927876,10.736002502703602,10.745009422302246,142000
2020-04-01,10.222622841800963,10.67295863467418,10.222622841800963,10.357723236083984,205200
2020-04-02,10.204608168182206,10.483816715001481,10.186595184584315,10.375736236572266,105300
2020-04-03,10.357721063728459,10.402754805360193,10.114539374285407,10.150567054748535,86500
2020-04-06,10.204607661373043,10.4838161943255,10.204607661373043,10.38474178314209,123600
2020-04-07,10.438782461271028,10.627923504085027,10.249641418457031,10.249641418457031,192900
2020-04-08,10.303680359954038,10.663949432591252,10.303680359954038,10.654942512512207,204000
2020-04-09,10.790042705655246,11.078258130953335,10.790042705655246,10.853090286254883,99600
2020-04-13,11.006204915331184,11.015210976667834,10.781037061918214,10.844083786010742,142500
2020-04-14,10.94315746012858,11.123292432121035,10.934151398686721,11.01521110534668,103200
2020-04-15,10.997199187090272,11.087266681797217,10.925145534903631,11.033226013183594,92800
2020-04-16,11.006203787582395,11.042230606079102,10.889116412731326,11.042230606079102,57100
2020-04-17,10.997197419877974,11.114284800602542,10.898123878778947,11.06925106048584,103800
2020-04-20,11.069251211018079,11.105278031811944,10.835076446384369,10.853090286254883,140500
2020-04-21,10.763025157832727,10.853092658981728,10.663951593726708,10.726998329162598,74700
2020-04-22,10.726996003308345,10.970177688314973,10.726996003308345,10.871103286743164,60500
2020-04-23,10.900956183203037,10.900956183203037,10.638609558534842,10.819538116455078,105300
2020-04-24,10.810494993388946,10.810494993388946,10.502915913391547,10.611473083496094,75100
2020-04-27,10.584332323256014,10.59337896834315,10.267707509826316,10.367218017578125,217000
2020-04-28,10.412450562429449,10.502914426676659,10.321985835446661,10.349124908447266,113000
2020-04-29,10.43054388832805,10.602426711848553,10.394358166966203,10.584333419799805,84900
2020-04-30,10.502915199693655,10.602426579245897,10.412451328788283,10.521008491516113,76900
2020-05-01,10.511961926482778,10.665751457214357,10.511961926482778,10.665751457214355,46000
2020-05-04,10.647657176841035,10.756214321530903,10.611470599208916,10.738121032714844,36500
2020-05-05,10.783353423784982,11.099979077114766,10.710981993778546,11.045700073242188,226000
2020-05-06,11.009517855163159,11.036656934351813,10.964285481358223,10.991424560546875,86700
2020-05-07,10.991421069369613,11.163303862686522,10.991421069369613,11.045700073242188,80000
2020-05-08,11.07283878326416,11.109024497089122,11.018560643894451,11.07283878326416,51000
2020-05-11,11.07283878326416,11.099978715684484,11.063792139124052,11.07283878326416,51100
2020-05-12,11.072839143810727,11.090932432680086,11.02760678437283,11.045700073242188,48600
2020-05-13,11.000471207855018,11.099982602773034,10.87382159648412,10.991424560546875,94700
2020-05-14,10.928097543091082,10.964283262264141,10.819540385571905,10.94619083404541,58200
2020-05-15,10.937142372131348,10.964281441319995,10.891910014993298,10.937142372131348,73100
2020-05-18,10.946191825666563,11.03665570042658,10.946191825666563,11.018563270568848,44000
2020-05-19,11.018564502471301,11.099982602773034,10.991424560546875,10.991424560546875,24500
2020-05-20,11.009515311284089,11.76036960965063,10.982376238366239,11.199490547180176,84300
2020-05-21,11.229470577307062,11.256727198451282,11.147703313208863,11.165873527526855,20900
2020-05-22,11.211299260629026,11.238555012648483,11.056848555110884,11.14770221710205,72700
2020-05-26,11.19313071193321,11.19313071193321,11.102277895848903,11.120448112487793,76700
2020-05-27,11.129532829329985,11.220386505126953,11.111361747592646,11.220386505126953,50300
2020-05-28,11.202214776331957,11.365751036742436,11.193129235988081,11.347579956054688,97400
2020-05-29,11.31124142278459,11.574716091971075,11.31124142278459,11.529289245605469,68500
2020-06-01,11.611056693390022,11.656483537007635,11.502032788574738,11.647397994995117,64100
2020-06-02,11.692824477189214,11.72008023593932,11.574715034012158,11.701910018920898,60200
2020-06-03,11.77459261988448,11.783678161616166,11.611056334493949,11.701910018920898,53200
2020-06-04,11.701909433757361,11.738250732421877,11.601971079041174,11.738250732421875,52800
2020-06-05,11.720080016671865,11.801848157837355,11.720080016671865,11.774592399597168,78800
2020-06-08,11.720080016671865,11.820019240960766,11.720080016671865,11.774592399597168,81800
2020-06-09,11.765506489809036,11.810933329750904,11.72916519114452,11.738250732421875,62500
2020-06-10,11.738250950424494,11.747336491870584,11.647397268853421,11.665568351745605,74500
2020-06-11,11.629228480898808,11.629228480898808,11.474777723122763,11.529289245605469,93400
2020-06-12,11.529289132129849,11.820020426141225,11.520204456102164,11.61105728149414,88100
2020-06-15,11.592883053503327,11.729162677680414,11.583797514172929,11.683735847473145,40100
2020-06-16,11.683740137670378,11.856361982554732,11.683740137670378,11.729166984558105,46300
2020-06-17,11.75642046346184,11.792761760626911,11.638311897509006,11.69282341003418,35800
2020-06-18,11.692824477189214,11.710995560652584,11.64739763497574,11.701910018920898,28400
2020-06-19,11.710995560652584,11.765507078152796,11.638312959689003,11.701910018920898,58100
2020-06-22,11.67465247186957,11.720078440679831,11.67465247186957,11.710993766784668,25200
2020-06-23,11.75022194611172,11.795836335340168,11.704607556883271,11.722853660583496,37600
2020-06-24,11.741100053978574,11.823205788695281,11.677240424764335,11.71373176574707,47700
2020-06-25,11.731975612798747,11.79583610447757,11.686362094485135,11.76846694946289,45900
2020-06-26,11.722854216967889,11.786713842905325,11.613379329614926,11.6589937210083,84200
2020-06-29,11.71373202244803,11.759346417181618,11.695485916545708,11.741100311279297,59000
2020-06-30,11.75934555607816,11.75934555607816,11.649871538747348,11.6589937210083,72300
2020-07-01,11.722854970387779,11.722854970387779,11.64987228747669,11.66811752319336,71300
2020-07-02,11.677241430570533,11.686364484107571,11.59513568878174,11.595135688781738,75000
2020-07-06,11.576887474314866,11.686362356786567,11.549519188707997,11.604256629943848,73100
2020-07-07,11.61338023156158,11.777591705322266,11.567766706647808,11.777591705322266,93600
2020-07-08,11.814082254783798,11.905311038536201,11.814082254783798,11.887064933776855,42700
2020-07-09,11.887064933776855,11.905311038536201,11.85969664666,11.887064933776855,27600
2020-07-10,11.914433941821699,11.969170515370452,11.914433941821699,11.932679176330566,34600
2020-07-13,11.932679434496299,11.996539061692175,11.932679434496299,11.960047721862793,46600
2020-07-14,11.914433848856115,12.060399203876724,11.914433848856115,12.014784812927246,44600
2020-07-15,11.978295221150224,12.069523146332198,11.978295221150224,12.06040096282959,45600
2020-07-16,12.023908381106942,12.078644956577524,11.987417040785825,12.0695219039917,26700
2020-07-17,12.042155790843625,12.215490341186523,12.042155790843625,12.215490341186523,25500
2020-07-20,12.29759184558018,12.343206234210678,12.188117834880243,12.233732223510742,114600
2020-07-21,12.197240999880115,12.30671501159668,12.197240999880115,12.30671501159668,98800
2020-07-22,12.306717257710956,12.352331655090191,12.242857623393384,12.334086418151855,77000
2020-07-23,12.345990505916514,12.345990505916514,12.254403560212923,12.291038513183594,29100
2020-07-24,12.300196831427636,12.327672826368135,12.272719963041004,12.318513870239258,16500
2020-07-27,12.300196699519958,12.309354782104492,12.2544027928128,12.309354782104492,37900
2020-07-28,12.291037691652015,12.364307592696006,12.281878735659987,12.300196647644043,54900
2020-07-29,12.33683133269807,12.33683133269807,12.281878471374512,12.281878471374512,16300
2020-07-30,12.327672694165804,12.327672694165804,12.272719831427988,12.309354782104492,54900
2020-07-31,12.327675306148699,12.3643102645874,12.281881389738743,12.364310264587402,53200
2020-08-03,12.364310062648743,12.455897893972807,12.327675104808376,12.428421020507812,80600
2020-08-04,12.410102523738612,12.7581350191528,12.410102523738612,12.620753288269043,81800
2020-08-05,12.666547775268555,12.730658728532218,12.56580186679048,12.666547775268555,97500
2020-08-06,12.639071201765352,12.648230158513508,12.620753288269041,12.620753288269043,55800
2020-08-07,12.584118021019227,12.639070886692075,12.584118021019227,12.593276977539062,100100
2020-08-10,12.61159533616314,12.639071333247243,12.565801425392166,12.629912376403809,44300
2020-08-11,12.620752973652403,12.648229843211912,12.584118021019227,12.593276977539062,53600
2020-08-12,12.556640809774288,12.60243471449573,12.556640809774288,12.574957847595215,55100
2020-08-13,12.57495721025899,12.593275120597594,12.483370278904085,12.520005226135254,71900
2020-08-14,12.501689149993076,12.501689149993076,12.437578201293945,12.437578201293945,32200
2020-08-17,12.419262936132439,12.437579978329477,12.40094502048911,12.428421020507812,30000
2020-08-18,12.373465855763595,12.428417841746173,12.373465855763595,12.400941848754883,42300
2020-08-19,12.39178429217478,12.48337211041311,12.39178429217478,12.437578201293945,23500
2020-08-20,12.410100804234002,12.455894708183529,12.373465855763595,12.400941848754883,51100
2020-08-21,12.394505170200835,12.412895065273272,12.274974359743842,12.311753273010254,44900
2020-08-24,12.31175442162942,12.320948493144934,12.265780556537681,12.293364524841309,42500
2020-08-25,12.284169447555024,12.284169447555024,12.183027646917266,12.192222595214844,42100
2020-08-26,12.146249178201694,12.20141799314163,12.072691342867488,12.081886291503906,82900
2020-08-27,12.05430066481649,12.109469476183046,11.962353815043572,11.989937782287598,39600
2020-08-28,11.953159641229762,12.118665209171008,11.953159641229762,12.081886291503906,60100
2020-08-31,12.091080576246025,12.173833361674337,12.054301657931061,12.137054443359375,30800
2020-09-01,12.17383375621359,12.219807624816896,12.100275917199742,12.219807624816895,60000
2020-09-02,12.238196210289077,12.293364145192612,12.183027398507027,12.28416919708252,54400
2020-09-03,12.256587595930577,12.256587595930577,12.137055878057685,12.173834800720215,46900
2020-09-04,12.173832513770753,12.192222410086675,12.054300818352823,12.164637565612793,77800
2020-09-08,12.164641763117356,12.164641763117356,11.999137023557958,12.026721000671387,58400
2020-09-09,12.109470746185249,12.127859767317009,12.026717958895823,12.11866569519043,27100
2020-09-10,12.13705351239606,12.210611343383789,12.100274596902194,12.210611343383789,44100
2020-09-11,12.173834028741275,12.229002847675993,12.155445007015455,12.20141887664795,43900
2020-09-14,12.201419546757101,12.247392542035831,12.137055774985264,12.14625072479248,30600
2020-09-15,12.137054266018168,12.229001998901367,12.137054266018168,12.229001998901367,33100
2020-09-16,12.25658539257198,12.25658539257198,12.183027560470366,12.23819637298584,25700
2020-09-17,12.238197628447644,12.256586649920232,12.201418708623851,12.247391700744629,43100
2020-09-18,12.256586649920232,12.256586649920232,12.229002679272043,12.247391700744629,18100
2020-09-21,12.247391700744629,12.256586649920232,12.173833861097046,12.247391700744629,46900
2020-09-22,12.229002573913279,12.256586544323818,12.183028705309972,12.219807624816895,42700
2020-09-23,12.231809552691123,12.250273084036927,12.111799240112305,12.111799240112305,81900
2020-09-24,12.1671876141237,12.1671876141237,12.010251136521989,12.0471773147583,41400
2020-09-25,12.047178378486933,12.047178378486933,11.964094250021775,12.001020431518555,34000
2020-09-28,12.084105805490294,12.084105805490294,11.973327249582027,12.028716087341309,35600
2020-09-29,12.02871408963154,12.02871408963154,11.991787910461426,11.991787910461426,29200
2020-09-30,11.99178742433764,12.01948271788468,11.9733247756958,11.9733247756958,54700
2020-10-01,12.0471773147583,12.056409079414763,11.991787607209064,12.0471773147583,46000
2020-10-02,12.037945550101838,12.0471773147583,11.991787607209064,12.0471773147583,45500
2020-10-05,12.0471773147583,12.074871728338152,11.964093193629214,12.0471773147583,54400
2020-10-06,12.037945731440145,12.1210298538208,12.037945731440145,12.1210298538208,51000
2020-10-07,12.15795583474994,12.167187599395225,12.130261421203612,12.130261421203613,62100
2020-10-08,12.167188104054913,12.167188104054913,12.065640449523926,12.065640449523926,45100
2020-10-09,12.102567474439404,12.139493656741376,12.084104823483232,12.111799240112305,60200
2020-10-12,12.139492305459365,12.148724070104652,12.102566127267753,12.130261421203613,20400
2020-10-13,12.176419351910043,12.176419351910043,12.056409924521986,12.09333610534668,32800
2020-10-14,12.074872574739535,12.102566990260657,12.065640809435964,12.09333610534668,28100
2020-10-15,12.130261237405326,12.130261237405326,12.010250940003601,12.056408882141113,38300
2020-10-16,12.093336125996194,12.093336125996194,11.991788468262696,12.010251998901367,26900
2020-10-19,12.047177799857108,12.07487221455212,11.991788090077517,12.065640449523926,64100
2020-10-20,12.111798465619058,12.185650825500488,12.056409635902773,12.185650825500488,104200
2020-10-21,12.194882609243008,12.204114374339706,12.074872304154656,12.102566719055176,50900
2020-10-22,12.198036530513647,12.198036530513647,11.994117736816406,11.994117736816406,68900
2020-10-23,12.012657236745717,12.012657236745717,11.929235864746422,11.957042694091797,54400
2020-10-26,11.892160965682528,11.90143020436247,11.818008824169505,11.864354133605957,71400
2020-10-27,11.855084014490643,11.855084014490643,11.799469470504546,11.808738708496094,58500
2020-10-28,11.790204053721627,11.818010890660487,11.734589495880503,11.771665573120117,99800
2020-10-29,11.818006992615002,11.836545467101793,11.771661690361144,11.827276229858398,43000
2020-10-30,11.845815252288808,11.845815252288808,11.706780212683974,11.836546897888184,44200
2020-11-02,11.919967797759098,11.93850627511898,11.780932753412994,11.864354133605957,41100
2020-11-03,11.910698343220577,11.938505172729492,11.836546208554687,11.938505172729492,65500
2020-11-04,11.994119094057703,12.059002876281738,11.984850739994148,12.059002876281738,32000
2020-11-05,12.086810111999512,12.133155419725277,12.05900328094934,12.086810111999512,38900
2020-11-06,12.059003063188692,12.216576576232912,12.059003063188692,12.21657657623291,47000
2020-11-09,12.29999685234534,12.29999685234534,12.207306246853209,12.272189140319824,54800
2020-11-10,12.31853554421785,12.31853554421785,12.17950050751446,12.21657657623291,53400
2020-11-11,12.262921734399816,12.346343115008782,12.19803883124318,12.309267044067383,36500
2020-11-12,12.355613708496094,12.383420543760277,12.34634446875358,12.355613708496094,61200
2020-11-13,12.318535256892538,12.383418154645657,12.262920713130448,12.346342086791992,48200
2020-11-16,12.355613708496094,12.383420543760277,12.355613708496094,12.355613708496094,45700
2020-11-17,12.35560941795625,12.457568367828133,12.30926411930065,12.36487865447998,76900
2020-11-18,12.37414789100371,12.39268548008812,12.32780259234811,12.36487865447998,35000
2020-11-19,12.346340181432522,12.40195471661185,12.32780259234811,12.36487865447998,29400
2020-11-20,12.392686024923687,12.411224498786178,12.244381769876115,12.318533897399902,60900
2020-11-23,12.35855174003915,12.405082610267591,12.339939924449292,12.386470794677734,45400
2020-11-24,12.367856837431882,12.432999516644436,12.367856837431882,12.414387702941895,21200
2020-11-25,12.414388511646834,12.460919380187988,12.386470345523142,12.460919380187988,28900
2020-11-27,12.507450659239039,12.600512405979213,12.488838842392559,12.516757011413574,37400
2020-11-30,12.53536931727176,12.563287485405276,12.405083053477746,12.526062965393066,35400
2020-12-01,12.563287086619894,12.581899789786473,12.51675621620598,12.535368919372559,46800
2020-12-02,12.526062263385029,12.59120494787991,12.507449560670768,12.563286781311035,46200
2020-12-03,12.581898783054172,12.6191232989063,12.526061565524746,12.600510597229004,47200
2020-12-04,12.600512097529828,12.600512097529828,12.488838536676843,12.54467487335205,105900
2020-12-07,12.553980735036603,12.619124308617097,12.50744986462269,12.535368919372559,47600
2020-12-08,12.572593938245994,12.619124810510554,12.572593938245994,12.609818458557129,40600
2020-12-09,12.619124412536621,12.656348931673792,12.58189989339945,12.619124412536621,40200
2020-12-10,12.637736228353935,12.637736228353935,12.591205357556836,12.619124412536621,17200
2020-12-11,12.619124412536621,12.66565439583118,12.600511709216764,12.619124412536621,45900
2020-12-14,12.637738627291236,12.730800386550726,12.609820454514475,12.628432273864746,88000
2020-12-15,12.628429518447584,12.749409424087037,12.628429518447584,12.71218490600586,108100
2020-12-16,12.665656800068,12.75871855932749,12.628432273864746,12.628432273864746,55600
2020-12-17,12.684267499179397,12.684267499179397,12.591205754650275,12.609818458557129,95200
2020-12-18,12.60981876565628,12.665655103731533,12.535369723220882,12.581900596618652,61300
2020-12-21,12.777328798596784,12.84247237702367,12.684267938348176,12.749410629272461,119100
2020-12-22,12.915452833094207,12.915452833094207,12.764505386352539,12.764505386352539,80600
2020-12-23,12.887147896280128,12.915450312090323,12.585253061724513,12.632424354553223,98400
2020-12-24,12.660725593566893,12.934317986882288,12.594686329575502,12.660725593566895,41500
2020-12-28,12.679596333265154,12.679596333265154,12.538083336800211,12.547517776489258,71800
2020-12-29,12.575818141481223,12.651291847229004,12.575818141481223,12.651291847229004,44700
2020-12-30,12.707899233252649,12.915451501260906,12.651293496702795,12.858846664428711,75300
2020-12-31,12.858847164445727,12.915452003479004,12.858847164445727,12.915452003479004,57700
2021-01-04,13.085268649295866,13.094703089278054,12.906018788222868,13.000360488891602,146200
2021-01-05,13.000361267286998,13.08526943277513,12.962624404816468,13.028664588928223,98200
2021-01-06,13.047534221770427,13.094705530758645,12.915454736546991,13.019231796264648,76300
2021-01-07,13.009793281555176,13.038095698200333,13.00035884276759,13.009793281555176,68300
2021-01-08,13.02866458892822,13.02866458892822,12.981493285910618,13.028664588928223,46800
2021-01-11,13.028660917613907,13.06639776945066,12.736199641090925,12.745634078979492,161200
2021-01-12,12.75506851686806,12.764502055039111,12.71733076531379,12.745634078979492,40200
2021-01-13,12.755072135111421,12.811676979064941,12.755072135111421,12.811676979064941,36600
2021-01-14,12.755070200466026,12.81167503583392,12.755070200466026,12.773938179016113,68000
2021-01-15,12.764502055039111,12.802238906875866,12.745634078979494,12.745634078979492,37900
2021-01-19,12.764504952642175,12.849413113478805,12.755071412329666,12.783373832702637,78400
2021-01-20,12.77393828571762,12.896583296329366,12.77393828571762,12.8871488571167,48000
2021-01-21,12.927876286595076,13.013115178239543,12.899463623787675,13.003643989562988,78700
2021-01-22,13.003641673699388,13.041526421658583,12.956287545194602,12.984700202941895,57100
2021-01-25,12.984702515432142,13.04152874426921,12.93734747527163,13.003643989562988,46400
2021-01-26,13.032057555592655,13.0509990297235,12.975231326755587,13.003643989562988,35400
2021-01-27,12.99417336361835,13.259360317057268,12.956289513127077,13.05099868774414,74700
2021-01-28,13.05099868774414,13.164650239217963,13.032057214109624,13.05099868774414,62200
2021-01-29,13.107824598656926,13.174121109610633,12.9468180121503,12.994173049926758,63200
2021-02-01,13.032055820249356,13.041527007664731,12.899461906100528,12.927874565124512,126200
2021-02-02,12.908933303084007,12.984700997192762,12.908933303084007,12.95628833770752,73000
2021-02-03,12.984699169019407,12.984699169019407,12.899460299342676,12.918402671813965,74100
2021-02-04,12.908932846280926,12.946816691994725,12.908932846280926,12.937345504760742,56600
2021-02-05,12.91840514354912,12.984701653439366,12.91840514354912,12.96575927734375,79900
2021-02-08,13.003644444493958,13.041529200525574,12.975231780692543,13.022586822509766,89400
2021-02-09,12.984700191808285,13.117294099885465,12.984700191808285,13.08888053894043,79100
2021-02-10,13.069939525856059,13.136236030605033,13.050997151229415,13.107823371887207,75300
2021-02-11,13.145707130432129,13.164648601710578,13.1078232846531,13.145707130432129,65600
2021-02-12,13.117294559200527,13.164648689322862,13.069939525856059,13.107823371887207,39900
2021-02-16,13.098354528128402,13.098354528128402,12.965760591684639,13.022586822509766,87000
2021-02-17,12.984701861727023,13.022585711303746,12.956289200350037,12.994173049926758,44800
2021-02-18,12.975228727474141,12.984699914253367,12.86157719578968,12.889989852905273,70000
2021-02-19,12.880521866397913,12.88999215164394,12.804754165096227,12.84263801574707,98800
2021-02-22,12.845487407256106,12.89302825178341,12.63630823539569,12.655324935913086,130800
2021-02-23,12.645818127958046,12.645818127958046,12.455655633422513,12.550736427307129,111200
2021-02-24,12.598275516231558,12.721881347089544,12.522210529052208,12.702864646911621,33500
2021-02-25,12.702864468573273,12.759913661539946,12.645816182372762,12.750405311584473,93500
2021-02-26,12.750406748351525,12.82647174303429,12.721882602037052,12.731390953063965,46800
2021-03-01,12.769424718751837,12.912046371256615,12.769424718751837,12.835981369018555,31100
2021-03-02,12.835980231141091,12.940569373255272,12.797947733393547,12.88352108001709,95000
2021-03-03,12.912046371256615,12.912046371256615,12.826473017047208,12.835981369018555,50000
2021-03-04,12.854996796115023,12.912045088743966,12.721882602037052,12.731390953063965,48900
2021-03-05,12.740899570842748,12.883522129084076,12.598277919367764,12.721883773803711,46900
2021-03-08,12.750406748351525,12.759915099378436,12.68385010469567,12.731390953063965,28000
2021-03-09,12.740897553765768,12.950076728677013,12.740897553765768,12.845487594604492,32600
2021-03-10,12.902535476651709,13.007125514192808,12.854995539696127,12.940567970275879,51400
2021-03-11,13.007127463931392,13.026143260210814,12.950078261560504,12.978602409362793,35700
2021-03-12,12.95958515312166,12.95958515312166,12.854996018451548,12.921552658081055,26900
2021-03-15,12.931061008532758,12.969093503573363,12.864503462137042,12.921552658081055,24500
2021-03-16,12.931060526944467,12.969093020568637,12.893028033320297,12.940567970275879,26000
2021-03-17,12.959586075512181,13.016634368750362,12.750406884517547,12.88352108001709,79500
2021-03-18,12.769424075404633,12.921554072216162,12.52221237720274,12.664834022521973,361500
2021-03-19,12.56975159711718,12.683849079922991,12.56975159711718,12.655324935913086,103300
2021-03-22,12.655328264053132,12.683852415564413,12.655328264053132,12.674344062805176,65900
2021-03-23,12.658115230322878,12.734483875512085,12.658115230322878,12.69629955291748,46900
2021-03-24,12.734481058494682,12.734481058494682,12.677204132080078,12.677204132080078,51000
2021-03-25,12.677206138190712,12.724936766025062,12.658114433288574,12.658114433288574,45800
2021-03-26,12.696298473376123,12.73448279272399,12.677205858509199,12.724936485290527,113400
2021-03-29,12.724936457784926,12.78221339187591,12.715390150372098,12.734482765197754,40600
2021-03-30,12.753574371337889,12.782213293355635,12.724936359706119,12.75357437133789,69400
2021-03-31,12.76312052600328,12.829942855806733,12.76312052600328,12.79175853729248,56100
2021-04-01,12.82994357336617,12.906313125051875,12.791759252716325,12.858582496643066,113500
2021-04-05,12.839490220131724,12.887220849800787,12.77266788482666,12.77266788482666,79300
2021-04-06,12.829944268697211,12.925405530688446,12.829944268697211,12.91585922241211,66800
2021-04-07,12.954042434692383,12.982681357066424,12.90631271817429,12.954042434692383,49300
2021-04-08,13.01131913308377,13.030410837267567,12.992226518514004,13.020865440368652,48400
2021-04-09,13.020865467766395,13.039957171990364,13.011319160461426,13.011319160461426,33600
2021-04-12,13.020866478459181,13.020866478459181,12.963589540569439,12.992227554321289,31900
2021-04-13,13.011318759560254,13.116325405521573,13.011318759560254,13.106779098510742,53100
2021-04-14,13.106779511256601,13.288155708630354,13.106779511256601,13.249971389770508,75200
2021-04-15,13.259517571761377,13.2881555830391,13.230878650097688,13.278609275817871,24300
2021-04-16,13.316793539610389,13.316793539610389,13.259517517290236,13.297701835632324,31800
2021-04-19,13.307249169831357,13.316795478403217,13.259519447744244,13.28815746307373,71000
2021-04-20,13.307249169831357,13.307249169831357,13.259519447744244,13.28815746307373,45700
2021-04-21,13.297700812129559,13.316792514638164,13.28815450568231,13.307246208190918,37900
2021-04-22,13.319701892793814,13.338867370667382,13.281371850906966,13.29095458984375,40300
2021-04-23,13.329287028040586,13.34845250935968,13.252626930485103,13.2717924118042,45100
2021-04-26,13.310122876485554,13.32928744454304,13.175967244641253,13.2142972946167,46300
2021-04-27,13.262209863481576,13.262209863481576,13.195132505612843,13.22387981414795,33900
2021-04-28,13.252627856150763,13.271793338808523,13.195133235898508,13.233463287353516,80000
2021-04-29,13.252625329481956,13.252625329481956,13.099305152893065,13.099305152893066,41200
2021-04-30,13.118472387217269,13.223880715464539,13.108890559626127,13.147220611572266,63600
2021-05-03,13.204714856893453,13.33887049181853,13.147220237540203,13.31970500946045,64600
2021-05-04,13.281375713001951,13.367618560791016,13.281375713001951,13.367618560791016,38400
2021-05-05,13.36761551359002,13.415528297424316,13.358032774051091,13.415528297424316,57300
2021-05-06,13.444279202001823,13.453861944106613,13.415531889548042,13.425114631652832,39600
2021-05-07,13.43469549399769,13.568850209251694,13.415530012469715,13.4634428024292,61400
2021-05-10,13.520937226852602,13.588015497385358,13.473025351435494,13.51135540008545,55600
2021-05-11,13.530519967480203,13.559267275502558,13.463442610807894,13.51135540008545,34700
2021-05-12,13.463441490649554,13.530518841741028,13.358033180236816,13.358033180236816,49000
2021-05-13,13.415530060816087,13.415530060816087,13.185549764814322,13.22387981414795,111000
2021-05-14,13.271792826510108,13.310122876485554,13.147219935624788,13.2142972946167,51900
2021-05-17,13.204714332550905,13.290957172016682,13.204714332550905,13.22387981414795,59800
2021-05-18,13.262208425380633,13.262208425380633,13.223878380203363,13.243042945861816,49300
2021-05-19,13.281374958604783,13.31970500946045,13.233463080430575,13.31970500946045,26600
2021-05-20,13.501772793268685,13.501772793268685,13.367617164734057,13.3867826461792,43000
2021-05-21,13.38966982394178,13.457002639770508,13.38966982394178,13.457002639770508,52000
2021-05-24,13.495477234662884,13.630143769382562,13.399287639012302,13.485858917236328,56000
2021-05-25,13.495477203296987,13.63976297244859,13.485858885892785,13.524334907531738,52700
2021-05-26,13.553191629382148,13.582048416137694,13.533953159984641,13.582048416137695,32300
2021-05-27,13.60128640638776,13.620523957766853,13.524334366190036,13.572428703308105,55700
2021-05-28,13.572429244067422,13.572429244067422,13.380049135908207,13.505096435546875,84500
2021-06-01,13.524336373351991,13.54357392758615,13.466621875967885,13.476241111755371,52800
2021-06-02,13.495476696038107,13.562810419380913,13.485858378995433,13.553191184997559,43100
2021-06-03,13.56281140462574,13.56281140462574,13.485859358650224,13.495477676391602,57200
2021-06-04,13.582048449931808,13.582048449931808,13.533953193659087,13.562810897827148,57800
2021-06-07,13.56281140462574,13.56281140462574,13.495477676391602,13.495477676391602,43500
2021-06-08,13.514715670290014,13.514715670290014,13.485858883401312,13.505096435546875,48300
2021-06-09,13.514716146555855,13.53395369937936,13.46662088848597,13.495477676391602,83400
2021-06-10,13.48586034713209,13.524336372940052,13.457002639770508,13.457002639770508,56100
2021-06-11,13.466620416402952,13.533953224935939,13.466620416402952,13.524334907531738,66100
2021-06-14,13.485858885892785,13.533953224935939,13.485858885892785,13.524334907531738,65700
2021-06-15,13.505095960297513,13.533952746170735,13.505095960297513,13.514715194702148,66400
2021-06-16,13.533953224935939,13.562810929170688,13.495477203296987,13.524334907531738,65300
2021-06-17,13.533954144118377,13.543573379516602,13.514716590662706,13.543573379516602,65900
2021-06-18,13.54357331326216,13.639763832092285,13.485859735836701,13.639763832092285,36200
2021-06-21,13.63976478582929,13.63976478582929,13.582050287027473,13.620526313781738,58700
2021-06-22,13.610906636724964,13.639764343861218,13.591669082641602,13.591669082641602,39900
2021-06-23,13.633184803965504,13.66215023647122,13.565598487854002,13.565598487854004,66600
2021-06-24,13.65249655462211,13.65249655462211,13.507667541503906,13.507667541503906,69900
2021-06-25,13.565598487854002,13.575253938954074,13.555943036753932,13.565598487854004,33900
2021-06-28,13.565597551665256,13.60421843260574,13.536632121158503,13.584907531738281,45700
2021-06-29,13.623529483052334,13.68146126941186,13.546287715102636,13.642840385437012,78800
2021-06-30,13.67180536516659,13.720081698734008,13.594563599776512,13.652495384216309,65300
2021-07-01,13.77801413446912,13.787668665003398,13.700771444633254,13.758703231811523,72200
2021-07-02,13.778014198650002,13.806979631976803,13.720082411201876,13.797324180603027,28400
2021-07-06,13.816634011105526,13.845599442184454,13.710425895825368,13.739391326904297,41000
2021-07-07,13.758702713900862,13.79732359696775,13.671805496801738,13.729737281799316,41400
2021-07-08,13.749047328567949,13.82628909507045,13.749047328567949,13.76835823059082,55900
2021-07-09,13.768359261796768,13.88422192022826,13.768359261796768,13.826290130615234,98500
2021-07-12,13.83594641596435,13.903532740589485,13.681462862081409,13.749049186706543,97500
2021-07-13,13.787670075177278,13.826290963648015,13.739393734390205,13.749049186706543,49100
2021-07-14,13.739392329153928,13.82628954952407,13.739392329153928,13.758703231811523,56600
2021-07-15,13.80697911384207,13.816634564853505,13.749047328567949,13.76835823059082,59700
2021-07-16,13.758702228153217,13.758702228153217,13.67180501412198,13.739391326904297,75800
2021-07-19,13.70077079698925,13.71042624786163,13.652495384216309,13.652495384216309,51500
2021-07-20,13.700771769327545,13.710427220885167,13.662150883891597,13.671806335449219,34400
2021-07-21,13.73939167968429,13.73939167968429,13.63318448247155,13.652495384216309,44700
2021-07-22,13.684476473108164,13.703860028061184,13.510028175566077,13.539103507995605,57500
2021-07-23,13.63602107317973,13.645712852478027,13.539106052973601,13.645712852478027,47100
2021-07-26,13.645712158001485,13.791085143041629,13.645712158001485,13.74262809753418,66500
2021-07-27,13.781393184627754,13.849233782311376,13.762009628570247,13.829851150512695,62100
2021-07-28,13.849234454476333,13.897692422713154,13.713552328265006,13.86861801147461,48600
2021-07-29,13.907384407381594,14.091523580300636,13.839542881140783,14.033373832702637,58500
2021-07-30,14.004298085188337,14.052756049521202,13.926765711959268,14.023681640625,30200
2021-08-02,14.052755492787108,14.130287862944543,14.004297530374023,14.101213455200195,39000
2021-08-03,14.13028826742021,14.178746231220394,13.946149114090058,14.04306411743164,58100
2021-08-04,14.081830584064907,14.120596771025339,13.936457614027987,14.004298210144043,26500
2021-08-05,14.09152235143276,14.13998031616211,14.023681755366951,14.13998031616211,44500
2021-08-06,14.10121412923039,14.14967209395974,13.93645760370588,14.13998031616211,36200
2021-08-09,14.091522081231822,14.13028826742021,14.013989708855043,14.04306411743164,37700
2021-08-10,14.101213455200195,14.139979640278913,14.052755492787108,14.101213455200195,23500
2021-08-11,14.149672113963284,14.178746523138475,14.033372628744909,14.072139739990234,50400
2021-08-12,14.11090592697676,14.120596780529288,14.013989997381048,14.072139739990234,62300
2021-08-13,14.091524223437638,14.217514578767762,14.07214158952627,14.207822799682617,61500
2021-08-16,14.217513342826848,14.246587753295898,14.169055375872537,14.246587753295898,28300
2021-08-17,14.246589090518968,14.35319681267671,14.207822898168589,14.324121475219727,47800
2021-08-18,14.324119442797691,14.38226918520197,14.285353255947772,14.34350299835205,60200
2021-08-19,14.333812065546256,14.401652665468085,14.217513498140754,14.227205276489258,111300
2021-08-20,14.275661478170592,14.38226918520197,14.236895291320675,14.34350299835205,52500
2021-08-23,14.365874614204085,14.395053516639202,14.20052595443744,14.229704856872559,119400
2021-08-24,14.268609216668983,14.288061507527475,14.210250488932484,14.24915599822998,79600
2021-08-25,14.297789556737072,14.297789556737072,14.190799627288683,14.200526237487793,31600
2021-08-26,14.200526237487793,14.268610653720348,14.181073017089576,14.200526237487793,112500
2021-08-27,14.200526169089402,14.307516098022461,14.200526169089402,14.307516098022461,45200
2021-08-30,14.142167221986618,14.307515881753263,14.05462958710068,14.229704856872559,87900
2021-08-31,14.268609216668983,14.278335825888483,14.151892688776496,14.24915599822998,38100
2021-09-01,14.268610653720348,14.268610653720348,14.200526237487793,14.200526237487793,51300
2021-09-02,14.200527364398019,14.229706269730292,14.181074142456053,14.181074142456055,29500
2021-09-03,14.181071843868995,14.181071843868995,14.122714042663572,14.122714042663574,45400
2021-09-07,14.074082459985062,14.200525604192734,14.035176948504283,14.064355850219727,37600
2021-09-08,14.083807639219433,14.132439758728834,13.976817718363176,14.01572322845459,57400
2021-09-09,13.976819038391115,14.025451162493532,13.976819038391115,13.976819038391113,29200
2021-09-10,13.967092585671612,13.967092585671612,13.840649432610677,13.860102653503418,41400
2021-09-13,13.899008540261,13.899008540261,13.801744288351454,13.821197509765625,57300
2021-09-14,13.821196140854902,13.869828261992941,13.762837409973143,13.762837409973145,46700
2021-09-15,13.733659868563162,13.860103025013313,13.733659868563162,13.821197509765625,47200
2021-09-16,13.821197225210533,13.879555960670883,13.772565100257012,13.85037612915039,88000
2021-09-17,13.860102653503418,13.869829263949788,13.792018235540079,13.860102653503418,52900
2021-09-20,13.723931861165742,13.87955483389933,13.723931861165742,13.869828224182129,77100
2021-09-21,13.869828526635006,13.967091843186349,13.8601019167057,13.937912940979004,37400
2021-09-22,13.899009449112343,14.064358131622274,13.889282837769239,14.025452613830566,76500
2021-09-23,14.008856008060734,14.02838006141074,13.881946402776967,13.911232948303223,41700
2021-09-24,14.008855116984885,14.008855116984885,13.725749378898897,13.77455997467041,34000
2021-09-27,13.706226077653115,13.76480010316985,13.68670202314924,13.696463584899902,46200
2021-09-28,13.706224997435042,13.706224997435042,13.471930775838455,13.481693267822266,107800
2021-09-29,13.481693788383037,13.5890784113439,13.442644749942495,13.50121784210205,51000
2021-09-30,13.481694142907873,13.550029729225198,13.374308586120604,13.374308586120605,63000
2021-10-01,13.442646287171389,13.442646287171389,13.276687622070314,13.276687622070312,68700
2021-10-04,13.276685741563538,13.325496340030528,13.19858766681337,13.208349227905273,88500
2021-10-05,13.208349116391108,13.257160645448485,13.169300079345703,13.169300079345703,71000
2021-10-06,13.159537178499463,13.247397741872634,13.159537178499463,13.188824653625488,53700
2021-10-07,13.218111991882324,13.325496614121972,13.208349499587127,13.218111991882324,79700
2021-10-08,13.227874074169508,13.28644716412016,13.208349090184305,13.23763656616211,47200
2021-10-11,13.24739853776541,13.296210068238889,13.218111991882324,13.218111991882324,59800
2021-10-12,13.257160299301322,13.345020863110047,13.247397807544251,13.296209335327148,59300
2021-10-13,13.325496374707043,13.393832888543137,13.266923283993238,13.38407039642334,43900
2021-10-14,13.452405680162968,13.471930663968456,13.335258570337457,13.442644119262695,99800
2021-10-15,13.432881196102635,13.471930231457486,13.345020633803612,13.462167739868164,81200
2021-10-18,13.413356371875622,13.471930391103234,13.413356371875622,13.432881355285645,52400
2021-10-19,13.471929844181215,13.481692335489896,13.364544301790549,13.413355827331543,45400
2021-10-20,13.413357463202425,13.530504580186427,13.374308424207758,13.403594970703125,98900
2021-10-21,13.435934002209322,13.435934002209322,13.347732973252716,13.386933326721191,32300
2021-10-22,13.406534759612562,13.445735115387619,13.2301326913197,13.239933013916016,99100
2021-10-25,13.2301324681219,13.249733112983858,13.21053182325994,13.220332145690918,49200
2021-10-26,13.190932006505303,13.249733006006238,13.112531296910843,13.122331619262695,122200
2021-10-27,13.151731793898872,13.161532116356682,13.083131405914587,13.092930793762207,90800
2021-10-28,13.102732494356887,13.151733177189604,13.092932170868286,13.132132530212402,33800
2021-10-29,13.132132222595146,13.220333262705887,13.132132222595146,13.190933227539062,73200
2021-11-01,13.181132436797839,13.31833415372747,13.171332113886388,13.279133796691895,66700
2021-11-02,13.259533049425055,13.416334476367725,13.259533049425055,13.357534408569336,67100
2021-11-03,13.406535292076775,13.46533536076961,13.33793396578815,13.377134323120117,63700
2021-11-04,13.367333617292028,13.445734324228978,13.357533295272372,13.386933326721191,49500
2021-11-05,13.445735709229696,13.524136424242444,13.406535351723322,13.426135063171387,117000
2021-11-08,13.435934717136842,13.5437354612587,13.435934717136842,13.494735717773438,52200
2021-11-09,13.53393633878563,13.651537407755276,13.484935659729057,13.563336372375488,73100
2021-11-10,13.582936043770879,13.700537112398871,13.524135976761992,13.6907377243042,103500
2021-11-11,13.700536586419839,13.729937553405762,13.641736521668351,13.729937553405762,35000
2021-11-12,13.749537894229672,13.78873825073242,13.710337537726923,13.788738250732422,23400
2021-11-15,13.818139014738058,13.818139014738058,13.720137657625225,13.76913833618164,27000
2021-11-16,13.769139969311901,13.906340764010734,13.749539321720459,13.876940727233887,50700
2021-11-17,13.876939146219284,14.063141538682487,13.857339435471173,13.994540214538574,32500
2021-11-18,13.994540919906939,14.112141994153689,13.955340561824688,14.10234260559082,57700
2021-11-19,14.121942078496987,14.141542724511755,13.798538896135241,13.906339645385742,73900
2021-11-22,13.909291008805686,14.0666802863859,13.820759305638294,13.879779815673828,76700
2021-11-23,13.948638916015625,13.948638916015625,13.820759888064181,13.948638916015625,35100
2021-11-24,13.948638362083608,14.056843256154323,13.889616913790611,13.997821807861328,46200
2021-11-26,13.978147593606746,13.987984657287598,13.899452960387988,13.987984657287598,18500
2021-11-29,14.056842924704894,14.106027307436978,13.958474159240723,13.958474159240723,45700
2021-11-30,14.007658383947247,14.096190084243425,13.909290557706873,13.938800811767578,36000
2021-12-01,14.027332337687684,14.174884544271029,13.879779192990288,13.919126510620117,31800
2021-12-02,13.938801263823454,13.938801263823454,13.840432496278774,13.879779815673828,32700
2021-12-03,13.899453910085795,13.899453910085795,13.742064632894458,13.761737823486328,63500
2021-12-06,13.722391272192917,13.791249788403515,13.6240234375,13.6240234375,61500
2021-12-07,13.72239094175611,13.732228006422767,13.584675788879395,13.584675788879395,61500
2021-12-08,13.574838309034153,13.663370012098133,13.505979796587672,13.535490989685059,59300
2021-12-09,13.515815995377034,13.624021820242916,13.476468678547812,13.545327186584473,43900
2021-12-10,13.594511032104494,13.614185160159446,13.555163714108648,13.594511032104492,33600
2021-12-13,13.594511069975619,13.712553024291992,13.594511069975619,13.712553024291992,49200
2021-12-14,13.712553110748821,13.722390174865723,13.614185283922003,13.722390174865723,58000
2021-12-15,13.722389639832988,13.81092133720514,13.68304232301359,13.771574020385742,71400
2021-12-16,13.83059592146895,13.958474001770028,13.801084729294182,13.938800811767578,60700
2021-12-17,14.007658255792823,14.28309041821972,13.968310938033845,14.263416290283203,48600
2021-12-20,14.214232835484712,14.489664077758787,14.214232835484712,14.489664077758789,58100
2021-12-21,14.460153042947319,14.578194997561958,14.292926706048062,14.509337425231934,64700
2021-12-22,14.50242564704321,14.660383426995898,14.482681512984765,14.64063835144043,30100
2021-12-23,14.64063878520351,14.808468166409245,14.541915287495295,14.690000534057617,43700
2021-12-27,14.680128492446412,14.690001030850517,14.45306575813448,14.462937355041504,58900
2021-12-28,14.502426865265669,14.512299403872708,14.245747451962327,14.255619049072266,66000
2021-12-29,14.255618224792922,14.433320143456276,14.255618224792922,14.33459758758545,27200
2021-12-30,14.354341506958008,14.453065002845802,14.28523562473477,14.354341506958008,38400
2021-12-31,14.383958687015514,14.472809648152404,14.206257706238803,14.216129302978516,53800
2022-01-03,14.265491153705064,14.265491153705064,14.048300018442907,14.117406845092773,85900
2022-01-04,14.077917592899125,14.097661727958712,13.821237246644992,13.85085391998291,88500
2022-01-05,13.840982090146804,13.919960512049455,13.683024304844448,13.692896842956543,85600
2022-01-06,13.673153114969873,13.752131539221924,13.505323728059992,13.564557075500488,97200
2022-01-07,13.564558131825958,13.564558131825958,13.515196377450161,13.554685592651367,37900
2022-01-10,13.554684017775216,13.613918304443358,13.554684017775216,13.61391830444336,57400
2022-01-11,13.60404649342987,13.60404649342987,13.426345506923017,13.455962181091309,68000
2022-01-12,13.446089846749503,13.525068273395839,13.376983958808239,13.436217308044434,50100
2022-01-13,13.455961952272574,13.46583449065982,13.29800510406494,13.298005104064941,40100
2022-01-14,13.268387360611914,13.288132437195495,13.070941302261467,13.130175590515137,89700
2022-01-18,13.080814657333766,13.130176410377848,12.784645080566406,12.784645080566406,110600
2022-01-19,12.78464336775897,12.903110994294929,12.636559069963273,12.676048278808594,152500
2022-01-20,12.735282681819108,12.863622856627776,12.666176795959473,12.666176795959473,47800
2022-01-21,12.788110166828911,12.788110166828911,12.698891585071754,12.7088041305542,75300
2022-01-24,12.708804231715659,12.708804231715659,12.500625648486816,12.68897819519043,123600
2022-01-25,12.570019039774715,12.827763184966267,12.570019039774715,12.7088041305542,110800
2022-01-26,12.758370114022139,12.897156144487148,12.589844557529803,12.619584083557129,95100
2022-01-27,12.679064945477021,12.73854494698953,12.629498435117023,12.639411926269531,62000
2022-01-28,12.639411405161532,12.708803949563027,12.520452352443607,12.550191879272461,102900
2022-01-31,12.550191786968794,12.619584330859922,12.500625279016912,12.570018768310547,72900
2022-02-01,12.58984526866489,12.718717815932635,12.570019231994296,12.669151306152344,62500
2022-02-02,12.688978436629531,12.807937494251997,12.629498435117023,12.639411926269531,76600
2022-02-03,12.540277772047185,12.58984427792692,12.44114570569018,12.480798721313477,77100
2022-02-04,12.431232838812349,12.54027840089401,12.292446804469998,12.351926803588867,145600
2022-02-07,12.351926703009463,12.421319246914331,12.302360195047768,12.371752738952637,82000
2022-02-08,12.302360057693187,12.421319108231586,12.252793550284899,12.401493072509766,134300
2022-02-09,12.41140641690425,12.460971978326315,12.41140641690425,12.431232452392578,91800
2022-02-10,12.351926950918955,12.401493459875475,12.302360441962437,12.322187423706055,88300
2022-02-11,12.302359726594421,12.322186707185123,12.252793220520138,12.27262020111084,149200
2022-02-14,12.242881449279283,12.28253446756397,12.104095412581614,12.114008903503418,103400
2022-02-15,12.094181628621232,12.193314644632249,12.094181628621232,12.173487663269043,74200
2022-02-16,12.173487470973363,12.232967468720913,12.064441911405764,12.213140487670898,106700
2022-02-17,12.232967896664823,12.401493459875475,12.232967896664823,12.322187423706055,142700
2022-02-18,12.292446804469998,12.381666330447045,12.292446804469998,12.351926803588867,70200
2022-02-22,12.354913548344149,12.404691795042417,12.165757350220032,12.20557975769043,116500
2022-02-23,12.145845067324919,12.275268122523228,11.99651128410281,12.066200256347656,228100
2022-02-24,11.956688876023676,12.48433598599398,11.956688876023676,12.394735336303711,159600
2022-02-25,12.364869638170452,12.454470294155053,12.354913798740807,12.374825477600098,61400
2022-02-28,12.364868941534848,12.434557914733887,12.285224129467077,12.434557914733887,63400
2022-03-01,12.40469151900192,12.54407041676727,12.40469151900192,12.474380493164062,75300
2022-03-02,12.454469502079089,12.643625692006927,12.434557824486136,12.63366985321045,82700
2022-03-03,12.593847450493204,12.593847450493204,12.44451366627433,12.524158477783203,22200
2022-03-04,12.51420315922098,12.563981405843652,12.494292430236563,12.534114837646484,48300
2022-03-07,12.494292176551516,12.494292176551516,12.325046711135453,12.364869117736816,60200
2022-03-08,12.295180411859095,12.335002819329492,12.185668079234688,12.20557975769043,51600
2022-03-09,12.1956239220144,12.26531289774762,12.076156699568413,12.096067428588867,70600
2022-03-10,11.976599696425568,12.04628961863391,11.847176640256983,11.867088317871094,79000
2022-03-11,11.867088317871094,11.926821451831335,11.827265912083918,11.867088317871094,108400
2022-03-14,11.857132656257432,11.906910901595552,11.628154056919566,11.687887191772461,126900
2022-03-15,11.697843380779513,11.697843380779513,11.598286887124102,11.658020973205566,94400
2022-03-16,11.737665264824441,11.757576942443848,11.62815388624084,11.757576942443848,129700
2022-03-17,11.697843113262204,11.877044417967362,11.697843113262204,11.817310333251953,78000
2022-03-18,11.79740012416283,11.896955670484548,11.79740012416283,11.827266693115234,43600
2022-03-21,11.837222532579739,11.85713326206764,11.787444284698326,11.827266693115234,40800
2022-03-22,11.807354318110486,11.976599781265143,11.767531912041216,11.886999130249023,91900
2022-03-23,11.8100004196167,12.0600004196167,11.75,11.850000381469727,69900
2022-03-24,11.770000457763672,11.770000457763672,11.649999618530273,11.670000076293945,78900
2022-03-25,11.670000076293945,11.670000076293945,11.520000457763672,11.5600004196167,133200
2022-03-28,11.520000457763672,11.600000381469727,11.4399995803833,11.479999542236328,109300
2022-03-29,11.430000305175781,11.539999961853027,11.380000114440918,11.510000228881836,165400
2022-03-30,11.520000457763672,11.640000343322754,11.5,11.550000190734863,133400
2022-03-31,11.550000190734863,11.729999542236328,11.550000190734863,11.649999618530273,126100
2022-04-01,11.65999984741211,11.699999809265137,11.569999694824219,11.680000305175781,80500
2022-04-04,11.649999618530273,11.720000267028809,11.579999923706055,11.609999656677246,121700
2022-04-05,11.579999923706055,11.680000305175781,11.40999984741211,11.680000305175781,115000
2022-04-06,11.569999694824219,11.739999771118164,11.420000076293945,11.470000267028809,105000
2022-04-07,11.40999984741211,11.569999694824219,11.359999656677246,11.399999618530273,87300
2022-04-08,11.350000381469727,11.399999618530273,11.130000114440918,11.1899995803833,228100
2022-04-11,11.1899995803833,11.1899995803833,11.050000190734863,11.069999694824219,146500
2022-04-12,11.109999656677246,11.15999984741211,11.039999961853027,11.039999961853027,80900
