Date,Open,High,Low,Close,Adj Close,Volume,ticker
2007-01-03,27.54522132873535,27.54522132873535,26.951908111572266,27.23397445678711,23.173336029052734,31049,ABCB
2007-01-04,27.243701934814453,28.109352111816406,27.117258071899414,27.6813907623291,23.554046630859375,81222,ABCB
2007-01-05,27.613306045532227,27.671663284301758,26.6212100982666,27.117258071899414,23.074024200439453,32797,ABCB
2007-01-08,27.399324417114258,27.49658966064453,26.97136116027832,27.350692749023438,23.272655487060547,21899,ABCB
2007-01-09,27.165889739990234,27.428504943847656,26.767107009887695,27.428504943847656,23.33885955810547,28788,ABCB
2007-01-10,27.389598846435547,27.623031616210938,27.13671112060547,27.564674377441406,23.454729080200195,34545,ABCB
2007-01-11,27.72029685974121,27.93427848815918,27.2242488861084,27.623031616210938,23.504383087158203,15113,ABCB
2007-01-12,27.156164169311523,27.72029685974121,27.156164169311523,27.700843811035156,23.57059669494629,6374,ABCB
2007-01-16,27.90509796142578,27.90509796142578,27.156164169311523,27.350692749023438,23.272655487060547,17170,ABCB
2007-01-17,27.165889739990234,27.486862182617188,26.82546615600586,26.82546615600586,22.825740814208984,13263,ABCB
2007-01-18,26.844919204711914,26.951908111572266,25.94036293029785,26.037626266479492,22.155363082885742,53360,ABCB
2007-01-19,25.988994598388672,26.553125381469727,25.988994598388672,26.378049850463867,22.44503402709961,12749,ABCB
2007-01-22,26.368324279785156,26.368324279785156,25.979267120361328,25.998720169067383,22.12226104736328,18095,ABCB
2007-01-23,26.018173217773438,26.43640899658203,25.81391716003418,26.30023956298828,22.37882423400879,15216,ABCB
2007-01-24,26.290512084960938,26.864370346069336,26.095983505249023,26.494766235351562,22.544343948364258,29610,ABCB
2007-01-25,26.261333465576172,26.56285285949707,25.638843536376953,25.648569107055664,21.82431411743164,21693,ABCB
2007-01-26,25.794464111328125,25.794464111328125,24.860729217529297,25.50267219543457,21.700180053710938,20357,ABCB
2007-01-29,25.41513442993164,26.095983505249023,25.41513442993164,26.086257934570312,22.19675064086914,24264,ABCB
2007-01-30,26.037626266479492,26.037626266479492,25.26923942565918,25.41513442993164,21.62568473815918,33209,ABCB
2007-01-31,25.434587478637695,25.45404052734375,25.045530319213867,25.084436416625977,21.34429931640625,49247,ABCB
2007-02-01,25.210880279541016,25.66802215576172,25.123342514038086,25.66802215576172,21.840871810913086,28788,ABCB
2007-02-02,25.259511947631836,25.67774772644043,25.064983367919922,25.123342514038086,21.377405166625977,29096,ABCB
2007-02-05,25.045530319213867,25.045530319213867,23.606021881103516,23.926992416381836,20.35942840576172,47294,ABCB
2007-02-06,23.94644546508789,23.956172943115234,22.87653923034668,23.343406677246094,19.862857818603516,86568,ABCB
2007-02-07,23.421218872070312,24.08261489868164,23.372587203979492,24.08261489868164,20.491859436035156,43901,ABCB
2007-02-08,24.08261489868164,24.092342376708984,23.703285217285156,23.829727172851562,20.276670455932617,16758,ABCB
2007-02-09,23.90753936767578,23.975624084472656,22.905719757080078,23.333681106567383,19.854583740234375,39583,ABCB
2007-02-12,23.4990291595459,23.576841354370117,22.944623947143555,23.537935256958008,20.02838134765625,24675,ABCB
2007-02-13,23.606021881103516,23.67410659790039,23.401765823364258,23.67410659790039,20.14424705505371,13263,ABCB
2007-02-14,23.77136993408203,23.82000160217285,23.109973907470703,23.178058624267578,19.722166061401367,30638,ABCB
2007-02-15,23.372587203979492,23.372587203979492,22.643104553222656,22.96407699584961,19.540084838867188,99009,ABCB
2007-02-16,23.05161476135254,23.197511672973633,22.895992279052734,23.080793380737305,19.639402389526367,126562,ABCB
2007-02-20,22.973804473876953,23.36285972595215,22.973804473876953,23.304502487182617,19.829761505126953,28068,ABCB
2007-02-21,23.246143341064453,23.265596389770508,22.973804473876953,23.09052085876465,19.647680282592773,7403,ABCB
2007-02-22,23.236417770385742,24.053436279296875,23.216964721679688,23.99507713317871,20.417369842529297,192363,ABCB
2007-02-23,23.732463836669922,24.24796485900879,23.537935256958008,23.800548553466797,20.251840591430664,52435,ABCB
2007-02-26,23.878360748291016,23.878360748291016,23.440671920776367,23.77136993408203,20.227014541625977,51509,ABCB
2007-02-27,23.557388305664062,24.004804611206055,23.430944442749023,23.4990291595459,19.995283126831055,49453,ABCB
2007-02-28,23.917266845703125,24.442493438720703,23.508756637573242,23.82000160217285,20.268396377563477,68679,ABCB
2007-03-01,23.77136993408203,24.773191452026367,23.6838321685791,23.975624084472656,20.400814056396484,39172,ABCB
2007-03-02,23.81027603149414,24.004804611206055,22.9543514251709,23.022436141967773,19.58974838256836,64464,ABCB
2007-03-05,23.00298309326172,23.82000160217285,22.905719757080078,23.01270866394043,19.581472396850586,37013,ABCB
2007-03-06,23.265596389770508,24.948266983032227,23.265596389770508,24.491125106811523,20.839454650878906,75362,ABCB
2007-03-07,24.21878433227539,24.403587341308594,23.58656883239746,23.76164436340332,20.21874237060547,53051,ABCB
2007-03-08,24.004804611206055,24.38413429260254,23.36285972595215,23.479576110839844,19.978729248046875,44724,ABCB
2007-03-09,23.615747451782227,24.30632209777832,23.528209686279297,23.839454650878906,20.284940719604492,17067,ABCB
2007-03-12,23.644926071166992,24.364681243896484,23.644926071166992,23.790822982788086,20.243568420410156,45135,ABCB
2007-03-13,23.615747451782227,23.703285217285156,22.720916748046875,22.82790756225586,19.42422103881836,65286,ABCB
2007-03-14,22.808454513549805,23.294775009155273,22.60420036315918,23.178058624267578,19.722166061401367,25600,ABCB
2007-03-15,23.654653549194336,23.76164436340332,22.96407699584961,23.62547492980957,20.102874755859375,20151,ABCB
2007-03-16,23.615747451782227,23.664379119873047,22.6236515045166,22.74036979675293,19.349740982055664,90578,ABCB
2007-03-19,22.83763313293457,23.58656883239746,22.52638816833496,22.759822845458984,19.366294860839844,46369,ABCB
2007-03-20,22.759822845458984,23.615747451782227,22.759822845458984,23.36285972595215,19.879419326782227,58912,ABCB
2007-03-21,23.479576110839844,24.69537925720215,23.265596389770508,24.69537925720215,21.013248443603516,30433,ABCB
2007-03-22,24.549484252929688,24.909360885620117,24.549484252929688,24.841276168823242,21.13739585876465,12338,ABCB
2007-03-23,24.753738403320312,24.812097549438477,24.06316375732422,24.08261489868164,20.491859436035156,16964,ABCB
2007-03-26,24.140974044799805,24.841276168823242,24.07288932800293,24.802370071411133,21.104291915893555,27554,ABCB
2007-03-27,24.685653686523438,24.69537925720215,24.03398323059082,24.2576904296875,20.64082145690918,24675,ABCB
2007-03-28,24.16042709350586,24.189605712890625,23.508756637573242,23.537935256958008,20.141450881958008,100242,ABCB
2007-03-29,23.742191314697266,23.742191314697266,22.458303451538086,23.207237243652344,19.85846710205078,44415,ABCB
2007-03-30,23.294775009155273,24.02425765991211,23.294775009155273,23.81027603149414,20.374496459960938,43901,ABCB
2007-04-02,23.90753936767578,24.092342376708984,23.878360748291016,24.07288932800293,20.59920883178711,39994,ABCB
2007-04-03,24.17015266418457,24.510578155517578,24.004804611206055,24.03398323059082,20.565921783447266,45957,ABCB
2007-04-04,24.07288932800293,24.29659652709961,23.596294403076172,23.62547492980957,20.216358184814453,16347,ABCB
2007-04-05,23.85890769958496,24.685653686523438,23.85890769958496,24.150699615478516,20.665794372558594,86980,ABCB
2007-04-09,24.29659652709961,24.393861770629883,23.703285217285156,23.732463836669922,20.30790138244629,17478,ABCB
2007-04-10,23.888086318969727,24.598115921020508,23.888086318969727,24.500850677490234,20.965415954589844,19946,ABCB
2007-04-11,24.60784149169922,24.60784149169922,23.05161476135254,23.713010787963867,20.291257858276367,36499,ABCB
2007-04-12,23.606021881103516,24.20905876159668,23.518482208251953,24.13124656677246,20.649152755737305,25395,ABCB
2007-04-13,24.092342376708984,24.267417907714844,23.654653549194336,24.21878433227539,20.72405242919922,13366,ABCB
2007-04-16,24.316049575805664,25.09416389465332,24.30632209777832,25.026077270507812,21.414854049682617,24778,ABCB
2007-04-17,25.09416389465332,25.259511947631836,24.753738403320312,25.035804748535156,21.423173904418945,20048,ABCB
2007-04-18,24.88018226623535,24.938539505004883,24.481399536132812,24.500850677490234,20.965415954589844,23441,ABCB
2007-04-19,24.403587341308594,24.588388442993164,23.693559646606445,24.11179542541504,20.632503509521484,38863,ABCB
2007-04-20,24.60784149169922,24.65647315979004,24.140974044799805,24.38413429260254,20.86554527282715,46677,ABCB
2007-04-23,24.20905876159668,24.510578155517578,24.03398323059082,24.189605712890625,20.6990909576416,18506,ABCB
2007-04-24,24.267417907714844,24.29659652709961,23.89781379699707,24.014530181884766,20.549272537231445,10487,ABCB
2007-04-25,23.89781379699707,24.053436279296875,23.693559646606445,23.878360748291016,20.432750701904297,15730,ABCB
2007-04-26,23.82000160217285,23.888086318969727,23.10024642944336,23.14887809753418,19.80853271484375,22619,ABCB
2007-04-27,23.129425048828125,23.36285972595215,22.730642318725586,22.818180084228516,19.525554656982422,27657,ABCB
2007-04-30,22.905719757080078,23.197511672973633,22.263774871826172,22.312406539916992,19.092761993408203,43387,ABCB
2007-05-01,22.283227920532227,22.818180084228516,22.147058486938477,22.78900146484375,19.500587463378906,28068,ABCB
2007-05-02,22.895992279052734,23.596294403076172,22.818180084228516,23.479576110839844,20.09151268005371,28788,ABCB
2007-05-03,23.518482208251953,24.08261489868164,23.518482208251953,23.693559646606445,20.27461814880371,30124,ABCB
2007-05-04,24.06316375732422,24.07288932800293,23.440671920776367,23.703285217285156,20.28293800354004,8225,ABCB
2007-05-07,23.508756637573242,23.703285217285156,22.905719757080078,22.905719757080078,19.600461959838867,27143,ABCB
2007-05-08,22.857086181640625,23.05161476135254,21.952529907226562,22.156784057617188,18.959598541259766,61790,ABCB
2007-05-09,22.11787986755371,22.263774871826172,21.816360473632812,22.001161575317383,18.82642936706543,37218,ABCB
2007-05-10,21.845539093017578,21.923349380493164,21.00906753540039,21.291133880615234,18.21885871887207,62202,ABCB
2007-05-11,21.689916610717773,22.536115646362305,21.49538803100586,22.185964584350586,18.98456573486328,55827,ABCB
2007-05-14,22.127605438232422,22.244321823120117,21.534292221069336,21.6218318939209,18.501832962036133,56239,ABCB
2007-05-15,21.67046356201172,22.263774871826172,21.31058692932129,21.99143409729004,18.81810760498047,81016,ABCB
2007-05-16,22.108152389526367,22.224868774414062,21.349491119384766,22.195690155029297,18.992881774902344,55725,ABCB
2007-05-17,22.224868774414062,22.263774871826172,21.563472747802734,21.689916610717773,18.56009864807129,38452,ABCB
2007-05-18,21.787179946899414,22.43885040283203,21.27168083190918,22.380491256713867,19.151023864746094,68165,ABCB
2007-05-21,22.30268096923828,22.57501983642578,22.185964584350586,22.322132110595703,19.101085662841797,28890,ABCB
2007-05-22,22.205415725708008,23.285049438476562,22.205415725708008,23.041887283325195,19.71697998046875,60557,ABCB
2007-05-23,23.09052085876465,23.09052085876465,22.39021873474121,22.42912483215332,19.192638397216797,38452,ABCB
2007-05-24,22.361038208007812,22.60420036315918,21.67046356201172,22.185964584350586,18.98456573486328,42873,ABCB
2007-05-25,22.51666259765625,22.61392593383789,21.981708526611328,22.11787986755371,18.926305770874023,33414,ABCB
2007-05-29,22.244321823120117,23.00298309326172,22.195690155029297,22.934898376464844,19.62543296813965,33517,ABCB
2007-05-30,22.82790756225586,22.993255615234375,22.370765686035156,22.944623947143555,19.63374900817871,37218,ABCB
2007-05-31,23.032161712646484,23.032161712646484,22.43885040283203,22.633378982543945,19.36742401123047,9870,ABCB
2007-06-01,22.691736221313477,23.27532386779785,22.672285079956055,22.759822845458984,19.475618362426758,26834,ABCB
2007-06-04,22.672285079956055,23.430944442749023,22.672285079956055,23.109973907470703,19.775239944458008,32592,ABCB
2007-06-05,23.09052085876465,23.09052085876465,22.51666259765625,22.594472885131836,19.334131240844727,50584,ABCB
2007-06-06,22.584747314453125,22.584747314453125,21.94280242919922,22.040067672729492,18.859722137451172,38863,ABCB
2007-06-07,21.923349380493164,22.088699340820312,21.427303314208984,21.68018913269043,18.551776885986328,27348,ABCB
2007-06-08,21.5926513671875,22.0789737701416,21.485660552978516,22.040067672729492,18.859722137451172,21179,ABCB
2007-06-11,21.952529907226562,22.545841217041016,21.952529907226562,22.11787986755371,18.926305770874023,25806,ABCB
2007-06-12,21.971981048583984,22.16651153564453,21.39812469482422,21.50511360168457,18.40196418762207,37218,ABCB
2007-06-13,21.514841079711914,22.48748207092285,21.49538803100586,22.234596252441406,19.026180267333984,33003,ABCB
2007-06-14,22.292953491210938,22.91544532775879,22.263774871826172,22.497209548950195,19.250898361206055,43695,ABCB
2007-06-15,22.973804473876953,22.973804473876953,21.8941707611084,22.137331008911133,18.94294548034668,90578,ABCB
2007-06-18,22.108152389526367,22.11787986755371,21.651010513305664,22.001161575317383,18.82642936706543,33311,ABCB
2007-06-19,21.884445190429688,22.886266708374023,21.884445190429688,22.847360610961914,19.5505313873291,40611,ABCB
2007-06-20,22.9251708984375,22.9251708984375,21.6218318939209,21.75800132751465,18.618356704711914,38863,ABCB
2007-06-21,21.54401969909668,22.545841217041016,21.54401969909668,22.341585159301758,19.11773681640625,36807,ABCB
2007-06-22,22.341585159301758,22.341585159301758,21.75800132751465,21.981708526611328,18.80978775024414,124403,ABCB
2007-06-25,21.913623809814453,22.16651153564453,21.437028884887695,21.651010513305664,18.52680015563965,47499,ABCB
2007-06-26,21.728822708129883,22.536115646362305,21.41757583618164,22.419397354125977,19.184307098388672,89241,ABCB
2007-06-27,21.826086044311523,22.71118927001953,21.826086044311523,22.71118927001953,19.55276107788086,58089,ABCB
2007-06-28,22.798728942871094,23.129425048828125,22.71118927001953,23.032161712646484,19.829097747802734,51304,ABCB
2007-06-29,23.158605575561523,23.158605575561523,21.641284942626953,21.85526466369629,18.815868377685547,56547,ABCB
2007-07-02,21.971981048583984,22.633378982543945,21.777454376220703,22.506935119628906,19.376911163330078,54696,ABCB
2007-07-03,22.48748207092285,22.769548416137695,22.185964584350586,22.584747314453125,19.443906784057617,27965,ABCB
2007-07-05,22.65283203125,22.65283203125,21.787179946899414,22.244321823120117,19.15082359313965,24161,ABCB
2007-07-06,22.16651153564453,22.3513126373291,22.020614624023438,22.137331008911133,19.058700561523438,16758,ABCB
2007-07-09,21.952529907226562,22.497209548950195,21.90389633178711,21.981708526611328,18.924732208251953,42256,ABCB
2007-07-10,22.0789737701416,22.0789737701416,21.641284942626953,21.660736083984375,18.648393630981445,64566,ABCB
2007-07-11,21.816360473632812,22.088699340820312,21.68018913269043,21.71909523010254,18.698631286621094,61379,ABCB
2007-07-12,21.816360473632812,22.234596252441406,21.71909523010254,22.234596252441406,19.1424503326416,26423,ABCB
2007-07-13,22.224868774414062,22.224868774414062,21.8941707611084,22.069246292114258,19.00009536743164,22619,ABCB
2007-07-16,22.049793243408203,22.049793243408203,21.641284942626953,21.689916610717773,18.673513412475586,26937,ABCB
2007-07-17,21.651010513305664,22.040067672729492,21.6218318939209,21.660736083984375,18.648393630981445,27965,ABCB
2007-07-18,21.641284942626953,21.8941707611084,21.39812469482422,21.787179946899414,18.757251739501953,50275,ABCB
2007-07-19,21.962255477905273,22.195690155029297,21.0187931060791,21.24250030517578,18.28831672668457,47911,ABCB
2007-07-20,21.19386863708496,21.31058692932129,19.50147247314453,19.978065490722656,17.19972801208496,88111,ABCB
2007-07-23,20.065603256225586,20.16286849975586,19.6862735748291,19.793264389038086,17.040624618530273,59734,ABCB
2007-07-24,19.647367477416992,19.705726623535156,18.334300994873047,18.60664176940918,16.019027709960938,77624,ABCB
2007-07-25,18.73308563232422,19.248584747314453,18.227310180664062,18.684452056884766,16.086017608642578,77418,ABCB
2007-07-26,18.674726486206055,19.112415313720703,18.587188720703125,18.84007453918457,16.219995498657227,125020,ABCB
2007-07-27,18.91788673400879,19.09296226501465,17.935518264770508,18.013328552246094,15.508227348327637,75567,ABCB
2007-07-30,18.130046844482422,18.810895919799805,17.818801879882812,18.382932662963867,15.82642936706543,57678,ABCB
2007-07-31,18.52882957458496,18.52882957458496,17.33247947692871,17.361658096313477,14.947181701660156,96027,ABCB
2007-08-01,17.342205047607422,18.013328552246094,17.13795280456543,17.80907440185547,15.332379341125488,108879,ABCB
2007-08-02,17.877159118652344,18.178678512573242,17.63399887084961,18.100866317749023,15.583585739135742,63127,ABCB
2007-08-03,18.023056030273438,18.110593795776367,17.264394760131836,17.517282485961914,15.081170082092285,72791,ABCB
2007-08-06,17.63399887084961,18.382932662963867,17.0212345123291,18.25649070739746,15.717571258544922,98186,ABCB
2007-08-07,18.110593795776367,18.246763229370117,17.28384780883789,17.925792694091797,15.432868003845215,80811,ABCB
2007-08-08,18.071687698364258,19.326396942138672,18.071687698364258,19.044330596923828,16.395851135253906,134376,ABCB
2007-08-09,19.044330596923828,20.03642463684082,19.044330596923828,19.491744995117188,16.781044006347656,131292,ABCB
2007-08-10,19.4139347076416,21.39812469482422,19.248584747314453,20.668642044067383,17.794269561767578,69501,ABCB
2007-08-13,20.43520736694336,21.203594207763672,19.511198043823242,19.627914428710938,16.898269653320312,50481,ABCB
2007-08-14,19.520925521850586,19.676546096801758,18.985971450805664,18.985971450805664,16.34560203552246,24881,ABCB
2007-08-15,18.96651840209961,20.016971588134766,18.74281120300293,18.74281120300293,16.136259078979492,37835,ABCB
2007-08-16,18.684452056884766,21.68018913269043,18.684452056884766,21.388397216796875,18.4139347076416,108570,ABCB
2007-08-17,22.458303451538086,22.633378982543945,21.23277473449707,21.35921859741211,18.388805389404297,107542,ABCB
2007-08-20,21.40785026550293,21.748275756835938,21.116056442260742,21.660736083984375,18.648393630981445,28582,ABCB
2007-08-21,21.709369659423828,21.864992141723633,21.33003807067871,21.5926513671875,18.589773178100586,26526,ABCB
2007-08-22,21.845539093017578,21.85526466369629,21.437028884887695,21.54401969909668,18.54790496826172,30947,ABCB
2007-08-23,21.68018913269043,21.68018913269043,19.98779296875,20.308765411376953,17.484439849853516,36087,ABCB
2007-08-24,20.279584884643555,20.503292083740234,19.85162353515625,20.20177459716797,17.3923282623291,27759,ABCB
2007-08-27,20.094783782958984,20.308765411376953,19.666820526123047,19.832170486450195,17.074129104614258,26423,ABCB
2007-08-28,19.666820526123047,19.919708251953125,18.96651840209961,19.00542449951172,16.36235809326172,32078,ABCB
2007-08-29,19.112415313720703,19.94888687133789,18.976245880126953,19.94888687133789,17.174610137939453,25395,ABCB
2007-08-30,19.472291946411133,20.221227645874023,19.306943893432617,19.423660278320312,16.722429275512695,16964,ABCB
2007-08-31,19.666820526123047,20.92152976989746,19.024877548217773,19.219404220581055,16.546573638916016,19946,ABCB
2007-09-04,19.14159393310547,19.822444915771484,18.869253158569336,19.676546096801758,16.94014549255371,22722,ABCB
2007-09-05,19.589008331298828,19.657093048095703,18.859527587890625,19.00542449951172,16.36235809326172,30844,ABCB
2007-09-06,19.024877548217773,20.07533073425293,18.810895919799805,19.9586124420166,17.1829891204834,43387,ABCB
2007-09-07,19.715452194213867,19.715452194213867,18.810895919799805,18.91788673400879,16.286991119384766,34751,ABCB
2007-09-10,18.995698928833008,19.209678649902344,18.023056030273438,18.635820388793945,16.044151306152344,33209,ABCB
2007-09-11,18.587188720703125,18.665000915527344,18.334300994873047,18.44129180908203,15.876679420471191,33106,ABCB
2007-09-12,18.431564331054688,18.431564331054688,17.614545822143555,17.663177490234375,15.206772804260254,54080,ABCB
2007-09-13,17.556188583374023,18.29539680480957,17.439470291137695,17.984149932861328,15.483105659484863,40097,ABCB
2007-09-14,17.80907440185547,17.8966121673584,17.41029167175293,17.575641632080078,15.131412506103516,78035,ABCB
2007-09-17,17.48810386657715,17.6242733001709,17.33247947692871,17.478376388549805,15.04766845703125,17170,ABCB
2007-09-18,17.604820251464844,18.25649070739746,17.390838623046875,18.246763229370117,15.709196090698242,75773,ABCB
2007-09-19,18.412113189697266,19.443113327026367,18.21758460998535,19.443113327026367,16.739168167114258,61482,ABCB
2007-09-20,19.433387756347656,19.433387756347656,18.596914291381836,18.995698928833008,16.353975296020508,44724,ABCB
2007-09-21,19.199953079223633,19.268037796020508,18.57746124267578,18.723358154296875,16.119516372680664,74848,ABCB
2007-09-24,18.684452056884766,19.219404220581055,18.61636734008789,18.762264251708984,16.15300941467285,22105,ABCB
2007-09-25,18.61636734008789,18.84007453918457,18.363481521606445,18.421838760375977,15.859926223754883,13880,ABCB
2007-09-26,18.48019790649414,18.52882957458496,18.071687698364258,18.237037658691406,15.817745208740234,27040,ABCB
2007-09-27,18.29539680480957,18.30512237548828,17.906339645385742,18.21758460998535,15.800875663757324,12954,ABCB
2007-09-28,18.237037658691406,18.39266014099121,17.439470291137695,17.58536720275879,15.252530097961426,43798,ABCB
2007-10-01,17.556188583374023,18.431564331054688,17.556188583374023,18.042509078979492,15.649026870727539,42667,ABCB
2007-10-02,18.023056030273438,18.470470428466797,17.935518264770508,17.964696884155273,15.581527709960938,49144,ABCB
2007-10-03,17.828527450561523,18.3537540435791,17.468650817871094,17.48810386657715,15.168169021606445,42667,ABCB
2007-10-04,17.527008056640625,18.042509078979492,17.527008056640625,17.828527450561523,15.463427543640137,25909,ABCB
2007-10-05,18.042509078979492,18.042509078979492,17.72153663635254,17.935518264770508,15.55622673034668,42153,ABCB
2007-10-08,17.85770606994629,18.03278160095215,17.653451919555664,17.993877410888672,15.606843948364258,27554,ABCB
2007-10-09,18.110593795776367,18.382932662963867,17.818801879882812,18.246763229370117,15.826177597045898,33106,ABCB
2007-10-10,18.25649070739746,18.25649070739746,18.003602981567383,18.139772415161133,15.733382225036621,21693,ABCB
2007-10-11,18.334300994873047,18.665000915527344,17.604820251464844,17.702083587646484,15.353757858276367,52229,ABCB
2007-10-12,17.692358016967773,18.470470428466797,17.692358016967773,18.29539680480957,15.868362426757812,21282,ABCB
2007-10-15,18.25649070739746,18.25649070739746,17.94524574279785,18.08141326904297,15.682767868041992,33723,ABCB
2007-10-16,18.042509078979492,18.091140747070312,17.964696884155273,18.003602981567383,15.615279197692871,24161,ABCB
2007-10-17,18.285669326782227,18.285669326782227,17.575641632080078,18.061962127685547,15.665898323059082,49144,ABCB
2007-10-18,18.08141326904297,18.08141326904297,17.507556915283203,17.877159118652344,15.505608558654785,35059,ABCB
2007-10-19,17.935518264770508,17.935518264770508,17.0212345123291,17.069866180419922,14.805408477783203,74539,ABCB
2007-10-22,16.914243698120117,17.38111114501953,16.22366714477539,16.914243698120117,14.67043399810791,72689,ABCB
2007-10-23,16.982328414916992,17.06014060974121,16.184762954711914,16.807252883911133,14.57763385772705,48014,ABCB
2007-10-24,16.632177352905273,17.001781463623047,16.534914016723633,16.70026206970215,14.484838485717773,47294,ABCB
2007-10-25,16.78780174255371,16.943422317504883,16.43764877319336,16.43764877319336,14.257061004638672,31255,ABCB
2007-10-26,16.739168167114258,17.254669189453125,16.61272430419922,17.167131423950195,14.889775276184082,26834,ABCB
2007-10-29,17.225488662719727,17.41029167175293,16.826705932617188,17.09904670715332,14.830719947814941,41948,ABCB
2007-10-30,17.01150894165039,17.050413131713867,16.330659866333008,16.418197631835938,14.240189552307129,48014,ABCB
2007-10-31,16.466829299926758,17.18658447265625,16.2917537689209,16.398744583129883,14.22331714630127,46677,ABCB
2007-11-01,16.08749771118164,16.08749771118164,14.764704704284668,14.978686332702637,12.991643905639648,107748,ABCB
2007-11-02,15.328838348388672,15.552544593811035,14.871696472167969,15.163488388061523,13.151928901672363,48116,ABCB
2007-11-05,15.075950622558594,15.241299629211426,14.589630126953125,14.745251655578613,12.789175033569336,42050,ABCB
2007-11-06,14.803610801696777,14.83279037475586,14.01577091217041,14.472912788391113,12.55296516418457,72277,ABCB
2007-11-07,14.19084644317627,14.346468925476074,13.441911697387695,13.451639175415039,11.667170524597168,56650,ABCB
2007-11-08,13.626713752746582,14.258931159973145,13.46136474609375,14.210298538208008,12.325188636779785,76493,ABCB
2007-11-09,13.957411766052246,14.268657684326172,13.646166801452637,13.986592292785645,12.131157875061035,56444,ABCB
2007-11-12,13.957411766052246,14.589630126953125,13.792062759399414,14.385375022888184,12.47703742980957,44621,ABCB
2007-11-13,14.579902648925781,15.095403671264648,14.404828071594238,15.066224098205566,13.067564964294434,79474,ABCB
2007-11-14,15.231573104858398,15.309385299682617,14.677166938781738,14.871696472167969,12.898843765258789,32694,ABCB
2007-11-15,14.774432182312012,15.114855766296387,14.385375022888184,14.385375022888184,12.47703742980957,17581,ABCB
2007-11-16,14.434006690979004,14.472912788391113,13.811515808105469,14.41455364227295,12.502346992492676,48116,ABCB
2007-11-19,14.258931159973145,14.346468925476074,13.490544319152832,13.733704566955566,11.911820411682129,40919,ABCB
2007-11-20,13.792062759399414,13.986592292785645,13.266837120056152,13.723978042602539,11.903382301330566,39891,ABCB
2007-11-21,13.665619850158691,14.453459739685059,13.665619850158691,14.132488250732422,12.257699966430664,19123,ABCB
2007-11-23,14.317290306091309,14.706347465515137,14.210298538208008,14.249204635620117,12.358931541442871,26012,ABCB
2007-11-26,14.249204635620117,14.511817932128906,13.655893325805664,13.762884140014648,11.937127113342285,48014,ABCB
2007-11-27,13.830968856811523,14.764704704284668,13.665619850158691,14.706347465515137,12.755433082580566,62305,ABCB
2007-11-28,14.900875091552734,16.515460968017578,14.900875091552734,16.466829299926758,14.282368659973145,98597,ABCB
2007-11-29,16.418197631835938,16.534914016723633,16.16530990600586,16.2625732421875,14.105210304260254,83176,ABCB
2007-11-30,16.554365158081055,16.719715118408203,16.233394622802734,16.369564056396484,14.19800853729248,51920,ABCB
2007-12-03,16.457101821899414,16.61272430419922,16.155582427978516,16.204214096069336,14.054594993591309,36396,ABCB
2007-12-04,16.02914047241211,16.243120193481445,15.844338417053223,16.02914047241211,13.902746200561523,60145,ABCB
2007-12-05,16.359838485717773,16.719715118408203,16.07777214050293,16.47655487060547,14.290804862976074,54080,ABCB
2007-12-06,16.457101821899414,17.0212345123291,16.418197631835938,16.778074264526367,14.552330017089844,128516,ABCB
2007-12-07,16.816980361938477,17.215763092041016,16.447376251220703,17.167131423950195,14.889775276184082,45649,ABCB
2007-12-10,17.19631004333496,17.49782943725586,17.10877227783203,17.361658096313477,15.058491706848145,28890,ABCB
2007-12-11,17.48810386657715,17.740989685058594,16.544639587402344,16.57381820678711,14.375165939331055,38246,ABCB
2007-12-12,17.23521614074707,17.23521614074707,16.34038543701172,16.544639587402344,14.349862098693848,47191,ABCB
2007-12-13,16.2917537689209,17.361658096313477,16.2917537689209,17.215763092041016,14.931950569152832,45546,ABCB
2007-12-14,16.992055892944336,17.400564193725586,16.52518653869629,16.52518653869629,14.332990646362305,28582,ABCB
2007-12-17,16.398744583129883,16.398744583129883,15.338563919067383,15.503912925720215,13.44719409942627,85232,ABCB
2007-12-18,15.756799697875977,16.826705932617188,15.445554733276367,16.272300720214844,14.11365032196045,154528,ABCB
2007-12-19,16.145856857299805,17.14767837524414,15.824885368347168,16.43764877319336,14.257061004638672,138386,ABCB
2007-12-20,16.661357879638672,16.83643341064453,16.155582427978516,16.661357879638672,14.451094627380371,34854,ABCB
2007-12-21,17.079593658447266,17.67290496826172,17.040687561035156,17.67290496826172,15.328450202941895,128105,ABCB
2007-12-24,17.779895782470703,18.091140747070312,17.711809158325195,18.071687698364258,15.67432975769043,25395,ABCB
2007-12-26,18.003602981567383,18.071687698364258,17.27412223815918,18.003602981567383,15.615279197692871,75362,ABCB
2007-12-27,17.77016830444336,17.77016830444336,16.38901710510254,16.42792320251465,14.357216835021973,61379,ABCB
2007-12-28,16.632177352905273,16.914243698120117,16.13612937927246,16.194488525390625,14.153207778930664,46780,ABCB
2007-12-31,15.999960899353027,16.5640926361084,15.854063987731934,16.38901710510254,14.323211669921875,42359,ABCB
2008-01-02,16.2917537689209,16.34038543701172,15.47473430633545,15.562272071838379,13.600678443908691,70941,ABCB
2008-01-03,15.562272071838379,15.562272071838379,14.706347465515137,14.706347465515137,12.852641105651855,60351,ABCB
2008-01-04,14.589630126953125,15.231573104858398,13.986592292785645,14.044949531555176,12.274615287780762,37835,ABCB
2008-01-07,14.142213821411133,15.017592430114746,14.113035202026367,14.803610801696777,12.937644958496094,35676,ABCB
2008-01-08,14.842516899108887,15.542819023132324,14.200572967529297,14.249204635620117,12.453120231628418,52435,ABCB
2008-01-09,14.19084644317627,14.550724029541016,14.01577091217041,14.385375022888184,12.572127342224121,59734,ABCB
2008-01-10,14.161666870117188,15.26075267791748,14.025497436523438,14.404828071594238,12.589126586914062,57267,ABCB
2008-01-11,14.288110733032227,14.346468925476074,13.801790237426758,13.801790237426758,12.062104225158691,73511,ABCB
2008-01-14,13.96713924407959,14.239479064941406,13.490544319152832,13.743431091308594,12.01109790802002,103018,ABCB
2008-01-15,13.529450416564941,13.733704566955566,13.130666732788086,13.471091270446777,11.773089408874512,25498,ABCB
2008-01-16,13.441911697387695,14.297837257385254,13.15011978149414,14.093582153320312,12.31711196899414,104561,ABCB
2008-01-17,14.365921974182129,14.463186264038086,13.509997367858887,13.529450416564941,11.824092864990234,25292,ABCB
2008-01-18,13.441911697387695,13.529450416564941,12.68325138092041,13.189024925231934,11.52657413482666,63538,ABCB
2008-01-22,12.634618759155273,13.860148429870605,12.158024787902832,13.296015739440918,11.62007999420166,118440,ABCB
2008-01-23,12.955591201782227,14.959234237670898,12.644346237182617,14.900875091552734,13.022650718688965,76493,ABCB
2008-01-24,14.959234237670898,15.270479202270508,13.655893325805664,13.743431091308594,12.01109790802002,78549,ABCB
2008-01-25,13.860148429870605,14.424281120300293,13.762884140014648,13.908780097961426,12.15560531616211,48322,ABCB
2008-01-28,13.899053573608398,14.06440258026123,13.441911697387695,13.918506622314453,12.164105415344238,60043,ABCB
2008-01-29,13.986592292785645,14.035223960876465,13.451639175415039,13.879600524902344,12.130105018615723,38041,ABCB
2008-01-30,13.753157615661621,15.17321491241455,13.626713752746582,14.472912788391113,12.648632049560547,67137,ABCB
2008-01-31,14.336743354797363,15.377470016479492,13.733704566955566,15.34829044342041,13.413671493530273,49761,ABCB
2008-02-01,15.43582820892334,15.562272071838379,14.550724029541016,15.066224098205566,13.167156219482422,178586,ABCB
2008-02-04,14.998139381408691,15.319110870361328,14.754979133605957,14.978686332702637,13.090654373168945,180950,ABCB
2008-02-05,14.61880874633789,15.48445987701416,14.599355697631836,14.61880874633789,12.776137351989746,50687,ABCB
2008-02-06,14.764704704284668,15.046771049499512,14.37564754486084,14.716073036193848,12.861144065856934,38555,ABCB
2008-02-07,14.647988319396973,15.455281257629395,14.647988319396973,15.144036293029785,13.235161781311035,39789,ABCB
2008-02-08,15.12458324432373,15.455281257629395,14.696619987487793,14.745251655578613,12.886639595031738,35779,ABCB
2008-02-11,14.784157752990723,15.465006828308105,14.589630126953125,14.852243423461914,12.98015022277832,94074,ABCB
2008-02-12,14.959234237670898,15.21212100982666,14.735526084899902,15.037044525146484,13.141656875610352,65903,ABCB
2008-02-13,15.251026153564453,15.805432319641113,14.900875091552734,15.591450691223145,13.626180648803711,56444,ABCB
2008-02-14,15.562272071838379,15.562272071838379,14.540998458862305,14.764704704284668,12.903642654418945,84718,ABCB
2008-02-15,14.65771484375,14.871696472167969,14.453459739685059,14.803610801696777,12.937644958496094,24572,ABCB
2008-02-19,15.027318954467773,15.182941436767578,14.589630126953125,14.764704704284668,12.903642654418945,36601,ABCB
2008-02-20,14.638261795043945,15.241299629211426,14.638261795043945,15.105130195617676,13.201159477233887,29404,ABCB
2008-02-21,15.241299629211426,15.358016967773438,14.540998458862305,14.628535270690918,12.784637451171875,57164,ABCB
2008-02-22,14.61880874633789,14.83279037475586,13.937959671020508,14.404828071594238,12.589126586914062,42873,ABCB
2008-02-25,14.579902648925781,14.96895980834961,13.92823314666748,14.60908317565918,12.767633438110352,30330,ABCB
2008-02-26,14.395100593566895,14.978686332702637,14.268657684326172,14.823063850402832,12.9546480178833,60968,ABCB
2008-02-27,14.647988319396973,14.910601615905762,14.249204635620117,14.41455364227295,12.597628593444824,41536,ABCB
2008-02-28,14.258931159973145,14.550724029541016,13.96713924407959,14.181119918823242,12.3936185836792,39686,ABCB
2008-02-29,13.986592292785645,14.249204635620117,13.626713752746582,13.830968856811523,12.087604522705078,55930,ABCB
2008-03-03,13.811515808105469,13.811515808105469,12.897233009338379,13.052854537963867,11.407565116882324,43798,ABCB
2008-03-04,12.975044250488281,13.140393257141113,12.478997230529785,13.101487159729004,11.4500732421875,36807,ABCB
2008-03-05,13.189024925231934,13.529450416564941,12.566534042358398,13.257109642028809,11.586075782775879,174782,ABCB
2008-03-06,13.159846305847168,13.169571876525879,12.284467697143555,12.30392074584961,10.753035545349121,85232,ABCB
2008-03-07,12.158024787902832,13.189024925231934,12.158024787902832,12.799967765808105,11.18655776977539,30844,ABCB
2008-03-10,12.868053436279297,12.887505531311035,11.963496208190918,12.255289077758789,10.71053409576416,59117,ABCB
2008-03-11,12.585987091064453,13.830968856811523,12.576260566711426,13.723978042602539,11.994099617004395,42256,ABCB
2008-03-12,13.762884140014648,14.589630126953125,13.607260704040527,13.96713924407959,12.206607818603516,45135,ABCB
2008-03-13,13.879600524902344,14.589630126953125,13.694799423217773,14.229751586914062,12.43612289428711,34648,ABCB
2008-03-14,14.385375022888184,14.696619987487793,14.044949531555176,14.667441368103027,12.818638801574707,57472,ABCB
2008-03-17,14.667441368103027,15.387195587158203,14.424281120300293,15.085677146911621,13.184155464172363,49967,ABCB
2008-03-18,15.416375160217285,15.562272071838379,14.96895980834961,15.52336597442627,13.56667709350586,40200,ABCB
2008-03-19,15.649808883666992,15.649808883666992,14.920328140258789,14.920328140258789,13.039651870727539,82250,ABCB
2008-03-20,15.270479202270508,16.048593521118164,14.647988319396973,16.02914047241211,14.008700370788574,289726,ABCB
2008-03-24,16.12640380859375,16.272300720214844,15.48445987701416,15.805432319641113,13.813189506530762,77315,ABCB
2008-03-25,15.776252746582031,16.058319091796875,15.241299629211426,16.058319091796875,14.034200668334961,45752,ABCB
2008-03-26,15.980507850646973,16.184762954711914,15.698442459106445,16.097225189208984,14.06820297241211,37424,ABCB
2008-03-27,16.07777214050293,16.145856857299805,15.319110870361328,15.542819023132324,13.699563026428223,46574,ABCB
2008-03-28,15.53309154510498,15.95132827758789,15.358016967773438,15.883243560791016,13.999616622924805,26114,ABCB
2008-03-31,15.961054801940918,16.019412994384766,15.620630264282227,15.620630264282227,13.768150329589844,18198,ABCB
2008-04-01,15.834610939025879,16.048593521118164,15.717893600463867,16.02914047241211,14.128212928771973,36190,ABCB
2008-04-02,15.990234375,16.048593521118164,15.630356788635254,15.961054801940918,14.06820297241211,23955,ABCB
2008-04-03,15.844338417053223,15.961054801940918,15.319110870361328,15.659536361694336,13.802438735961914,23236,ABCB
2008-04-04,15.67898941040039,15.863791465759277,15.046771049499512,15.114855766296387,13.32235336303711,25806,ABCB
2008-04-07,15.241299629211426,15.620630264282227,14.978686332702637,15.416375160217285,13.588118553161621,28993,ABCB
2008-04-08,15.280204772949219,15.562272071838379,14.79388427734375,15.426101684570312,13.596688270568848,20357,ABCB
2008-04-09,15.416375160217285,15.455281257629395,14.638261795043945,14.638261795043945,12.9022798538208,70838,ABCB
2008-04-10,14.686894416809082,15.396923065185547,14.589630126953125,14.735526084899902,12.988011360168457,43490,ABCB
2008-04-11,14.706347465515137,15.085677146911621,14.122761726379395,14.297837257385254,12.602229118347168,34545,ABCB
2008-04-14,14.268657684326172,14.336743354797363,14.025497436523438,14.083855628967285,12.413622856140137,99523,ABCB
2008-04-15,14.210298538208008,14.210298538208008,13.675346374511719,13.9768648147583,12.319320678710938,42976,ABCB
2008-04-16,14.093582153320312,14.540998458862305,13.957411766052246,14.297837257385254,12.602229118347168,66109,ABCB
2008-04-17,14.210298538208008,14.492364883422852,13.957411766052246,14.074129104614258,12.405049324035645,59529,ABCB
2008-04-18,14.297837257385254,14.647988319396973,14.06440258026123,14.395100593566895,12.687958717346191,66417,ABCB
2008-04-21,14.288110733032227,14.336743354797363,14.074129104614258,14.113035202026367,12.43934440612793,43798,ABCB
2008-04-22,14.01577091217041,14.083855628967285,13.675346374511719,13.869874954223633,12.225019454956055,36704,ABCB
2008-04-23,13.937959671020508,14.142213821411133,13.714252471923828,13.879600524902344,12.23359203338623,31358,ABCB
2008-04-24,13.937959671020508,15.037044525146484,13.762884140014648,14.774432182312012,13.022303581237793,34031,ABCB
2008-04-25,14.83279037475586,15.47473430633545,14.647988319396973,15.319110870361328,13.502387046813965,24367,ABCB
2008-04-28,15.270479202270508,15.299657821655273,14.939781188964844,15.144036293029785,13.348076820373535,30844,ABCB
2008-04-29,15.163488388061523,15.708168029785156,15.085677146911621,15.503912925720215,13.66527271270752,81839,ABCB
2008-04-30,15.57199764251709,15.57199764251709,14.52154541015625,14.57017707824707,12.84227180480957,39377,ABCB
2008-05-01,14.540998458862305,15.426101684570312,14.443733215332031,15.338563919067383,13.51953125,19226,ABCB
2008-05-02,15.494187355041504,15.494187355041504,14.88142204284668,15.134308815002441,13.33950138092041,41125,ABCB
2008-05-05,15.037044525146484,15.280204772949219,14.823063850402832,14.920328140258789,13.150897026062012,67137,ABCB
2008-05-06,14.842516899108887,15.075950622558594,14.725799560546875,15.007865905761719,13.228052139282227,28171,ABCB
2008-05-07,15.056497573852539,15.056497573852539,13.743431091308594,13.743431091308594,12.113570213317871,106000,ABCB
2008-05-08,13.792062759399414,14.443733215332031,13.568355560302734,13.811515808105469,12.173580169677734,60454,ABCB
2008-05-09,13.733704566955566,14.074129104614258,13.616988182067871,13.9768648147583,12.319320678710938,23544,ABCB
2008-05-12,14.05467700958252,14.288110733032227,13.694799423217773,14.01577091217041,12.353614807128906,148564,ABCB
2008-05-13,14.06440258026123,14.356196403503418,13.782337188720703,14.05467700958252,12.38790512084961,73511,ABCB
2008-05-14,14.025497436523438,14.181119918823242,13.792062759399414,13.9768648147583,12.319320678710938,31255,ABCB
2008-05-15,13.92823314666748,14.210298538208008,13.616988182067871,14.10330867767334,12.430768013000488,22722,ABCB
2008-05-16,14.200572967529297,14.200572967529297,13.616988182067871,13.850421905517578,12.20787239074707,50584,ABCB
2008-05-19,13.801790237426758,13.850421905517578,13.441911697387695,13.597535133361816,11.984977722167969,39789,ABCB
2008-05-20,13.509997367858887,13.509997367858887,13.033403396606445,13.354373931884766,11.770652770996094,33825,ABCB
2008-05-21,13.41273307800293,13.723978042602539,13.140393257141113,13.403005599975586,11.813515663146973,92531,ABCB
2008-05-22,13.801790237426758,13.850421905517578,13.227931022644043,13.675346374511719,12.053561210632324,55313,ABCB
2008-05-23,13.578082084655762,13.850421905517578,13.082035064697266,13.743431091308594,12.113570213317871,38760,ABCB
2008-05-27,13.782337188720703,13.889327049255371,13.568355560302734,13.860148429870605,12.216445922851562,23441,ABCB
2008-05-28,13.889327049255371,13.908780097961426,13.616988182067871,13.714252471923828,12.08785343170166,23030,ABCB
2008-05-29,13.646166801452637,13.879600524902344,13.616988182067871,13.821243286132812,12.182153701782227,38966,ABCB
2008-05-30,13.84069538116455,13.84069538116455,13.276562690734863,13.50027084350586,11.899247169494629,70530,ABCB
2008-06-02,13.471091270446777,13.616988182067871,12.916685104370117,13.130666732788086,11.573476791381836,81839,ABCB
2008-06-03,13.159846305847168,13.616988182067871,12.566534042358398,13.043128967285156,11.496320724487305,147536,ABCB
2008-06-04,12.965317726135254,13.189024925231934,12.68325138092041,12.722156524658203,11.213408470153809,61893,ABCB
2008-06-05,12.73188304901123,13.529450416564941,12.73188304901123,13.062582015991211,11.513465881347656,85951,ABCB
2008-06-06,12.9458646774292,13.42245864868164,12.2650146484375,12.2650146484375,10.810483932495117,27143,ABCB
2008-06-09,12.313647270202637,12.984769821166992,12.158024787902832,12.274742126464844,10.819056510925293,68473,ABCB
2008-06-10,12.245562553405762,13.062582015991211,12.245562553405762,12.54708194732666,11.059101104736328,30638,ABCB
2008-06-11,12.478997230529785,12.692977905273438,11.866231918334961,11.866231918334961,10.458992958068848,21899,ABCB
2008-06-12,11.982949256896973,12.702704429626465,11.720335960388184,11.914863586425781,10.501856803894043,34854,ABCB
2008-06-13,12.060761451721191,12.673524856567383,11.95376968383789,12.119118690490723,10.681886672973633,22722,ABCB
2008-06-16,12.051033973693848,12.187204360961914,11.924591064453125,12.080212593078613,10.647594451904297,18609,ABCB
2008-06-17,12.12884521484375,12.12884521484375,11.486902236938477,11.671704292297363,10.2875337600708,39172,ABCB
2008-06-18,11.593892097473145,11.593892097473145,10.718515396118164,11.000580787658691,9.695999145507812,127077,ABCB
2008-06-19,10.990854263305664,10.990854263305664,10.368363380432129,10.74769401550293,9.473103523254395,240479,ABCB
2008-06-20,10.70878791809082,10.79632568359375,10.212740898132324,10.251646041870117,9.035883903503418,192465,ABCB
2008-06-23,10.300278663635254,10.446174621582031,9.901494979858398,9.998760223388672,8.812986373901367,28788,ABCB
2008-06-24,9.901494979858398,10.01821231842041,9.50271224975586,9.79450511932373,8.632953643798828,62819,ABCB
2008-06-25,9.79450511932373,10.164109230041504,9.79450511932373,9.989032745361328,8.804412841796875,50995,ABCB
2008-06-26,9.872316360473633,9.911222457885742,9.561071395874023,9.736145973205566,8.700117111206055,60454,ABCB
2008-06-27,9.736145973205566,9.872316360473633,8.354994773864746,8.63706111907959,7.7179856300354,521775,ABCB
2008-06-30,8.607881546020508,9.065023422241211,8.432806015014648,8.461984634399414,7.561537742614746,149901,ABCB
2008-07-01,8.384174346923828,8.958032608032227,8.384174346923828,8.72459888458252,7.796212196350098,75567,ABCB
2008-07-02,8.734325408935547,9.035843849182129,8.481437683105469,8.578701972961426,7.665835857391357,66931,ABCB
2008-07-03,8.6467866897583,8.802410125732422,8.277182579040527,8.316088676452637,7.4311676025390625,17684,ABCB
2008-07-07,8.374446868896484,8.44253158569336,7.65469217300415,7.965938091278076,7.118276596069336,61996,ABCB
2008-07-08,7.9951171875,9.19146728515625,7.965938091278076,9.19146728515625,8.213395118713379,48014,ABCB
2008-07-09,9.210920333862305,9.337363243103027,8.461984634399414,8.500890731811523,7.596304893493652,51920,ABCB
2008-07-10,8.539796829223633,8.802410125732422,8.121561050415039,8.568976402282715,7.65714693069458,85026,ABCB
2008-07-11,8.54952335357666,8.821863174438477,8.199372291564941,8.763504028320312,7.8309760093688965,53977,ABCB
2008-07-14,8.812135696411133,9.035843849182129,7.878399848937988,7.888125896453857,7.048746585845947,83587,ABCB
2008-07-15,7.7811360359191895,7.888125896453857,7.5282487869262695,7.606060028076172,6.796693325042725,69193,ABCB
2008-07-16,7.547701835632324,8.734325408935547,7.537974834442139,8.617608070373535,7.700603485107422,122553,ABCB
2008-07-17,8.695419311523438,9.483259201049805,8.345268249511719,8.77323055267334,7.839666366577148,108467,ABCB
2008-07-18,8.821863174438477,9.055296897888184,8.58842945098877,8.9483060836792,7.99611234664917,64978,ABCB
2008-07-21,8.99693775177002,9.454079627990723,8.86076831817627,9.113655090332031,8.143866539001465,24675,ABCB
2008-07-22,9.035843849182129,9.862589836120605,8.77323055267334,9.862589836120605,8.813103675842285,67342,ABCB
2008-07-23,9.833410263061523,10.494807243347168,9.677787780761719,10.06684398651123,8.995626449584961,45854,ABCB
2008-07-24,10.134928703308105,10.34891128540039,9.84313678741455,10.008485794067383,8.943477630615234,28068,ABCB
2008-07-25,10.10575008392334,10.689334869384766,9.940401077270508,10.62125015258789,9.491037368774414,42564,ABCB
2008-07-28,10.592070579528809,10.592070579528809,9.882041931152344,10.008485794067383,8.943477630615234,28479,ABCB
2008-07-29,10.14465618133545,11.26319408416748,10.096023559570312,11.136751174926758,9.951681137084961,58500,ABCB
2008-07-30,11.26319408416748,11.35073184967041,10.592070579528809,11.26319408416748,10.064671516418457,49659,ABCB
2008-07-31,11.078392028808594,11.10757064819336,10.436448097229004,10.436448097229004,9.325898170471191,53874,ABCB
2008-08-01,10.514260292053223,10.942221641540527,10.241920471191406,10.893589973449707,9.73439884185791,26217,ABCB
2008-08-04,10.932496070861816,10.932496070861816,10.19328784942627,10.368363380432129,9.265056610107422,32694,ABCB
2008-08-05,10.553165435791016,11.097845077514648,10.368363380432129,11.097845077514648,9.916914939880371,23647,ABCB
2008-08-06,11.097845077514648,11.409090042114258,10.465627670288086,11.38963794708252,10.17765998840332,46677,ABCB
2008-08-07,11.272920608520508,11.272920608520508,10.251646041870117,10.358636856079102,9.256368637084961,39480,ABCB
2008-08-08,10.319730758666992,11.127023696899414,10.319730758666992,11.078392028808594,9.899532318115234,29610,ABCB
2008-08-11,11.117298126220703,12.323373794555664,10.290552139282227,12.16775131225586,10.872974395751953,50481,ABCB
2008-08-12,12.070487022399902,12.30392074584961,11.681429862976074,11.924591064453125,10.65568733215332,36910,ABCB
2008-08-13,11.875959396362305,12.576260566711426,11.671704292297363,12.148298263549805,10.855588912963867,24161,ABCB
2008-08-14,12.041308403015137,12.624893188476562,11.95376968383789,12.498449325561523,11.168482780456543,15319,ABCB
2008-08-15,12.644346237182617,12.644346237182617,12.158024787902832,12.430363655090332,11.10764217376709,52846,ABCB
2008-08-18,12.294195175170898,12.381731986999512,11.642523765563965,12.342826843261719,11.029417991638184,27554,ABCB
2008-08-19,12.294195175170898,12.294195175170898,11.428543090820312,11.807873725891113,10.551387786865234,11823,ABCB
2008-08-20,11.866231918334961,12.041308403015137,11.700882911682129,11.934316635131836,10.66438102722168,16347,ABCB
2008-08-21,11.759242057800293,11.914863586425781,11.292372703552246,11.603618621826172,10.368871688842773,11721,ABCB
2008-08-22,11.584165573120117,11.81760025024414,11.272920608520508,11.788420677185059,10.53400707244873,18198,ABCB
2008-08-25,11.710609436035156,11.866231918334961,11.234015464782715,11.234015464782715,10.038593292236328,21591,ABCB
2008-08-26,11.21456241607666,11.574440002441406,11.21456241607666,11.574440002441406,10.342796325683594,10693,ABCB
2008-08-27,11.584165573120117,12.109393119812012,11.584165573120117,11.914863586425781,10.646997451782227,27759,ABCB
2008-08-28,12.012127876281738,12.352553367614746,11.574440002441406,12.352553367614746,11.038108825683594,18403,ABCB
2008-08-29,12.245562553405762,12.255289077758789,11.671704292297363,11.691157341003418,10.447096824645996,27040,ABCB
2008-09-02,11.846778869628906,11.963496208190918,11.165929794311523,11.95376968383789,10.6817626953125,27965,ABCB
2008-09-03,11.90513801574707,12.148298263549805,11.90513801574707,12.109393119812012,10.82082748413086,15113,ABCB
2008-09-04,11.914863586425781,12.401185035705566,11.798147201538086,11.807873725891113,10.551387786865234,28993,ABCB
2008-09-05,11.759242057800293,11.934316635131836,11.632798194885254,11.827325820922852,10.56877326965332,8019,ABCB
2008-09-08,12.041308403015137,12.401185035705566,11.866231918334961,12.274742126464844,10.96858024597168,20768,ABCB
2008-09-09,11.914863586425781,12.790242195129395,11.914863586425781,11.982949256896973,10.707837104797363,63950,ABCB
2008-09-10,12.333100318908691,12.80969524383545,11.895410537719727,12.54708194732666,11.21193790435791,43284,ABCB
2008-09-11,12.255289077758789,12.654071807861328,11.914863586425781,12.576260566711426,11.238017082214355,42976,ABCB
2008-09-12,12.488722801208496,12.566534042358398,11.944043159484863,12.50817584991455,11.17717456817627,20357,ABCB
2008-09-15,12.449816703796387,12.887505531311035,11.866231918334961,11.866231918334961,10.603540420532227,37013,ABCB
2008-09-16,12.060761451721191,12.887505531311035,11.379911422729492,12.887505531311035,11.51613712310791,45238,ABCB
2008-09-17,12.77078914642334,12.77078914642334,10.990854263305664,11.020033836364746,9.847383499145508,27040,ABCB
2008-09-18,10.66015625,13.704524993896484,10.553165435791016,13.665619850158691,12.211453437805176,139517,ABCB
2008-09-19,15.834610939025879,15.834610939025879,12.089940071105957,14.65771484375,13.097981452941895,2365,ABCB
2008-09-22,14.006044387817383,14.784157752990723,14.006044387817383,14.385375022888184,12.854619026184082,28582,ABCB
2008-09-23,13.996317863464355,14.589630126953125,13.675346374511719,14.083855628967285,12.58518123626709,37321,ABCB
2008-09-24,14.006044387817383,14.093582153320312,13.169571876525879,13.646166801452637,12.194069862365723,13880,ABCB
2008-09-25,14.083855628967285,14.443733215332031,13.636441230773926,14.161666870117188,12.65471363067627,26320,ABCB
2008-09-26,12.780515670776367,14.093582153320312,12.041308403015137,13.607260704040527,12.201204299926758,38555,ABCB
2008-09-29,13.616988182067871,14.443733215332031,9.726420402526855,11.914863586425781,10.683685302734375,21488,ABCB
2008-09-30,11.914863586425781,14.443733215332031,11.866231918334961,14.443733215332031,12.951242446899414,56444,ABCB
2008-10-01,14.01577091217041,14.258931159973145,12.81942081451416,13.227931022644043,11.86107349395752,8739,ABCB
2008-10-02,13.451639175415039,13.616988182067871,13.004222869873047,13.50027084350586,12.105266571044922,8842,ABCB
2008-10-03,13.889327049255371,13.996317863464355,12.68325138092041,12.68325138092041,11.372674942016602,17375,ABCB
2008-10-06,12.158024787902832,13.130666732788086,9.726420402526855,12.54708194732666,11.250575065612793,41331,ABCB
2008-10-07,12.566534042358398,12.877779960632324,9.784777641296387,10.203014373779297,9.148722648620605,29816,ABCB
2008-10-08,9.784777641296387,12.644346237182617,9.784777641296387,10.854683876037598,9.733053207397461,49967,ABCB
2008-10-09,10.864411354064941,10.864411354064941,9.473532676696777,9.629156112670898,8.634160995483398,50790,ABCB
2008-10-10,9.424901008605957,12.644346237182617,8.753778457641602,12.624893188476562,11.320348739624023,55622,ABCB
2008-10-13,12.644346237182617,14.006044387817383,11.788420677185059,13.762884140014648,12.340744972229004,82045,ABCB
2008-10-14,14.336743354797363,14.356196403503418,12.430363655090332,13.101487159729004,11.74769401550293,40405,ABCB
2008-10-15,13.140393257141113,13.607260704040527,11.545260429382324,11.642523765563965,10.439483642578125,24469,ABCB
2008-10-16,11.623071670532227,14.220026016235352,10.173834800720215,13.821243286132812,12.393074035644531,39069,ABCB
2008-10-17,12.887505531311035,13.616988182067871,12.887505531311035,13.159846305847168,11.800021171569824,63744,ABCB
2008-10-20,13.432186126708984,13.432186126708984,12.021855354309082,12.235836029052734,10.971488952636719,30638,ABCB
2008-10-21,11.720335960388184,11.720335960388184,9.882041931152344,10.173834800720215,9.12255573272705,32797,ABCB
2008-10-22,10.475354194641113,11.029760360717773,9.726420402526855,9.726420402526855,8.721375465393066,29507,ABCB
2008-10-23,9.784777641296387,10.514260292053223,9.765324592590332,9.940401077270508,8.913244247436523,25189,ABCB
2008-10-24,9.668061256408691,10.086297035217285,9.298457145690918,9.677787780761719,8.677769660949707,10693,ABCB
2008-10-27,9.619428634643555,9.969579696655273,9.483259201049805,9.590250015258789,8.599276542663574,28274,ABCB
2008-10-28,9.93067455291748,10.173834800720215,9.483259201049805,10.027938842773438,8.991738319396973,45752,ABCB
2008-10-29,10.008485794067383,10.173834800720215,9.483259201049805,9.522165298461914,8.538226127624512,27759,ABCB
2008-10-30,9.823683738708496,10.339183807373047,9.492985725402832,10.241920471191406,9.183610916137695,15113,ABCB
2008-10-31,10.096023559570312,10.737966537475586,10.076571464538574,10.737966537475586,9.628398895263672,39377,ABCB
2008-11-03,10.650429725646973,11.545260429382324,10.378089904785156,11.049213409423828,9.90748405456543,12132,ABCB
2008-11-04,11.136751174926758,11.35073184967041,10.19328784942627,10.942221641540527,9.811544418334961,17478,ABCB
2008-11-05,10.70878791809082,11.127023696899414,9.979307174682617,10.183562278747559,9.131280899047852,22722,ABCB
2008-11-06,10.05711841583252,10.864411354064941,9.969579696655273,10.378089904785156,9.305708885192871,25189,ABCB
2008-11-07,10.241920471191406,10.69906234741211,9.998760223388672,10.650429725646973,9.549908638000488,13057,ABCB
2008-11-10,10.69906234741211,11.117298126220703,9.590250015258789,9.5999755859375,8.607996940612793,21282,ABCB
2008-11-11,9.580522537231445,10.173834800720215,9.279004096984863,10.10575008392334,9.061508178710938,16553,ABCB
2008-11-12,9.84313678741455,9.872316360473633,7.586606979370117,7.586606979370117,6.802672863006592,38041,ABCB
2008-11-13,7.7811360359191895,9.24009895324707,7.7811360359191895,9.094202041625977,8.154483795166016,51920,ABCB
2008-11-14,8.928853034973145,9.580522537231445,8.267457008361816,8.452259063720703,7.5788750648498535,25703,ABCB
2008-11-17,8.452259063720703,9.259552001953125,8.452259063720703,8.792682647705078,7.884126663208008,11104,ABCB
2008-11-18,8.753778457641602,8.938579559326172,8.267457008361816,8.909400939941406,7.9887800216674805,23236,ABCB
2008-11-19,8.77323055267334,8.9483060836792,7.7811360359191895,7.7811360359191895,6.977100372314453,18712,ABCB
2008-11-20,7.956211090087891,8.481437683105469,6.82794713973999,6.993296146392822,6.270669937133789,37115,ABCB
2008-11-21,7.421257972717285,9.181739807128906,7.382352828979492,8.958032608032227,8.032384872436523,47088,ABCB
2008-11-24,8.77323055267334,8.958032608032227,8.267457008361816,8.802410125732422,7.892843246459961,25806,ABCB
2008-11-25,9.045570373535156,9.19146728515625,8.58842945098877,8.802410125732422,7.892843246459961,8842,ABCB
2008-11-26,8.461984634399414,9.181739807128906,7.9951171875,9.181739807128906,8.232976913452148,37424,ABCB
2008-11-28,8.977484703063965,9.24009895324707,8.831588745117188,9.24009895324707,8.285308837890625,5243,ABCB
2008-12-01,8.880221366882324,9.580522537231445,7.537974834442139,9.133108139038086,8.189372062683105,74436,ABCB
2008-12-02,9.035843849182129,10.339183807373047,8.656514167785645,10.203014373779297,9.148722648620605,18918,ABCB
2008-12-03,9.687514305114746,11.17565631866455,9.687514305114746,10.806052207946777,9.68945026397705,31872,ABCB
2008-12-04,10.523985862731934,10.69906234741211,9.833410263061523,9.959854125976562,8.930691719055176,22208,ABCB
2008-12-05,9.7069673538208,10.669882774353027,8.958032608032227,10.601798057556152,9.506298065185547,30021,ABCB
2008-12-08,10.69906234741211,11.185382843017578,10.290552139282227,11.185382843017578,10.029580116271973,40508,ABCB
2008-12-09,10.737966537475586,11.17565631866455,9.716692924499512,9.755599021911621,8.747541427612305,31461,ABCB
2008-12-10,9.940401077270508,10.339183807373047,9.230372428894043,10.310005187988281,9.244657516479492,8019,ABCB
2008-12-11,10.047391891479492,11.136751174926758,9.590250015258789,9.823683738708496,8.808587074279785,33928,ABCB
2008-12-12,9.483259201049805,10.416996002197266,9.32763671875,10.397542953491211,9.323148727416992,34854,ABCB
2008-12-15,10.436448097229004,10.436448097229004,9.619428634643555,10.06684398651123,9.02662467956543,35368,ABCB
2008-12-16,10.358636856079102,11.127023696899414,9.74587345123291,11.039485931396484,9.898758888244629,72483,ABCB
2008-12-17,10.83523178100586,10.961674690246582,10.368363380432129,10.650429725646973,9.549908638000488,55416,ABCB
2008-12-18,10.689334869384766,11.020033836364746,10.494807243347168,10.776872634887695,9.663286209106445,25395,ABCB
2008-12-19,11.3118257522583,11.914863586425781,10.913043022155762,11.136751174926758,9.985973358154297,97466,ABCB
2008-12-22,11.243741035461426,11.788420677185059,9.668061256408691,10.212740898132324,9.15744400024414,35059,ABCB
2008-12-23,10.397542953491211,10.650429725646973,9.63888168334961,9.979307174682617,8.948132514953613,13777,ABCB
2008-12-24,9.989032745361328,10.562891960144043,9.969579696655273,10.397542953491211,9.368805885314941,3496,ABCB
2008-12-26,10.115476608276367,10.203014373779297,9.891769409179688,10.203014373779297,9.193525314331055,7711,ABCB
2008-12-29,10.19328784942627,10.572617530822754,9.483259201049805,9.726420402526855,8.76408576965332,16039,ABCB
2008-12-30,9.79450511932373,10.514260292053223,9.492985725402832,10.494807243347168,9.456448554992676,15216,ABCB
2008-12-31,10.523985862731934,11.623071670532227,9.765324592590332,11.52580738067627,10.385442733764648,114842,ABCB
2009-01-02,11.545260429382324,11.623071670532227,10.70878791809082,11.156203269958496,10.052404403686523,43593,ABCB
2009-01-05,11.195109367370605,11.506355285644531,10.69906234741211,11.409090042114258,10.280271530151367,32078,ABCB
2009-01-06,11.418816566467285,11.535533905029297,10.75741958618164,11.029760360717773,9.938472747802734,36807,ABCB
2009-01-07,10.75741958618164,11.097845077514648,10.75741958618164,10.79632568359375,9.728130340576172,25395,ABCB
2009-01-08,10.737966537475586,11.078392028808594,10.689334869384766,10.942221641540527,9.859597206115723,17787,ABCB
2009-01-09,11.000580787658691,11.088118553161621,10.232193946838379,10.426721572875977,9.395097732543945,41228,ABCB
2009-01-12,10.407268524169922,10.737966537475586,9.891769409179688,9.891769409179688,8.91307544708252,13057,ABCB
2009-01-13,9.823683738708496,10.358636856079102,9.775052070617676,9.969579696655273,8.983189582824707,26114,ABCB
2009-01-14,9.93067455291748,10.008485794067383,9.016390800476074,9.24009895324707,8.32588005065918,47911,ABCB
2009-01-15,9.249824523925781,9.775052070617676,8.666239738464355,9.765324592590332,8.799140930175781,49453,ABCB
2009-01-16,9.619428634643555,9.619428634643555,9.103928565979004,9.405447959899902,8.474872589111328,30227,ABCB
2009-01-20,9.230372428894043,9.230372428894043,7.469890117645264,7.469890117645264,6.730815887451172,45340,ABCB
2009-01-21,7.606060028076172,8.354994773864746,7.2948150634765625,8.354994773864746,7.528349876403809,50275,ABCB
2009-01-22,8.09238052368164,8.150739669799805,7.606060028076172,7.810315132141113,7.037559986114502,15216,ABCB
2009-01-23,7.518521785736084,8.539796829223633,7.518521785736084,7.567154884338379,6.81845760345459,12646,ABCB
2009-01-26,7.596333980560303,8.471712112426758,7.596333980560303,7.975664138793945,7.186550140380859,13674,ABCB
2009-01-27,7.9951171875,8.753778457641602,7.9951171875,8.423080444335938,7.58969783782959,20974,ABCB
2009-01-28,8.675966262817383,9.541618347167969,8.675966262817383,9.483259201049805,8.544983863830566,21179,ABCB
2009-01-29,9.298457145690918,9.648608207702637,8.880221366882324,9.347088813781738,8.422286033630371,26526,ABCB
2009-01-30,9.181739807128906,9.181739807128906,7.450438022613525,7.450438022613525,6.7132887840271,17684,ABCB
2009-02-02,7.956211090087891,8.23827838897705,7.547701835632324,7.771409034729004,7.002504348754883,22105,ABCB
2009-02-03,7.849221229553223,8.024295806884766,7.625513076782227,7.849221229553223,7.0726165771484375,27965,ABCB
2009-02-04,7.829768180847168,8.209097862243652,7.713050842285156,7.790862083435059,7.020031452178955,34442,ABCB
2009-02-05,7.722776889801025,8.218825340270996,7.5282487869262695,8.063201904296875,7.2654266357421875,30535,ABCB
2009-02-06,8.403627395629883,8.413352966308594,7.382352828979492,8.413352966308594,7.580934047698975,38966,ABCB
2009-02-09,8.335541725158691,8.6467866897583,8.17019271850586,8.248003959655762,7.431946754455566,15113,ABCB
2009-02-10,8.189644813537598,8.345268249511719,6.896031856536865,6.896031856536865,6.213736534118652,26320,ABCB
2009-02-11,6.934937000274658,6.944664001464844,6.331899166107178,6.536153793334961,5.889463901519775,56239,ABCB
2009-02-12,6.390257835388184,6.438889980316162,5.865030765533447,6.137371063232422,5.530137062072754,34134,ABCB
2009-02-13,6.156824111938477,6.57505989074707,5.94284200668335,6.088738918304443,5.486319541931152,40097,ABCB
2009-02-17,5.894209861755371,6.088738918304443,5.553785800933838,5.553785800933838,5.004293441772461,32078,ABCB
2009-02-18,5.748313903808594,5.884483814239502,4.970201015472412,5.2814459800720215,4.758899211883545,33209,ABCB
2009-02-19,5.368984222412109,6.52642822265625,5.320352077484131,5.553785800933838,5.004293441772461,55108,ABCB
2009-02-20,5.553785800933838,6.0595598220825195,5.096643924713135,5.689956188201904,5.126990795135498,70324,ABCB
2009-02-23,5.748313903808594,5.748313903808594,4.765945911407471,4.979927062988281,4.487211227416992,42564,ABCB
2009-02-24,5.07719087600708,6.020654201507568,4.7367658615112305,5.865030765533447,5.284743309020996,56753,ABCB
2009-02-25,5.806673049926758,5.806673049926758,4.756218910217285,4.902115821838379,4.417098522186279,41742,ABCB
2009-02-26,4.98965311050415,5.164729118347168,4.882662773132324,5.009106159210205,4.5135040283203125,45752,ABCB
2009-02-27,4.98965311050415,5.106369972229004,4.834031105041504,4.834031105041504,4.35575008392334,21796,ABCB
2009-03-02,4.697861194610596,4.7367658615112305,4.503332138061523,4.503332138061523,4.057772159576416,23544,ABCB
2009-03-03,4.620048999786377,4.620048999786377,3.6571340560913086,3.773850917816162,3.4004645347595215,37321,ABCB
2009-03-04,3.8905680179595947,4.4741530418396,3.8905680179595947,4.22126579284668,3.80361270904541,33825,ABCB
2009-03-05,4.065642833709717,4.065642833709717,3.3653409481048584,3.5598700046539307,3.2076549530029297,52023,ABCB
2009-03-06,3.618227958679199,3.8905680179595947,3.4042470455169678,3.861388921737671,3.479342222213745,22927,ABCB
2009-03-09,3.803030014038086,4.386614799499512,3.3556149005889893,3.696039915084839,3.3303520679473877,25600,ABCB
2009-03-10,3.8516619205474854,4.4644269943237305,3.793303966522217,4.454699993133545,4.013950824737549,30535,ABCB
2009-03-11,4.513059139251709,5.291172027587891,4.513059139251709,4.658955097198486,4.197997570037842,29816,ABCB
2009-03-12,4.610322952270508,6.079011917114258,4.610322952270508,6.010927200317383,5.416204452514648,43181,ABCB
2009-03-13,6.040106773376465,6.438889980316162,6.010927200317383,6.010927200317383,5.416204452514648,18506,ABCB
2009-03-16,6.088738918304443,6.312446117401123,5.855305194854736,5.903936862945557,5.31980037689209,22516,ABCB
2009-03-17,5.894209861755371,7.2948150634765625,5.845578193664551,7.2948150634765625,6.573063850402832,17067,ABCB
2009-03-18,7.207276821136475,7.285088062286377,6.555606842041016,6.954390048980713,6.266321182250977,47808,ABCB
2009-03-19,7.1294660568237305,7.1294660568237305,6.195728778839111,6.341626167297363,5.714184761047363,16142,ABCB
2009-03-20,6.438889980316162,6.438889980316162,5.174455165863037,5.174455165863037,4.662493705749512,47705,ABCB
2009-03-23,5.339804172515869,6.487522125244141,5.339804172515869,6.487522125244141,5.845646381378174,43695,ABCB
2009-03-24,6.361079216003418,6.49724817276001,5.884483814239502,5.884483814239502,5.302270889282227,22310,ABCB
2009-03-25,5.94284200668335,6.2638139724731445,5.767766952514648,6.2638139724731445,5.644071578979492,55313,ABCB
2009-03-26,6.322173118591309,6.633418083190918,6.156824111938477,6.613965034484863,5.959578037261963,23955,ABCB
2009-03-27,6.390257835388184,6.390257835388184,5.582964897155762,5.787220001220703,5.253257751464844,11721,ABCB
2009-03-30,5.563511848449707,5.563511848449707,5.067464828491211,5.300899028778076,4.811806678771973,25498,ABCB
2009-03-31,5.427341938018799,5.427341938018799,4.522785186767578,4.581143856048584,4.158461570739746,39172,ABCB
2009-04-01,4.542238235473633,5.145276069641113,4.406067848205566,5.145276069641113,4.670543193817139,23338,ABCB
2009-04-02,5.320352077484131,5.835852146148682,5.057737827301025,5.835852146148682,5.297403812408447,49042,ABCB
2009-04-03,5.884483814239502,6.5458807945251465,5.806673049926758,6.429162979125977,5.835971832275391,34854,ABCB
2009-04-06,6.27354097366333,7.255908966064453,5.855305194854736,6.5847859382629395,5.977234840393066,46574,ABCB
2009-04-07,6.448616027832031,6.565332889556885,5.602417945861816,5.67050313949585,5.14730978012085,17170,ABCB
2009-04-08,5.738587856292725,6.662598133087158,5.738587856292725,6.001201152801514,5.44749641418457,9767,ABCB
2009-04-09,6.1860032081604,6.8765788078308105,5.592690944671631,6.8765788078308105,6.242104530334473,40405,ABCB
2009-04-13,6.905757904052734,7.713050842285156,6.487522125244141,7.576880931854248,6.877793312072754,20768,ABCB
2009-04-14,7.304541110992432,7.304541110992432,6.779314994812012,6.79876708984375,6.171474933624268,24881,ABCB
2009-04-15,6.7501349449157715,7.567154884338379,6.7501349449157715,7.3628997802734375,6.683557033538818,14497,ABCB
2009-04-16,7.499070167541504,7.858946800231934,7.090559959411621,7.761682987213135,7.0455451011657715,15525,ABCB
2009-04-17,7.790862083435059,8.160466194152832,7.713050842285156,7.868673801422119,7.142664432525635,31152,ABCB
2009-04-20,7.625513076782227,7.625513076782227,5.903936862945557,6.108191967010498,5.544616222381592,39686,ABCB
2009-04-21,6.088738918304443,7.537974834442139,5.544058799743652,7.382352828979492,6.701213836669922,23441,ABCB
2009-04-22,7.168371200561523,7.878399848937988,6.691777229309082,6.7501349449157715,6.127327919006348,23030,ABCB
2009-04-23,6.740408897399902,6.740408897399902,5.835852146148682,6.088738918304443,5.526956081390381,34956,ABCB
2009-04-24,6.166550159454346,6.419436931610107,6.040106773376465,6.283267021179199,5.703537464141846,23441,ABCB
2009-04-27,6.0595598220825195,6.215181827545166,5.660776138305664,5.660776138305664,5.138480186462402,30433,ABCB
2009-04-28,5.582964897155762,6.166550159454346,5.582964897155762,6.0595598220825195,5.500469207763672,10178,ABCB
2009-04-29,6.176277160644531,6.8084940910339355,6.176277160644531,6.7112298011779785,6.092013835906982,28582,ABCB
2009-04-30,6.789041042327881,7.012749195098877,6.176277160644531,6.370804786682129,5.7829976081848145,46677,ABCB
2009-05-01,6.351352214813232,6.759861946105957,6.1860032081604,6.429162979125977,5.835971832275391,17067,ABCB
2009-05-04,6.565332889556885,6.672324180603027,6.361079216003418,6.672324180603027,6.056695461273193,19637,ABCB
2009-05-05,6.594512939453125,6.594512939453125,6.030379772186279,6.322173118591309,5.738852500915527,21282,ABCB
2009-05-06,6.419436931610107,6.691777229309082,6.030379772186279,6.088738918304443,5.526956081390381,19637,ABCB
2009-05-07,6.176277160644531,6.361079216003418,5.748313903808594,5.748313903808594,5.217941761016846,29713,ABCB
2009-05-08,5.913662910461426,6.730681896209717,5.913662910461426,6.623692035675049,6.012552261352539,24983,ABCB
2009-05-11,6.419436931610107,6.662598133087158,6.030379772186279,6.088738918304443,5.526956081390381,16758,ABCB
2009-05-12,6.137371063232422,6.370804786682129,5.9331159591674805,5.94284200668335,5.3945207595825195,18609,ABCB
2009-05-13,5.874757766723633,6.399983882904053,5.63159704208374,5.689956188201904,5.1649675369262695,25909,ABCB
2009-05-14,5.738587856292725,6.215181827545166,5.41761589050293,5.9914751052856445,5.438666343688965,24161,ABCB
2009-05-15,6.108191967010498,6.108191967010498,5.359257221221924,5.680229187011719,5.156137943267822,43284,ABCB
2009-05-18,5.806673049926758,6.837673187255859,5.806673049926758,6.506975173950195,5.906604290008545,43695,ABCB
2009-05-19,6.506975173950195,6.594512939453125,6.040106773376465,6.322173118591309,5.738852500915527,12749,ABCB
2009-05-20,6.399983882904053,6.555606842041016,5.94284200668335,6.361079216003418,5.774170398712158,42462,ABCB
2009-05-21,6.215181827545166,6.331899166107178,5.94284200668335,6.010927200317383,5.456325054168701,23030,ABCB
2009-05-22,6.195728778839111,6.195728778839111,5.9331159591674805,5.9331159591674805,5.385693073272705,8533,ABCB
2009-05-26,5.9331159591674805,6.419436931610107,5.9331159591674805,6.419436931610107,5.827141761779785,20563,ABCB
2009-05-27,6.351352214813232,6.361079216003418,5.806673049926758,5.816399097442627,5.279746055603027,19432,ABCB
2009-05-28,5.913662910461426,6.205455780029297,5.865030765533447,5.903936862945557,5.35920524597168,25806,ABCB
2009-05-29,5.962295055389404,6.108191967010498,5.874757766723633,6.0984649658203125,5.535785675048828,29816,ABCB
2009-06-01,6.27354097366333,6.468069076538086,6.0984649658203125,6.409710884094238,5.818312644958496,31358,ABCB
2009-06-02,6.351352214813232,6.857126235961914,6.1860032081604,6.837673187255859,6.206789970397949,34134,ABCB
2009-06-03,6.740408897399902,6.88630485534668,6.613965034484863,6.79876708984375,6.171474933624268,22413,ABCB
2009-06-04,6.8084940910339355,7.051653861999512,6.390257835388184,7.051653861999512,6.401026248931885,18403,ABCB
2009-06-05,7.158645153045654,7.1975507736206055,7.061380863189697,7.168371200561523,6.50697660446167,7711,ABCB
2009-06-08,6.973843097686768,7.499070167541504,6.5458807945251465,7.236455917358398,6.568778991699219,51098,ABCB
2009-06-09,7.2948150634765625,7.2948150634765625,6.438889980316162,6.448616027832031,5.8536295890808105,16861,ABCB
2009-06-10,6.536153793334961,6.536153793334961,5.94284200668335,6.137371063232422,5.571103096008301,31461,ABCB
2009-06-11,6.137371063232422,6.5458807945251465,6.079011917114258,6.088738918304443,5.526956081390381,23647,ABCB
2009-06-12,6.079011917114258,6.312446117401123,6.079011917114258,6.2638139724731445,5.685878753662109,11309,ABCB
2009-06-15,6.195728778839111,6.399983882904053,5.94284200668335,5.962295055389404,5.412178993225098,32386,ABCB
2009-06-16,6.166550159454346,6.6431450843811035,5.9331159591674805,6.147097110748291,5.579930782318115,22516,ABCB
2009-06-17,6.147097110748291,6.438889980316162,5.97202205657959,6.380530834197998,5.7918267250061035,15936,ABCB
2009-06-18,6.341626167297363,6.662598133087158,6.215181827545166,6.5847859382629395,5.977234840393066,5449,ABCB
2009-06-19,6.7501349449157715,6.7501349449157715,6.205455780029297,6.27354097366333,5.69470739364624,44312,ABCB
2009-06-22,6.205455780029297,6.2638139724731445,5.816399097442627,5.816399097442627,5.279746055603027,19123,ABCB
2009-06-23,5.884483814239502,6.049832820892334,5.748313903808594,5.826125144958496,5.288573265075684,13057,ABCB
2009-06-24,5.913662910461426,6.302720069885254,5.767766952514648,5.884483814239502,5.341547012329102,11515,ABCB
2009-06-25,5.816399097442627,6.049832820892334,5.816399097442627,6.049832820892334,5.491640090942383,62510,ABCB
2009-06-26,6.001201152801514,6.224908828735352,5.94284200668335,6.049832820892334,5.536142826080322,209738,ABCB
2009-06-29,6.088738918304443,6.361079216003418,5.874757766723633,6.244361877441406,5.714155673980713,24161,ABCB
2009-06-30,6.244361877441406,6.5167012214660645,5.835852146148682,6.147097110748291,5.625148773193359,79371,ABCB
2009-07-01,6.27354097366333,6.506975173950195,6.215181827545166,6.370804786682129,5.829862117767334,27451,ABCB
2009-07-02,6.224908828735352,6.52642822265625,6.137371063232422,6.292994022369385,5.7586565017700195,35779,ABCB
2009-07-06,6.331899166107178,6.419436931610107,5.923389911651611,6.049832820892334,5.536142826080322,20665,ABCB
2009-07-07,6.156824111938477,6.458343029022217,6.127644062042236,6.127644062042236,5.6073479652404785,57678,ABCB
2009-07-08,6.195728778839111,6.302720069885254,5.816399097442627,5.923389911651611,5.420437335968018,30330,ABCB
2009-07-09,5.9914751052856445,5.9914751052856445,5.699682235717773,5.796946048736572,5.3047285079956055,14188,ABCB
2009-07-10,5.816399097442627,6.166550159454346,5.738587856292725,6.166550159454346,5.642951488494873,20563,ABCB
2009-07-13,6.195728778839111,6.468069076538086,6.079011917114258,6.468069076538086,5.9188666343688965,26423,ABCB
2009-07-14,6.429162979125977,6.458343029022217,5.981748104095459,6.079011917114258,5.5628437995910645,11001,ABCB
2009-07-15,6.224908828735352,6.555606842041016,6.079011917114258,6.555606842041016,5.998972415924072,23441,ABCB
2009-07-16,6.506975173950195,6.954390048980713,6.468069076538086,6.905757904052734,6.31939172744751,23441,ABCB
2009-07-17,6.9154839515686035,6.9154839515686035,6.292994022369385,6.292994022369385,5.7586565017700195,24367,ABCB
2009-07-20,6.322173118591309,6.322173118591309,5.9331159591674805,6.088738918304443,5.5717453956604,18609,ABCB
2009-07-21,6.176277160644531,6.224908828735352,6.030379772186279,6.137371063232422,5.6162495613098145,27143,ABCB
2009-07-22,6.0595598220825195,6.234634876251221,5.97202205657959,6.234634876251221,5.705253601074219,14702,ABCB
2009-07-23,6.205455780029297,6.312446117401123,5.9914751052856445,6.302720069885254,5.767558574676514,40611,ABCB
2009-07-24,6.215181827545166,6.351352214813232,6.147097110748291,6.322173118591309,5.785358428955078,12646,ABCB
2009-07-27,6.1860032081604,6.390257835388184,6.1860032081604,6.312446117401123,5.776457786560059,25498,ABCB
2009-07-28,6.234634876251221,6.536153793334961,6.166550159454346,6.536153793334961,5.981170177459717,28068,ABCB
2009-07-29,6.448616027832031,6.8084940910339355,6.127644062042236,6.5458807945251465,5.990072727203369,42564,ABCB
2009-07-30,6.701502799987793,6.847400188446045,6.322173118591309,6.4777960777282715,5.927768230438232,32489,ABCB
2009-07-31,6.419436931610107,6.604238986968994,5.845578193664551,6.302720069885254,5.767558574676514,24675,ABCB
2009-08-03,6.224908828735352,6.925210952758789,6.195728778839111,6.7501349449157715,6.17698335647583,82764,ABCB
2009-08-04,6.662598133087158,6.759861946105957,6.399983882904053,6.759861946105957,6.185883045196533,15011,ABCB
2009-08-05,6.57505989074707,6.57505989074707,6.312446117401123,6.312446117401123,5.776457786560059,15730,ABCB
2009-08-06,6.351352214813232,6.57505989074707,6.2638139724731445,6.2638139724731445,5.731955528259277,17478,ABCB
2009-08-07,6.458343029022217,6.7112298011779785,6.409710884094238,6.691777229309082,6.1235809326171875,24161,ABCB
2009-08-10,6.5847859382629395,6.7112298011779785,6.399983882904053,6.633418083190918,6.0701775550842285,6272,ABCB
2009-08-11,6.5847859382629395,6.5847859382629395,6.322173118591309,6.361079216003418,5.820961952209473,10384,ABCB
2009-08-12,6.390257835388184,6.52642822265625,6.322173118591309,6.419436931610107,5.874364852905273,24058,ABCB
2009-08-13,6.468069076538086,6.468069076538086,6.331899166107178,6.419436931610107,5.874364852905273,16656,ABCB
2009-08-14,6.448616027832031,6.458343029022217,6.137371063232422,6.166550159454346,5.642951488494873,28890,ABCB
2009-08-17,5.9914751052856445,6.419436931610107,5.9914751052856445,6.001201152801514,5.491640567779541,23030,ABCB
2009-08-18,6.079011917114258,6.331899166107178,6.030379772186279,6.0595598220825195,5.545042991638184,60865,ABCB
2009-08-19,6.001201152801514,6.331899166107178,5.981748104095459,6.147097110748291,5.625148773193359,48733,ABCB
2009-08-20,6.127644062042236,6.536153793334961,6.010927200317383,6.536153793334961,5.981170177459717,59940,ABCB
2009-08-21,6.662598133087158,6.662598133087158,6.361079216003418,6.5458807945251465,5.990072727203369,107337,ABCB
2009-08-24,6.565332889556885,6.662598133087158,6.341626167297363,6.429162979125977,5.883265018463135,37013,ABCB
2009-08-25,6.4777960777282715,6.565332889556885,6.4777960777282715,6.565332889556885,6.007872104644775,19432,ABCB
2009-08-26,6.536153793334961,6.536153793334961,6.234634876251221,6.4777960777282715,5.927768230438232,16039,ABCB
2009-08-27,6.506975173950195,6.5458807945251465,6.224908828735352,6.5458807945251465,5.990072727203369,20460,ABCB
2009-08-28,6.5458807945251465,6.6431450843811035,6.331899166107178,6.613965034484863,6.052374839782715,27554,ABCB
2009-08-31,6.5167012214660645,6.5458807945251465,6.215181827545166,6.27354097366333,5.740856170654297,55416,ABCB
2009-09-01,6.195728778839111,6.351352214813232,6.030379772186279,6.040106773376465,5.527243614196777,38966,ABCB
2009-09-02,6.040106773376465,6.254087924957275,6.040106773376465,6.254087924957275,5.723056316375732,20871,ABCB
2009-09-03,6.292994022369385,6.302720069885254,6.069285869598389,6.0984649658203125,5.580646514892578,9664,ABCB
2009-09-04,6.1860032081604,6.27354097366333,6.040106773376465,6.244361877441406,5.714155673980713,15422,ABCB
2009-09-08,6.331899166107178,6.341626167297363,5.767766952514648,5.767766952514648,5.278027534484863,83176,ABCB
2009-09-09,5.787220001220703,6.195728778839111,5.651050090789795,6.147097110748291,5.625148773193359,38246,ABCB
2009-09-10,6.001201152801514,6.234634876251221,5.923389911651611,6.069285869598389,5.553945541381836,13468,ABCB
2009-09-11,6.069285869598389,6.069285869598389,5.894209861755371,5.903936862945557,5.402635097503662,8533,ABCB
2009-09-14,5.855305194854736,6.215181827545166,5.855305194854736,6.205455780029297,5.678551197052002,20563,ABCB
2009-09-15,6.166550159454346,6.244361877441406,6.108191967010498,6.1860032081604,5.660751819610596,10384,ABCB
2009-09-16,6.205455780029297,6.390257835388184,6.040106773376465,6.361079216003418,5.820961952209473,28890,ABCB
2009-09-17,6.351352214813232,6.49724817276001,6.341626167297363,6.438889980316162,5.892165660858154,10693,ABCB
2009-09-18,6.487522125244141,6.662598133087158,6.322173118591309,6.662598133087158,6.096877098083496,72380,ABCB
2009-09-21,6.52642822265625,7.041927814483643,6.52642822265625,6.8765788078308105,6.292690277099609,44415,ABCB
2009-09-22,7.041927814483643,7.333721160888672,6.8084940910339355,7.265635967254639,6.6487135887146,26423,ABCB
2009-09-23,7.285088062286377,7.285088062286377,6.973843097686768,6.973843097686768,6.381695747375488,15833,ABCB
2009-09-24,7.012749195098877,7.148919105529785,6.6820502281188965,6.954390048980713,6.363893985748291,20974,ABCB
2009-09-25,6.934937000274658,7.333721160888672,6.934937000274658,7.110013008117676,6.506304740905762,22105,ABCB
2009-09-28,6.958878993988037,7.223513126373291,6.890271186828613,6.909873008728027,6.323157787322998,26935,ABCB
2009-09-29,6.929475784301758,7.056891918182373,6.802059173583984,6.909873008728027,6.323157787322998,6632,ABCB
2009-09-30,6.958878993988037,7.105897903442383,6.596232891082764,7.007884979248047,6.41284704208374,65196,ABCB
2009-10-01,6.958878993988037,6.958878993988037,6.155178070068359,6.155178070068359,5.632544040679932,16120,ABCB
2009-10-02,6.10617208480835,7.48814582824707,6.086568832397461,6.929475784301758,6.341095924377441,52442,ABCB
2009-10-05,6.9686808586120605,7.125500202178955,6.772655963897705,7.105897903442383,6.502538204193115,18263,ABCB
2009-10-06,7.223513126373291,7.223513126373291,6.821661949157715,7.0274882316589355,6.4307861328125,10203,ABCB
2009-10-07,6.99808406829834,7.11569881439209,6.64523983001709,6.909873008728027,6.323157787322998,9591,ABCB
2009-10-08,7.01768684387207,7.01768684387207,6.713848114013672,6.713848114013672,6.143777370452881,16324,ABCB
2009-10-09,6.723649978637695,6.958878993988037,6.468817234039307,6.870667934417725,6.287280082702637,26119,ABCB
2009-10-12,6.870667934417725,6.929475784301758,6.664842128753662,6.811861038208008,6.233468532562256,8162,ABCB
2009-10-13,6.6942458152771,6.6942458152771,6.517824172973633,6.566830158233643,6.009241580963135,12549,ABCB
2009-10-14,6.6942458152771,6.841263771057129,6.6942458152771,6.841263771057129,6.260373115539551,10407,ABCB
2009-10-15,6.772655963897705,6.802059173583984,6.468817234039307,6.517824172973633,5.964397430419922,25405,ABCB
2009-10-16,6.449214935302734,6.615836143493652,6.311997890472412,6.596232891082764,6.036147594451904,17039,ABCB
2009-10-19,6.635437965393066,6.635437965393066,6.233588218688965,6.606035232543945,6.0451178550720215,25507,ABCB
2009-10-20,6.57663106918335,7.06669282913208,6.57663106918335,6.684444904327393,6.116869926452637,63155,ABCB
2009-10-21,6.655041217803955,6.860867023468018,6.125773906707764,6.213984966278076,5.686357498168945,20712,ABCB
2009-10-22,6.164978981018066,6.64523983001709,6.164978981018066,6.635437965393066,6.072026252746582,35914,ABCB
2009-10-23,6.655041217803955,6.6942458152771,6.145376205444336,6.145376205444336,5.623573303222656,26323,ABCB
2009-10-26,6.488420009613037,6.625637054443359,5.939549922943115,5.968954086303711,5.462131023406982,43260,ABCB
2009-10-27,5.998357772827148,6.449214935302734,5.998357772827148,6.037562847137451,5.5249152183532715,34792,ABCB
2009-10-28,5.998357772827148,6.076767921447754,5.910147190093994,5.910147190093994,5.4083170890808105,26425,ABCB
2009-10-29,5.998357772827148,6.125773906707764,5.880743026733398,6.115972995758057,5.59666633605957,56421,ABCB
2009-10-30,6.008159160614014,6.115972995758057,5.694519996643066,5.7729291915893555,5.282750606536865,54891,ABCB
2009-11-02,5.861141204833984,6.125773906707764,5.537700176239014,5.929749011993408,5.426255702972412,56830,ABCB
2009-11-03,5.8905439376831055,5.8905439376831055,5.4298858642578125,5.880743026733398,5.381411075592041,42648,ABCB
2009-11-04,5.851338863372803,6.125773906707764,5.165253162384033,5.165253162384033,4.726673126220703,54687,ABCB
2009-11-05,5.27306604385376,5.459290027618408,4.9692277908325195,5.0280351638793945,4.601105690002441,53667,ABCB
2009-11-06,4.998631954193115,5.4396867752075195,4.998631954193115,5.204458236694336,4.762549877166748,50504,ABCB
2009-11-09,5.3220720291137695,5.880743026733398,5.3220720291137695,5.870942115783691,5.372442245483398,43260,ABCB
2009-11-10,5.910147190093994,6.223785877227783,5.900345802307129,6.194383144378662,5.668420314788818,55401,ABCB
2009-11-11,6.321798801422119,6.361003875732422,6.155178070068359,6.243389129638672,5.713263988494873,19385,ABCB
2009-11-12,6.213984966278076,6.213984966278076,5.743525981903076,5.831737041473389,5.336564540863037,50402,ABCB
2009-11-13,5.8905439376831055,5.929749011993408,5.586706161499023,5.743525981903076,5.255845069885254,26731,ABCB
2009-11-16,5.831737041473389,5.978754997253418,5.831737041473389,5.978754997253418,5.471100807189941,51116,ABCB
2009-11-17,5.939549922943115,6.204184055328369,5.694519996643066,6.194383144378662,5.668420314788818,64176,ABCB
2009-11-18,6.213984966278076,6.302196025848389,6.174779891967773,6.282594203948975,5.749141216278076,38873,ABCB
2009-11-19,6.164978981018066,6.262990951538086,5.978754997253418,6.027761936187744,5.515946865081787,60605,ABCB
2009-11-20,5.978754997253418,6.155178070068359,5.880743026733398,6.125773906707764,5.605636119842529,59380,ABCB
2009-11-23,6.213984966278076,6.449214935302734,6.125773906707764,6.174779891967773,5.6504807472229,48565,ABCB
2009-11-24,6.1845808029174805,6.370804786682129,6.008159160614014,6.302196025848389,5.7670769691467285,78153,ABCB
2009-11-25,6.370804786682129,6.664842128753662,6.370804786682129,6.586431980133057,6.0271806716918945,47239,ABCB
2009-11-27,6.302196025848389,6.517824172973633,6.292395114898682,6.370804786682129,5.829862117767334,42648,ABCB
2009-11-30,6.370804786682129,6.586431980133057,6.292395114898682,6.47861909866333,5.92852258682251,46933,ABCB
2009-12-01,6.606035232543945,6.782456874847412,6.547226905822754,6.6942458152771,6.1258392333984375,26323,ABCB
2009-12-02,6.615836143493652,6.821661949157715,6.557027816772461,6.811861038208008,6.233468532562256,22242,ABCB
2009-12-03,6.841263771057129,6.841263771057129,6.57663106918335,6.596232891082764,6.036147594451904,17345,ABCB
2009-12-04,6.743251800537109,6.860867023468018,6.674643039703369,6.8510661125183105,6.269344329833984,45709,ABCB
2009-12-07,6.8510661125183105,6.8510661125183105,6.6942458152771,6.782456874847412,6.206558704376221,18467,ABCB
2009-12-08,6.713848114013672,6.811861038208008,6.508021831512451,6.517824172973633,5.964397430419922,26017,ABCB
2009-12-09,6.517824172973633,6.517824172973633,6.429612159729004,6.488420009613037,5.937490940093994,52034,ABCB
2009-12-10,6.52762508392334,6.537425994873047,6.449214935302734,6.508021831512451,5.955427169799805,44892,ABCB
2009-12-11,6.537425994873047,6.586431980133057,6.459015846252441,6.537425994873047,5.982335090637207,70195,ABCB
2009-12-14,6.468817234039307,6.674643039703369,6.429612159729004,6.664842128753662,6.098931789398193,17549,ABCB
2009-12-15,6.615836143493652,6.860867023468018,6.606035232543945,6.664842128753662,6.098931789398193,68767,ABCB
2009-12-16,6.753053188323975,6.782456874847412,6.635437965393066,6.704047203063965,6.134808540344238,26731,ABCB
2009-12-17,6.635437965393066,6.664842128753662,6.468817234039307,6.537425994873047,5.982335090637207,22956,ABCB
2009-12-18,6.52762508392334,6.802059173583984,6.164978981018066,6.64523983001709,6.080993175506592,138554,ABCB
2009-12-21,6.704047203063965,6.811861038208008,6.498220920562744,6.557027816772461,6.000272274017334,17753,ABCB
2009-12-22,6.566830158233643,6.606035232543945,6.517824172973633,6.52762508392334,5.973365306854248,22956,ABCB
2009-12-23,6.57663106918335,6.6942458152771,6.517824172973633,6.625637054443359,6.063055992126465,65910,ABCB
2009-12-24,6.674643039703369,6.821661949157715,6.625637054443359,6.655041217803955,6.089963912963867,14080,ABCB
2009-12-28,6.684444904327393,6.870667934417725,6.508021831512451,6.870667934417725,6.287280082702637,36832,ABCB
2009-12-29,6.864260196685791,7.091422080993652,6.666727066040039,6.96302604675293,6.371797561645508,42930,ABCB
2009-12-30,6.923519134521484,7.051916122436523,6.666727066040039,7.042038917541504,6.444101333618164,38880,ABCB
2009-12-31,7.051916122436523,7.249447822570801,6.735863208770752,7.071669101715088,6.471216201782227,61863,ABCB
2010-01-04,7.219818115234375,7.26920223236084,6.8840131759643555,7.219818115234375,6.606783866882324,29160,ABCB
2010-01-05,7.180312156677246,7.348215103149414,7.032162189483643,7.298830986022949,6.679089546203613,57104,ABCB
2010-01-06,7.209941864013672,7.753157138824463,7.170434951782227,7.446980953216553,6.814659595489502,78671,ABCB
2010-01-07,7.545746803283691,7.733403205871582,7.437104225158691,7.693896770477295,7.040609836578369,12555,ABCB
2010-01-08,7.664267063140869,7.743279933929443,7.516117095947266,7.723526954650879,7.067724227905273,10631,ABCB
2010-01-11,7.772910118103027,7.792663097381592,7.525993824005127,7.664267063140869,7.013495445251465,13162,ABCB
2010-01-12,7.634636878967285,7.763032913208008,7.634636878967285,7.65438985824585,7.004458427429199,15187,ABCB
2010-01-13,7.693896770477295,7.802539825439453,7.65438985824585,7.733403205871582,7.076761722564697,14479,ABCB
2010-01-14,7.693896770477295,8.138344764709473,7.693896770477295,7.90130615234375,7.230408191680908,28451,ABCB
2010-01-15,7.96056604385376,8.029702186584473,7.90130615234375,8.00007152557373,7.320788383483887,44853,ABCB
2010-01-19,7.990196228027344,8.54328727722168,7.990196228027344,8.523533821105957,7.799801349639893,84948,ABCB
2010-01-20,8.414891242980957,8.790203094482422,8.414891242980957,8.760573387145996,8.016716003417969,68951,ABCB
2010-01-21,8.780325889587402,9.037118911743164,8.424768447875977,8.888969421386719,8.134211540222168,61863,ABCB
2010-01-22,8.888969421386719,9.096379280090332,8.50378131866455,8.94822883605957,8.188436508178711,53156,ABCB
2010-01-25,9.046995162963867,9.313664436340332,9.027241706848145,9.056872367858887,8.28785514831543,44043,ABCB
2010-01-26,9.086502075195312,9.175392150878906,9.076624870300293,9.086502075195312,8.314972877502441,43436,ABCB
2010-01-27,9.086502075195312,9.333417892456055,9.086502075195312,9.29391098022461,8.504766464233398,22882,ABCB
2010-01-28,9.333417892456055,9.36304759979248,8.780325889587402,9.096379280090332,8.324007034301758,91732,ABCB
2010-01-29,9.135885238647461,9.36304759979248,9.086502075195312,9.224775314331055,8.441500663757324,44550,ABCB
2010-02-01,9.224775314331055,9.284034729003906,9.155637741088867,9.234650611877441,8.450538635253906,23490,ABCB
2010-02-02,9.274157524108887,9.274157524108887,9.096379280090332,9.135885238647461,8.360163688659668,110868,ABCB
2010-02-03,9.096379280090332,9.155637741088867,9.046995162963867,9.135885238647461,8.360163688659668,37665,ABCB
2010-02-04,9.096379280090332,9.25440502166748,9.017366409301758,9.135885238647461,8.360163688659668,80493,ABCB
2010-02-05,9.274157524108887,9.313664436340332,9.086502075195312,9.244527816772461,8.459576606750488,44752,ABCB
2010-02-08,9.25440502166748,9.25440502166748,9.135885238647461,9.135885238647461,8.360163688659668,32805,ABCB
2010-02-09,9.313664436340332,9.313664436340332,9.135885238647461,9.18526840209961,8.405348777770996,22579,ABCB
2010-02-10,9.126008033752441,9.175392150878906,9.06674861907959,9.155637741088867,8.37823486328125,37968,ABCB
2010-02-11,9.086502075195312,9.422307014465332,9.086502075195312,9.422307014465332,8.622261047363281,55383,ABCB
2010-02-12,9.274157524108887,9.560580253601074,9.274157524108887,9.550704002380371,8.739755630493164,38373,ABCB
2010-02-16,9.550704002380371,9.550704002380371,9.40255355834961,9.491443634033203,8.685526847839355,20756,ABCB
2010-02-17,9.501320838928223,9.530949592590332,9.382801055908203,9.530949592590332,8.7216796875,49815,ABCB
2010-02-18,9.4815673828125,9.501320838928223,9.392678260803223,9.491443634033203,8.685526847839355,14985,ABCB
2010-02-19,9.4815673828125,9.679100036621094,9.432184219360352,9.609963417053223,8.793984413146973,40500,ABCB
2010-02-22,9.688977241516113,9.728483200073242,9.14576244354248,9.6988525390625,8.875325202941895,33210,ABCB
2010-02-23,9.669222831726074,9.679100036621094,9.382801055908203,9.511197090148926,8.703604698181152,26831,ABCB
2010-02-24,9.540826797485352,9.540826797485352,9.382801055908203,9.501320838928223,8.694563865661621,25819,ABCB
2010-02-25,9.29391098022461,9.629716873168945,9.29391098022461,9.580333709716797,8.766870498657227,51333,ABCB
2010-02-26,9.609963417053223,9.609963417053223,9.382801055908203,9.382801055908203,8.586111068725586,30678,ABCB
2010-03-01,9.451936721801758,9.5902099609375,9.412430763244629,9.560580253601074,8.748796463012695,21364,ABCB
2010-03-02,9.609963417053223,9.965521812438965,9.580333709716797,9.945769309997559,9.101278305053711,47992,ABCB
2010-03-03,9.985275268554688,10.074165344238281,9.837125778198242,10.054411888122559,9.20069408416748,15289,ABCB
2010-03-04,10.123547554016113,10.153178215026855,9.856879234313965,9.876632690429688,9.03801155090332,15491,ABCB
2010-03-05,9.955645561218262,10.1926851272583,9.787742614746094,9.827248573303223,8.992819786071777,36855,ABCB
2010-03-08,9.787742614746094,9.876632690429688,9.787742614746094,9.827248573303223,8.992819786071777,17820,ABCB
2010-03-09,9.797618865966797,9.847002983093262,9.767990112304688,9.827248573303223,8.992819786071777,15491,ABCB
2010-03-10,9.797618865966797,9.876632690429688,9.797618865966797,9.817373275756836,8.983781814575195,27540,ABCB
2010-03-11,9.787742614746094,9.926015853881836,9.77786636352539,9.866756439208984,9.028971672058105,26325,ABCB
2010-03-12,9.906262397766113,9.906262397766113,9.629716873168945,9.679100036621094,8.85724925994873,17212,ABCB
2010-03-15,9.669222831726074,9.758112907409668,9.382801055908203,9.40255355834961,8.604185104370117,22477,ABCB
2010-03-16,9.451936721801758,9.491443634033203,9.333417892456055,9.491443634033203,8.685526847839355,12352,ABCB
2010-03-17,9.501320838928223,9.619839668273926,9.284034729003906,9.432184219360352,8.631298065185547,31185,ABCB
2010-03-18,9.284034729003906,9.501320838928223,9.284034729003906,9.392678260803223,8.5951509475708,12656,ABCB
2010-03-19,9.40255355834961,9.511197090148926,9.284034729003906,9.442061424255371,8.640337944030762,80088,ABCB
2010-03-22,9.372923851013184,9.540826797485352,9.36304759979248,9.530949592590332,8.7216796875,21769,ABCB
2010-03-23,9.511197090148926,9.758112907409668,9.40255355834961,9.649470329284668,8.830137252807617,28147,ABCB
2010-03-24,9.609963417053223,9.639593124389648,9.29391098022461,9.392678260803223,8.5951509475708,54776,ABCB
2010-03-25,9.4815673828125,9.669222831726074,9.382801055908203,9.511197090148926,8.703604698181152,16402,ABCB
2010-03-26,9.550704002380371,9.580333709716797,8.95810604095459,9.027241706848145,8.260741233825684,34425,ABCB
2010-03-29,9.11658763885498,9.405213356018066,8.101422309875488,8.599052429199219,7.86890983581543,89424,ABCB
2010-03-30,8.599052429199219,8.947393417358398,8.599052429199219,8.738389015197754,7.996413230895996,29339,ABCB
2010-03-31,8.688626289367676,9.186256408691406,8.688626289367676,8.987203598022461,8.224102973937988,55463,ABCB
2010-04-01,9.046918869018555,9.345498085021973,8.897629737854004,8.957345962524414,8.196781158447266,24416,ABCB
2010-04-05,9.036967277526855,9.5545015335083,8.987203598022461,9.5545015335083,8.743231773376465,45114,ABCB
2010-04-06,9.454976081848145,9.81326961517334,9.355449676513672,9.504738807678223,8.697696685791016,17985,ABCB
2010-04-07,9.454976081848145,9.614217758178711,9.365403175354004,9.614217758178711,8.797877311706543,32353,ABCB
2010-04-08,9.52464485168457,9.863033294677734,9.52464485168457,9.68388557434082,8.8616304397583,13866,ABCB
2010-04-09,9.68388557434082,9.833174705505371,9.365403175354004,9.703790664672852,8.879843711853027,36473,ABCB
2010-04-12,9.703790664672852,9.703790664672852,9.365403175354004,9.454976081848145,8.652154922485352,51042,ABCB
2010-04-13,9.484833717346191,9.59431266784668,9.265876770019531,9.59431266784668,8.7796630859375,27530,ABCB
2010-04-14,9.59431266784668,10.141706466674805,9.255924224853516,10.062085151672363,9.207716941833496,64707,ABCB
2010-04-15,10.420378684997559,10.679146766662598,10.201421737670898,10.37061595916748,9.490052223205566,2749732,ABCB
2010-04-16,10.31089973449707,10.450237274169922,10.290994644165039,10.44028377532959,9.553803443908691,134638,ABCB
2010-04-19,10.330805778503418,10.669194221496582,10.251185417175293,10.519905090332031,9.626662254333496,139963,ABCB
2010-04-20,10.58957290649414,10.699051856994629,10.480094909667969,10.669194221496582,9.76327896118164,182867,ABCB
2010-04-21,10.709005355834961,10.898103713989258,10.599526405334473,10.679146766662598,9.772382736206055,153327,ABCB
2010-04-22,10.64928913116455,11.077251434326172,10.64928913116455,10.947867393493652,10.018290519714355,169905,ABCB
2010-04-23,10.947867393493652,11.136966705322266,10.828435897827148,10.957819938659668,10.027393341064453,217230,ABCB
2010-04-26,10.957819938659668,11.19668197631836,10.947867393493652,11.027487754821777,10.091148376464844,314691,ABCB
2010-04-27,10.987677574157715,11.166825294494629,10.798578262329102,10.9777250289917,10.045608520507812,161566,ABCB
2010-04-28,10.957819938659668,11.156871795654297,10.798578262329102,11.067298889160156,10.127579689025879,108112,ABCB
2010-04-29,11.087203979492188,11.19668197631836,10.64928913116455,11.027487754821777,10.091148376464844,258927,ABCB
2010-04-30,10.99763011932373,11.296209335327148,10.888152122497559,11.077251434326172,10.136686325073242,265760,ABCB
2010-05-03,11.136966705322266,11.19668197631836,10.619430541992188,10.888152122497559,9.963642120361328,110423,ABCB
2010-05-04,10.768719673156738,10.878198623657227,10.55971622467041,10.709005355834961,9.799707412719727,401302,ABCB
2010-05-05,10.619430541992188,10.659241676330566,10.460189819335938,10.62938404083252,9.726845741271973,156642,ABCB
2010-05-06,10.579621315002441,10.937914848327637,9.952607154846191,10.529857635498047,9.635770797729492,163173,ABCB
2010-05-07,10.480094909667969,10.68910026550293,10.201421737670898,10.450237274169922,9.562908172607422,231899,ABCB
2010-05-10,10.68910026550293,10.947867393493652,10.68910026550293,10.937914848327637,10.009180068969727,52850,ABCB
2010-05-11,10.798578262329102,11.286255836486816,10.798578262329102,11.077251434326172,10.136686325073242,56166,ABCB
2010-05-12,11.067298889160156,11.385782241821289,11.067298889160156,11.236493110656738,10.282405853271484,68927,ABCB
2010-05-13,11.166825294494629,11.246444702148438,10.947867393493652,11.166825294494629,10.218652725219727,101581,ABCB
2010-05-14,11.067298889160156,11.18673038482666,10.699051856994629,10.83838939666748,9.91810417175293,97361,ABCB
2010-05-17,10.918008804321289,10.927962303161621,10.639335632324219,10.798578262329102,9.881672859191895,100577,ABCB
2010-05-18,10.927962303161621,11.017536163330078,10.808530807495117,10.828435897827148,9.9089994430542,217531,ABCB
2010-05-19,10.748814582824707,10.90805721282959,10.62938404083252,10.709005355834961,9.799707412719727,78271,ABCB
2010-05-20,10.699051856994629,10.699051856994629,10.181516647338867,10.290994644165039,9.41718864440918,418986,ABCB
2010-05-21,10.171564102172852,10.699051856994629,9.96255874633789,10.579621315002441,9.681307792663574,164881,ABCB
2010-05-24,10.599526405334473,10.748814582824707,10.35071086883545,10.480094909667969,9.590231895446777,100878,ABCB
2010-05-25,10.450237274169922,10.64928913116455,10.271089553833008,10.490047454833984,9.59933853149414,181360,ABCB
2010-05-26,10.519905090332031,10.748814582824707,10.41042709350586,10.460189819335938,9.572016716003418,102687,ABCB
2010-05-27,10.68910026550293,11.40568733215332,10.470142364501953,11.326066017150879,10.364372253417969,248880,ABCB
2010-05-28,11.306160926818848,11.644550323486328,11.156871795654297,11.216588020324707,10.264189720153809,1163313,ABCB
2010-06-01,11.206635475158691,11.31611442565918,10.450237274169922,10.64928913116455,9.745057106018066,176034,ABCB
2010-06-02,10.679146766662598,10.927962303161621,10.480094909667969,10.90805721282959,9.981858253479004,122480,ABCB
2010-06-03,10.947867393493652,10.947867393493652,10.619430541992188,10.858293533325195,9.936320304870605,51645,ABCB
2010-06-04,10.68910026550293,10.71895694732666,10.35071086883545,10.400473594665527,9.51737117767334,154130,ABCB
2010-06-07,10.400473594665527,10.609478950500488,10.35071086883545,10.35071086883545,9.471835136413574,85003,ABCB
2010-06-08,10.43033218383789,10.490047454833984,10.072037696838379,10.320853233337402,9.444512367248535,94046,ABCB
2010-06-09,10.41042709350586,10.619430541992188,10.0322265625,10.131753921508789,9.271470069885254,79778,ABCB
2010-06-10,10.241231918334961,10.529857635498047,10.121801376342773,10.450237274169922,9.562908172607422,93041,ABCB
2010-06-11,10.340758323669434,10.758768081665039,10.340758323669434,10.709005355834961,9.799707412719727,112835,ABCB
2010-06-14,10.818483352661133,10.918008804321289,10.261137008666992,10.35071086883545,9.471835136413574,85103,ABCB
2010-06-15,10.44028377532959,10.529857635498047,10.251185417175293,10.41042709350586,9.526480674743652,104194,ABCB
2010-06-16,10.330805778503418,10.599526405334473,10.330805778503418,10.400473594665527,9.51737117767334,71238,ABCB
2010-06-17,10.400473594665527,10.490047454833984,10.380569458007812,10.420378684997559,9.535589218139648,87113,ABCB
2010-06-18,10.43033218383789,10.460189819335938,10.201421737670898,10.44028377532959,9.553803443908691,171513,ABCB
2010-06-21,10.480094909667969,10.5,10.081991195678711,10.101896286010742,9.244145393371582,71539,ABCB
2010-06-22,10.171564102172852,10.251185417175293,9.912796020507812,9.912796020507812,9.0711030960083,85103,ABCB
2010-06-23,9.912796020507812,10.072037696838379,9.902844429016113,9.912796020507812,9.0711030960083,61190,ABCB
2010-06-24,9.823223114013672,10.052132606506348,9.7236967086792,9.853080749511719,9.016458511352539,53554,ABCB
2010-06-25,9.94265365600586,11.495261192321777,9.922748565673828,11.495261192321777,10.519201278686523,1009685,ABCB
2010-06-28,10.880000114440918,10.880000114440918,10.079999923706055,10.09000015258789,9.233261108398438,172000,ABCB
2010-06-29,10.0,10.020000457763672,9.529999732971191,9.600000381469727,8.784867286682129,230100,ABCB
2010-06-30,9.630000114440918,9.789999961853027,9.539999961853027,9.65999984741211,8.83977222442627,437900,ABCB
2010-07-01,9.600000381469727,9.800000190734863,9.600000381469727,9.760000228881836,8.931280136108398,120700,ABCB
2010-07-02,9.829999923706055,9.899999618530273,9.609999656677246,9.710000038146973,8.885525703430176,86200,ABCB
2010-07-06,9.880000114440918,9.880000114440918,9.6899995803833,9.779999732971191,8.949584007263184,107700,ABCB
2010-07-07,9.829999923706055,10.079999923706055,9.699999809265137,10.029999732971191,9.17835521697998,104500,ABCB
2010-07-08,10.119999885559082,10.239999771118164,9.84000015258789,9.979999542236328,9.132601737976074,56000,ABCB
2010-07-09,9.989999771118164,10.350000381469727,9.989999771118164,10.300000190734863,9.42542839050293,34600,ABCB
2010-07-12,10.420000076293945,10.579999923706055,10.09000015258789,10.149999618530273,9.288165092468262,48200,ABCB
2010-07-13,10.3100004196167,10.59000015258789,10.1899995803833,10.489999771118164,9.599295616149902,84900,ABCB
2010-07-14,10.479999542236328,10.550000190734863,10.359999656677246,10.470000267028809,9.5809965133667,29800,ABCB
2010-07-15,10.470000267028809,10.489999771118164,10.069999694824219,10.239999771118164,9.370524406433105,37400,ABCB
2010-07-16,10.0600004196167,10.210000038146973,9.739999771118164,9.75,8.922130584716797,97700,ABCB
2010-07-19,9.949999809265137,10.050000190734863,9.739999771118164,10.039999961853027,9.187504768371582,77500,ABCB
2010-07-20,9.84000015258789,9.989999771118164,9.710000038146973,9.960000038146973,9.114295959472656,59600,ABCB
2010-07-21,10.0600004196167,10.119999885559082,9.630000114440918,9.75,8.922130584716797,97400,ABCB
2010-07-22,9.880000114440918,10.420000076293945,9.84000015258789,10.300000190734863,9.42542839050293,83900,ABCB
2010-07-23,10.199999809265137,10.199999809265137,9.40999984741211,9.489999771118164,8.68420696258545,399200,ABCB
2010-07-26,9.479999542236328,9.609999656677246,9.180000305175781,9.600000381469727,8.784867286682129,90300,ABCB
2010-07-27,9.680000305175781,9.899999618530273,9.420000076293945,9.479999542236328,8.675052642822266,88700,ABCB
2010-07-28,9.449999809265137,9.449999809265137,9.130000114440918,9.270000457763672,8.48288631439209,105100,ABCB
2010-07-29,9.3100004196167,9.40999984741211,9.130000114440918,9.289999961853027,8.501187324523926,79400,ABCB
2010-07-30,9.1899995803833,9.899999618530273,9.140000343322754,9.84000015258789,9.004488945007324,162000,ABCB
2010-08-02,9.949999809265137,10.0600004196167,9.550000190734863,9.699999809265137,8.876376152038574,63700,ABCB
2010-08-03,9.65999984741211,9.899999618530273,9.510000228881836,9.539999961853027,8.729958534240723,85200,ABCB
2010-08-04,9.539999961853027,9.630000114440918,9.489999771118164,9.5600004196167,8.748263359069824,36000,ABCB
2010-08-05,9.529999732971191,9.539999961853027,9.420000076293945,9.430000305175781,8.629300117492676,56400,ABCB
2010-08-06,9.329999923706055,9.479999542236328,9.020000457763672,9.460000038146973,8.656752586364746,50600,ABCB
2010-08-09,9.510000228881836,9.710000038146973,9.149999618530273,9.600000381469727,8.784867286682129,29900,ABCB
2010-08-10,9.449999809265137,9.579999923706055,9.25,9.260000228881836,8.473735809326172,40700,ABCB
2010-08-11,9.170000076293945,9.300000190734863,8.729999542236328,8.75,8.007039070129395,97000,ABCB
2010-08-12,8.59000015258789,8.899999618530273,8.520000457763672,8.819999694824219,8.071097373962402,58700,ABCB
2010-08-13,8.779999732971191,8.819999694824219,8.529999732971191,8.550000190734863,7.8240227699279785,51600,ABCB
2010-08-16,8.510000228881836,8.800000190734863,8.510000228881836,8.640000343322754,7.906380653381348,135500,ABCB
2010-08-17,8.75,9.050000190734863,8.699999809265137,8.9399995803833,8.180909156799316,106000,ABCB
2010-08-18,8.899999618530273,8.90999984741211,8.479999542236328,8.489999771118164,7.769115447998047,69700,ABCB
2010-08-19,8.449999809265137,8.59000015258789,8.130000114440918,8.149999618530273,7.4579854011535645,112700,ABCB
2010-08-20,8.079999923706055,8.350000381469727,7.949999809265137,8.149999618530273,7.4579854011535645,78800,ABCB
2010-08-23,8.1899995803833,8.239999771118164,8.020000457763672,8.149999618530273,7.4579854011535645,82400,ABCB
2010-08-24,8.020000457763672,8.079999923706055,7.849999904632568,7.920000076293945,7.24751615524292,71700,ABCB
2010-08-25,7.880000114440918,8.079999923706055,7.860000133514404,8.050000190734863,7.366476535797119,89100,ABCB
2010-08-26,8.0600004196167,8.140000343322754,7.96999979019165,8.050000190734863,7.366476535797119,60200,ABCB
2010-08-27,8.149999618530273,8.420000076293945,8.029999732971191,8.380000114440918,7.66845703125,59400,ABCB
2010-08-30,8.319999694824219,8.319999694824219,7.929999828338623,7.940000057220459,7.265817165374756,58900,ABCB
2010-08-31,7.940000057220459,8.119999885559082,7.75,7.829999923706055,7.165156364440918,54700,ABCB
2010-09-01,7.980000019073486,8.319999694824219,7.849999904632568,8.289999961853027,7.5860981941223145,63200,ABCB
2010-09-02,8.220000267028809,8.390000343322754,8.140000343322754,8.380000114440918,7.66845703125,33400,ABCB
2010-09-03,8.470000267028809,8.600000381469727,8.329999923706055,8.59000015258789,7.860624313354492,46800,ABCB
2010-09-07,8.569999694824219,8.569999694824219,8.34000015258789,8.359999656677246,7.650153636932373,43400,ABCB
2010-09-08,8.40999984741211,8.59000015258789,8.40999984741211,8.550000190734863,7.8240227699279785,50100,ABCB
2010-09-09,8.609999656677246,8.8100004196167,8.390000343322754,8.4399995803833,7.723361492156982,26500,ABCB
2010-09-10,8.380000114440918,8.5600004196167,8.050000190734863,8.34000015258789,7.631853103637695,43800,ABCB
2010-09-13,8.460000038146973,8.699999809265137,8.289999961853027,8.569999694824219,7.842322826385498,175500,ABCB
2010-09-14,8.539999961853027,8.819999694824219,8.5,8.609999656677246,7.878927230834961,35900,ABCB
2010-09-15,8.600000381469727,8.760000228881836,8.510000228881836,8.729999542236328,7.988737106323242,40000,ABCB
2010-09-16,8.6899995803833,8.760000228881836,8.489999771118164,8.680000305175781,7.942984580993652,49700,ABCB
2010-09-17,8.779999732971191,8.819999694824219,8.529999732971191,8.649999618530273,7.915529251098633,83000,ABCB
2010-09-20,8.649999618530273,8.989999771118164,8.550000190734863,8.960000038146973,8.199207305908203,64500,ABCB
2010-09-21,8.949999809265137,9.329999923706055,8.869999885559082,9.050000190734863,8.281569480895996,35500,ABCB
2010-09-22,9.039999961853027,9.09000015258789,8.609999656677246,8.779999732971191,8.034493446350098,29200,ABCB
2010-09-23,8.710000038146973,9.069999694824219,8.600000381469727,8.770000457763672,8.025341987609863,87300,ABCB
2010-09-24,8.90999984741211,9.25,8.859999656677246,9.239999771118164,8.455432891845703,62200,ABCB
2010-09-27,9.239999771118164,9.300000190734863,9.039999961853027,9.199999809265137,8.418831825256348,34400,ABCB
2010-09-28,9.170000076293945,9.359999656677246,9.069999694824219,9.329999923706055,8.53779125213623,70900,ABCB
2010-09-29,9.289999961853027,9.550000190734863,9.119999885559082,9.479999542236328,8.675052642822266,55800,ABCB
2010-09-30,9.539999961853027,9.75,9.210000038146973,9.350000381469727,8.556095123291016,105900,ABCB
2010-10-01,9.430000305175781,9.529999732971191,9.149999618530273,9.529999732971191,8.720810890197754,38300,ABCB
2010-10-04,9.34000015258789,9.539999961853027,9.260000228881836,9.470000267028809,8.665905952453613,45300,ABCB
2010-10-05,9.600000381469727,9.84000015258789,9.380000114440918,9.800000190734863,8.967883110046387,55400,ABCB
2010-10-06,9.729999542236328,9.949999809265137,9.729999542236328,9.84000015258789,9.004488945007324,38300,ABCB
2010-10-07,9.9399995803833,9.949999809265137,9.729999542236328,9.739999771118164,8.912979125976562,78500,ABCB
2010-10-08,9.770000457763672,9.850000381469727,9.59000015258789,9.779999732971191,8.949584007263184,80800,ABCB
2010-10-11,9.739999771118164,9.739999771118164,9.569999694824219,9.59000015258789,8.775714874267578,20300,ABCB
2010-10-12,9.520000457763672,9.649999618530273,9.369999885559082,9.609999656677246,8.794018745422363,25600,ABCB
2010-10-13,9.649999618530273,9.880000114440918,9.40999984741211,9.569999694824219,8.757415771484375,53100,ABCB
2010-10-14,9.529999732971191,9.550000190734863,9.329999923706055,9.479999542236328,8.675052642822266,44200,ABCB
2010-10-15,9.529999732971191,9.529999732971191,9.270000457763672,9.34000015258789,8.546942710876465,111700,ABCB
2010-10-18,9.34000015258789,9.65999984741211,8.800000190734863,9.550000190734863,8.739110946655273,80800,ABCB
2010-10-19,9.390000343322754,9.520000457763672,9.069999694824219,9.170000076293945,8.391378402709961,42100,ABCB
2010-10-20,9.199999809265137,9.390000343322754,9.029999732971191,9.229999542236328,8.446281433105469,30900,ABCB
2010-10-21,9.300000190734863,9.479999542236328,9.079999923706055,9.420000076293945,8.620153427124023,65300,ABCB
2010-10-22,9.479999542236328,9.670000076293945,9.369999885559082,9.420000076293945,8.620153427124023,31000,ABCB
2010-10-25,9.510000228881836,9.600000381469727,9.359999656677246,9.390000343322754,8.592695236206055,26400,ABCB
2010-10-26,9.359999656677246,9.520000457763672,9.350000381469727,9.479999542236328,8.675052642822266,55800,ABCB
2010-10-27,9.390000343322754,9.529999732971191,9.210000038146973,9.260000228881836,8.473735809326172,161700,ABCB
2010-10-28,9.350000381469727,9.350000381469727,9.170000076293945,9.279999732971191,8.492037773132324,33200,ABCB
2010-10-29,9.270000457763672,9.3100004196167,9.25,9.270000457763672,8.48288631439209,51400,ABCB
2010-11-01,9.270000457763672,9.34000015258789,8.789999961853027,9.050000190734863,8.281569480895996,159100,ABCB
2010-11-02,9.170000076293945,9.300000190734863,9.050000190734863,9.079999923706055,8.309017181396484,69200,ABCB
2010-11-03,9.069999694824219,9.140000343322754,8.930000305175781,9.0600004196167,8.290716171264648,29600,ABCB
2010-11-04,9.229999542236328,9.300000190734863,9.149999618530273,9.270000457763672,8.48288631439209,70600,ABCB
2010-11-05,9.300000190734863,9.300000190734863,9.069999694824219,9.140000343322754,8.363924980163574,42700,ABCB
2010-11-08,9.069999694824219,9.069999694824219,8.8100004196167,8.890000343322754,8.135154724121094,37900,ABCB
2010-11-09,8.949999809265137,8.949999809265137,8.699999809265137,8.729999542236328,7.988737106323242,71100,ABCB
2010-11-10,8.6899995803833,8.899999618530273,8.6899995803833,8.880000114440918,8.126002311706543,60600,ABCB
2010-11-11,8.770000457763672,9.600000381469727,8.770000457763672,9.5,8.693359375,234700,ABCB
2010-11-12,9.399999618530273,9.550000190734863,9.300000190734863,9.350000381469727,8.556095123291016,34600,ABCB
2010-11-15,9.479999542236328,10.029999732971191,9.479999542236328,9.869999885559082,9.031936645507812,73100,ABCB
2010-11-16,9.800000190734863,9.880000114440918,9.59000015258789,9.699999809265137,8.876376152038574,67800,ABCB
2010-11-17,9.65999984741211,9.75,9.289999961853027,9.430000305175781,8.629300117492676,133100,ABCB
2010-11-18,9.579999923706055,9.949999809265137,9.539999961853027,9.90999984741211,9.068543434143066,31400,ABCB
2010-11-19,9.930000305175781,9.949999809265137,9.789999961853027,9.819999694824219,8.986184120178223,56300,ABCB
2010-11-22,9.789999961853027,9.800000190734863,9.4399995803833,9.609999656677246,8.794018745422363,22000,ABCB
2010-11-23,9.529999732971191,9.75,9.529999732971191,9.680000305175781,8.858074188232422,30300,ABCB
2010-11-24,9.739999771118164,9.949999809265137,9.739999771118164,9.890000343322754,9.050243377685547,41900,ABCB
2010-11-26,9.800000190734863,9.90999984741211,9.779999732971191,9.859999656677246,9.02279281616211,7700,ABCB
2010-11-29,9.789999961853027,9.949999809265137,9.59000015258789,9.90999984741211,9.068543434143066,33800,ABCB
2010-11-30,9.819999694824219,9.84000015258789,9.579999923706055,9.640000343322754,8.8214693069458,39500,ABCB
2010-12-01,9.800000190734863,9.949999809265137,9.699999809265137,9.899999618530273,9.059394836425781,52600,ABCB
2010-12-02,9.899999618530273,10.0,9.84000015258789,9.979999542236328,9.132601737976074,54100,ABCB
2010-12-03,9.890000343322754,10.0,9.850000381469727,9.960000038146973,9.114295959472656,34800,ABCB
2010-12-06,9.90999984741211,10.020000457763672,9.739999771118164,9.979999542236328,9.132601737976074,49500,ABCB
2010-12-07,10.029999732971191,10.029999732971191,9.90999984741211,9.970000267028809,9.123453140258789,67200,ABCB
2010-12-08,10.020000457763672,10.020000457763672,9.710000038146973,9.729999542236328,8.903829574584961,55100,ABCB
2010-12-09,9.819999694824219,9.970000267028809,9.670000076293945,9.960000038146973,9.114295959472656,43000,ABCB
2010-12-10,9.9399995803833,10.039999961853027,9.84000015258789,10.039999961853027,9.187504768371582,56400,ABCB
2010-12-13,10.029999732971191,10.279999732971191,9.960000038146973,10.229999542236328,9.361374855041504,55500,ABCB
2010-12-14,10.289999961853027,10.40999984741211,10.09000015258789,10.359999656677246,9.480334281921387,53300,ABCB
2010-12-15,10.380000114440918,10.479999542236328,10.229999542236328,10.279999732971191,9.40712833404541,28000,ABCB
2010-12-16,10.350000381469727,10.569999694824219,10.140000343322754,10.489999771118164,9.599295616149902,61400,ABCB
2010-12-17,10.479999542236328,10.5,10.25,10.5,9.60844898223877,108200,ABCB
2010-12-20,10.489999771118164,10.899999618530273,10.460000038146973,10.710000038146973,9.800616264343262,70100,ABCB
2010-12-21,10.75,10.789999961853027,10.579999923706055,10.630000114440918,9.727408409118652,17900,ABCB
2010-12-22,10.619999885559082,10.670000076293945,10.460000038146973,10.630000114440918,9.727408409118652,42200,ABCB
2010-12-23,10.619999885559082,10.710000038146973,10.430000305175781,10.550000190734863,9.654204368591309,23000,ABCB
2010-12-27,10.479999542236328,10.9399995803833,10.479999542236328,10.920000076293945,9.992785453796387,15000,ABCB
2010-12-28,10.949999809265137,11.050000190734863,10.8100004196167,10.960000038146973,10.029389381408691,49700,ABCB
2010-12-29,10.960000038146973,11.149999618530273,10.90999984741211,11.069999694824219,10.130046844482422,41100,ABCB
2010-12-30,11.100000381469727,11.100000381469727,10.729999542236328,10.739999771118164,9.828069686889648,14100,ABCB
2010-12-31,10.75,10.770000457763672,10.539999961853027,10.539999961853027,9.645051956176758,28700,ABCB
2011-01-03,10.649999618530273,11.0600004196167,10.649999618530273,10.850000381469727,9.928730010986328,128800,ABCB
2011-01-04,10.899999618530273,10.920000076293945,10.449999809265137,10.579999923706055,9.681657791137695,39900,ABCB
2011-01-05,10.59000015258789,11.100000381469727,10.550000190734863,11.069999694824219,10.130046844482422,36500,ABCB
2011-01-06,11.039999961853027,11.199999809265137,10.899999618530273,11.100000381469727,10.15750503540039,32600,ABCB
2011-01-07,11.149999618530273,11.149999618530273,10.699999809265137,10.979999542236328,10.047688484191895,33800,ABCB
2011-01-10,10.960000038146973,11.010000228881836,10.819999694824219,10.880000114440918,9.956181526184082,32100,ABCB
2011-01-11,10.899999618530273,10.9399995803833,10.569999694824219,10.829999923706055,9.91042709350586,24700,ABCB
2011-01-12,10.880000114440918,10.970000267028809,10.779999732971191,10.960000038146973,10.029389381408691,28300,ABCB
2011-01-13,10.90999984741211,10.979999542236328,10.829999923706055,10.979999542236328,10.047688484191895,26500,ABCB
2011-01-14,10.989999771118164,11.069999694824219,10.90999984741211,10.979999542236328,10.047688484191895,31300,ABCB
2011-01-18,11.0,11.0,10.819999694824219,10.829999923706055,9.91042709350586,50800,ABCB
2011-01-19,10.789999961853027,10.829999923706055,10.0600004196167,10.40999984741211,9.526089668273926,85000,ABCB
2011-01-20,10.319999694824219,10.630000114440918,10.199999809265137,10.199999809265137,9.333919525146484,23600,ABCB
2011-01-21,10.109999656677246,10.300000190734863,10.010000228881836,10.029999732971191,9.17835521697998,45400,ABCB
2011-01-24,10.029999732971191,10.119999885559082,9.819999694824219,9.869999885559082,9.031936645507812,22800,ABCB
2011-01-25,9.829999923706055,10.069999694824219,9.829999923706055,9.970000267028809,9.123453140258789,23800,ABCB
2011-01-26,10.029999732971191,10.319999694824219,9.970000267028809,10.270000457763672,9.397978782653809,39700,ABCB
2011-01-27,10.1899995803833,10.300000190734863,10.119999885559082,10.210000038146973,9.343070983886719,20400,ABCB
2011-01-28,10.170000076293945,10.229999542236328,9.5,9.649999618530273,8.830619812011719,89100,ABCB
2011-01-31,9.699999809265137,9.710000038146973,9.369999885559082,9.529999732971191,8.720810890197754,280600,ABCB
2011-02-01,9.579999923706055,9.930000305175781,9.420000076293945,9.84000015258789,9.004488945007324,56400,ABCB
2011-02-02,9.779999732971191,9.949999809265137,9.619999885559082,9.779999732971191,8.949584007263184,30300,ABCB
2011-02-03,9.729999542236328,10.270000457763672,9.630000114440918,10.210000038146973,9.343070983886719,49300,ABCB
2011-02-04,10.170000076293945,10.239999771118164,9.859999656677246,10.020000457763672,9.16920280456543,35800,ABCB
2011-02-07,10.050000190734863,10.239999771118164,9.979999542236328,10.0,9.15090274810791,56800,ABCB
2011-02-08,9.979999542236328,10.020000457763672,9.539999961853027,9.720000267028809,8.89467716217041,48600,ABCB
2011-02-09,9.710000038146973,9.979999542236328,9.710000038146973,9.850000381469727,9.013640403747559,57600,ABCB
2011-02-10,9.75,10.0,9.75,9.84000015258789,9.004488945007324,35000,ABCB
2011-02-11,9.760000228881836,10.050000190734863,9.760000228881836,9.9399995803833,9.095996856689453,41300,ABCB
2011-02-14,9.899999618530273,10.130000114440918,9.890000343322754,10.0600004196167,9.205808639526367,18700,ABCB
2011-02-15,9.979999542236328,10.09000015258789,9.869999885559082,9.960000038146973,9.114295959472656,15700,ABCB
2011-02-16,9.970000267028809,10.0600004196167,9.880000114440918,9.90999984741211,9.068543434143066,13800,ABCB
2011-02-17,9.930000305175781,9.930000305175781,9.75,9.829999923706055,8.995335578918457,60800,ABCB
2011-02-18,9.930000305175781,10.0,9.869999885559082,9.979999542236328,9.132601737976074,48300,ABCB
2011-02-22,9.800000190734863,9.949999809265137,9.789999961853027,9.8100004196167,8.977035522460938,50000,ABCB
2011-02-23,9.829999923706055,9.970000267028809,9.829999923706055,9.920000076293945,9.077695846557617,58700,ABCB
2011-02-24,9.970000267028809,9.970000267028809,9.869999885559082,9.9399995803833,9.095996856689453,55700,ABCB
2011-02-25,9.9399995803833,10.270000457763672,9.850000381469727,10.270000457763672,9.397978782653809,41200,ABCB
2011-02-28,10.279999732971191,10.279999732971191,10.0,10.09000015258789,9.233261108398438,40800,ABCB
2011-03-01,10.100000381469727,10.140000343322754,9.920000076293945,10.020000457763672,9.16920280456543,42500,ABCB
2011-03-02,9.979999542236328,10.029999732971191,9.880000114440918,9.979999542236328,9.132601737976074,41700,ABCB
2011-03-03,10.039999961853027,10.149999618530273,10.0,10.039999961853027,9.187504768371582,48300,ABCB
2011-03-04,10.010000228881836,10.010000228881836,9.850000381469727,9.90999984741211,9.068543434143066,27300,ABCB
2011-03-07,9.930000305175781,9.930000305175781,9.640000343322754,9.640000343322754,8.8214693069458,45100,ABCB
2011-03-08,9.670000076293945,10.0,9.670000076293945,10.0,9.15090274810791,34500,ABCB
2011-03-09,10.0,10.010000228881836,9.869999885559082,9.970000267028809,9.123453140258789,16200,ABCB
2011-03-10,9.859999656677246,9.859999656677246,9.5600004196167,9.6899995803833,8.867223739624023,73100,ABCB
2011-03-11,9.670000076293945,9.819999694824219,9.569999694824219,9.720000267028809,8.89467716217041,37600,ABCB
2011-03-14,9.569999694824219,9.619999885559082,9.529999732971191,9.529999732971191,8.720810890197754,53400,ABCB
2011-03-15,9.220000267028809,9.470000267028809,9.149999618530273,9.319999694824219,8.528641700744629,61500,ABCB
2011-03-16,9.279999732971191,9.399999618530273,9.199999809265137,9.369999885559082,8.574397087097168,70000,ABCB
2011-03-17,9.550000190734863,9.720000267028809,9.390000343322754,9.5600004196167,8.748263359069824,48000,ABCB
2011-03-18,9.640000343322754,9.899999618530273,9.569999694824219,9.899999618530273,9.059394836425781,121500,ABCB
2011-03-21,10.0,10.029999732971191,9.789999961853027,10.0,9.15090274810791,36400,ABCB
2011-03-22,9.989999771118164,9.989999771118164,9.84000015258789,9.899999618530273,9.059394836425781,18200,ABCB
2011-03-23,9.850000381469727,10.100000381469727,9.710000038146973,10.09000015258789,9.233261108398438,49600,ABCB
2011-03-24,10.1899995803833,10.1899995803833,10.010000228881836,10.0600004196167,9.205808639526367,23700,ABCB
2011-03-25,10.130000114440918,10.199999809265137,10.010000228881836,10.100000381469727,9.242412567138672,29900,ABCB
2011-03-28,10.0600004196167,10.15999984741211,10.0600004196167,10.079999923706055,9.224108695983887,20000,ABCB
2011-03-29,10.050000190734863,10.149999618530273,10.010000228881836,10.140000343322754,9.279016494750977,26700,ABCB
2011-03-30,10.149999618530273,10.199999809265137,9.920000076293945,10.199999809265137,9.333919525146484,26800,ABCB
2011-03-31,10.199999809265137,10.199999809265137,10.0,10.15999984741211,9.297319412231445,27800,ABCB
2011-04-01,10.180000305175781,10.25,10.100000381469727,10.15999984741211,9.297319412231445,56500,ABCB
2011-04-04,10.149999618530273,10.149999618530273,10.050000190734863,10.09000015258789,9.233261108398438,34000,ABCB
2011-04-05,9.979999542236328,10.140000343322754,9.920000076293945,10.09000015258789,9.233261108398438,109700,ABCB
2011-04-06,10.149999618530273,10.149999618530273,9.800000190734863,10.079999923706055,9.224108695983887,40500,ABCB
2011-04-07,10.109999656677246,10.109999656677246,9.859999656677246,9.949999809265137,9.105148315429688,9500,ABCB
2011-04-08,10.029999732971191,10.029999732971191,9.710000038146973,9.789999961853027,8.958734512329102,30500,ABCB
2011-04-11,9.770000457763672,9.84000015258789,9.670000076293945,9.779999732971191,8.949584007263184,34900,ABCB
2011-04-12,9.720000267028809,9.890000343322754,9.65999984741211,9.65999984741211,8.83977222442627,26600,ABCB
2011-04-13,9.779999732971191,9.850000381469727,9.609999656677246,9.630000114440918,8.81231689453125,215400,ABCB
2011-04-14,9.640000343322754,9.779999732971191,9.5600004196167,9.779999732971191,8.949584007263184,25600,ABCB
2011-04-15,9.720000267028809,9.729999542236328,9.609999656677246,9.680000305175781,8.858074188232422,75200,ABCB
2011-04-18,9.550000190734863,9.6899995803833,9.510000228881836,9.609999656677246,8.794018745422363,37500,ABCB
2011-04-19,9.630000114440918,9.630000114440918,9.359999656677246,9.470000267028809,8.665905952453613,39800,ABCB
2011-04-20,9.609999656677246,9.630000114440918,9.470000267028809,9.579999923706055,8.76656723022461,27100,ABCB
2011-04-21,9.649999618530273,9.649999618530273,9.270000457763672,9.579999923706055,8.76656723022461,100400,ABCB
2011-04-25,9.539999961853027,9.670000076293945,9.4399995803833,9.65999984741211,8.83977222442627,31600,ABCB
2011-04-26,9.649999618530273,10.0,9.630000114440918,9.90999984741211,9.068543434143066,33000,ABCB
2011-04-27,9.880000114440918,10.050000190734863,9.84000015258789,10.0,9.15090274810791,39000,ABCB
2011-04-28,9.930000305175781,9.970000267028809,9.850000381469727,9.920000076293945,9.077695846557617,18000,ABCB
2011-04-29,9.930000305175781,9.979999542236328,9.6899995803833,9.9399995803833,9.095996856689453,61000,ABCB
2011-05-02,9.960000038146973,10.0,9.65999984741211,9.710000038146973,8.885525703430176,38000,ABCB
2011-05-03,9.720000267028809,9.739999771118164,9.5600004196167,9.609999656677246,8.794018745422363,20000,ABCB
2011-05-04,9.600000381469727,9.619999885559082,9.350000381469727,9.350000381469727,8.556095123291016,45600,ABCB
2011-05-05,9.3100004196167,9.5,9.170000076293945,9.270000457763672,8.48288631439209,279600,ABCB
2011-05-06,9.380000114440918,9.529999732971191,9.210000038146973,9.220000267028809,8.43713092803955,93000,ABCB
2011-05-09,9.199999809265137,9.260000228881836,9.100000381469727,9.239999771118164,8.455432891845703,22000,ABCB
2011-05-10,9.279999732971191,9.479999542236328,9.25,9.449999809265137,8.647604942321777,39100,ABCB
2011-05-11,9.4399995803833,9.460000038146973,9.15999984741211,9.180000305175781,8.40052604675293,47600,ABCB
2011-05-12,9.15999984741211,9.4399995803833,9.149999618530273,9.359999656677246,8.565244674682617,83700,ABCB
2011-05-13,9.359999656677246,9.359999656677246,9.149999618530273,9.210000038146973,8.427980422973633,23000,ABCB
2011-05-16,9.170000076293945,9.210000038146973,8.899999618530273,8.90999984741211,8.153451919555664,33300,ABCB
2011-05-17,8.850000381469727,9.140000343322754,8.84000015258789,8.899999618530273,8.144302368164062,43300,ABCB
2011-05-18,8.90999984741211,9.100000381469727,8.899999618530273,9.050000190734863,8.281569480895996,150200,ABCB
2011-05-19,9.109999656677246,9.130000114440918,9.020000457763672,9.039999961853027,8.272418022155762,33900,ABCB
2011-05-20,8.979999542236328,9.170000076293945,8.979999542236328,8.979999542236328,8.217509269714355,41300,ABCB
2011-05-23,8.84000015258789,8.9399995803833,8.739999771118164,8.739999771118164,7.997889518737793,42800,ABCB
2011-05-24,8.770000457763672,8.869999885559082,8.649999618530273,8.649999618530273,7.915529251098633,42800,ABCB
2011-05-25,8.600000381469727,8.729999542236328,8.569999694824219,8.710000038146973,7.970437049865723,22900,ABCB
2011-05-26,8.6899995803833,8.850000381469727,8.630000114440918,8.850000381469727,8.09854793548584,44700,ABCB
2011-05-27,8.890000343322754,8.9399995803833,8.8100004196167,8.9399995803833,8.180909156799316,15200,ABCB
2011-05-31,9.039999961853027,9.350000381469727,8.90999984741211,9.319999694824219,8.528641700744629,53900,ABCB
2011-06-01,9.289999961853027,9.289999961853027,8.710000038146973,8.710000038146973,7.970437049865723,74000,ABCB
2011-06-02,8.760000228881836,8.880000114440918,8.680000305175781,8.779999732971191,8.034493446350098,32700,ABCB
2011-06-03,8.6899995803833,8.800000190734863,8.539999961853027,8.649999618530273,7.915529251098633,60000,ABCB
2011-06-06,8.630000114440918,8.819999694824219,8.579999923706055,8.680000305175781,7.942984580993652,52200,ABCB
2011-06-07,8.729999542236328,8.779999732971191,8.609999656677246,8.630000114440918,7.897230625152588,165000,ABCB
2011-06-08,8.569999694824219,8.760000228881836,8.5,8.75,8.007039070129395,87100,ABCB
2011-06-09,8.789999961853027,8.789999961853027,8.630000114440918,8.649999618530273,7.915529251098633,37400,ABCB
2011-06-10,8.579999923706055,8.600000381469727,8.489999771118164,8.489999771118164,7.769115447998047,45300,ABCB
2011-06-13,8.550000190734863,8.640000343322754,8.539999961853027,8.550000190734863,7.8240227699279785,26900,ABCB
2011-06-14,8.630000114440918,8.720000267028809,8.579999923706055,8.640000343322754,7.906380653381348,115100,ABCB
2011-06-15,8.550000190734863,8.649999618530273,8.550000190734863,8.579999923706055,7.8514723777771,38500,ABCB
2011-06-16,8.579999923706055,9.260000228881836,8.520000457763672,9.130000114440918,8.354772567749023,124000,ABCB
2011-06-17,9.199999809265137,9.270000457763672,8.920000076293945,9.09000015258789,8.318170547485352,134500,ABCB
2011-06-20,9.029999732971191,9.199999809265137,9.0,9.0600004196167,8.290716171264648,25400,ABCB
2011-06-21,9.130000114440918,9.170000076293945,9.010000228881836,9.15999984741211,8.38222599029541,40700,ABCB
2011-06-22,9.109999656677246,9.220000267028809,8.75,8.75,8.007039070129395,33900,ABCB
2011-06-23,8.710000038146973,8.890000343322754,8.649999618530273,8.760000228881836,8.016192436218262,43500,ABCB
2011-06-24,8.789999961853027,9.029999732971191,8.739999771118164,8.9399995803833,8.180909156799316,141200,ABCB
2011-06-27,8.899999618530273,9.039999961853027,8.760000228881836,8.760000228881836,8.016192436218262,37000,ABCB
2011-06-28,8.819999694824219,8.920000076293945,8.75,8.84000015258789,8.089398384094238,51300,ABCB
2011-06-29,8.899999618530273,8.960000038146973,8.729999542236328,8.8100004196167,8.061946868896484,52000,ABCB
2011-06-30,8.800000190734863,8.930000305175781,8.800000190734863,8.869999885559082,8.116853713989258,28000,ABCB
2011-07-01,8.869999885559082,8.970000267028809,8.760000228881836,8.890000343322754,8.135154724121094,35900,ABCB
2011-07-05,8.8100004196167,8.880000114440918,8.739999771118164,8.789999961853027,8.043645858764648,55600,ABCB
2011-07-06,8.770000457763672,9.109999656677246,8.770000457763672,9.020000457763672,8.254117965698242,29900,ABCB
2011-07-07,9.09000015258789,9.359999656677246,9.09000015258789,9.170000076293945,8.391378402709961,57600,ABCB
2011-07-08,9.069999694824219,9.1899995803833,8.949999809265137,9.029999732971191,8.263263702392578,15700,ABCB
2011-07-11,8.9399995803833,9.050000190734863,8.890000343322754,8.949999809265137,8.190055847167969,19500,ABCB
2011-07-12,8.9399995803833,9.350000381469727,8.9399995803833,9.130000114440918,8.354772567749023,30100,ABCB
2011-07-13,9.1899995803833,9.40999984741211,8.760000228881836,9.289999961853027,8.501187324523926,34200,ABCB
2011-07-14,9.289999961853027,9.289999961853027,9.100000381469727,9.140000343322754,8.363924980163574,19500,ABCB
2011-07-15,9.149999618530273,9.289999961853027,9.149999618530273,9.229999542236328,8.446281433105469,39000,ABCB
2011-07-18,9.25,9.449999809265137,9.25,9.380000114440918,8.583548545837402,73400,ABCB
2011-07-19,9.4399995803833,9.75,9.4399995803833,9.729999542236328,8.903829574584961,75200,ABCB
2011-07-20,9.75,9.869999885559082,9.59000015258789,9.850000381469727,9.013640403747559,48900,ABCB
2011-07-21,9.920000076293945,10.359999656677246,9.720000267028809,10.300000190734863,9.42542839050293,188200,ABCB
2011-07-22,10.300000190734863,10.300000190734863,9.989999771118164,10.079999923706055,9.224108695983887,94600,ABCB
2011-07-25,10.09000015258789,10.210000038146973,9.779999732971191,10.079999923706055,9.224108695983887,54000,ABCB
2011-07-26,10.0600004196167,10.289999961853027,9.899999618530273,10.119999885559082,9.260714530944824,66800,ABCB
2011-07-27,10.100000381469727,10.140000343322754,10.010000228881836,10.050000190734863,9.196659088134766,84800,ABCB
2011-07-28,10.0600004196167,10.15999984741211,10.010000228881836,10.079999923706055,9.224108695983887,51300,ABCB
2011-07-29,9.970000267028809,10.149999618530273,9.619999885559082,10.119999885559082,9.260714530944824,46000,ABCB
2011-08-01,10.170000076293945,10.279999732971191,9.899999618530273,10.25,9.37967300415039,108300,ABCB
2011-08-02,10.1899995803833,10.300000190734863,9.970000267028809,9.989999771118164,9.141753196716309,53800,ABCB
2011-08-03,9.970000267028809,10.229999542236328,9.779999732971191,10.119999885559082,9.260714530944824,60100,ABCB
2011-08-04,10.010000228881836,10.1899995803833,9.869999885559082,9.869999885559082,9.031936645507812,85700,ABCB
2011-08-05,9.970000267028809,10.140000343322754,9.710000038146973,9.890000343322754,9.050243377685547,53600,ABCB
2011-08-08,9.579999923706055,9.979999542236328,9.069999694824219,9.069999694824219,8.299866676330566,132700,ABCB
2011-08-09,9.319999694824219,10.010000228881836,8.600000381469727,9.819999694824219,8.986184120178223,117400,ABCB
2011-08-10,9.5,9.520000457763672,8.5600004196167,8.699999809265137,7.961284160614014,109900,ABCB
2011-08-11,8.729999542236328,9.079999923706055,8.600000381469727,9.029999732971191,8.263263702392578,144800,ABCB
2011-08-12,9.100000381469727,9.109999656677246,8.8100004196167,8.890000343322754,8.135154724121094,60300,ABCB
2011-08-15,8.989999771118164,9.289999961853027,8.989999771118164,9.170000076293945,8.391378402709961,93300,ABCB
2011-08-16,9.079999923706055,9.130000114440918,8.75,8.979999542236328,8.217509269714355,90900,ABCB
2011-08-17,8.979999542236328,9.079999923706055,8.949999809265137,9.039999961853027,8.272418022155762,42800,ABCB
2011-08-18,8.800000190734863,9.029999732971191,8.649999618530273,8.960000038146973,8.199207305908203,143400,ABCB
2011-08-19,9.0,9.15999984741211,8.9399995803833,9.029999732971191,8.263263702392578,170900,ABCB
2011-08-22,9.260000228881836,9.270000457763672,8.75,8.890000343322754,8.135154724121094,85700,ABCB
2011-08-23,8.899999618530273,9.119999885559082,8.8100004196167,9.0,8.235811233520508,88100,ABCB
2011-08-24,8.970000267028809,9.279999732971191,8.8100004196167,9.180000305175781,8.40052604675293,190300,ABCB
2011-08-25,9.260000228881836,9.399999618530273,8.770000457763672,8.800000190734863,8.052794456481934,57400,ABCB
2011-08-26,8.75,9.0,8.75,8.930000305175781,8.171756744384766,27700,ABCB
2011-08-29,9.010000228881836,9.319999694824219,8.920000076293945,9.279999732971191,8.492037773132324,67800,ABCB
2011-08-30,9.229999542236328,9.369999885559082,8.949999809265137,9.3100004196167,8.519490242004395,152900,ABCB
2011-08-31,9.319999694824219,9.319999694824219,9.039999961853027,9.199999809265137,8.418831825256348,75100,ABCB
2011-09-01,9.229999542236328,9.300000190734863,8.75,8.75,8.007039070129395,54400,ABCB
2011-09-02,8.550000190734863,8.760000228881836,8.449999809265137,8.470000267028809,7.750814437866211,93800,ABCB
2011-09-06,8.390000343322754,8.720000267028809,8.380000114440918,8.5,7.778266429901123,67400,ABCB
2011-09-07,8.729999542236328,9.09000015258789,8.640000343322754,9.039999961853027,8.272418022155762,95400,ABCB
2011-09-08,8.970000267028809,9.199999809265137,8.640000343322754,8.670000076293945,7.933833599090576,61200,ABCB
2011-09-09,8.569999694824219,8.640000343322754,8.399999618530273,8.489999771118164,7.769115447998047,67300,ABCB
2011-09-12,8.359999656677246,8.680000305175781,8.3100004196167,8.640000343322754,7.906380653381348,47000,ABCB
2011-09-13,8.670000076293945,9.010000228881836,8.609999656677246,8.869999885559082,8.116853713989258,42400,ABCB
2011-09-14,8.989999771118164,9.140000343322754,8.619999885559082,8.949999809265137,8.190055847167969,45200,ABCB
2011-09-15,9.0600004196167,9.3100004196167,8.890000343322754,9.239999771118164,8.455432891845703,32000,ABCB
2011-09-16,9.239999771118164,9.350000381469727,9.069999694824219,9.329999923706055,8.53779125213623,86500,ABCB
2011-09-19,9.119999885559082,9.119999885559082,8.90999984741211,8.930000305175781,8.171756744384766,26500,ABCB
2011-09-20,8.989999771118164,9.0600004196167,8.960000038146973,9.010000228881836,8.244964599609375,45600,ABCB
2011-09-21,9.020000457763672,9.069999694824219,8.600000381469727,8.619999885559082,7.8880791664123535,95500,ABCB
2011-09-22,8.5,8.819999694824219,8.5,8.550000190734863,7.8240227699279785,94300,ABCB
2011-09-23,8.550000190734863,8.6899995803833,8.5,8.670000076293945,7.933833599090576,41900,ABCB
2011-09-26,8.729999542236328,8.819999694824219,8.600000381469727,8.760000228881836,8.016192436218262,29800,ABCB
2011-09-27,8.930000305175781,9.029999732971191,8.760000228881836,8.869999885559082,8.116853713989258,63000,ABCB
2011-09-28,8.890000343322754,8.930000305175781,8.640000343322754,8.640000343322754,7.906380653381348,57100,ABCB
2011-09-29,8.869999885559082,8.989999771118164,8.569999694824219,8.8100004196167,8.061946868896484,69500,ABCB
2011-09-30,8.649999618530273,8.84000015258789,8.649999618530273,8.710000038146973,7.970437049865723,56200,ABCB
2011-10-03,8.619999885559082,9.069999694824219,8.529999732971191,8.550000190734863,7.8240227699279785,113400,ABCB
2011-10-04,8.510000228881836,9.489999771118164,8.510000228881836,9.380000114440918,8.583548545837402,146600,ABCB
2011-10-05,9.369999885559082,9.369999885559082,9.029999732971191,9.279999732971191,8.492037773132324,87300,ABCB
2011-10-06,9.25,9.369999885559082,9.199999809265137,9.34000015258789,8.546942710876465,87700,ABCB
2011-10-07,9.350000381469727,9.359999656677246,8.90999984741211,8.949999809265137,8.190055847167969,69000,ABCB
2011-10-10,9.130000114440918,9.369999885559082,9.039999961853027,9.359999656677246,8.565244674682617,73500,ABCB
2011-10-11,9.3100004196167,9.520000457763672,9.25,9.430000305175781,8.629300117492676,55700,ABCB
2011-10-12,9.510000228881836,9.630000114440918,9.40999984741211,9.569999694824219,8.757415771484375,62900,ABCB
2011-10-13,9.449999809265137,9.520000457763672,9.270000457763672,9.479999542236328,8.675052642822266,40000,ABCB
2011-10-14,9.600000381469727,9.710000038146973,9.34000015258789,9.649999618530273,8.830619812011719,44700,ABCB
2011-10-17,9.529999732971191,9.59000015258789,9.020000457763672,9.069999694824219,8.299866676330566,53700,ABCB
2011-10-18,9.15999984741211,9.819999694824219,9.15999984741211,9.600000381469727,8.784867286682129,96400,ABCB
2011-10-19,9.539999961853027,9.720000267028809,9.460000038146973,9.520000457763672,8.711660385131836,44100,ABCB
2011-10-20,9.470000267028809,9.489999771118164,9.260000228881836,9.470000267028809,8.665905952453613,70300,ABCB
2011-10-21,9.640000343322754,9.640000343322754,9.489999771118164,9.600000381469727,8.784867286682129,113500,ABCB
2011-10-24,9.550000190734863,9.90999984741211,9.489999771118164,9.600000381469727,8.784867286682129,113600,ABCB
2011-10-25,9.520000457763672,9.649999618530273,9.399999618530273,9.489999771118164,8.68420696258545,216500,ABCB
2011-10-26,9.75,10.029999732971191,9.529999732971191,9.979999542236328,9.132601737976074,56900,ABCB
2011-10-27,10.289999961853027,10.600000381469727,10.079999923706055,10.600000381469727,9.699956893920898,180100,ABCB
2011-10-28,10.550000190734863,10.979999542236328,10.460000038146973,10.510000228881836,9.617599487304688,93600,ABCB
2011-10-31,10.300000190734863,10.470000267028809,10.010000228881836,10.029999732971191,9.17835521697998,179300,ABCB
2011-11-01,9.640000343322754,10.100000381469727,9.5600004196167,9.930000305175781,9.086847305297852,93400,ABCB
2011-11-02,10.119999885559082,10.3100004196167,10.0,10.100000381469727,9.242412567138672,68800,ABCB
2011-11-03,10.239999771118164,10.600000381469727,10.0,10.529999732971191,9.635900497436523,95200,ABCB
2011-11-04,10.420000076293945,10.420000076293945,10.180000305175781,10.289999961853027,9.416277885437012,23700,ABCB
2011-11-07,10.270000457763672,10.449999809265137,10.100000381469727,10.430000305175781,9.544390678405762,47700,ABCB
2011-11-08,10.489999771118164,10.670000076293945,10.34000015258789,10.65999984741211,9.754859924316406,38900,ABCB
2011-11-09,10.369999885559082,10.529999732971191,10.0,10.029999732971191,9.17835521697998,73000,ABCB
2011-11-10,10.15999984741211,10.220000267028809,10.029999732971191,10.079999923706055,9.224108695983887,42800,ABCB
2011-11-11,10.220000267028809,10.399999618530273,10.130000114440918,10.34000015258789,9.462034225463867,50000,ABCB
2011-11-14,10.180000305175781,10.180000305175781,9.899999618530273,10.050000190734863,9.196659088134766,49300,ABCB
2011-11-15,10.050000190734863,10.289999961853027,10.050000190734863,10.140000343322754,9.279016494750977,37900,ABCB
2011-11-16,10.029999732971191,10.15999984741211,9.930000305175781,10.0,9.15090274810791,168800,ABCB
2011-11-17,10.039999961853027,10.1899995803833,9.960000038146973,10.020000457763672,9.16920280456543,39700,ABCB
2011-11-18,10.029999732971191,10.100000381469727,9.979999542236328,9.989999771118164,9.141753196716309,86600,ABCB
2011-11-21,9.829999923706055,9.989999771118164,9.649999618530273,9.649999618530273,8.830619812011719,52200,ABCB
2011-11-22,9.65999984741211,9.6899995803833,9.470000267028809,9.5,8.693359375,42500,ABCB
2011-11-23,9.430000305175781,9.539999961853027,9.15999984741211,9.180000305175781,8.40052604675293,50900,ABCB
2011-11-25,9.15999984741211,9.329999923706055,9.140000343322754,9.140000343322754,8.363924980163574,25700,ABCB
2011-11-28,9.479999542236328,9.609999656677246,9.329999923706055,9.609999656677246,8.794018745422363,62400,ABCB
2011-11-29,9.579999923706055,9.710000038146973,9.479999542236328,9.619999885559082,8.803169250488281,35100,ABCB
2011-11-30,9.979999542236328,10.100000381469727,9.84000015258789,10.0,9.15090274810791,135700,ABCB
2011-12-01,9.970000267028809,9.970000267028809,9.75,9.8100004196167,8.977035522460938,56000,ABCB
2011-12-02,9.949999809265137,10.020000457763672,9.829999923706055,9.979999542236328,9.132601737976074,25700,ABCB
2011-12-05,10.069999694824219,10.289999961853027,9.949999809265137,10.25,9.37967300415039,112600,ABCB
2011-12-06,10.239999771118164,10.489999771118164,10.140000343322754,10.289999961853027,9.416277885437012,38400,ABCB
2011-12-07,10.239999771118164,10.34000015258789,10.119999885559082,10.229999542236328,9.361374855041504,29600,ABCB
2011-12-08,10.170000076293945,10.180000305175781,9.960000038146973,10.0,9.15090274810791,57800,ABCB
2011-12-09,10.069999694824219,10.380000114440918,10.069999694824219,10.329999923706055,9.452881813049316,60100,ABCB
2011-12-12,10.140000343322754,10.140000343322754,9.859999656677246,10.0,9.15090274810791,33100,ABCB
2011-12-13,10.079999923706055,10.149999618530273,9.649999618530273,9.699999809265137,8.876376152038574,52400,ABCB
2011-12-14,9.619999885559082,10.300000190734863,9.619999885559082,10.239999771118164,9.370524406433105,78300,ABCB
2011-12-15,10.289999961853027,10.359999656677246,10.069999694824219,10.279999732971191,9.40712833404541,40700,ABCB
2011-12-16,10.34000015258789,10.460000038146973,10.100000381469727,10.180000305175781,9.315620422363281,93700,ABCB
2011-12-19,10.239999771118164,10.300000190734863,9.949999809265137,9.960000038146973,9.114295959472656,33500,ABCB
2011-12-20,10.180000305175781,10.430000305175781,10.170000076293945,10.199999809265137,9.333919525146484,64900,ABCB
2011-12-21,10.210000038146973,10.210000038146973,10.0,10.180000305175781,9.315620422363281,43400,ABCB
2011-12-22,10.210000038146973,10.380000114440918,10.109999656677246,10.380000114440918,9.498638153076172,20800,ABCB
2011-12-23,10.40999984741211,10.40999984741211,10.220000267028809,10.270000457763672,9.397978782653809,17300,ABCB
2011-12-27,10.210000038146973,10.350000381469727,10.199999809265137,10.34000015258789,9.462034225463867,10600,ABCB
2011-12-28,10.319999694824219,10.319999694824219,10.0600004196167,10.119999885559082,9.260714530944824,54500,ABCB
2011-12-29,10.199999809265137,10.399999618530273,10.149999618530273,10.369999885559082,9.489485740661621,47400,ABCB
2011-12-30,10.319999694824219,10.350000381469727,10.170000076293945,10.279999732971191,9.40712833404541,35300,ABCB
2012-01-03,10.5,10.699999809265137,10.34000015258789,10.569999694824219,9.672505378723145,51100,ABCB
2012-01-04,10.470000267028809,10.539999961853027,10.220000267028809,10.359999656677246,9.480334281921387,47000,ABCB
2012-01-05,10.319999694824219,10.420000076293945,10.050000190734863,10.420000076293945,9.535239219665527,40700,ABCB
2012-01-06,10.350000381469727,10.739999771118164,10.229999542236328,10.640000343322754,9.73656177520752,92300,ABCB
2012-01-09,10.350000381469727,10.710000038146973,10.350000381469727,10.619999885559082,9.71825885772705,29800,ABCB
2012-01-10,10.75,10.75,10.569999694824219,10.649999618530273,9.745711326599121,36200,ABCB
2012-01-11,10.59000015258789,10.670000076293945,10.510000228881836,10.670000076293945,9.764010429382324,19700,ABCB
2012-01-12,10.65999984741211,10.680000305175781,10.449999809265137,10.630000114440918,9.727408409118652,20600,ABCB
2012-01-13,10.460000038146973,10.670000076293945,10.460000038146973,10.59000015258789,9.690804481506348,20900,ABCB
2012-01-17,10.600000381469727,10.600000381469727,10.270000457763672,10.34000015258789,9.462034225463867,37100,ABCB
2012-01-18,10.359999656677246,10.5,10.319999694824219,10.460000038146973,9.571845054626465,38300,ABCB
2012-01-19,10.470000267028809,10.779999732971191,10.4399995803833,10.739999771118164,9.828069686889648,16400,ABCB
2012-01-20,10.720000267028809,10.989999771118164,10.720000267028809,10.920000076293945,9.992785453796387,34600,ABCB
2012-01-23,10.930000305175781,10.970000267028809,10.779999732971191,10.930000305175781,10.001938819885254,8000,ABCB
2012-01-24,10.800000190734863,10.899999618530273,10.739999771118164,10.890000343322754,9.96533489227295,41400,ABCB
2012-01-25,10.829999923706055,10.989999771118164,10.5,10.890000343322754,9.96533489227295,28500,ABCB
2012-01-26,10.960000038146973,10.960000038146973,10.579999923706055,10.829999923706055,9.91042709350586,40600,ABCB
2012-01-27,10.75,10.930000305175781,10.680000305175781,10.829999923706055,9.91042709350586,135700,ABCB
2012-01-30,10.739999771118164,10.789999961853027,10.640000343322754,10.739999771118164,9.828069686889648,18400,ABCB
2012-01-31,10.819999694824219,10.819999694824219,10.600000381469727,10.699999809265137,9.791465759277344,183100,ABCB
2012-02-01,10.8100004196167,10.850000381469727,10.680000305175781,10.770000457763672,9.855522155761719,88900,ABCB
2012-02-02,10.770000457763672,11.199999809265137,10.65999984741211,11.039999961853027,10.102596282958984,260400,ABCB
2012-02-03,11.199999809265137,11.4399995803833,11.09000015258789,11.350000381469727,10.386275291442871,73500,ABCB
2012-02-06,11.3100004196167,11.420000076293945,11.210000038146973,11.270000457763672,10.313070297241211,23400,ABCB
2012-02-07,11.180000305175781,11.300000190734863,11.039999961853027,11.140000343322754,10.194104194641113,41400,ABCB
2012-02-08,11.170000076293945,11.25,11.050000190734863,11.229999542236328,10.27646255493164,40000,ABCB
2012-02-09,11.239999771118164,11.239999771118164,11.050000190734863,11.050000190734863,10.111747741699219,42500,ABCB
2012-02-10,10.979999542236328,11.140000343322754,10.920000076293945,10.949999809265137,10.020237922668457,43300,ABCB
2012-02-13,11.100000381469727,11.220000267028809,11.0,11.220000267028809,10.267313003540039,19400,ABCB
2012-02-14,11.130000114440918,11.270000457763672,10.710000038146973,10.890000343322754,9.96533489227295,29200,ABCB
2012-02-15,10.920000076293945,10.930000305175781,10.739999771118164,10.779999732971191,9.864672660827637,33900,ABCB
2012-02-16,10.850000381469727,11.270000457763672,10.680000305175781,11.239999771118164,10.285614967346191,31700,ABCB
2012-02-17,11.300000190734863,11.359999656677246,11.050000190734863,11.270000457763672,10.313070297241211,31000,ABCB
2012-02-21,11.239999771118164,11.40999984741211,11.119999885559082,11.170000076293945,10.2215576171875,35800,ABCB
2012-02-22,11.149999618530273,11.300000190734863,10.970000267028809,11.010000228881836,10.075145721435547,26200,ABCB
2012-02-23,11.039999961853027,11.430000305175781,11.0,11.399999618530273,10.432028770446777,57500,ABCB
2012-02-24,11.369999885559082,11.369999885559082,11.199999809265137,11.239999771118164,10.285614967346191,29000,ABCB
2012-02-27,11.390000343322754,11.699999809265137,11.350000381469727,11.640000343322754,10.651649475097656,168600,ABCB
2012-02-28,11.680000305175781,11.729999542236328,11.640000343322754,11.699999809265137,10.706555366516113,35000,ABCB
2012-02-29,11.710000038146973,11.770000457763672,11.460000038146973,11.520000457763672,10.541840553283691,111400,ABCB
2012-03-01,11.550000190734863,11.9399995803833,11.520000457763672,11.520000457763672,10.541840553283691,135900,ABCB
2012-03-02,11.520000457763672,11.670000076293945,11.100000381469727,11.199999809265137,10.249011039733887,81800,ABCB
2012-03-05,11.15999984741211,11.739999771118164,11.15999984741211,11.630000114440918,10.642499923706055,54800,ABCB
2012-03-06,11.520000457763672,11.75,11.520000457763672,11.520000457763672,10.541840553283691,32600,ABCB
2012-03-07,11.600000381469727,11.800000190734863,11.520000457763672,11.75,10.752311706542969,34900,ABCB
2012-03-08,11.779999732971191,11.960000038146973,11.5,11.779999732971191,10.779763221740723,45600,ABCB
2012-03-09,11.75,12.149999618530273,11.75,11.970000267028809,10.953628540039062,43300,ABCB
2012-03-12,11.970000267028809,12.029999732971191,11.760000228881836,11.850000381469727,10.84382152557373,33100,ABCB
2012-03-13,11.979999542236328,12.300000190734863,11.890000343322754,12.300000190734863,11.255610466003418,83100,ABCB
2012-03-14,12.270000457763672,12.4399995803833,12.170000076293945,12.399999618530273,11.347119331359863,43300,ABCB
2012-03-15,12.449999809265137,12.720000267028809,12.300000190734863,12.6899995803833,11.612496376037598,67800,ABCB
2012-03-16,12.739999771118164,12.84000015258789,12.619999885559082,12.84000015258789,11.749759674072266,101500,ABCB
2012-03-19,12.84000015258789,13.40999984741211,12.680000305175781,13.130000114440918,12.01513385772705,70300,ABCB
2012-03-20,13.020000457763672,13.350000381469727,12.890000343322754,13.149999618530273,12.03343677520752,56600,ABCB
2012-03-21,13.239999771118164,13.289999961853027,13.109999656677246,13.199999809265137,12.079191207885742,32700,ABCB
2012-03-22,13.079999923706055,13.199999809265137,13.010000228881836,13.079999923706055,11.969378471374512,54100,ABCB
2012-03-23,13.140000343322754,13.350000381469727,13.079999923706055,13.270000457763672,12.143247604370117,54000,ABCB
2012-03-26,13.4399995803833,13.449999809265137,13.279999732971191,13.319999694824219,12.18900203704834,68000,ABCB
2012-03-27,13.350000381469727,13.489999771118164,13.199999809265137,13.239999771118164,12.115793228149414,33200,ABCB
2012-03-28,13.220000267028809,13.350000381469727,13.100000381469727,13.3100004196167,12.179849624633789,130200,ABCB
2012-03-29,13.170000076293945,13.329999923706055,13.170000076293945,13.300000190734863,12.17070198059082,217900,ABCB
2012-03-30,13.399999618530273,13.420000076293945,13.130000114440918,13.140000343322754,12.024285316467285,29400,ABCB
2012-04-02,13.050000190734863,13.420000076293945,13.050000190734863,13.399999618530273,12.262212753295898,97800,ABCB
2012-04-03,13.390000343322754,13.390000343322754,13.09000015258789,13.199999809265137,12.079191207885742,56300,ABCB
2012-04-04,13.0600004196167,13.09000015258789,12.84000015258789,12.970000267028809,11.868721961975098,46000,ABCB
2012-04-05,12.859999656677246,13.069999694824219,12.829999923706055,13.0,11.896173477172852,28000,ABCB
2012-04-09,12.800000190734863,13.010000228881836,12.770000457763672,12.789999961853027,11.704005241394043,62600,ABCB
2012-04-10,12.819999694824219,12.989999771118164,12.550000190734863,12.699999809265137,11.621646881103516,93800,ABCB
2012-04-11,12.850000381469727,13.109999656677246,12.850000381469727,13.100000381469727,11.987682342529297,54300,ABCB
2012-04-12,13.079999923706055,13.210000038146973,13.020000457763672,13.15999984741211,12.042588233947754,35800,ABCB
2012-04-13,13.069999694824219,13.069999694824219,12.789999961853027,12.800000190734863,11.713154792785645,42500,ABCB
2012-04-16,12.850000381469727,13.010000228881836,12.670000076293945,13.0,11.896173477172852,35600,ABCB
2012-04-17,13.109999656677246,13.149999618530273,12.949999809265137,12.979999542236328,11.877869606018066,103100,ABCB
2012-04-18,12.9399995803833,13.050000190734863,12.829999923706055,12.9399995803833,11.841268539428711,48400,ABCB
2012-04-19,12.930000305175781,13.050000190734863,12.670000076293945,12.729999542236328,11.649099349975586,34900,ABCB
2012-04-20,12.979999542236328,13.050000190734863,12.739999771118164,12.949999809265137,11.850419998168945,66000,ABCB
2012-04-23,12.720000267028809,12.859999656677246,12.720000267028809,12.739999771118164,11.658249855041504,63600,ABCB
2012-04-24,12.720000267028809,13.0,12.720000267028809,12.979999542236328,11.877869606018066,64300,ABCB
2012-04-25,12.170000076293945,12.869999885559082,12.170000076293945,12.6899995803833,11.612496376037598,152100,ABCB
2012-04-26,12.619999885559082,12.640000343322754,12.430000305175781,12.510000228881836,11.447779655456543,25700,ABCB
2012-04-27,12.5,12.800000190734863,12.300000190734863,12.729999542236328,11.649099349975586,67400,ABCB
2012-04-30,12.699999809265137,12.699999809265137,12.279999732971191,12.399999618530273,11.347119331359863,92000,ABCB
2012-05-01,12.350000381469727,12.800000190734863,12.050000190734863,12.079999923706055,11.054291725158691,97000,ABCB
2012-05-02,12.020000457763672,12.239999771118164,11.949999809265137,12.199999809265137,11.164098739624023,48200,ABCB
2012-05-03,12.149999618530273,12.239999771118164,11.989999771118164,12.140000343322754,11.1091947555542,48000,ABCB
2012-05-04,12.079999923706055,12.109999656677246,11.770000457763672,11.90999984741211,10.898721694946289,59600,ABCB
2012-05-07,11.84000015258789,12.130000114440918,11.84000015258789,12.020000457763672,10.999383926391602,111000,ABCB
2012-05-08,11.920000076293945,12.359999656677246,11.920000076293945,12.229999542236328,11.191553115844727,42100,ABCB
2012-05-09,12.0600004196167,12.479999542236328,12.0,12.270000457763672,11.228157043457031,57000,ABCB
2012-05-10,12.380000114440918,12.680000305175781,12.350000381469727,12.520000457763672,11.456931114196777,31000,ABCB
2012-05-11,12.369999885559082,12.59000015258789,12.220000267028809,12.399999618530273,11.347119331359863,47700,ABCB
2012-05-14,12.270000457763672,12.4399995803833,12.1899995803833,12.1899995803833,11.154951095581055,30600,ABCB
2012-05-15,12.220000267028809,12.3100004196167,12.0600004196167,12.119999885559082,11.090893745422363,31000,ABCB
2012-05-16,12.0600004196167,12.260000228881836,11.770000457763672,11.779999732971191,10.779763221740723,70300,ABCB
2012-05-17,11.760000228881836,11.779999732971191,11.319999694824219,11.470000267028809,10.496085166931152,89600,ABCB
2012-05-18,11.40999984741211,11.670000076293945,11.350000381469727,11.609999656677246,10.624197959899902,90800,ABCB
2012-05-21,11.640000343322754,11.8100004196167,11.489999771118164,11.6899995803833,10.697407722473145,49000,ABCB
2012-05-22,11.710000038146973,11.75,11.180000305175781,11.289999961853027,10.33137035369873,65000,ABCB
2012-05-23,11.149999618530273,11.3100004196167,11.010000228881836,11.279999732971191,10.32221794128418,36000,ABCB
2012-05-24,11.25,11.5600004196167,11.170000076293945,11.550000190734863,10.569290161132812,54000,ABCB
2012-05-25,11.510000228881836,11.59000015258789,11.329999923706055,11.420000076293945,10.450329780578613,42300,ABCB
2012-05-29,11.479999542236328,11.680000305175781,11.260000228881836,11.550000190734863,10.569290161132812,45900,ABCB
2012-05-30,11.470000267028809,11.550000190734863,11.350000381469727,11.399999618530273,10.432028770446777,39100,ABCB
2012-05-31,11.369999885559082,11.460000038146973,11.199999809265137,11.369999885559082,10.40457820892334,58100,ABCB
2012-06-01,11.15999984741211,11.3100004196167,10.880000114440918,10.880000114440918,9.956181526184082,63500,ABCB
2012-06-04,10.989999771118164,11.270000457763672,10.899999618530273,11.1899995803833,10.239859580993652,52300,ABCB
2012-06-05,11.069999694824219,11.489999771118164,11.069999694824219,11.430000305175781,10.459480285644531,41600,ABCB
2012-06-06,11.449999809265137,11.619999885559082,11.3100004196167,11.520000457763672,10.541840553283691,42500,ABCB
2012-06-07,11.640000343322754,11.75,11.479999542236328,11.510000228881836,10.53268814086914,35800,ABCB
2012-06-08,11.470000267028809,11.850000381469727,11.460000038146973,11.760000228881836,10.761462211608887,21400,ABCB
2012-06-11,11.850000381469727,11.850000381469727,11.279999732971191,11.289999961853027,10.33137035369873,40400,ABCB
2012-06-12,11.350000381469727,11.569999694824219,11.279999732971191,11.5,10.523538589477539,52000,ABCB
2012-06-13,11.449999809265137,11.789999961853027,11.420000076293945,11.640000343322754,10.651649475097656,45900,ABCB
2012-06-14,11.699999809265137,11.8100004196167,11.6899995803833,11.779999732971191,10.779763221740723,80600,ABCB
2012-06-15,11.760000228881836,11.949999809265137,11.529999732971191,11.899999618530273,10.889572143554688,107700,ABCB
2012-06-18,11.859999656677246,11.979999542236328,11.569999694824219,11.65999984741211,10.669952392578125,50100,ABCB
2012-06-19,11.65999984741211,12.130000114440918,11.640000343322754,11.960000038146973,10.944480895996094,67900,ABCB
2012-06-20,11.920000076293945,12.140000343322754,11.8100004196167,11.930000305175781,10.917027473449707,19800,ABCB
2012-06-21,11.949999809265137,12.050000190734863,11.460000038146973,11.6899995803833,10.697407722473145,64300,ABCB
2012-06-22,11.760000228881836,12.069999694824219,11.739999771118164,11.869999885559082,10.862120628356934,183800,ABCB
2012-06-25,11.8100004196167,11.8100004196167,11.5600004196167,11.6899995803833,10.697407722473145,25400,ABCB
2012-06-26,11.720000267028809,12.109999656677246,11.539999961853027,11.989999771118164,10.971932411193848,51400,ABCB
2012-06-27,12.020000457763672,12.25,11.979999542236328,12.229999542236328,11.191553115844727,21200,ABCB
2012-06-28,12.119999885559082,12.229999542236328,11.869999885559082,12.229999542236328,11.191553115844727,28200,ABCB
2012-06-29,12.449999809265137,12.770000457763672,12.380000114440918,12.600000381469727,11.530135154724121,68000,ABCB
2012-07-02,12.630000114440918,12.779999732971191,12.470000267028809,12.670000076293945,11.594194412231445,48600,ABCB
2012-07-03,12.739999771118164,12.800000190734863,12.510000228881836,12.640000343322754,11.566743850708008,38300,ABCB
2012-07-05,12.569999694824219,12.739999771118164,12.489999771118164,12.529999732971191,11.466079711914062,18500,ABCB
2012-07-06,12.380000114440918,12.569999694824219,12.279999732971191,12.479999542236328,11.420328140258789,17200,ABCB
2012-07-09,12.5,12.710000038146973,12.489999771118164,12.649999618530273,11.575892448425293,11200,ABCB
2012-07-10,12.699999809265137,12.800000190734863,12.59000015258789,12.75,11.667399406433105,23000,ABCB
2012-07-11,12.75,12.819999694824219,12.609999656677246,12.680000305175781,11.60334300994873,53900,ABCB
2012-07-12,12.420000076293945,12.600000381469727,12.300000190734863,12.390000343322754,11.337968826293945,88900,ABCB
2012-07-13,12.380000114440918,12.75,12.300000190734863,12.670000076293945,11.594194412231445,92200,ABCB
2012-07-16,12.65999984741211,12.65999984741211,12.359999656677246,12.4399995803833,11.383722305297852,24100,ABCB
2012-07-17,12.470000267028809,12.65999984741211,12.350000381469727,12.449999809265137,11.39287281036377,30400,ABCB
2012-07-18,12.40999984741211,12.869999885559082,12.40999984741211,12.649999618530273,11.575892448425293,37300,ABCB
2012-07-19,12.65999984741211,12.65999984741211,12.0600004196167,12.069999694824219,11.045137405395508,21000,ABCB
2012-07-20,12.010000228881836,12.199999809265137,11.90999984741211,12.029999732971191,11.00853443145752,34000,ABCB
2012-07-23,11.850000381469727,11.970000267028809,11.6899995803833,11.8100004196167,10.80721664428711,27700,ABCB
2012-07-24,11.890000343322754,11.890000343322754,11.430000305175781,11.65999984741211,10.669952392578125,29700,ABCB
2012-07-25,11.760000228881836,11.880000114440918,11.430000305175781,11.609999656677246,10.624197959899902,40900,ABCB
2012-07-26,11.829999923706055,12.079999923706055,11.65999984741211,11.699999809265137,10.706555366516113,21400,ABCB
2012-07-27,11.75,12.319999694824219,11.630000114440918,12.239999771118164,11.200704574584961,48800,ABCB
2012-07-30,12.25,12.369999885559082,12.0600004196167,12.130000114440918,11.100045204162598,14900,ABCB
2012-07-31,12.050000190734863,12.180000305175781,11.880000114440918,11.9399995803833,10.926177024841309,29100,ABCB
2012-08-01,11.960000038146973,12.130000114440918,11.579999923706055,11.579999923706055,10.596746444702148,57700,ABCB
2012-08-02,11.479999542236328,11.569999694824219,11.270000457763672,11.350000381469727,10.386275291442871,55500,ABCB
2012-08-03,11.460000038146973,12.0,11.390000343322754,11.890000343322754,10.880427360534668,52700,ABCB
2012-08-06,11.9399995803833,12.010000228881836,11.739999771118164,11.800000190734863,10.798064231872559,35200,ABCB
2012-08-07,11.899999618530273,11.960000038146973,11.65999984741211,11.920000076293945,10.907876014709473,46900,ABCB
2012-08-08,11.880000114440918,11.880000114440918,11.670000076293945,11.729999542236328,10.734006881713867,48900,ABCB
2012-08-09,11.75,11.819999694824219,11.34000015258789,11.449999809265137,10.477782249450684,72700,ABCB
2012-08-10,11.460000038146973,11.510000228881836,10.850000381469727,11.270000457763672,10.313070297241211,476300,ABCB
2012-08-13,11.380000114440918,11.579999923706055,11.25,11.470000267028809,10.496085166931152,98300,ABCB
2012-08-14,11.5,11.6899995803833,11.319999694824219,11.399999618530273,10.432028770446777,23800,ABCB
2012-08-15,11.34000015258789,11.699999809265137,11.34000015258789,11.649999618530273,10.66080093383789,22000,ABCB
2012-08-16,11.609999656677246,11.90999984741211,11.579999923706055,11.859999656677246,10.8529691696167,23100,ABCB
2012-08-17,11.819999694824219,12.210000038146973,11.75,12.180000305175781,11.145797729492188,56400,ABCB
2012-08-20,12.100000381469727,12.390000343322754,12.010000228881836,12.15999984741211,11.127498626708984,64200,ABCB
2012-08-21,12.300000190734863,12.470000267028809,12.0600004196167,12.109999656677246,11.081743240356445,30200,ABCB
2012-08-22,12.050000190734863,12.170000076293945,11.970000267028809,11.989999771118164,10.971932411193848,19000,ABCB
2012-08-23,12.09000015258789,12.09000015258789,11.6899995803833,11.789999961853027,10.78891372680664,18200,ABCB
2012-08-24,11.729999542236328,12.0,11.729999542236328,11.9399995803833,10.926177024841309,12300,ABCB
2012-08-27,11.9399995803833,12.100000381469727,11.880000114440918,11.989999771118164,10.971932411193848,15200,ABCB
2012-08-28,12.010000228881836,12.100000381469727,11.850000381469727,12.039999961853027,11.017687797546387,31800,ABCB
2012-08-29,12.100000381469727,12.140000343322754,12.0,12.069999694824219,11.045137405395508,18800,ABCB
2012-08-30,12.050000190734863,12.050000190734863,11.9399995803833,11.970000267028809,10.953628540039062,11000,ABCB
2012-08-31,12.100000381469727,12.100000381469727,11.850000381469727,11.869999885559082,10.862120628356934,30200,ABCB
2012-09-04,11.770000457763672,12.15999984741211,11.770000457763672,12.0600004196167,11.035990715026855,46900,ABCB
2012-09-05,12.119999885559082,12.149999618530273,11.890000343322754,12.079999923706055,11.054291725158691,50600,ABCB
2012-09-06,12.1899995803833,12.40999984741211,12.069999694824219,12.350000381469727,11.301362037658691,66700,ABCB
2012-09-07,12.399999618530273,12.520000457763672,12.220000267028809,12.489999771118164,11.429474830627441,49300,ABCB
2012-09-10,12.510000228881836,12.510000228881836,12.260000228881836,12.399999618530273,11.347119331359863,23900,ABCB
2012-09-11,12.279999732971191,12.449999809265137,12.279999732971191,12.420000076293945,11.365422248840332,30000,ABCB
2012-09-12,12.279999732971191,12.449999809265137,12.1899995803833,12.260000228881836,11.219006538391113,57700,ABCB
2012-09-13,12.229999542236328,12.800000190734863,12.229999542236328,12.739999771118164,11.658249855041504,44800,ABCB
2012-09-14,12.819999694824219,12.869999885559082,12.739999771118164,12.75,11.667399406433105,53500,ABCB
2012-09-17,12.380000114440918,12.649999618530273,12.380000114440918,12.630000114440918,11.557589530944824,22400,ABCB
2012-09-18,12.579999923706055,12.739999771118164,12.479999542236328,12.699999809265137,11.621646881103516,26700,ABCB
2012-09-19,12.630000114440918,12.789999961853027,12.569999694824219,12.649999618530273,11.575892448425293,29400,ABCB
2012-09-20,12.649999618530273,12.65999984741211,12.40999984741211,12.630000114440918,11.557589530944824,11100,ABCB
2012-09-21,12.859999656677246,12.949999809265137,12.640000343322754,12.850000381469727,11.758913040161133,91600,ABCB
2012-09-24,12.829999923706055,12.90999984741211,12.680000305175781,12.880000114440918,11.786362648010254,30500,ABCB
2012-09-25,12.920000076293945,13.029999732971191,12.640000343322754,12.670000076293945,11.594194412231445,53500,ABCB
2012-09-26,12.670000076293945,12.899999618530273,12.65999984741211,12.710000038146973,11.630797386169434,28100,ABCB
2012-09-27,12.729999542236328,12.949999809265137,12.550000190734863,12.829999923706055,11.740606307983398,25800,ABCB
2012-09-28,12.75,12.75,12.5600004196167,12.59000015258789,11.520988464355469,55200,ABCB
2012-10-01,12.65999984741211,12.779999732971191,12.609999656677246,12.710000038146973,11.630797386169434,55600,ABCB
2012-10-02,12.720000267028809,12.739999771118164,12.399999618530273,12.510000228881836,11.447779655456543,54500,ABCB
2012-10-03,12.569999694824219,12.65999984741211,12.380000114440918,12.529999732971191,11.466079711914062,23600,ABCB
2012-10-04,12.539999961853027,12.539999961853027,12.279999732971191,12.5,11.438627243041992,48600,ABCB
2012-10-05,12.520000457763672,12.8100004196167,12.460000038146973,12.59000015258789,11.520988464355469,25300,ABCB
2012-10-08,12.5600004196167,12.600000381469727,12.420000076293945,12.5,11.438627243041992,23600,ABCB
2012-10-09,12.550000190734863,12.649999618530273,12.34000015258789,12.399999618530273,11.347119331359863,13500,ABCB
2012-10-10,12.399999618530273,12.729999542236328,12.390000343322754,12.670000076293945,11.594194412231445,16100,ABCB
2012-10-11,12.800000190734863,12.859999656677246,12.619999885559082,12.710000038146973,11.630797386169434,15300,ABCB
2012-10-12,12.670000076293945,12.670000076293945,12.359999656677246,12.420000076293945,11.365422248840332,19800,ABCB
2012-10-15,12.489999771118164,12.5,12.140000343322754,12.479999542236328,11.420328140258789,20500,ABCB
2012-10-16,12.520000457763672,12.539999961853027,12.270000457763672,12.350000381469727,11.301362037658691,22700,ABCB
2012-10-17,12.40999984741211,12.5,12.260000228881836,12.5,11.438627243041992,28600,ABCB
2012-10-18,12.460000038146973,12.470000267028809,12.130000114440918,12.199999809265137,11.164098739624023,36700,ABCB
2012-10-19,12.09000015258789,12.260000228881836,11.949999809265137,12.069999694824219,11.045137405395508,43400,ABCB
2012-10-22,12.010000228881836,12.149999618530273,11.899999618530273,11.930000305175781,10.917027473449707,14400,ABCB
2012-10-23,11.899999618530273,12.15999984741211,11.739999771118164,11.930000305175781,10.917027473449707,33800,ABCB
2012-10-24,11.9399995803833,11.9399995803833,11.149999618530273,11.270000457763672,10.313070297241211,130700,ABCB
2012-10-25,11.420000076293945,11.420000076293945,10.899999618530273,10.989999771118164,10.056839942932129,86100,ABCB
2012-10-26,11.0,11.0,10.539999961853027,10.680000305175781,9.77316665649414,131100,ABCB
2012-10-31,10.65999984741211,10.75,10.529999732971191,10.670000076293945,9.764010429382324,99200,ABCB
2012-11-01,10.699999809265137,10.970000267028809,10.699999809265137,10.890000343322754,9.96533489227295,49400,ABCB
2012-11-02,10.890000343322754,10.890000343322754,10.699999809265137,10.8100004196167,9.892126083374023,61700,ABCB
2012-11-05,10.770000457763672,10.979999542236328,10.680000305175781,10.979999542236328,10.047688484191895,29500,ABCB
2012-11-06,11.050000190734863,11.270000457763672,10.84000015258789,11.239999771118164,10.285614967346191,26200,ABCB
2012-11-07,11.069999694824219,11.069999694824219,10.609999656677246,10.65999984741211,9.754859924316406,55300,ABCB
2012-11-08,10.670000076293945,10.770000457763672,10.600000381469727,10.609999656677246,9.709105491638184,72600,ABCB
2012-11-09,10.539999961853027,10.739999771118164,10.510000228881836,10.550000190734863,9.654204368591309,20100,ABCB
2012-11-12,10.640000343322754,10.75,10.510000228881836,10.510000228881836,9.617599487304688,8600,ABCB
2012-11-13,10.489999771118164,10.619999885559082,10.260000228881836,10.520000457763672,9.626750946044922,21900,ABCB
2012-11-14,10.5,10.520000457763672,10.3100004196167,10.5,9.60844898223877,60400,ABCB
2012-11-15,10.460000038146973,10.699999809265137,10.449999809265137,10.5,9.60844898223877,19500,ABCB
2012-11-16,10.470000267028809,10.579999923706055,10.210000038146973,10.5,9.60844898223877,75900,ABCB
2012-11-19,10.65999984741211,10.920000076293945,10.65999984741211,10.880000114440918,9.956181526184082,51700,ABCB
2012-11-20,10.819999694824219,11.050000190734863,10.760000228881836,10.779999732971191,9.864672660827637,27300,ABCB
2012-11-21,10.920000076293945,10.920000076293945,10.600000381469727,10.819999694824219,9.901278495788574,20800,ABCB
2012-11-23,10.829999923706055,10.890000343322754,10.789999961853027,10.869999885559082,9.947029113769531,19200,ABCB
2012-11-26,10.869999885559082,10.979999542236328,10.640000343322754,10.9399995803833,10.011085510253906,43300,ABCB
2012-11-27,10.779999732971191,11.319999694824219,10.75,11.020000457763672,10.084296226501465,55700,ABCB
2012-11-28,10.930000305175781,11.199999809265137,10.890000343322754,10.979999542236328,10.047688484191895,38100,ABCB
2012-11-29,11.109999656677246,11.40999984741211,11.0600004196167,11.380000114440918,10.413726806640625,20000,ABCB
2012-11-30,11.40999984741211,11.420000076293945,11.069999694824219,11.390000343322754,10.422876358032227,78900,ABCB
2012-12-03,11.479999542236328,11.670000076293945,11.210000038146973,11.5600004196167,10.57844352722168,41200,ABCB
2012-12-04,11.539999961853027,11.65999984741211,11.380000114440918,11.539999961853027,10.560141563415527,23600,ABCB
2012-12-05,11.5600004196167,11.699999809265137,11.359999656677246,11.369999885559082,10.40457820892334,36500,ABCB
2012-12-06,11.399999618530273,11.579999923706055,11.3100004196167,11.579999923706055,10.596746444702148,29400,ABCB
2012-12-07,11.680000305175781,11.829999923706055,11.470000267028809,11.680000305175781,10.688257217407227,124200,ABCB
2012-12-10,11.720000267028809,11.75,11.600000381469727,11.680000305175781,10.688257217407227,56100,ABCB
2012-12-11,12.170000076293945,12.279999732971191,12.0,12.149999618530273,11.11834716796875,258400,ABCB
2012-12-12,12.220000267028809,12.25,12.109999656677246,12.130000114440918,11.100045204162598,42300,ABCB
2012-12-13,12.109999656677246,12.229999542236328,12.0,12.069999694824219,11.045137405395508,22200,ABCB
2012-12-14,12.0,12.149999618530273,12.0,12.079999923706055,11.054291725158691,44900,ABCB
2012-12-17,12.109999656677246,12.300000190734863,12.0,12.270000457763672,11.228157043457031,58600,ABCB
2012-12-18,12.300000190734863,12.539999961853027,12.199999809265137,12.479999542236328,11.420328140258789,51700,ABCB
2012-12-19,12.520000457763672,12.520000457763672,12.380000114440918,12.399999618530273,11.347119331359863,58300,ABCB
2012-12-20,12.449999809265137,12.59000015258789,12.369999885559082,12.5,11.438627243041992,39700,ABCB
2012-12-21,12.529999732971191,12.59000015258789,12.229999542236328,12.479999542236328,11.420328140258789,153700,ABCB
2012-12-24,12.460000038146973,12.539999961853027,12.25,12.350000381469727,11.301362037658691,9500,ABCB
2012-12-26,12.420000076293945,12.489999771118164,12.3100004196167,12.380000114440918,11.328817367553711,17000,ABCB
2012-12-27,12.430000305175781,12.489999771118164,12.15999984741211,12.420000076293945,11.365422248840332,60400,ABCB
2012-12-28,12.399999618530273,12.449999809265137,12.25,12.34000015258789,11.292213439941406,16600,ABCB
2012-12-31,12.369999885559082,12.550000190734863,12.279999732971191,12.489999771118164,11.429474830627441,50800,ABCB
2013-01-02,12.670000076293945,12.920000076293945,12.569999694824219,12.829999923706055,11.740606307983398,186400,ABCB
2013-01-03,12.890000343322754,12.979999542236328,12.710000038146973,12.789999961853027,11.704005241394043,49100,ABCB
2013-01-04,12.880000114440918,12.920000076293945,12.75,12.899999618530273,11.804661750793457,118300,ABCB
2013-01-07,12.859999656677246,12.9399995803833,12.8100004196167,12.869999885559082,11.777212142944336,26400,ABCB
2013-01-08,12.899999618530273,12.930000305175781,12.800000190734863,12.899999618530273,11.804661750793457,17000,ABCB
2013-01-09,12.9399995803833,12.989999771118164,12.75,12.850000381469727,11.758913040161133,98300,ABCB
2013-01-10,12.9399995803833,12.9399995803833,12.699999809265137,12.84000015258789,11.749759674072266,13800,ABCB
2013-01-11,12.8100004196167,12.890000343322754,12.75,12.829999923706055,11.740606307983398,15300,ABCB
2013-01-14,12.819999694824219,12.930000305175781,12.680000305175781,12.800000190734863,11.713154792785645,24200,ABCB
2013-01-15,12.680000305175781,12.899999618530273,12.619999885559082,12.850000381469727,11.758913040161133,21000,ABCB
2013-01-16,12.829999923706055,12.869999885559082,12.729999542236328,12.800000190734863,11.713154792785645,11100,ABCB
2013-01-17,12.84000015258789,12.949999809265137,12.699999809265137,12.930000305175781,11.83211898803711,25900,ABCB
2013-01-18,12.859999656677246,13.0,12.739999771118164,12.979999542236328,11.877869606018066,37300,ABCB
2013-01-22,12.949999809265137,13.100000381469727,12.850000381469727,13.069999694824219,11.96023178100586,19700,ABCB
2013-01-23,13.100000381469727,13.100000381469727,12.949999809265137,13.050000190734863,11.94192886352539,22800,ABCB
2013-01-24,13.050000190734863,13.210000038146973,12.989999771118164,13.15999984741211,12.042588233947754,18800,ABCB
2013-01-25,13.289999961853027,13.289999961853027,12.960000038146973,13.180000305175781,12.06088924407959,26900,ABCB
2013-01-28,13.199999809265137,13.25,13.130000114440918,13.180000305175781,12.06088924407959,71200,ABCB
2013-01-29,13.210000038146973,13.289999961853027,13.100000381469727,13.210000038146973,12.08834171295166,123600,ABCB
2013-01-30,13.149999618530273,13.319999694824219,13.09000015258789,13.140000343322754,12.024285316467285,60100,ABCB
2013-01-31,13.130000114440918,13.350000381469727,13.010000228881836,13.260000228881836,12.1340970993042,91100,ABCB
2013-02-01,13.359999656677246,13.470000267028809,13.329999923706055,13.399999618530273,12.262212753295898,62000,ABCB
2013-02-04,13.350000381469727,13.460000038146973,13.260000228881836,13.3100004196167,12.179849624633789,20700,ABCB
2013-02-05,13.420000076293945,13.489999771118164,13.300000190734863,13.420000076293945,12.280510902404785,48700,ABCB
2013-02-06,13.390000343322754,13.479999542236328,13.300000190734863,13.460000038146973,12.317115783691406,21700,ABCB
2013-02-07,13.489999771118164,13.630000114440918,13.380000114440918,13.510000228881836,12.362871170043945,17900,ABCB
2013-02-08,13.539999961853027,13.670000076293945,13.430000305175781,13.600000381469727,12.44522762298584,21500,ABCB
2013-02-11,13.600000381469727,13.600000381469727,13.4399995803833,13.5,12.353719711303711,25500,ABCB
2013-02-12,13.529999732971191,13.699999809265137,13.489999771118164,13.600000381469727,12.44522762298584,98000,ABCB
2013-02-13,13.649999618530273,13.739999771118164,13.460000038146973,13.619999885559082,12.463529586791992,27800,ABCB
2013-02-14,13.609999656677246,13.75,13.289999961853027,13.720000267028809,12.555037498474121,64700,ABCB
2013-02-15,13.760000228881836,13.989999771118164,13.600000381469727,13.960000038146973,12.774660110473633,61400,ABCB
2013-02-19,13.970000267028809,14.15999984741211,13.84000015258789,14.119999885559082,12.921075820922852,184000,ABCB
2013-02-20,14.15999984741211,14.15999984741211,13.850000381469727,13.850000381469727,12.673999786376953,63400,ABCB
2013-02-21,13.8100004196167,14.199999809265137,13.8100004196167,13.949999809265137,12.765511512756348,29800,ABCB
2013-02-22,14.0,14.0600004196167,13.949999809265137,14.029999732971191,12.838717460632324,21800,ABCB
2013-02-25,14.0600004196167,14.109999656677246,13.539999961853027,13.699999809265137,12.536736488342285,48500,ABCB
2013-02-26,13.789999961853027,14.0,13.420000076293945,13.710000038146973,12.54588794708252,92600,ABCB
2013-02-27,13.699999809265137,14.09000015258789,13.680000305175781,13.960000038146973,12.774660110473633,48200,ABCB
2013-02-28,13.930000305175781,14.079999923706055,13.850000381469727,13.880000114440918,12.701455116271973,88500,ABCB
2013-03-01,13.729999542236328,14.180000305175781,13.729999542236328,13.979999542236328,12.792960166931152,39500,ABCB
2013-03-04,13.899999618530273,14.100000381469727,13.869999885559082,13.989999771118164,12.802114486694336,34400,ABCB
2013-03-05,14.050000190734863,14.399999618530273,14.050000190734863,14.229999542236328,13.021734237670898,60200,ABCB
2013-03-06,14.270000457763672,14.350000381469727,14.15999984741211,14.279999732971191,13.067488670349121,23600,ABCB
2013-03-07,14.279999732971191,14.479999542236328,14.140000343322754,14.390000343322754,13.168149948120117,81100,ABCB
2013-03-08,14.539999961853027,14.569999694824219,14.25,14.510000228881836,13.277960777282715,35600,ABCB
2013-03-11,14.430000305175781,14.600000381469727,14.270000457763672,14.479999542236328,13.250507354736328,60900,ABCB
2013-03-12,14.390000343322754,14.449999809265137,14.180000305175781,14.319999694824219,13.104095458984375,39700,ABCB
2013-03-13,14.369999885559082,14.430000305175781,14.1899995803833,14.300000190734863,13.085789680480957,40700,ABCB
2013-03-14,14.359999656677246,14.40999984741211,14.119999885559082,14.300000190734863,13.085789680480957,43500,ABCB
2013-03-15,14.329999923706055,14.779999732971191,14.289999961853027,14.470000267028809,13.241357803344727,154300,ABCB
2013-03-18,14.329999923706055,14.489999771118164,14.260000228881836,14.390000343322754,13.168149948120117,23000,ABCB
2013-03-19,14.430000305175781,14.449999809265137,14.100000381469727,14.1899995803833,12.985132217407227,51000,ABCB
2013-03-20,14.319999694824219,14.399999618530273,14.0,14.25,13.04003620147705,50800,ABCB
2013-03-21,14.100000381469727,14.329999923706055,14.039999961853027,14.289999961853027,13.076640129089355,51100,ABCB
2013-03-22,14.3100004196167,14.34000015258789,14.279999732971191,14.319999694824219,13.104095458984375,23100,ABCB
2013-03-25,14.329999923706055,14.489999771118164,14.170000076293945,14.390000343322754,13.168149948120117,53200,ABCB
2013-03-26,14.399999618530273,14.489999771118164,14.319999694824219,14.390000343322754,13.168149948120117,30000,ABCB
2013-03-27,14.329999923706055,14.460000038146973,14.15999984741211,14.420000076293945,13.195600509643555,13600,ABCB
2013-03-28,14.460000038146973,14.489999771118164,14.279999732971191,14.350000381469727,13.131546020507812,78900,ABCB
2013-04-01,14.239999771118164,14.399999618530273,13.979999542236328,14.270000457763672,13.058341026306152,54400,ABCB
2013-04-02,14.279999732971191,14.390000343322754,13.920000076293945,14.100000381469727,12.902772903442383,44600,ABCB
2013-04-03,14.15999984741211,14.399999618530273,13.949999809265137,13.960000038146973,12.774660110473633,41800,ABCB
2013-04-04,13.989999771118164,14.140000343322754,13.9399995803833,14.079999923706055,12.884469985961914,23000,ABCB
2013-04-05,13.8100004196167,14.170000076293945,13.8100004196167,14.010000228881836,12.820414543151855,47000,ABCB
2013-04-08,14.09000015258789,14.210000038146973,13.84000015258789,14.1899995803833,12.985132217407227,31300,ABCB
2013-04-09,14.229999542236328,14.229999542236328,13.75,13.770000457763672,12.600793838500977,14900,ABCB
2013-04-10,13.779999732971191,14.229999542236328,13.739999771118164,14.109999656677246,12.911925315856934,45300,ABCB
2013-04-11,14.140000343322754,14.140000343322754,13.930000305175781,14.010000228881836,12.820414543151855,7200,ABCB
2013-04-12,13.989999771118164,14.239999771118164,13.930000305175781,14.1899995803833,12.985132217407227,19600,ABCB
2013-04-15,14.140000343322754,14.229999542236328,13.300000190734863,13.479999542236328,12.335415840148926,51800,ABCB
2013-04-16,13.5600004196167,13.670000076293945,13.359999656677246,13.5600004196167,12.408621788024902,47200,ABCB
2013-04-17,13.420000076293945,13.420000076293945,13.119999885559082,13.289999961853027,12.16154956817627,45600,ABCB
2013-04-18,13.350000381469727,13.779999732971191,13.050000190734863,13.15999984741211,12.042588233947754,37500,ABCB
2013-04-19,13.140000343322754,13.470000267028809,13.140000343322754,13.449999809265137,12.307963371276855,21200,ABCB
2013-04-22,13.40999984741211,13.5600004196167,13.029999732971191,13.399999618530273,12.262212753295898,14300,ABCB
2013-04-23,13.550000190734863,14.0,13.520000457763672,14.0,12.811262130737305,26700,ABCB
2013-04-24,13.930000305175781,13.989999771118164,13.699999809265137,13.880000114440918,12.701455116271973,12800,ABCB
2013-04-25,13.9399995803833,14.170000076293945,13.9399995803833,14.039999961853027,12.847867965698242,7300,ABCB
2013-04-26,14.020000457763672,14.020000457763672,13.720000267028809,13.789999961853027,12.619093894958496,23200,ABCB
2013-04-29,13.890000343322754,13.989999771118164,13.579999923706055,13.779999732971191,12.609943389892578,18700,ABCB
2013-04-30,13.699999809265137,13.960000038146973,13.670000076293945,13.869999885559082,12.692298889160156,16300,ABCB
2013-05-01,13.779999732971191,13.8100004196167,13.229999542236328,13.319999694824219,12.18900203704834,119200,ABCB
2013-05-02,13.899999618530273,14.25,13.84000015258789,14.079999923706055,12.884469985961914,458400,ABCB
2013-05-03,14.300000190734863,15.039999961853027,14.300000190734863,14.949999809265137,13.6806001663208,171000,ABCB
2013-05-06,14.949999809265137,15.380000114440918,14.930000305175781,15.15999984741211,13.872766494750977,83200,ABCB
2013-05-07,15.180000305175781,15.649999618530273,15.149999618530273,15.569999694824219,14.247953414916992,87800,ABCB
2013-05-08,15.479999542236328,15.739999771118164,15.449999809265137,15.59000015258789,14.26625919342041,37700,ABCB
2013-05-09,15.609999656677246,15.800000190734863,15.5,15.510000228881836,14.193052291870117,56300,ABCB
2013-05-10,15.5,15.5,15.15999984741211,15.380000114440918,14.074087142944336,36200,ABCB
2013-05-13,15.3100004196167,15.630000114440918,15.3100004196167,15.510000228881836,14.193052291870117,99000,ABCB
2013-05-14,15.479999542236328,15.850000381469727,15.479999542236328,15.779999732971191,14.440122604370117,46700,ABCB
2013-05-15,15.739999771118164,16.049999237060547,15.710000038146973,16.0,14.641447067260742,99800,ABCB
2013-05-16,15.960000038146973,16.149999618530273,15.869999885559082,16.1299991607666,14.760404586791992,23000,ABCB
2013-05-17,16.200000762939453,16.450000762939453,16.1299991607666,16.329999923706055,14.94342041015625,33000,ABCB
2013-05-20,16.299999237060547,16.450000762939453,16.1200008392334,16.440000534057617,15.044084548950195,17600,ABCB
2013-05-21,16.389999389648438,16.5,16.389999389648438,16.450000762939453,15.053238868713379,7800,ABCB
2013-05-22,16.420000076293945,16.790000915527344,15.75,16.059999465942383,14.6963529586792,51100,ABCB
2013-05-23,15.949999809265137,16.139999389648438,15.850000381469727,16.09000015258789,14.723801612854004,24500,ABCB
2013-05-24,16.040000915527344,16.389999389648438,15.899999618530273,16.389999389648438,14.998330116271973,18600,ABCB
2013-05-28,16.760000228881836,17.229999542236328,16.549999237060547,16.709999084472656,15.291160583496094,68800,ABCB
2013-05-29,16.549999237060547,16.719999313354492,16.350000381469727,16.540000915527344,15.135594367980957,39300,ABCB
2013-05-30,16.670000076293945,16.760000228881836,16.420000076293945,16.639999389648438,15.22710132598877,19000,ABCB
2013-05-31,16.489999771118164,16.709999084472656,16.450000762939453,16.520000457763672,15.117289543151855,57700,ABCB
2013-06-03,16.510000228881836,16.989999771118164,16.450000762939453,16.940000534057617,15.501628875732422,93900,ABCB
2013-06-04,16.8700008392334,16.8799991607666,16.100000381469727,16.5,15.09898853302002,97400,ABCB
2013-06-05,16.489999771118164,16.489999771118164,16.200000762939453,16.299999237060547,14.915970802307129,20400,ABCB
2013-06-06,16.260000228881836,16.5,16.079999923706055,16.43000030517578,15.034934043884277,28600,ABCB
2013-06-07,16.450000762939453,16.540000915527344,16.290000915527344,16.360000610351562,14.970873832702637,48100,ABCB
2013-06-10,16.469999313354492,16.469999313354492,16.139999389648438,16.450000762939453,15.053238868713379,19800,ABCB
2013-06-11,16.209999084472656,16.450000762939453,16.020000457763672,16.219999313354492,14.842761039733887,24400,ABCB
2013-06-12,16.329999923706055,16.6299991607666,15.859999656677246,16.139999389648438,14.769556045532227,41700,ABCB
2013-06-13,16.139999389648438,16.59000015258789,16.049999237060547,16.469999313354492,15.071537971496582,19200,ABCB
2013-06-14,16.389999389648438,16.479999542236328,16.040000915527344,16.15999984741211,14.787857055664062,27000,ABCB
2013-06-17,16.360000610351562,16.829999923706055,16.059999465942383,16.270000457763672,14.888521194458008,10900,ABCB
2013-06-18,16.34000015258789,16.469999313354492,16.239999771118164,16.450000762939453,15.053238868713379,26200,ABCB
2013-06-19,16.389999389648438,16.420000076293945,16.139999389648438,16.170000076293945,14.797009468078613,11300,ABCB
2013-06-20,15.890000343322754,16.1200008392334,15.729999542236328,15.779999732971191,14.440122604370117,32400,ABCB
2013-06-21,15.84000015258789,16.110000610351562,15.569999694824219,16.049999237060547,14.6871976852417,102500,ABCB
2013-06-24,15.84000015258789,16.25,15.739999771118164,16.110000610351562,14.74209976196289,66200,ABCB
2013-06-25,16.100000381469727,16.469999313354492,15.949999809265137,16.450000762939453,15.053238868713379,84500,ABCB
2013-06-26,16.510000228881836,16.510000228881836,16.1299991607666,16.350000381469727,14.961727142333984,47000,ABCB
2013-06-27,16.440000534057617,16.850000381469727,16.290000915527344,16.81999969482422,15.39181900024414,34300,ABCB
2013-06-28,16.6200008392334,17.0,16.6200008392334,16.850000381469727,15.419271469116211,274600,ABCB
2013-07-01,16.850000381469727,17.399999618530273,16.770000457763672,17.350000381469727,15.876818656921387,94200,ABCB
2013-07-02,17.420000076293945,17.950000762939453,17.3700008392334,17.719999313354492,16.21540069580078,152900,ABCB
2013-07-03,17.729999542236328,18.079999923706055,17.729999542236328,18.0,16.471622467041016,26300,ABCB
2013-07-05,18.190000534057617,18.84000015258789,18.1299991607666,18.790000915527344,17.194547653198242,44800,ABCB
2013-07-08,18.809999465942383,18.989999771118164,18.610000610351562,18.690000534057617,17.10303497314453,57800,ABCB
2013-07-09,18.790000915527344,18.790000915527344,18.469999313354492,18.5,16.929168701171875,143300,ABCB
2013-07-10,18.540000915527344,18.68000030517578,18.190000534057617,18.270000457763672,16.718700408935547,51400,ABCB
2013-07-11,18.43000030517578,18.549999237060547,17.8700008392334,17.989999771118164,16.462474822998047,84700,ABCB
2013-07-12,17.90999984741211,18.190000534057617,17.850000381469727,17.989999771118164,16.462474822998047,71200,ABCB
2013-07-15,18.030000686645508,18.190000534057617,17.860000610351562,17.920000076293945,16.398414611816406,55500,ABCB
2013-07-16,17.8700008392334,18.0,17.75,17.84000015258789,16.325210571289062,38500,ABCB
2013-07-17,17.8799991607666,18.020000457763672,17.809999465942383,17.889999389648438,16.370969772338867,36000,ABCB
2013-07-18,17.93000030517578,18.030000686645508,17.8799991607666,17.950000762939453,16.425865173339844,171100,ABCB
2013-07-19,17.940000534057617,18.200000762939453,17.90999984741211,18.18000030517578,16.636341094970703,160300,ABCB
2013-07-22,18.139999389648438,18.549999237060547,18.049999237060547,18.43000030517578,16.865116119384766,82700,ABCB
2013-07-23,18.579999923706055,18.579999923706055,18.3799991607666,18.510000228881836,16.938323974609375,70100,ABCB
2013-07-24,18.649999618530273,18.850000381469727,18.520000457763672,18.690000534057617,17.10303497314453,96500,ABCB
2013-07-25,18.670000076293945,19.809999465942383,18.65999984741211,19.790000915527344,18.109638214111328,186100,ABCB
2013-07-26,19.579999923706055,19.6299991607666,19.18000030517578,19.290000915527344,17.6520938873291,37300,ABCB
2013-07-29,19.209999084472656,19.3700008392334,19.0,19.06999969482422,17.450769424438477,39400,ABCB
2013-07-30,19.1200008392334,19.200000762939453,18.8700008392334,19.190000534057617,17.560583114624023,31300,ABCB
2013-07-31,19.299999237060547,19.450000762939453,19.100000381469727,19.25,17.615489959716797,67600,ABCB
2013-08-01,19.549999237060547,19.579999923706055,18.1299991607666,19.5,17.844261169433594,73600,ABCB
2013-08-02,19.31999969482422,19.56999969482422,19.280000686645508,19.3700008392334,17.72530174255371,25500,ABCB
2013-08-05,19.3700008392334,19.489999771118164,19.229999542236328,19.440000534057617,17.78935432434082,35700,ABCB
2013-08-06,19.31999969482422,19.40999984741211,19.200000762939453,19.31999969482422,17.67954444885254,32100,ABCB
2013-08-07,19.25,19.450000762939453,19.25,19.270000457763672,17.633792877197266,43300,ABCB
2013-08-08,19.469999313354492,19.469999313354492,19.25,19.270000457763672,17.633792877197266,18300,ABCB
2013-08-09,19.270000457763672,19.270000457763672,18.829999923706055,18.8700008392334,17.267757415771484,104500,ABCB
2013-08-12,18.780000686645508,19.43000030517578,18.75,19.079999923706055,17.459917068481445,29300,ABCB
2013-08-13,19.15999984741211,19.200000762939453,18.889999389648438,19.110000610351562,17.48737144470215,51400,ABCB
2013-08-14,19.100000381469727,19.18000030517578,18.90999984741211,18.940000534057617,17.331811904907227,62200,ABCB
2013-08-15,18.6299991607666,18.829999923706055,18.56999969482422,18.709999084472656,17.121341705322266,133000,ABCB
2013-08-16,18.59000015258789,18.979999542236328,18.579999923706055,18.719999313354492,17.130489349365234,99300,ABCB
2013-08-19,18.770000457763672,18.920000076293945,18.549999237060547,18.600000381469727,17.020679473876953,97100,ABCB
2013-08-20,18.549999237060547,19.25,18.549999237060547,18.899999618530273,17.295209884643555,34900,ABCB
2013-08-21,18.729999542236328,18.84000015258789,18.260000228881836,18.610000610351562,17.02983283996582,190000,ABCB
2013-08-22,18.700000762939453,19.270000457763672,17.799999237060547,19.0,17.38671875,64100,ABCB
2013-08-23,18.940000534057617,19.5,18.81999969482422,19.440000534057617,17.78935432434082,107200,ABCB
2013-08-26,19.420000076293945,19.68000030517578,18.93000030517578,19.440000534057617,17.78935432434082,86500,ABCB
2013-08-27,19.18000030517578,19.399999618530273,18.940000534057617,19.25,17.615489959716797,233400,ABCB
2013-08-28,19.260000228881836,19.610000610351562,19.209999084472656,19.420000076293945,17.77105140686035,83900,ABCB
2013-08-29,19.520000457763672,19.84000015258789,19.399999618530273,19.549999237060547,17.890016555786133,48600,ABCB
2013-08-30,19.459999084472656,19.639999389648438,19.1299991607666,19.15999984741211,17.53313446044922,118600,ABCB
2013-09-03,19.5,19.739999771118164,19.049999237060547,19.260000228881836,17.6246337890625,54400,ABCB
2013-09-04,19.229999542236328,19.389999389648438,18.969999313354492,19.030000686645508,17.414165496826172,40000,ABCB
2013-09-05,19.079999923706055,19.489999771118164,18.610000610351562,19.209999084472656,17.578886032104492,27000,ABCB
2013-09-06,19.34000015258789,19.34000015258789,18.6200008392334,19.209999084472656,17.578886032104492,25600,ABCB
2013-09-09,19.100000381469727,19.440000534057617,19.100000381469727,19.34000015258789,17.697839736938477,37700,ABCB
2013-09-10,19.5,19.5,19.149999618530273,19.260000228881836,17.6246337890625,50500,ABCB
2013-09-11,19.15999984741211,19.34000015258789,18.899999618530273,19.170000076293945,17.542282104492188,31200,ABCB
2013-09-12,19.209999084472656,19.290000915527344,18.799999237060547,18.81999969482422,17.22199821472168,15400,ABCB
2013-09-13,18.93000030517578,19.040000915527344,18.68000030517578,18.90999984741211,17.304353713989258,14700,ABCB
2013-09-16,19.110000610351562,19.190000534057617,19.049999237060547,19.100000381469727,17.478221893310547,33700,ABCB
2013-09-17,19.100000381469727,19.219999313354492,18.979999542236328,19.15999984741211,17.53313446044922,39100,ABCB
2013-09-18,19.209999084472656,19.25,18.959999084472656,19.100000381469727,17.478221893310547,29700,ABCB
2013-09-19,19.100000381469727,19.170000076293945,18.639999389648438,19.010000228881836,17.395864486694336,32600,ABCB
2013-09-20,19.0,19.020000457763672,18.8700008392334,18.90999984741211,17.304353713989258,125700,ABCB
2013-09-23,18.860000610351562,18.969999313354492,18.739999771118164,18.940000534057617,17.331811904907227,51600,ABCB
2013-09-24,18.950000762939453,19.09000015258789,18.649999618530273,18.90999984741211,17.304353713989258,427400,ABCB
2013-09-25,18.059999465942383,19.040000915527344,18.010000228881836,18.81999969482422,17.22199821472168,62000,ABCB
2013-09-26,18.8700008392334,18.979999542236328,18.65999984741211,18.780000686645508,17.18539047241211,39000,ABCB
2013-09-27,18.6200008392334,18.950000762939453,18.56999969482422,18.6299991607666,17.048131942749023,29200,ABCB
2013-09-30,18.459999084472656,18.510000228881836,18.149999618530273,18.3799991607666,16.81935691833496,96900,ABCB
2013-10-01,18.350000381469727,18.739999771118164,18.350000381469727,18.510000228881836,16.938323974609375,46400,ABCB
2013-10-02,18.3799991607666,18.56999969482422,18.079999923706055,18.229999542236328,16.682096481323242,108500,ABCB
2013-10-03,18.200000762939453,18.200000762939453,17.809999465942383,17.860000610351562,16.34351348876953,126100,ABCB
2013-10-04,17.809999465942383,18.200000762939453,17.809999465942383,18.18000030517578,16.636341094970703,18700,ABCB
2013-10-07,18.010000228881836,18.149999618530273,17.899999618530273,17.899999618530273,16.380111694335938,20100,ABCB
2013-10-08,17.950000762939453,17.969999313354492,17.559999465942383,17.760000228881836,16.252004623413086,25300,ABCB
2013-10-09,17.780000686645508,17.950000762939453,17.540000915527344,17.690000534057617,16.18794822692871,85200,ABCB
2013-10-10,17.719999313354492,18.0,17.690000534057617,17.899999618530273,16.380111694335938,85900,ABCB
2013-10-11,17.799999237060547,18.110000610351562,17.520000457763672,18.030000686645508,16.49907875061035,121300,ABCB
2013-10-14,18.0,18.200000762939453,18.0,18.100000381469727,16.563138961791992,55600,ABCB
2013-10-15,17.989999771118164,18.139999389648438,17.81999969482422,17.850000381469727,16.33435821533203,116500,ABCB
2013-10-16,18.0,18.190000534057617,17.8799991607666,17.93000030517578,16.407567977905273,344600,ABCB
2013-10-17,17.84000015258789,17.979999542236328,17.75,17.899999618530273,16.380111694335938,67600,ABCB
2013-10-18,18.0,18.0,17.719999313354492,17.84000015258789,16.325210571289062,160100,ABCB
2013-10-21,17.84000015258789,18.06999969482422,17.84000015258789,17.889999389648438,16.370969772338867,96400,ABCB
2013-10-22,17.950000762939453,18.059999465942383,17.950000762939453,17.989999771118164,16.462474822998047,233300,ABCB
2013-10-23,17.920000076293945,18.0,17.889999389648438,17.899999618530273,16.380111694335938,178000,ABCB
2013-10-24,17.899999618530273,18.200000762939453,17.850000381469727,17.93000030517578,16.407567977905273,450000,ABCB
2013-10-25,17.950000762939453,18.030000686645508,17.829999923706055,17.899999618530273,16.380111694335938,379500,ABCB
2013-10-28,17.899999618530273,18.899999618530273,17.899999618530273,18.75,17.157941818237305,314800,ABCB
2013-10-29,18.81999969482422,19.0,18.610000610351562,19.0,17.38671875,114400,ABCB
2013-10-30,19.0,19.0,18.770000457763672,18.84000015258789,17.240306854248047,86600,ABCB
2013-10-31,18.809999465942383,18.809999465942383,18.290000915527344,18.299999237060547,16.74614715576172,68900,ABCB
2013-11-01,18.239999771118164,18.489999771118164,17.850000381469727,17.989999771118164,16.462474822998047,126700,ABCB
2013-11-04,17.989999771118164,18.09000015258789,17.780000686645508,17.84000015258789,16.325210571289062,72300,ABCB
2013-11-05,17.790000915527344,18.489999771118164,17.670000076293945,18.299999237060547,16.74614715576172,97100,ABCB
2013-11-06,18.479999542236328,18.889999389648438,17.989999771118164,18.780000686645508,17.18539047241211,45200,ABCB
2013-11-07,18.8700008392334,18.8700008392334,18.540000915527344,18.540000915527344,16.96577262878418,55600,ABCB
2013-11-08,18.520000457763672,19.0,18.520000457763672,18.809999465942383,17.212846755981445,168500,ABCB
2013-11-11,18.84000015258789,19.399999618530273,18.68000030517578,19.0,17.38671875,215700,ABCB
2013-11-12,18.8799991607666,19.020000457763672,18.610000610351562,18.860000610351562,17.25860023498535,34700,ABCB
2013-11-13,18.780000686645508,19.350000381469727,18.719999313354492,19.350000381469727,17.706998825073242,45200,ABCB
2013-11-14,19.389999389648438,19.40999984741211,19.149999618530273,19.3799991607666,17.734447479248047,71100,ABCB
2013-11-15,19.489999771118164,19.489999771118164,19.200000762939453,19.469999313354492,17.81680679321289,62200,ABCB
2013-11-18,19.5,19.920000076293945,19.270000457763672,19.309999465942383,17.670394897460938,58500,ABCB
2013-11-19,19.260000228881836,19.8700008392334,18.209999084472656,19.219999313354492,17.588037490844727,46500,ABCB
2013-11-20,19.170000076293945,19.399999618530273,17.799999237060547,19.170000076293945,17.542282104492188,77200,ABCB
2013-11-21,19.25,19.780000686645508,19.219999313354492,19.56999969482422,17.90831756591797,55700,ABCB
2013-11-22,19.639999389648438,19.950000762939453,19.329999923706055,19.860000610351562,18.173694610595703,48800,ABCB
2013-11-25,19.860000610351562,20.0,19.639999389648438,19.93000030517578,18.237747192382812,118000,ABCB
2013-11-26,19.899999618530273,20.25,19.729999542236328,20.149999618530273,18.439064025878906,54500,ABCB
2013-11-27,20.1200008392334,20.579999923706055,20.1200008392334,20.549999237060547,18.805099487304688,47300,ABCB
2013-11-29,20.700000762939453,20.799999237060547,20.43000030517578,20.469999313354492,18.731901168823242,27500,ABCB
2013-12-02,20.399999618530273,20.709999084472656,20.049999237060547,20.15999984741211,18.448217391967773,60300,ABCB
2013-12-03,20.06999969482422,20.5,19.959999084472656,20.059999465942383,18.35671043395996,37200,ABCB
2013-12-04,19.959999084472656,20.329999923706055,19.56999969482422,19.809999465942383,18.12793731689453,52600,ABCB
2013-12-05,19.770000457763672,20.010000228881836,19.59000015258789,19.809999465942383,18.12793731689453,32900,ABCB
2013-12-06,20.030000686645508,20.770000457763672,20.020000457763672,20.1299991607666,18.420766830444336,59900,ABCB
2013-12-09,20.1299991607666,20.360000610351562,19.950000762939453,20.209999084472656,18.493974685668945,56600,ABCB
2013-12-10,20.1200008392334,20.3700008392334,20.0,20.100000381469727,18.39331817626953,58400,ABCB
2013-12-11,20.139999389648438,20.209999084472656,19.8700008392334,20.030000686645508,18.329259872436523,65100,ABCB
2013-12-12,19.989999771118164,20.3799991607666,19.989999771118164,20.030000686645508,18.329259872436523,44300,ABCB
2013-12-13,20.1200008392334,20.170000076293945,19.799999237060547,20.100000381469727,18.39331817626953,40000,ABCB
2013-12-16,20.1200008392334,20.440000534057617,19.6200008392334,20.34000015258789,18.612939834594727,66700,ABCB
2013-12-17,20.290000915527344,20.290000915527344,19.579999923706055,20.020000457763672,18.320106506347656,43500,ABCB
2013-12-18,20.079999923706055,20.389999389648438,19.709999084472656,20.350000381469727,18.62209129333496,47600,ABCB
2013-12-19,20.299999237060547,20.399999618530273,19.959999084472656,20.0,18.30180549621582,43200,ABCB
2013-12-20,20.100000381469727,21.020000457763672,19.770000457763672,20.829999923706055,19.06133270263672,192500,ABCB
2013-12-23,20.90999984741211,22.479999542236328,20.90999984741211,21.06999969482422,19.28095054626465,86000,ABCB
2013-12-24,21.90999984741211,21.90999984741211,21.229999542236328,21.389999389648438,19.57377815246582,22600,ABCB
2013-12-26,21.530000686645508,21.600000381469727,21.229999542236328,21.420000076293945,19.601232528686523,27600,ABCB
2013-12-27,21.510000228881836,21.579999923706055,21.059999465942383,21.3799991607666,19.56463050842285,37900,ABCB
2013-12-30,21.290000915527344,21.549999237060547,21.010000228881836,21.239999771118164,19.4365177154541,88100,ABCB
2013-12-31,21.309999465942383,21.760000228881836,20.799999237060547,21.110000610351562,19.31755256652832,61600,ABCB
2014-01-02,20.899999618530273,21.0,20.600000381469727,20.889999389648438,19.116233825683594,110600,ABCB
2014-01-03,20.899999618530273,20.979999542236328,20.5,20.780000686645508,19.015573501586914,75800,ABCB
2014-01-06,20.809999465942383,21.059999465942383,20.700000762939453,20.899999618530273,19.12538719177246,62800,ABCB
2014-01-07,21.020000457763672,21.440000534057617,20.649999618530273,21.020000457763672,19.235198974609375,17300,ABCB
2014-01-08,20.940000534057617,21.010000228881836,20.520000457763672,20.579999923706055,18.832555770874023,114900,ABCB
2014-01-09,20.68000030517578,20.719999313354492,20.360000610351562,20.549999237060547,18.805099487304688,39300,ABCB
2014-01-10,20.610000610351562,20.770000457763672,19.700000762939453,20.540000915527344,18.795957565307617,132500,ABCB
2014-01-13,20.450000762939453,20.899999618530273,20.260000228881836,20.290000915527344,18.56717872619629,101500,ABCB
2014-01-14,20.350000381469727,20.780000686645508,20.350000381469727,20.639999389648438,18.88746452331543,145000,ABCB
2014-01-15,20.579999923706055,21.09000015258789,20.579999923706055,20.6299991607666,18.878313064575195,60700,ABCB
2014-01-16,20.649999618530273,20.649999618530273,19.780000686645508,20.31999969482422,18.59463882446289,107900,ABCB
2014-01-17,20.25,20.90999984741211,20.25,20.719999313354492,18.960668563842773,75500,ABCB
2014-01-21,20.850000381469727,21.229999542236328,20.690000534057617,21.010000228881836,19.226041793823242,68700,ABCB
2014-01-22,21.09000015258789,21.200000762939453,20.709999084472656,20.809999465942383,19.043027877807617,86900,ABCB
2014-01-23,20.709999084472656,21.059999465942383,20.43000030517578,20.969999313354492,19.189443588256836,57400,ABCB
2014-01-24,20.639999389648438,20.690000534057617,20.100000381469727,20.3799991607666,18.649539947509766,371900,ABCB
2014-01-27,21.469999313354492,21.469999313354492,19.940000534057617,20.209999084472656,18.493974685668945,123000,ABCB
2014-01-28,20.18000030517578,20.440000534057617,20.010000228881836,20.3799991607666,18.649539947509766,88600,ABCB
2014-01-29,20.25,20.5,19.75,19.920000076293945,18.228591918945312,120400,ABCB
2014-01-30,20.040000915527344,20.780000686645508,20.030000686645508,20.5,18.75934600830078,147900,ABCB
2014-01-31,20.110000610351562,20.59000015258789,20.110000610351562,20.469999313354492,18.731901168823242,218800,ABCB
2014-02-03,20.420000076293945,20.709999084472656,20.09000015258789,20.190000534057617,18.475671768188477,209800,ABCB
2014-02-04,20.350000381469727,20.65999984741211,20.0,20.170000076293945,18.457372665405273,181800,ABCB
2014-02-05,20.100000381469727,20.31999969482422,19.809999465942383,19.860000610351562,18.173694610595703,94800,ABCB
2014-02-06,19.790000915527344,20.200000762939453,19.770000457763672,20.040000915527344,18.33840560913086,129100,ABCB
2014-02-07,20.149999618530273,20.239999771118164,19.8700008392334,20.0,18.30180549621582,121600,ABCB
2014-02-10,19.940000534057617,20.239999771118164,19.530000686645508,20.100000381469727,18.39331817626953,108600,ABCB
2014-02-11,20.030000686645508,20.43000030517578,19.899999618530273,20.239999771118164,18.52142906188965,121100,ABCB
2014-02-12,20.190000534057617,20.440000534057617,19.850000381469727,19.989999771118164,18.29265785217285,81300,ABCB
2014-02-13,19.8799991607666,20.469999313354492,19.420000076293945,20.190000534057617,18.475671768188477,95600,ABCB
2014-02-14,20.200000762939453,20.290000915527344,19.90999984741211,20.09000015258789,18.384170532226562,45700,ABCB
2014-02-18,20.139999389648438,20.6299991607666,20.09000015258789,20.34000015258789,18.612939834594727,61300,ABCB
2014-02-19,20.229999542236328,20.3700008392334,20.139999389648438,20.149999618530273,18.439064025878906,99200,ABCB
2014-02-20,20.149999618530273,20.469999313354492,20.149999618530273,20.229999542236328,18.51227378845215,40500,ABCB
2014-02-21,20.34000015258789,20.469999313354492,20.149999618530273,20.200000762939453,18.484825134277344,101300,ABCB
2014-02-24,20.200000762939453,20.600000381469727,20.200000762939453,20.34000015258789,18.612939834594727,84900,ABCB
2014-02-25,20.399999618530273,20.530000686645508,20.34000015258789,20.489999771118164,18.750198364257812,88000,ABCB
2014-02-26,20.56999969482422,20.959999084472656,20.40999984741211,20.799999237060547,19.03388023376465,53700,ABCB
2014-02-27,20.709999084472656,20.93000030517578,20.5,20.8799991607666,19.107084274291992,42500,ABCB
2014-02-28,20.940000534057617,21.329999923706055,20.8700008392334,21.040000915527344,19.253501892089844,83500,ABCB
2014-03-03,20.780000686645508,21.06999969482422,20.450000762939453,20.65999984741211,18.905763626098633,81800,ABCB
2014-03-04,20.90999984741211,21.6200008392334,20.8799991607666,21.290000915527344,19.48227310180664,121000,ABCB
2014-03-05,21.200000762939453,21.360000610351562,21.040000915527344,21.239999771118164,19.4365177154541,57700,ABCB
2014-03-06,21.229999542236328,21.56999969482422,21.149999618530273,21.389999389648438,19.57377815246582,55400,ABCB
2014-03-07,21.59000015258789,21.6200008392334,21.25,21.59000015258789,19.756803512573242,74100,ABCB
2014-03-10,21.479999542236328,21.729999542236328,21.1299991607666,21.559999465942383,19.729345321655273,39600,ABCB
2014-03-11,21.520000457763672,23.079999923706055,21.219999313354492,22.959999084472656,21.010473251342773,279600,ABCB
2014-03-12,22.899999618530273,23.799999237060547,22.889999389648438,23.469999313354492,21.4771671295166,116600,ABCB
2014-03-13,23.540000915527344,23.670000076293945,22.850000381469727,23.520000457763672,21.522924423217773,95900,ABCB
2014-03-14,23.3799991607666,23.950000762939453,22.65999984741211,23.68000030517578,21.669334411621094,73400,ABCB
2014-03-17,23.760000228881836,24.06999969482422,23.559999465942383,23.93000030517578,21.89811134338379,89900,ABCB
2014-03-18,23.979999542236328,24.219999313354492,23.200000762939453,24.0,21.96217155456543,108600,ABCB
2014-03-19,23.899999618530273,24.010000228881836,23.559999465942383,23.8799991607666,21.852354049682617,69700,ABCB
2014-03-20,23.780000686645508,24.040000915527344,23.75,23.93000030517578,21.89811134338379,63300,ABCB
2014-03-21,24.0,24.0,23.479999542236328,23.75,21.73339080810547,235400,ABCB
2014-03-24,23.790000915527344,23.920000076293945,23.5,23.770000457763672,21.75169563293457,68600,ABCB
2014-03-25,23.799999237060547,23.899999618530273,23.700000762939453,23.729999542236328,21.715085983276367,138000,ABCB
2014-03-26,23.770000457763672,23.809999465942383,23.399999618530273,23.399999618530273,21.413110733032227,104100,ABCB
2014-03-27,23.459999084472656,23.75,23.25,23.399999618530273,21.413110733032227,66900,ABCB
2014-03-28,23.350000381469727,23.75,23.030000686645508,23.100000381469727,21.138580322265625,91400,ABCB
2014-03-31,23.15999984741211,23.579999923706055,22.90999984741211,23.299999237060547,21.32160186767578,97300,ABCB
2014-04-01,23.34000015258789,23.8700008392334,23.1299991607666,23.75,21.73339080810547,146100,ABCB
2014-04-02,23.700000762939453,23.920000076293945,23.510000228881836,23.8799991607666,21.852354049682617,74700,ABCB
2014-04-03,23.969999313354492,23.969999313354492,23.770000457763672,23.899999618530273,21.87065887451172,43600,ABCB
2014-04-04,24.0,24.049999237060547,23.3700008392334,23.440000534057617,21.4497127532959,188500,ABCB
2014-04-07,23.40999984741211,23.729999542236328,23.010000228881836,23.09000015258789,21.129432678222656,61500,ABCB
2014-04-08,23.040000915527344,23.68000030517578,23.0,23.110000610351562,21.147743225097656,56200,ABCB
2014-04-09,23.149999618530273,23.299999237060547,22.950000762939453,23.18000030517578,21.2117919921875,58600,ABCB
2014-04-10,23.110000610351562,23.25,22.389999389648438,22.559999465942383,20.64443588256836,88800,ABCB
2014-04-11,22.309999465942383,22.690000534057617,22.280000686645508,22.43000030517578,20.525476455688477,66600,ABCB
2014-04-14,22.649999618530273,22.81999969482422,22.15999984741211,22.450000762939453,20.543773651123047,84600,ABCB
2014-04-15,22.459999084472656,22.739999771118164,21.950000762939453,22.350000381469727,20.452266693115234,40800,ABCB
2014-04-16,22.59000015258789,22.739999771118164,22.09000015258789,22.350000381469727,20.452266693115234,46600,ABCB
2014-04-17,22.299999237060547,22.399999618530273,22.149999618530273,22.260000228881836,20.369916915893555,47400,ABCB
2014-04-21,22.280000686645508,22.540000915527344,22.049999237060547,22.239999771118164,20.351608276367188,31100,ABCB
2014-04-22,22.190000534057617,22.700000762939453,22.1299991607666,22.479999542236328,20.571229934692383,69200,ABCB
2014-04-23,22.260000228881836,22.950000762939453,22.15999984741211,22.600000381469727,20.68104362487793,99400,ABCB
2014-04-24,22.610000610351562,22.700000762939453,22.200000762939453,22.229999542236328,20.34245491027832,48700,ABCB
2014-04-25,22.100000381469727,22.479999542236328,21.670000076293945,21.780000686645508,19.9306697845459,77500,ABCB
2014-04-28,21.790000915527344,22.0,21.459999084472656,21.899999618530273,20.040475845336914,71100,ABCB
2014-04-29,22.049999237060547,22.440000534057617,21.719999313354492,21.780000686645508,19.9306697845459,81900,ABCB
2014-04-30,21.780000686645508,21.889999389648438,21.139999389648438,21.270000457763672,19.463972091674805,171800,ABCB
2014-05-01,21.170000076293945,21.280000686645508,20.6200008392334,20.969999313354492,19.189443588256836,102600,ABCB
2014-05-02,21.079999923706055,21.5,20.850000381469727,21.09000015258789,19.299253463745117,76600,ABCB
2014-05-05,20.889999389648438,20.989999771118164,20.549999237060547,20.889999389648438,19.116233825683594,62200,ABCB
2014-05-06,20.760000228881836,20.969999313354492,20.030000686645508,20.040000915527344,18.33840560913086,146000,ABCB
2014-05-07,20.149999618530273,20.510000228881836,19.8700008392334,20.219999313354492,18.503122329711914,164800,ABCB
2014-05-08,20.229999542236328,20.489999771118164,19.989999771118164,20.200000762939453,18.484825134277344,148400,ABCB
2014-05-09,20.040000915527344,20.709999084472656,20.040000915527344,20.6200008392334,18.869163513183594,102600,ABCB
2014-05-12,20.709999084472656,21.219999313354492,20.510000228881836,20.979999542236328,19.198591232299805,62600,ABCB
2014-05-13,21.010000228881836,21.049999237060547,20.81999969482422,20.850000381469727,19.079633712768555,99000,ABCB
2014-05-14,20.760000228881836,20.760000228881836,20.299999237060547,20.34000015258789,18.612939834594727,148300,ABCB
2014-05-15,20.15999984741211,20.190000534057617,19.770000457763672,19.889999389648438,18.201141357421875,178600,ABCB
2014-05-16,19.84000015258789,19.899999618530273,19.610000610351562,19.729999542236328,18.054729461669922,88100,ABCB
2014-05-19,19.6200008392334,20.200000762939453,19.450000762939453,20.049999237060547,18.347558975219727,53400,ABCB
2014-05-20,19.799999237060547,19.979999542236328,19.5,19.8799991607666,18.191993713378906,124700,ABCB
2014-05-21,20.06999969482422,20.540000915527344,20.06999969482422,20.360000610351562,18.631240844726562,181300,ABCB
2014-05-22,20.350000381469727,20.84000015258789,20.350000381469727,20.6200008392334,18.869163513183594,160200,ABCB
2014-05-23,20.670000076293945,20.969999313354492,20.670000076293945,20.899999618530273,19.12538719177246,50500,ABCB
2014-05-27,21.0,21.5,21.0,21.309999465942383,19.500572204589844,46300,ABCB
2014-05-28,21.219999313354492,21.219999313354492,20.90999984741211,21.010000228881836,19.226041793823242,41300,ABCB
2014-05-29,21.1200008392334,21.149999618530273,20.6200008392334,21.059999465942383,19.271800994873047,47500,ABCB
2014-05-30,21.1200008392334,21.299999237060547,20.90999984741211,21.010000228881836,19.226041793823242,56100,ABCB
2014-06-02,20.989999771118164,21.450000762939453,20.579999923706055,21.110000610351562,19.31755256652832,82700,ABCB
2014-06-03,20.950000762939453,21.309999465942383,20.8700008392334,21.09000015258789,19.299253463745117,80100,ABCB
2014-06-04,21.0,21.34000015258789,20.8799991607666,21.020000457763672,19.235198974609375,30200,ABCB
2014-06-05,20.979999542236328,21.670000076293945,20.760000228881836,21.670000076293945,19.83000946044922,45800,ABCB
2014-06-06,21.68000030517578,22.0,21.329999923706055,21.8799991607666,20.022171020507812,42900,ABCB
2014-06-09,21.940000534057617,22.440000534057617,21.610000610351562,22.290000915527344,20.39736557006836,39400,ABCB
2014-06-10,22.25,22.25,21.84000015258789,22.079999923706055,20.20519256591797,29300,ABCB
2014-06-11,21.950000762939453,22.030000686645508,21.350000381469727,21.8700008392334,20.013019561767578,38600,ABCB
2014-06-12,21.75,21.969999313354492,21.3700008392334,21.68000030517578,19.83915138244629,29700,ABCB
2014-06-13,21.809999465942383,22.030000686645508,21.43000030517578,21.520000457763672,19.69274139404297,28800,ABCB
2014-06-16,21.520000457763672,21.549999237060547,21.06999969482422,21.290000915527344,19.48227310180664,70400,ABCB
2014-06-17,21.350000381469727,21.93000030517578,21.350000381469727,21.81999969482422,19.96726417541504,38900,ABCB
2014-06-18,21.790000915527344,21.799999237060547,21.510000228881836,21.75,19.903213500976562,25200,ABCB
2014-06-19,21.799999237060547,21.799999237060547,21.520000457763672,21.700000762939453,19.857460021972656,32300,ABCB
2014-06-20,21.8700008392334,21.8799991607666,21.530000686645508,21.6299991607666,19.79340171813965,103000,ABCB
2014-06-23,21.610000610351562,21.610000610351562,21.270000457763672,21.280000686645508,19.47312355041504,82000,ABCB
2014-06-24,21.190000534057617,21.510000228881836,20.959999084472656,21.0,19.21689796447754,56100,ABCB
2014-06-25,20.850000381469727,21.579999923706055,20.68000030517578,21.450000762939453,19.628686904907227,98200,ABCB
2014-06-26,21.5,21.59000015258789,21.170000076293945,21.479999542236328,19.656139373779297,22400,ABCB
2014-06-27,21.299999237060547,21.68000030517578,21.270000457763672,21.579999923706055,19.747648239135742,172000,ABCB
2014-06-30,21.600000381469727,21.649999618530273,21.360000610351562,21.559999465942383,19.729345321655273,35600,ABCB
2014-07-01,21.600000381469727,22.389999389648438,21.600000381469727,22.09000015258789,20.214344024658203,70800,ABCB
2014-07-02,22.1200008392334,22.299999237060547,21.889999389648438,21.989999771118164,20.16848373413086,66700,ABCB
2014-07-03,22.06999969482422,22.43000030517578,22.06999969482422,22.420000076293945,20.562870025634766,32300,ABCB
2014-07-07,22.260000228881836,22.260000228881836,21.940000534057617,22.059999465942383,20.232685089111328,43200,ABCB
2014-07-08,22.079999923706055,22.079999923706055,21.59000015258789,21.829999923706055,20.02174186706543,46400,ABCB
2014-07-09,22.06999969482422,22.190000534057617,21.799999237060547,21.81999969482422,20.01256561279297,14300,ABCB
2014-07-10,21.469999313354492,21.719999313354492,21.1200008392334,21.520000457763672,19.737417221069336,46200,ABCB
2014-07-11,21.420000076293945,21.579999923706055,21.200000762939453,21.420000076293945,19.645702362060547,23700,ABCB
2014-07-14,21.690000534057617,21.690000534057617,21.329999923706055,21.5,19.719072341918945,44300,ABCB
2014-07-15,21.270000457763672,21.43000030517578,21.09000015258789,21.209999084472656,19.45309829711914,46200,ABCB
2014-07-16,21.40999984741211,21.579999923706055,21.049999237060547,21.100000381469727,19.35221290588379,43300,ABCB
2014-07-17,21.0,21.139999389648438,21.0,21.030000686645508,19.288007736206055,72300,ABCB
2014-07-18,20.850000381469727,21.350000381469727,20.850000381469727,21.149999618530273,19.39806365966797,69700,ABCB
2014-07-21,21.06999969482422,21.280000686645508,20.899999618530273,21.030000686645508,19.288007736206055,49800,ABCB
2014-07-22,21.110000610351562,21.559999465942383,21.06999969482422,21.190000534057617,19.434757232666016,26500,ABCB
2014-07-23,21.3700008392334,21.979999542236328,21.25,21.31999969482422,19.553985595703125,33500,ABCB
2014-07-24,21.290000915527344,21.530000686645508,21.020000457763672,21.059999465942383,19.315523147583008,48400,ABCB
2014-07-25,21.450000762939453,21.450000762939453,21.030000686645508,21.18000030517578,19.425580978393555,70100,ABCB
2014-07-28,21.149999618530273,21.239999771118164,21.0,21.0,19.260496139526367,51100,ABCB
2014-07-29,21.049999237060547,21.31999969482422,21.049999237060547,21.260000228881836,19.49895477294922,60700,ABCB
2014-07-30,21.399999618530273,21.780000686645508,21.25,21.760000228881836,19.95753288269043,133200,ABCB
2014-07-31,21.469999313354492,21.950000762939453,21.469999313354492,21.84000015258789,20.030912399291992,239100,ABCB
2014-08-01,21.920000076293945,22.079999923706055,21.479999542236328,21.639999389648438,19.847482681274414,111700,ABCB
2014-08-04,21.780000686645508,21.780000686645508,21.3799991607666,21.6200008392334,19.829133987426758,107900,ABCB
2014-08-05,21.469999313354492,21.8799991607666,21.469999313354492,21.709999084472656,19.91167640686035,58300,ABCB
2014-08-06,21.610000610351562,21.940000534057617,21.610000610351562,21.75,19.9483699798584,69300,ABCB
2014-08-07,21.75,21.81999969482422,21.389999389648438,21.610000610351562,19.819965362548828,60000,ABCB
2014-08-08,21.579999923706055,21.860000610351562,21.579999923706055,21.860000610351562,20.04925537109375,91400,ABCB
2014-08-11,21.889999389648438,22.25,21.809999465942383,22.149999618530273,20.315235137939453,174900,ABCB
2014-08-12,22.149999618530273,22.229999542236328,22.040000915527344,22.1200008392334,20.287721633911133,102400,ABCB
2014-08-13,22.149999618530273,22.3799991607666,22.1200008392334,22.209999084472656,20.37026023864746,100000,ABCB
2014-08-14,22.200000762939453,22.3700008392334,22.18000030517578,22.25,20.406946182250977,106600,ABCB
2014-08-15,22.489999771118164,22.489999771118164,22.139999389648438,22.34000015258789,20.48949432373047,117700,ABCB
2014-08-18,22.5,22.780000686645508,22.5,22.719999313354492,20.8380126953125,127100,ABCB
2014-08-19,22.649999618530273,22.770000457763672,22.389999389648438,22.739999771118164,20.85636329650879,110800,ABCB
2014-08-20,22.6299991607666,22.670000076293945,22.280000686645508,22.360000610351562,20.507837295532227,41400,ABCB
2014-08-21,22.34000015258789,23.09000015258789,22.09000015258789,23.059999465942383,21.149850845336914,193400,ABCB
2014-08-22,23.020000457763672,23.450000762939453,22.93000030517578,23.34000015258789,21.40665626525879,160800,ABCB
2014-08-25,23.40999984741211,24.25,23.40999984741211,24.040000915527344,22.048677444458008,160800,ABCB
2014-08-26,24.0,24.190000534057617,23.559999465942383,23.829999923706055,21.85606575012207,163200,ABCB
2014-08-27,23.770000457763672,23.770000457763672,23.3700008392334,23.469999313354492,21.52589225769043,100500,ABCB
2014-08-28,23.329999923706055,23.479999542236328,22.81999969482422,22.84000015258789,20.948074340820312,45800,ABCB
2014-08-29,22.850000381469727,22.969999313354492,22.6200008392334,22.889999389648438,20.99393081665039,40400,ABCB
2014-09-02,22.899999618530273,23.31999969482422,22.809999465942383,23.149999618530273,21.23240089416504,58500,ABCB
2014-09-03,23.18000030517578,23.299999237060547,22.81999969482422,22.860000610351562,20.966415405273438,42500,ABCB
2014-09-04,22.860000610351562,23.059999465942383,22.68000030517578,22.719999313354492,20.8380126953125,58500,ABCB
2014-09-05,22.59000015258789,22.799999237060547,22.489999771118164,22.719999313354492,20.8380126953125,63400,ABCB
2014-09-08,22.639999389648438,22.8799991607666,22.56999969482422,22.8799991607666,20.984756469726562,70800,ABCB
2014-09-09,22.799999237060547,22.920000076293945,22.530000686645508,22.719999313354492,20.8380126953125,58500,ABCB
2014-09-10,22.790000915527344,23.1299991607666,22.780000686645508,23.079999923706055,21.16819953918457,46100,ABCB
2014-09-11,23.020000457763672,23.329999923706055,23.020000457763672,23.260000228881836,21.33328628540039,60200,ABCB
2014-09-12,23.1200008392334,23.309999465942383,22.729999542236328,23.0,21.09482765197754,49800,ABCB
2014-09-15,23.059999465942383,23.059999465942383,22.579999923706055,22.770000457763672,20.88387680053711,60700,ABCB
2014-09-16,22.770000457763672,22.829999923706055,22.5,22.700000762939453,20.819673538208008,94300,ABCB
2014-09-17,22.65999984741211,22.920000076293945,22.510000228881836,22.670000076293945,20.79215431213379,57700,ABCB
2014-09-18,22.920000076293945,23.0,22.75,22.889999389648438,20.99393081665039,26300,ABCB
2014-09-19,22.920000076293945,23.100000381469727,22.229999542236328,22.31999969482422,20.471155166625977,154700,ABCB
2014-09-22,22.190000534057617,22.360000610351562,21.84000015258789,21.90999984741211,20.09511375427246,49400,ABCB
2014-09-23,21.8799991607666,22.149999618530273,21.81999969482422,21.989999771118164,20.16848373413086,83200,ABCB
2014-09-24,21.989999771118164,22.229999542236328,21.959999084472656,22.100000381469727,20.269371032714844,62600,ABCB
2014-09-25,21.989999771118164,22.049999237060547,21.670000076293945,21.920000076293945,20.104280471801758,69100,ABCB
2014-09-26,21.8799991607666,22.280000686645508,21.81999969482422,22.209999084472656,20.416828155517578,93400,ABCB
2014-09-29,21.979999542236328,22.139999389648438,21.899999618530273,22.059999465942383,20.27894401550293,90800,ABCB
2014-09-30,22.010000228881836,22.1200008392334,21.920000076293945,21.950000762939453,20.177831649780273,153400,ABCB
2014-10-01,21.899999618530273,22.110000610351562,21.760000228881836,21.950000762939453,20.177831649780273,178900,ABCB
2014-10-02,21.889999389648438,22.5,21.889999389648438,22.389999389648438,20.582305908203125,108500,ABCB
2014-10-03,22.600000381469727,22.600000381469727,22.260000228881836,22.40999984741211,20.600685119628906,95800,ABCB
2014-10-06,22.43000030517578,22.489999771118164,22.280000686645508,22.3700008392334,20.563919067382812,59100,ABCB
2014-10-07,22.200000762939453,22.420000076293945,22.1200008392334,22.299999237060547,20.49956703186035,67200,ABCB
2014-10-08,22.219999313354492,22.84000015258789,21.920000076293945,22.690000534057617,20.858076095581055,250000,ABCB
2014-10-09,22.690000534057617,22.690000534057617,22.06999969482422,22.18000030517578,20.389251708984375,54300,ABCB
2014-10-10,22.049999237060547,22.899999618530273,22.040000915527344,22.34000015258789,20.536338806152344,73600,ABCB
2014-10-13,22.350000381469727,23.0,22.350000381469727,22.899999618530273,21.051122665405273,72300,ABCB
2014-10-14,23.0,23.75,22.979999542236328,23.719999313354492,21.80491828918457,150900,ABCB
2014-10-15,23.360000610351562,23.530000686645508,23.09000015258789,23.510000228881836,21.611875534057617,116700,ABCB
2014-10-16,23.260000228881836,24.0,22.6200008392334,23.84000015258789,21.915233612060547,194400,ABCB
2014-10-17,24.0,24.0,23.100000381469727,23.75,21.832502365112305,202400,ABCB
2014-10-20,23.729999542236328,23.989999771118164,23.600000381469727,23.989999771118164,22.05312156677246,124500,ABCB
2014-10-21,24.0,24.25,23.579999923706055,24.200000762939453,22.24616813659668,117800,ABCB
2014-10-22,24.139999389648438,24.229999542236328,23.3700008392334,23.40999984741211,21.519948959350586,99000,ABCB
2014-10-23,23.59000015258789,23.799999237060547,23.329999923706055,23.489999771118164,21.593490600585938,83700,ABCB
2014-10-24,23.600000381469727,23.959999084472656,23.600000381469727,23.790000915527344,21.8692684173584,70200,ABCB
2014-10-27,23.649999618530273,23.950000762939453,23.389999389648438,23.950000762939453,22.01634979248047,38300,ABCB
2014-10-28,24.0,24.540000915527344,23.639999389648438,24.489999771118164,22.512758255004883,144600,ABCB
2014-10-29,24.56999969482422,24.68000030517578,24.239999771118164,24.5,22.521944046020508,136400,ABCB
2014-10-30,24.450000762939453,24.920000076293945,24.06999969482422,24.700000762939453,22.705793380737305,121700,ABCB
2014-10-31,24.8799991607666,25.0,24.739999771118164,24.799999237060547,22.797731399536133,190200,ABCB
2014-11-03,24.889999389648438,25.15999984741211,24.670000076293945,24.75,22.751760482788086,101700,ABCB
2014-11-04,24.6200008392334,24.709999084472656,24.260000228881836,24.59000015258789,22.60468101501465,68300,ABCB
2014-11-05,24.700000762939453,25.360000610351562,24.610000610351562,24.700000762939453,22.705793380737305,127900,ABCB
2014-11-06,24.739999771118164,24.940000534057617,24.739999771118164,24.850000381469727,22.84368896484375,50800,ABCB
2014-11-07,24.75,25.329999923706055,24.670000076293945,25.260000228881836,23.220584869384766,108300,ABCB
2014-11-10,26.510000228881836,26.739999771118164,25.530000686645508,25.549999237060547,23.48716926574707,215200,ABCB
2014-11-11,25.739999771118164,26.219999313354492,25.65999984741211,26.079999923706055,23.974382400512695,166200,ABCB
2014-11-12,26.079999923706055,26.530000686645508,26.06999969482422,26.479999542236328,24.342086791992188,169800,ABCB
2014-11-13,26.399999618530273,26.399999618530273,25.90999984741211,25.959999084472656,23.864065170288086,73200,ABCB
2014-11-14,25.979999542236328,26.15999984741211,25.649999618530273,25.700000762939453,23.625059127807617,120700,ABCB
2014-11-17,25.700000762939453,25.850000381469727,25.530000686645508,25.639999389648438,23.569902420043945,64700,ABCB
2014-11-18,25.700000762939453,25.899999618530273,25.59000015258789,25.639999389648438,23.569902420043945,58100,ABCB
2014-11-19,25.600000381469727,25.6200008392334,25.110000610351562,25.260000228881836,23.220584869384766,68300,ABCB
2014-11-20,25.200000762939453,25.5,25.139999389648438,25.34000015258789,23.294126510620117,109300,ABCB
2014-11-21,25.59000015258789,25.81999969482422,24.979999542236328,25.299999237060547,23.25735855102539,222400,ABCB
2014-11-24,25.479999542236328,25.860000610351562,25.299999237060547,25.75,23.671022415161133,149400,ABCB
2014-11-25,25.729999542236328,25.940000534057617,25.34000015258789,25.799999237060547,23.716983795166016,205900,ABCB
2014-11-26,25.850000381469727,25.850000381469727,25.239999771118164,25.709999084472656,23.63425064086914,199800,ABCB
2014-11-28,25.780000686645508,25.8700008392334,25.1299991607666,25.149999618530273,23.119468688964844,55500,ABCB
2014-12-01,25.190000534057617,25.260000228881836,24.469999313354492,24.540000915527344,22.558713912963867,135400,ABCB
2014-12-02,24.649999618530273,25.229999542236328,24.6299991607666,24.700000762939453,22.705793380737305,74900,ABCB
2014-12-03,24.700000762939453,25.0,24.610000610351562,24.920000076293945,22.908037185668945,86600,ABCB
2014-12-04,24.829999923706055,25.059999465942383,24.700000762939453,24.889999389648438,22.88045310974121,94400,ABCB
2014-12-05,25.0,25.489999771118164,24.889999389648438,25.450000762939453,23.39525032043457,144400,ABCB
2014-12-08,25.25,25.8799991607666,25.25,25.43000030517578,23.376863479614258,86600,ABCB
2014-12-09,25.239999771118164,26.0,25.049999237060547,25.940000534057617,23.84568977355957,105800,ABCB
2014-12-10,25.760000228881836,25.899999618530273,25.18000030517578,25.270000457763672,23.229778289794922,90200,ABCB
2014-12-11,25.43000030517578,25.829999923706055,25.170000076293945,25.489999771118164,23.43201446533203,79400,ABCB
2014-12-12,25.209999084472656,25.520000457763672,25.15999984741211,25.209999084472656,23.174619674682617,56600,ABCB
2014-12-15,25.270000457763672,25.920000076293945,25.260000228881836,25.639999389648438,23.569902420043945,124000,ABCB
2014-12-16,25.610000610351562,26.25,25.610000610351562,25.760000228881836,23.68021583557129,87500,ABCB
2014-12-17,25.860000610351562,26.34000015258789,25.59000015258789,26.25,24.130659103393555,109000,ABCB
2014-12-18,26.600000381469727,26.600000381469727,25.93000030517578,25.959999084472656,23.864065170288086,131100,ABCB
2014-12-19,25.889999389648438,25.979999542236328,25.579999923706055,25.579999923706055,23.514753341674805,171800,ABCB
2014-12-22,25.559999465942383,25.760000228881836,25.450000762939453,25.579999923706055,23.514753341674805,138700,ABCB
2014-12-23,25.6200008392334,25.81999969482422,25.350000381469727,25.709999084472656,23.63425064086914,74000,ABCB
2014-12-24,25.729999542236328,26.0,25.489999771118164,25.940000534057617,23.84568977355957,20100,ABCB
2014-12-26,26.0,26.079999923706055,25.829999923706055,25.969999313354492,23.873260498046875,36900,ABCB
2014-12-29,26.010000228881836,26.270000457763672,25.93000030517578,26.0,23.946950912475586,82800,ABCB
2014-12-30,25.959999084472656,26.040000915527344,25.780000686645508,25.989999771118164,23.93773651123047,39900,ABCB
2014-12-31,26.0,26.09000015258789,25.600000381469727,25.639999389648438,23.615367889404297,79900,ABCB
2015-01-02,25.829999923706055,25.860000610351562,24.920000076293945,25.270000457763672,23.274585723876953,73300,ABCB
2015-01-05,25.219999313354492,25.6299991607666,24.959999084472656,25.25,23.25617027282715,119800,ABCB
2015-01-06,25.260000228881836,25.260000228881836,24.40999984741211,24.729999542236328,22.77722930908203,103300,ABCB
2015-01-07,24.93000030517578,25.059999465942383,24.440000534057617,24.489999771118164,22.556184768676758,60400,ABCB
2015-01-08,24.600000381469727,24.850000381469727,24.540000915527344,24.700000762939453,22.749595642089844,56600,ABCB
2015-01-09,24.649999618530273,24.649999618530273,23.940000534057617,23.969999313354492,22.077239990234375,62800,ABCB
2015-01-12,23.979999542236328,24.020000457763672,23.549999237060547,23.770000457763672,21.89303207397461,72600,ABCB
2015-01-13,23.860000610351562,24.440000534057617,23.5,23.809999465942383,21.92987823486328,42600,ABCB
2015-01-14,23.540000915527344,24.799999237060547,23.5,23.6299991607666,21.764089584350586,54400,ABCB
2015-01-15,23.610000610351562,23.610000610351562,22.969999313354492,23.0,21.183839797973633,100300,ABCB
2015-01-16,22.899999618530273,23.579999923706055,22.709999084472656,23.489999771118164,21.635141372680664,59400,ABCB
2015-01-20,23.559999465942383,24.18000030517578,23.049999237060547,23.350000381469727,21.50619888305664,52900,ABCB
2015-01-21,23.239999771118164,23.65999984741211,22.90999984741211,23.010000228881836,21.193052291870117,74400,ABCB
2015-01-22,23.190000534057617,24.59000015258789,23.139999389648438,24.59000015258789,22.648284912109375,75900,ABCB
2015-01-23,24.65999984741211,24.690000534057617,23.979999542236328,24.15999984741211,22.252241134643555,42600,ABCB
2015-01-26,24.0,24.31999969482422,23.59000015258789,24.299999237060547,22.381181716918945,46100,ABCB
2015-01-27,23.920000076293945,23.920000076293945,23.389999389648438,23.5,21.64435386657715,66400,ABCB
2015-01-28,23.610000610351562,23.639999389648438,22.709999084472656,22.75,20.953580856323242,77800,ABCB
2015-01-29,22.75,24.90999984741211,22.75,24.690000534057617,22.740388870239258,260800,ABCB
2015-01-30,24.5,25.0,24.110000610351562,24.1299991607666,22.224607467651367,117900,ABCB
2015-02-02,24.25,24.739999771118164,24.1200008392334,24.579999923706055,22.639074325561523,103700,ABCB
2015-02-03,24.729999542236328,25.889999389648438,24.729999542236328,25.18000030517578,23.191696166992188,132600,ABCB
2015-02-04,25.010000228881836,25.31999969482422,24.799999237060547,24.889999389648438,22.924591064453125,183300,ABCB
2015-02-05,24.56999969482422,25.329999923706055,24.530000686645508,25.1299991607666,23.14564323425293,194200,ABCB
2015-02-06,25.149999618530273,25.6299991607666,25.149999618530273,25.459999084472656,23.449583053588867,94100,ABCB
2015-02-09,25.329999923706055,25.59000015258789,24.989999771118164,25.15999984741211,23.173274993896484,42000,ABCB
2015-02-10,25.3799991607666,25.690000534057617,24.860000610351562,25.100000381469727,23.118011474609375,83500,ABCB
2015-02-11,24.979999542236328,25.200000762939453,24.780000686645508,24.860000610351562,22.896963119506836,59800,ABCB
2015-02-12,24.940000534057617,25.56999969482422,24.84000015258789,25.510000228881836,23.495635986328125,73700,ABCB
2015-02-13,25.440000534057617,25.860000610351562,25.399999618530273,25.75,23.716684341430664,78000,ABCB
2015-02-17,25.700000762939453,26.049999237060547,25.530000686645508,25.989999771118164,23.93773651123047,57100,ABCB
2015-02-18,25.8700008392334,26.040000915527344,25.68000030517578,25.81999969482422,23.781160354614258,53100,ABCB
2015-02-19,25.84000015258789,25.989999771118164,25.700000762939453,25.760000228881836,23.72589683532715,27500,ABCB
2015-02-20,25.829999923706055,26.030000686645508,25.530000686645508,26.0,23.946950912475586,52900,ABCB
2015-02-23,25.850000381469727,26.09000015258789,25.540000915527344,26.040000915527344,23.983787536621094,60800,ABCB
2015-02-24,26.030000686645508,26.3700008392334,26.030000686645508,26.260000228881836,24.186412811279297,42200,ABCB
2015-02-25,26.170000076293945,26.31999969482422,26.139999389648438,26.200000762939453,24.13115119934082,99500,ABCB
2015-02-26,26.1200008392334,26.489999771118164,26.09000015258789,26.290000915527344,24.21404457092285,375700,ABCB
2015-02-27,26.229999542236328,26.350000381469727,26.049999237060547,26.170000076293945,24.10352325439453,156000,ABCB
2015-03-02,26.15999984741211,26.350000381469727,25.8799991607666,26.0,23.946950912475586,96100,ABCB
2015-03-03,25.8700008392334,26.049999237060547,25.700000762939453,25.760000228881836,23.72589683532715,96400,ABCB
2015-03-04,25.610000610351562,25.799999237060547,25.43000030517578,25.440000534057617,23.431163787841797,30500,ABCB
2015-03-05,25.540000915527344,25.760000228881836,25.25,25.600000381469727,23.57853126525879,64800,ABCB
2015-03-06,25.520000457763672,26.399999618530273,25.280000686645508,25.399999618530273,23.394325256347656,81700,ABCB
2015-03-09,25.3799991607666,25.90999984741211,25.3799991607666,25.739999771118164,23.70747184753418,52400,ABCB
2015-03-10,25.329999923706055,25.5,25.149999618530273,25.440000534057617,23.431163787841797,68000,ABCB
2015-03-11,25.420000076293945,25.790000915527344,25.389999389648438,25.760000228881836,23.72589683532715,61500,ABCB
2015-03-12,26.020000457763672,26.649999618530273,26.010000228881836,26.549999237060547,24.453510284423828,70800,ABCB
2015-03-13,26.600000381469727,26.600000381469727,25.770000457763672,26.399999618530273,24.315359115600586,61800,ABCB
2015-03-16,26.600000381469727,26.600000381469727,26.18000030517578,26.3799991607666,24.296939849853516,103600,ABCB
2015-03-17,26.31999969482422,26.450000762939453,26.110000610351562,26.15999984741211,24.094310760498047,68700,ABCB
2015-03-18,26.290000915527344,26.479999542236328,25.920000076293945,26.06999969482422,24.011423110961914,74700,ABCB
2015-03-19,26.110000610351562,26.299999237060547,25.940000534057617,26.020000457763672,23.96536636352539,57800,ABCB
2015-03-20,26.200000762939453,26.59000015258789,25.860000610351562,25.899999618530273,23.854848861694336,490300,ABCB
2015-03-23,25.899999618530273,26.049999237060547,25.850000381469727,26.030000686645508,23.974578857421875,173200,ABCB
2015-03-24,25.989999771118164,26.25,25.809999465942383,26.190000534057617,24.121946334838867,71500,ABCB
2015-03-25,26.25,26.5,26.020000457763672,26.149999618530273,24.085094451904297,134000,ABCB
2015-03-26,26.1299991607666,26.530000686645508,26.020000457763672,26.43000030517578,24.342987060546875,140000,ABCB
2015-03-27,26.389999389648438,26.420000076293945,26.1200008392334,26.309999465942383,24.27839469909668,78800,ABCB
2015-03-30,26.399999618530273,26.670000076293945,26.389999389648438,26.530000686645508,24.48141098022461,92000,ABCB
2015-03-31,26.399999618530273,26.889999389648438,26.010000228881836,26.389999389648438,24.352214813232422,656200,ABCB
2015-04-01,26.3799991607666,26.670000076293945,26.229999542236328,26.65999984741211,24.601369857788086,111900,ABCB
2015-04-02,26.610000610351562,27.010000228881836,26.59000015258789,26.8700008392334,24.795154571533203,188700,ABCB
2015-04-06,26.790000915527344,26.81999969482422,26.350000381469727,26.440000534057617,24.398359298706055,80000,ABCB
2015-04-07,26.459999084472656,26.709999084472656,26.459999084472656,26.489999771118164,24.444496154785156,50800,ABCB
2015-04-08,26.440000534057617,26.709999084472656,26.440000534057617,26.59000015258789,24.536773681640625,39500,ABCB
2015-04-09,26.5,26.850000381469727,25.959999084472656,26.469999313354492,24.426036834716797,74000,ABCB
2015-04-10,26.579999923706055,26.760000228881836,26.469999313354492,26.65999984741211,24.601369857788086,72000,ABCB
2015-04-13,26.700000762939453,26.860000610351562,26.700000762939453,26.799999237060547,24.730558395385742,52500,ABCB
2015-04-14,26.809999465942383,26.809999465942383,26.389999389648438,26.469999313354492,24.426036834716797,47500,ABCB
2015-04-15,26.5,27.0,26.260000228881836,26.690000534057617,24.629056930541992,62700,ABCB
2015-04-16,26.59000015258789,26.59000015258789,26.170000076293945,26.309999465942383,24.27839469909668,61100,ABCB
2015-04-17,26.100000381469727,26.280000686645508,25.510000228881836,25.65999984741211,23.678590774536133,63400,ABCB
2015-04-20,25.809999465942383,26.1299991607666,25.5,25.670000076293945,23.68781089782715,115100,ABCB
2015-04-21,25.700000762939453,26.239999771118164,25.649999618530273,25.760000228881836,23.770864486694336,51200,ABCB
2015-04-22,25.739999771118164,25.799999237060547,25.290000915527344,25.670000076293945,23.68781089782715,52400,ABCB
2015-04-23,24.950000762939453,25.540000915527344,24.68000030517578,25.18000030517578,23.235654830932617,366000,ABCB
2015-04-24,25.06999969482422,25.3799991607666,24.459999084472656,24.81999969482422,22.90345001220703,131200,ABCB
2015-04-27,24.780000686645508,25.0,24.469999313354492,24.950000762939453,23.023412704467773,146100,ABCB
2015-04-28,24.899999618530273,25.510000228881836,24.899999618530273,25.459999084472656,23.494029998779297,73500,ABCB
2015-04-29,25.360000610351562,25.649999618530273,25.239999771118164,25.3799991607666,23.420211791992188,50300,ABCB
2015-04-30,25.219999313354492,25.440000534057617,24.790000915527344,24.989999771118164,23.060327529907227,111900,ABCB
2015-05-01,25.0,25.329999923706055,24.639999389648438,24.729999542236328,22.820398330688477,164700,ABCB
2015-05-04,24.860000610351562,25.6200008392334,24.6200008392334,24.850000381469727,22.93113899230957,161500,ABCB
2015-05-05,24.709999084472656,24.899999618530273,24.420000076293945,24.760000228881836,22.848085403442383,398700,ABCB
2015-05-06,24.760000228881836,25.0,24.440000534057617,24.770000457763672,22.857309341430664,56400,ABCB
2015-05-07,24.700000762939453,25.219999313354492,24.450000762939453,25.139999389648438,23.198745727539062,104200,ABCB
2015-05-08,25.3700008392334,25.469999313354492,25.06999969482422,25.139999389648438,23.198745727539062,81700,ABCB
2015-05-11,25.030000686645508,25.3799991607666,25.030000686645508,25.219999313354492,23.272560119628906,51000,ABCB
2015-05-12,25.049999237060547,25.15999984741211,24.600000381469727,25.020000457763672,23.0880069732666,74900,ABCB
2015-05-13,25.049999237060547,25.290000915527344,24.860000610351562,25.190000534057617,23.244882583618164,51600,ABCB
2015-05-14,25.260000228881836,25.530000686645508,25.100000381469727,25.31999969482422,23.364843368530273,46200,ABCB
2015-05-15,25.299999237060547,25.469999313354492,24.81999969482422,24.989999771118164,23.060327529907227,50100,ABCB
2015-05-18,24.950000762939453,25.59000015258789,24.950000762939453,25.420000076293945,23.457122802734375,59800,ABCB
2015-05-19,25.360000610351562,25.670000076293945,25.299999237060547,25.610000610351562,23.6324462890625,83900,ABCB
2015-05-20,25.600000381469727,26.1299991607666,25.440000534057617,25.8799991607666,23.881603240966797,236800,ABCB
2015-05-21,26.040000915527344,26.040000915527344,25.6299991607666,25.8700008392334,23.872371673583984,91000,ABCB
2015-05-22,25.850000381469727,25.969999313354492,25.479999542236328,25.510000228881836,23.540170669555664,71900,ABCB
2015-05-26,25.40999984741211,25.790000915527344,25.15999984741211,25.229999542236328,23.281795501708984,119300,ABCB
2015-05-27,25.239999771118164,25.459999084472656,24.780000686645508,25.280000686645508,23.32793426513672,212000,ABCB
2015-05-28,25.149999618530273,25.469999313354492,24.979999542236328,25.25,23.300247192382812,71200,ABCB
2015-05-29,25.209999084472656,25.469999313354492,24.809999465942383,25.190000534057617,23.244882583618164,115900,ABCB
2015-06-01,25.40999984741211,25.459999084472656,24.780000686645508,25.190000534057617,23.244882583618164,121600,ABCB
2015-06-02,25.06999969482422,25.469999313354492,25.010000228881836,25.260000228881836,23.309476852416992,121000,ABCB
2015-06-03,25.299999237060547,25.81999969482422,25.299999237060547,25.649999618530273,23.66935920715332,70200,ABCB
2015-06-04,25.469999313354492,25.639999389648438,25.030000686645508,25.31999969482422,23.364843368530273,85500,ABCB
2015-06-05,25.440000534057617,25.889999389648438,25.229999542236328,25.8799991607666,23.881603240966797,61400,ABCB
2015-06-08,25.84000015258789,26.170000076293945,25.809999465942383,25.81999969482422,23.826231002807617,94700,ABCB
2015-06-09,25.950000762939453,26.06999969482422,25.81999969482422,25.979999542236328,23.973878860473633,82100,ABCB
2015-06-10,26.149999618530273,26.399999618530273,26.110000610351562,26.350000381469727,24.315309524536133,134500,ABCB
2015-06-11,26.350000381469727,26.350000381469727,26.1200008392334,26.290000915527344,24.259944915771484,49000,ABCB
2015-06-12,26.149999618530273,26.25,25.989999771118164,26.239999771118164,24.21380043029785,91600,ABCB
2015-06-15,26.0,26.100000381469727,25.809999465942383,25.959999084472656,23.95542335510254,128500,ABCB
2015-06-16,25.850000381469727,26.149999618530273,25.780000686645508,26.1299991607666,24.112300872802734,87800,ABCB
2015-06-17,26.190000534057617,26.239999771118164,25.639999389648438,25.670000076293945,23.68781089782715,75400,ABCB
2015-06-18,25.760000228881836,26.0,25.600000381469727,25.850000381469727,23.85391616821289,91600,ABCB
2015-06-19,25.850000381469727,25.850000381469727,25.079999923706055,25.59000015258789,23.613994598388672,223500,ABCB
2015-06-22,25.860000610351562,25.93000030517578,25.579999923706055,25.780000686645508,23.789321899414062,169300,ABCB
2015-06-23,25.75,25.989999771118164,25.639999389648438,25.8799991607666,23.881603240966797,84900,ABCB
2015-06-24,25.850000381469727,25.989999771118164,25.760000228881836,25.829999923706055,23.835458755493164,72500,ABCB
2015-06-25,25.940000534057617,26.0,25.6299991607666,25.690000534057617,23.706270217895508,73500,ABCB
2015-06-26,25.75,26.010000228881836,25.540000915527344,25.959999084472656,24.00213623046875,248700,ABCB
2015-06-29,25.739999771118164,25.950000762939453,25.350000381469727,25.360000610351562,23.447391510009766,90900,ABCB
2015-06-30,25.610000610351562,25.65999984741211,24.010000228881836,25.290000915527344,23.382667541503906,208800,ABCB
2015-07-01,25.540000915527344,25.59000015258789,25.209999084472656,25.239999771118164,23.33643913269043,141200,ABCB
2015-07-02,25.25,25.25,24.739999771118164,24.969999313354492,23.086801528930664,142400,ABCB
2015-07-06,24.670000076293945,25.389999389648438,24.670000076293945,25.3799991607666,23.465879440307617,322500,ABCB
2015-07-07,25.290000915527344,25.5,24.75,25.40999984741211,23.493616104125977,127100,ABCB
2015-07-08,25.239999771118164,25.399999618530273,25.010000228881836,25.329999923706055,23.419649124145508,76100,ABCB
2015-07-09,25.68000030517578,25.790000915527344,25.399999618530273,25.700000762939453,23.761749267578125,149000,ABCB
2015-07-10,25.920000076293945,26.010000228881836,25.780000686645508,25.989999771118164,24.029874801635742,87100,ABCB
2015-07-13,26.06999969482422,26.25,25.899999618530273,25.90999984741211,23.955907821655273,99000,ABCB
2015-07-14,25.850000381469727,26.020000457763672,25.65999984741211,26.010000228881836,24.04836654663086,187500,ABCB
2015-07-15,25.969999313354492,26.239999771118164,25.600000381469727,26.06999969482422,24.103843688964844,112700,ABCB
2015-07-16,26.270000457763672,26.40999984741211,26.020000457763672,26.1200008392334,24.150068283081055,96900,ABCB
2015-07-17,26.110000610351562,26.18000030517578,25.75,26.09000015258789,24.122333526611328,65700,ABCB
2015-07-20,26.100000381469727,26.229999542236328,25.84000015258789,25.979999542236328,24.020631790161133,58700,ABCB
2015-07-21,25.959999084472656,26.31999969482422,25.8700008392334,26.040000915527344,24.07610511779785,65300,ABCB
2015-07-22,26.0,26.350000381469727,26.0,26.350000381469727,24.362728118896484,126900,ABCB
2015-07-23,26.309999465942383,26.479999542236328,25.719999313354492,25.989999771118164,24.029874801635742,125300,ABCB
2015-07-24,25.350000381469727,26.190000534057617,25.15999984741211,25.979999542236328,24.020631790161133,311500,ABCB
2015-07-27,25.690000534057617,25.959999084472656,25.690000534057617,25.93000030517578,23.974403381347656,134300,ABCB
2015-07-28,26.030000686645508,26.25,25.8700008392334,26.170000076293945,24.19630241394043,182300,ABCB
2015-07-29,26.149999618530273,26.639999389648438,25.979999542236328,26.469999313354492,24.473669052124023,117800,ABCB
2015-07-30,26.450000762939453,27.0,26.420000076293945,26.93000030517578,24.89897918701172,141800,ABCB
2015-07-31,26.920000076293945,27.049999237060547,26.729999542236328,27.010000228881836,24.972949981689453,164500,ABCB
2015-08-03,27.0,27.450000762939453,26.959999084472656,27.3700008392334,25.305801391601562,173600,ABCB
2015-08-04,27.270000457763672,27.889999389648438,27.270000457763672,27.780000686645508,25.68487548828125,171800,ABCB
2015-08-05,27.850000381469727,28.280000686645508,27.850000381469727,28.239999771118164,26.110179901123047,132500,ABCB
2015-08-06,28.239999771118164,28.450000762939453,27.940000534057617,28.139999389648438,26.017730712890625,211100,ABCB
2015-08-07,28.0,28.139999389648438,27.649999618530273,27.940000534057617,25.832815170288086,139200,ABCB
2015-08-10,28.030000686645508,28.549999237060547,28.020000457763672,28.510000228881836,26.359821319580078,174300,ABCB
2015-08-11,28.309999465942383,28.540000915527344,27.93000030517578,28.200000762939453,26.073200225830078,81500,ABCB
2015-08-12,28.020000457763672,28.100000381469727,27.209999084472656,27.770000457763672,25.67563247680664,115900,ABCB
2015-08-13,27.809999465942383,28.0,27.65999984741211,27.760000228881836,25.666385650634766,56600,ABCB
2015-08-14,27.719999313354492,28.489999771118164,27.719999313354492,28.280000686645508,26.147172927856445,165500,ABCB
2015-08-17,28.25,28.989999771118164,27.920000076293945,28.5,26.350574493408203,137100,ABCB
2015-08-18,28.43000030517578,28.940000534057617,28.15999984741211,28.309999465942383,26.17490005493164,113800,ABCB
2015-08-19,28.219999313354492,28.540000915527344,27.899999618530273,28.1299991607666,26.008480072021484,74100,ABCB
2015-08-20,27.950000762939453,27.969999313354492,27.459999084472656,27.700000762939453,25.61090660095215,132700,ABCB
2015-08-21,27.209999084472656,27.899999618530273,27.040000915527344,27.639999389648438,25.555435180664062,243100,ABCB
2015-08-24,26.540000915527344,27.399999618530273,26.3700008392334,26.700000762939453,24.68633270263672,305300,ABCB
2015-08-25,27.459999084472656,27.459999084472656,26.079999923706055,26.1299991607666,24.15932273864746,193200,ABCB
2015-08-26,26.719999313354492,26.920000076293945,25.940000534057617,26.6200008392334,24.612363815307617,169300,ABCB
2015-08-27,26.770000457763672,27.18000030517578,26.479999542236328,26.670000076293945,24.65859031677246,127200,ABCB
2015-08-28,26.489999771118164,26.899999618530273,26.290000915527344,26.799999237060547,24.778785705566406,130200,ABCB
2015-08-31,26.670000076293945,27.420000076293945,26.639999389648438,27.270000457763672,25.213340759277344,145300,ABCB
2015-09-01,26.84000015258789,27.030000686645508,26.270000457763672,26.3799991607666,24.39045524597168,110300,ABCB
2015-09-02,26.68000030517578,26.889999389648438,26.190000534057617,26.700000762939453,24.68633270263672,188700,ABCB
2015-09-03,26.799999237060547,27.329999923706055,26.729999542236328,27.229999542236328,25.176353454589844,198700,ABCB
2015-09-04,26.920000076293945,27.450000762939453,26.920000076293945,27.389999389648438,25.32428550720215,87900,ABCB
2015-09-08,27.729999542236328,27.899999618530273,27.329999923706055,27.670000076293945,25.583171844482422,128900,ABCB
2015-09-09,27.700000762939453,27.899999618530273,27.450000762939453,27.670000076293945,25.583171844482422,244300,ABCB
2015-09-10,27.6299991607666,28.010000228881836,27.540000915527344,27.860000610351562,25.75884437561035,109500,ABCB
2015-09-11,27.690000534057617,27.969999313354492,27.690000534057617,27.889999389648438,25.786577224731445,93100,ABCB
2015-09-14,27.889999389648438,28.239999771118164,27.790000915527344,28.18000030517578,26.054710388183594,328200,ABCB
2015-09-15,28.260000228881836,28.579999923706055,28.079999923706055,28.510000228881836,26.359821319580078,153300,ABCB
2015-09-16,28.56999969482422,28.59000015258789,28.209999084472656,28.579999923706055,26.42453956604004,263900,ABCB
2015-09-17,28.600000381469727,28.989999771118164,28.219999313354492,28.309999465942383,26.17490005493164,150800,ABCB
2015-09-18,27.969999313354492,28.219999313354492,27.010000228881836,27.65999984741211,25.57392692565918,1548300,ABCB
2015-09-21,27.889999389648438,28.450000762939453,27.729999542236328,28.06999969482422,25.953006744384766,118900,ABCB
2015-09-22,27.850000381469727,28.170000076293945,27.6299991607666,27.760000228881836,25.666385650634766,98400,ABCB
2015-09-23,27.84000015258789,28.030000686645508,27.68000030517578,27.850000381469727,25.749595642089844,146700,ABCB
2015-09-24,27.690000534057617,28.399999618530273,27.690000534057617,28.299999237060547,26.165658950805664,209300,ABCB
2015-09-25,28.600000381469727,28.829999923706055,28.360000610351562,28.360000610351562,26.221132278442383,158800,ABCB
2015-09-28,28.170000076293945,28.450000762939453,28.0,28.110000610351562,26.035888671875,147100,ABCB
2015-09-29,28.229999542236328,28.600000381469727,28.06999969482422,28.469999313354492,26.36933135986328,149900,ABCB
2015-09-30,28.6200008392334,28.81999969482422,28.389999389648438,28.75,26.628665924072266,331100,ABCB
2015-10-01,28.829999923706055,29.399999618530273,27.790000915527344,28.280000686645508,26.19335174560547,528200,ABCB
2015-10-02,28.040000915527344,28.280000686645508,27.299999237060547,28.100000381469727,26.026626586914062,252800,ABCB
2015-10-05,28.31999969482422,28.600000381469727,27.950000762939453,28.219999313354492,26.137773513793945,110600,ABCB
2015-10-06,28.239999771118164,28.3799991607666,27.719999313354492,27.950000762939453,25.887699127197266,252200,ABCB
2015-10-07,28.139999389648438,28.469999313354492,27.989999771118164,28.440000534057617,26.34154510498047,112800,ABCB
2015-10-08,28.399999618530273,28.549999237060547,28.15999984741211,28.510000228881836,26.406375885009766,145500,ABCB
2015-10-09,28.530000686645508,28.540000915527344,28.15999984741211,28.170000076293945,26.091461181640625,76000,ABCB
2015-10-12,28.170000076293945,28.59000015258789,28.079999923706055,28.489999771118164,26.38785171508789,82800,ABCB
2015-10-13,28.420000076293945,28.6200008392334,28.309999465942383,28.43000030517578,26.3322811126709,72000,ABCB
2015-10-14,28.3799991607666,28.3799991607666,27.579999923706055,27.649999618530273,25.609832763671875,90700,ABCB
2015-10-15,27.75,28.540000915527344,27.739999771118164,28.540000915527344,26.434165954589844,199200,ABCB
2015-10-16,28.610000610351562,28.790000915527344,28.020000457763672,28.75,26.628665924072266,101100,ABCB
2015-10-19,28.639999389648438,28.8700008392334,28.06999969482422,28.579999923706055,26.471210479736328,82300,ABCB
2015-10-20,28.56999969482422,28.920000076293945,28.489999771118164,28.84000015258789,26.71202850341797,86100,ABCB
2015-10-21,28.920000076293945,29.100000381469727,28.440000534057617,28.530000686645508,26.424901962280273,102700,ABCB
2015-10-22,28.600000381469727,29.170000076293945,28.43000030517578,28.670000076293945,26.5545711517334,120800,ABCB
2015-10-23,29.030000686645508,30.3799991607666,29.030000686645508,30.149999618530273,27.925369262695312,220600,ABCB
2015-10-26,30.139999389648438,30.530000686645508,30.079999923706055,30.469999313354492,28.221755981445312,224900,ABCB
2015-10-27,30.34000015258789,30.969999313354492,30.280000686645508,30.829999923706055,28.555191040039062,314700,ABCB
2015-10-28,32.25,32.75,31.989999771118164,32.33000183105469,29.944515228271484,1616000,ABCB
2015-10-29,31.6299991607666,32.9900016784668,31.540000915527344,32.4900016784668,30.092714309692383,909600,ABCB
2015-10-30,32.56999969482422,32.56999969482422,31.010000228881836,31.5,29.17575454711914,3141000,ABCB
2015-11-02,31.459999084472656,31.799999237060547,30.899999618530273,31.25,28.944202423095703,493700,ABCB
2015-11-03,31.229999542236328,31.389999389648438,31.010000228881836,31.290000915527344,28.98125457763672,419200,ABCB
2015-11-04,31.3799991607666,31.59000015258789,31.209999084472656,31.549999237060547,29.22207260131836,202300,ABCB
2015-11-05,31.540000915527344,32.2400016784668,31.399999618530273,32.189998626708984,29.81484603881836,189100,ABCB
2015-11-06,32.130001068115234,33.4900016784668,32.130001068115234,33.4900016784668,31.0189208984375,310500,ABCB
2015-11-09,33.41999816894531,33.58000183105469,33.130001068115234,33.459999084472656,30.991140365600586,206200,ABCB
2015-11-10,33.459999084472656,33.9900016784668,33.400001525878906,33.65999984741211,31.17638397216797,140200,ABCB
2015-11-11,33.810001373291016,33.970001220703125,33.150001525878906,33.2599983215332,30.805896759033203,95500,ABCB
2015-11-12,33.040000915527344,33.349998474121094,32.68000030517578,32.900001525878906,30.472454071044922,135900,ABCB
2015-11-13,32.790000915527344,33.04999923706055,32.0,32.2400016784668,29.861156463623047,145700,ABCB
2015-11-16,32.099998474121094,32.56999969482422,31.329999923706055,32.400001525878906,30.00935935974121,200200,ABCB
2015-11-17,32.5,33.2599983215332,32.45000076293945,32.900001525878906,30.472454071044922,230800,ABCB
2015-11-18,32.959999084472656,33.099998474121094,32.470001220703125,33.08000183105469,30.63918113708496,158700,ABCB
2015-11-19,33.099998474121094,33.650001525878906,32.91999816894531,33.58000183105469,31.10228157043457,166000,ABCB
2015-11-20,33.630001068115234,33.970001220703125,33.20000076293945,33.790000915527344,31.29678726196289,327000,ABCB
2015-11-23,33.95000076293945,34.220001220703125,33.90999984741211,34.11000061035156,31.59317970275879,207700,ABCB
2015-11-24,33.86000061035156,34.2400016784668,33.5099983215332,33.61000061035156,31.13007354736328,158100,ABCB
2015-11-25,33.599998474121094,33.81999969482422,33.5,33.77000045776367,31.278270721435547,141000,ABCB
2015-11-27,33.7400016784668,34.41999816894531,33.630001068115234,34.380001068115234,31.843259811401367,82200,ABCB
2015-11-30,34.52000045776367,34.63999938964844,34.040000915527344,34.189998626708984,31.667264938354492,202400,ABCB
2015-12-01,34.400001525878906,34.59000015258789,34.15999984741211,34.459999084472656,31.91734504699707,258000,ABCB
2015-12-02,34.5,34.7599983215332,34.150001525878906,34.20000076293945,31.676530838012695,266500,ABCB
2015-12-03,34.5,34.619998931884766,33.959999084472656,34.06999969482422,31.55613136291504,158200,ABCB
2015-12-04,34.119998931884766,34.93000030517578,34.040000915527344,34.880001068115234,32.30635452270508,161200,ABCB
2015-12-07,34.900001525878906,34.9900016784668,34.54999923706055,34.84000015258789,32.26931381225586,235900,ABCB
2015-12-08,34.650001525878906,35.209999084472656,34.650001525878906,34.900001525878906,32.32489776611328,216700,ABCB
2015-12-09,34.75,34.91999816894531,34.04999923706055,34.290000915527344,31.759889602661133,290000,ABCB
2015-12-10,34.209999084472656,34.29999923706055,33.400001525878906,33.4900016784668,31.0189208984375,248100,ABCB
2015-12-11,33.0,33.61000061035156,32.47999954223633,32.849998474121094,30.426143646240234,286600,ABCB
2015-12-14,32.81999969482422,33.79999923706055,32.630001068115234,33.560001373291016,31.083759307861328,302500,ABCB
2015-12-15,33.88999938964844,34.709999084472656,32.599998474121094,34.41999816894531,31.880306243896484,189700,ABCB
2015-12-16,34.7400016784668,34.7400016784668,33.77000045776367,34.38999938964844,31.852516174316406,379300,ABCB
2015-12-17,34.47999954223633,35.099998474121094,34.11000061035156,34.25,31.722850799560547,407400,ABCB
2015-12-18,34.0,34.119998931884766,32.779998779296875,33.09000015258789,30.6484375,1480100,ABCB
2015-12-21,33.150001525878906,34.0099983215332,33.150001525878906,33.439998626708984,30.972606658935547,232000,ABCB
2015-12-22,33.58000183105469,33.90999984741211,33.09000015258789,33.83000183105469,31.333833694458008,189100,ABCB
2015-12-23,34.0,34.20000076293945,33.72999954223633,33.97999954223633,31.472766876220703,170000,ABCB
2015-12-24,34.0,34.41999816894531,33.93000030517578,34.15999984741211,31.639488220214844,168800,ABCB
2015-12-28,34.150001525878906,34.470001220703125,33.720001220703125,34.40999984741211,31.871036529541016,161600,ABCB
2015-12-29,34.56999969482422,34.88999938964844,34.2599983215332,34.869998931884766,32.344093322753906,120400,ABCB
2015-12-30,34.810001373291016,34.9900016784668,34.52000045776367,34.56999969482422,32.065834045410156,134700,ABCB
2015-12-31,34.439998626708984,34.72999954223633,33.95000076293945,33.9900016784668,31.52784538269043,198700,ABCB
2016-01-04,33.43000030517578,33.810001373291016,32.529998779296875,32.54999923706055,30.19215202331543,244100,ABCB
2016-01-05,32.599998474121094,32.91999816894531,32.130001068115234,32.68000030517578,30.31273651123047,258100,ABCB
2016-01-06,32.13999938964844,32.43000030517578,32.060001373291016,32.13999938964844,29.81184959411621,510400,ABCB
2016-01-07,31.700000762939453,32.16999816894531,31.43000030517578,31.540000915527344,29.25531578063965,366500,ABCB
2016-01-08,31.770000457763672,32.0,31.139999389648438,31.229999542236328,28.967769622802734,396400,ABCB
2016-01-11,31.3700008392334,31.729999542236328,30.969999313354492,31.200000762939453,28.9399471282959,318100,ABCB
2016-01-12,31.540000915527344,31.8799991607666,30.6200008392334,31.030000686645508,28.782262802124023,219600,ABCB
2016-01-13,31.079999923706055,31.079999923706055,30.239999771118164,30.420000076293945,28.216445922851562,436300,ABCB
2016-01-14,30.579999923706055,30.760000228881836,30.100000381469727,30.200000762939453,28.012378692626953,258500,ABCB
2016-01-15,29.459999084472656,29.790000915527344,29.010000228881836,29.690000534057617,27.53932762145996,299300,ABCB
2016-01-19,30.010000228881836,30.209999084472656,29.270000457763672,29.56999969482422,27.428016662597656,139600,ABCB
2016-01-20,29.18000030517578,29.670000076293945,28.68000030517578,29.280000686645508,27.15902328491211,196000,ABCB
2016-01-21,29.260000228881836,29.40999984741211,28.899999618530273,29.219999313354492,27.103368759155273,229400,ABCB
2016-01-22,28.290000915527344,29.649999618530273,26.68000030517578,27.610000610351562,25.60999298095703,977800,ABCB
2016-01-25,27.360000610351562,27.6200008392334,26.670000076293945,26.729999542236328,24.79374122619629,323200,ABCB
2016-01-26,26.610000610351562,27.270000457763672,26.5,27.219999313354492,25.248245239257812,566500,ABCB
2016-01-27,27.1200008392334,27.8799991607666,26.90999984741211,27.59000015258789,25.591447830200195,445100,ABCB
2016-01-28,27.8799991607666,28.290000915527344,27.760000228881836,27.959999084472656,25.934640884399414,181800,ABCB
2016-01-29,28.049999237060547,28.950000762939453,27.829999923706055,28.93000030517578,26.834379196166992,330500,ABCB
2016-02-01,28.790000915527344,28.809999465942383,28.139999389648438,28.600000381469727,26.528282165527344,307100,ABCB
2016-02-02,28.25,28.5,28.139999389648438,28.299999237060547,26.25001335144043,206100,ABCB
2016-02-03,28.420000076293945,28.420000076293945,27.309999465942383,27.84000015258789,25.823331832885742,210800,ABCB
2016-02-04,27.809999465942383,28.170000076293945,27.219999313354492,27.399999618530273,25.415205001831055,174600,ABCB
2016-02-05,27.479999542236328,27.579999923706055,26.579999923706055,26.579999923706055,24.654603958129883,191600,ABCB
2016-02-08,26.399999618530273,26.530000686645508,25.75,25.81999969482422,23.94965934753418,322800,ABCB
2016-02-09,25.520000457763672,26.639999389648438,25.459999084472656,26.260000228881836,24.357786178588867,279100,ABCB
2016-02-10,26.360000610351562,26.860000610351562,25.889999389648438,25.979999542236328,24.09807014465332,288000,ABCB
2016-02-11,25.510000228881836,25.81999969482422,24.959999084472656,25.09000015258789,23.27253532409668,193300,ABCB
2016-02-12,25.5,25.90999984741211,25.200000762939453,25.709999084472656,23.847627639770508,314200,ABCB
2016-02-16,26.040000915527344,26.600000381469727,25.790000915527344,26.360000610351562,24.450544357299805,425000,ABCB
2016-02-17,26.510000228881836,26.68000030517578,25.3700008392334,26.0,24.116619110107422,382700,ABCB
2016-02-18,26.079999923706055,26.18000030517578,25.670000076293945,25.809999465942383,23.940385818481445,263500,ABCB
2016-02-19,25.75,26.6200008392334,25.709999084472656,26.270000457763672,24.367067337036133,241200,ABCB
2016-02-22,26.450000762939453,26.65999984741211,25.950000762939453,26.5,24.580400466918945,225400,ABCB
2016-02-23,26.3799991607666,26.719999313354492,26.020000457763672,26.290000915527344,24.3856143951416,164500,ABCB
2016-02-24,26.059999465942383,26.459999084472656,25.799999237060547,26.399999618530273,24.487646102905273,150300,ABCB
2016-02-25,26.3799991607666,26.639999389648438,26.219999313354492,26.56999969482422,24.64533233642578,63800,ABCB
2016-02-26,26.799999237060547,27.31999969482422,26.75,27.15999984741211,25.192590713500977,143700,ABCB
2016-02-29,27.1200008392334,27.700000762939453,26.940000534057617,26.989999771118164,25.034910202026367,188200,ABCB
2016-03-01,27.25,27.770000457763672,27.18000030517578,27.59000015258789,25.591447830200195,150700,ABCB
2016-03-02,27.6200008392334,28.25,27.1299991607666,27.549999237060547,25.55434226989746,155500,ABCB
2016-03-03,27.510000228881836,28.3700008392334,27.43000030517578,28.329999923706055,26.277841567993164,178600,ABCB
2016-03-04,28.350000381469727,28.559999465942383,28.040000915527344,28.200000762939453,26.157257080078125,130100,ABCB
2016-03-07,28.079999923706055,28.34000015258789,27.8799991607666,28.270000457763672,26.22218132019043,82100,ABCB
2016-03-08,28.020000457763672,28.209999084472656,27.280000686645508,27.93000030517578,25.906816482543945,101900,ABCB
2016-03-09,28.059999465942383,28.1299991607666,27.559999465942383,27.670000076293945,25.665651321411133,70900,ABCB
2016-03-10,27.739999771118164,28.09000015258789,27.5,27.940000534057617,25.91609001159668,95500,ABCB
2016-03-11,28.15999984741211,28.440000534057617,28.010000228881836,28.420000076293945,26.361324310302734,134200,ABCB
2016-03-14,28.420000076293945,29.280000686645508,28.3700008392334,29.010000228881836,26.90858268737793,610300,ABCB
2016-03-15,28.809999465942383,28.969999313354492,28.270000457763672,28.329999923706055,26.277841567993164,194200,ABCB
2016-03-16,28.299999237060547,28.56999969482422,28.06999969482422,28.5,26.43552589416504,232100,ABCB
2016-03-17,28.489999771118164,29.209999084472656,28.290000915527344,29.100000381469727,26.9920597076416,248700,ABCB
2016-03-18,29.299999237060547,29.829999923706055,29.270000457763672,29.43000030517578,27.298160552978516,487000,ABCB
2016-03-21,29.43000030517578,29.799999237060547,28.899999618530273,29.110000610351562,27.001340866088867,159500,ABCB
2016-03-22,28.969999313354492,29.68000030517578,28.110000610351562,28.90999984741211,26.81583023071289,75900,ABCB
2016-03-23,28.860000610351562,29.520000457763672,28.600000381469727,28.700000762939453,26.621042251586914,102800,ABCB
2016-03-24,28.510000228881836,29.299999237060547,28.059999465942383,28.790000915527344,26.704517364501953,110500,ABCB
2016-03-28,28.920000076293945,28.979999542236328,28.450000762939453,28.770000457763672,26.685970306396484,84200,ABCB
2016-03-29,28.690000534057617,29.440000534057617,28.18000030517578,29.040000915527344,26.983301162719727,222300,ABCB
2016-03-30,29.100000381469727,29.25,28.729999542236328,29.030000686645508,26.97401237487793,250600,ABCB
2016-03-31,29.079999923706055,29.670000076293945,28.959999084472656,29.579999923706055,27.48505973815918,169800,ABCB
2016-04-01,29.3700008392334,29.610000610351562,29.1299991607666,29.459999084472656,27.37355613708496,140000,ABCB
2016-04-04,29.489999771118164,29.8700008392334,29.049999237060547,29.100000381469727,27.039052963256836,143600,ABCB
2016-04-05,28.84000015258789,28.969999313354492,28.360000610351562,28.3700008392334,26.36075210571289,186300,ABCB
2016-04-06,28.450000762939453,28.690000534057617,28.18000030517578,28.510000228881836,26.490840911865234,160600,ABCB
2016-04-07,28.3799991607666,28.59000015258789,27.729999542236328,27.889999389648438,25.91474723815918,230500,ABCB
2016-04-08,28.049999237060547,28.5,27.899999618530273,28.170000076293945,26.1749210357666,96000,ABCB
2016-04-11,28.34000015258789,28.81999969482422,28.290000915527344,28.6200008392334,26.593050003051758,101400,ABCB
2016-04-12,28.59000015258789,28.959999084472656,28.329999923706055,28.84000015258789,26.79747200012207,118200,ABCB
2016-04-13,29.059999465942383,29.969999313354492,29.059999465942383,29.850000381469727,27.735933303833008,129200,ABCB
2016-04-14,29.809999465942383,30.809999465942383,29.709999084472656,30.56999969482422,28.40494155883789,565200,ABCB
2016-04-15,30.510000228881836,30.989999771118164,30.229999542236328,30.90999984741211,28.720863342285156,184900,ABCB
2016-04-18,30.719999313354492,31.079999923706055,30.350000381469727,30.969999313354492,28.776613235473633,94900,ABCB
2016-04-19,31.0,31.190000534057617,30.809999465942383,31.079999923706055,28.87881851196289,208200,ABCB
2016-04-20,31.059999465942383,31.149999618530273,30.399999618530273,31.010000228881836,28.813783645629883,240100,ABCB
2016-04-21,31.09000015258789,31.3700008392334,30.920000076293945,31.15999984741211,28.953161239624023,156600,ABCB
2016-04-22,31.31999969482422,32.7599983215332,31.219999313354492,32.38999938964844,30.096044540405273,435000,ABCB
2016-04-25,32.2599983215332,32.400001525878906,31.729999542236328,32.0099983215332,29.742958068847656,156900,ABCB
2016-04-26,31.3700008392334,32.0,31.260000228881836,31.799999237060547,29.547836303710938,542100,ABCB
2016-04-27,31.690000534057617,31.84000015258789,31.350000381469727,31.729999542236328,29.482791900634766,164800,ABCB
2016-04-28,31.719999313354492,31.8700008392334,31.309999465942383,31.399999618530273,29.17616081237793,102800,ABCB
2016-04-29,31.34000015258789,31.6299991607666,31.06999969482422,31.399999618530273,29.17616081237793,150900,ABCB
2016-05-02,31.56999969482422,31.690000534057617,31.229999542236328,31.399999618530273,29.17616081237793,301200,ABCB
2016-05-03,31.15999984741211,31.299999237060547,30.6299991607666,30.84000015258789,28.655820846557617,226000,ABCB
2016-05-04,30.739999771118164,31.239999771118164,30.3700008392334,30.59000015258789,28.42353057861328,165300,ABCB
2016-05-05,30.729999542236328,31.030000686645508,30.559999465942383,30.56999969482422,28.40494155883789,392600,ABCB
2016-05-06,30.469999313354492,30.809999465942383,30.170000076293945,30.790000915527344,28.609365463256836,198100,ABCB
2016-05-09,30.729999542236328,31.020000457763672,30.420000076293945,30.75,28.57219696044922,87500,ABCB
2016-05-10,30.81999969482422,31.5,30.739999771118164,31.25,29.036785125732422,131000,ABCB
2016-05-11,31.15999984741211,31.459999084472656,30.84000015258789,30.90999984741211,28.720863342285156,83300,ABCB
2016-05-12,31.09000015258789,31.200000762939453,30.65999984741211,30.989999771118164,28.795198440551758,114400,ABCB
2016-05-13,30.850000381469727,31.299999237060547,30.559999465942383,30.809999465942383,28.627944946289062,174900,ABCB
2016-05-16,30.739999771118164,31.530000686645508,30.739999771118164,31.149999618530273,28.943864822387695,240500,ABCB
2016-05-17,30.969999313354492,31.31999969482422,29.989999771118164,30.190000534057617,28.051856994628906,152600,ABCB
2016-05-18,30.15999984741211,31.15999984741211,30.15999984741211,31.0,28.804489135742188,242200,ABCB
2016-05-19,30.950000762939453,31.020000457763672,30.299999237060547,30.56999969482422,28.40494155883789,137400,ABCB
2016-05-20,30.760000228881836,31.15999984741211,30.690000534057617,30.899999618530273,28.71157455444336,185700,ABCB
2016-05-23,30.959999084472656,31.010000228881836,30.549999237060547,30.860000610351562,28.674402236938477,208200,ABCB
2016-05-24,30.899999618530273,31.25,30.770000457763672,31.149999618530273,28.943864822387695,960000,ABCB
2016-05-25,31.34000015258789,32.22999954223633,31.34000015258789,32.0,29.733673095703125,522600,ABCB
2016-05-26,32.0,32.099998474121094,31.700000762939453,31.809999465942383,29.557125091552734,186200,ABCB
2016-05-27,31.940000534057617,32.099998474121094,31.690000534057617,32.040000915527344,29.770830154418945,133500,ABCB
2016-05-31,32.2400016784668,32.2400016784668,31.700000762939453,31.829999923706055,29.57571029663086,150500,ABCB
2016-06-01,31.729999542236328,32.0,31.309999465942383,31.770000457763672,29.519956588745117,175500,ABCB
2016-06-02,31.670000076293945,31.899999618530273,31.43000030517578,31.8799991607666,29.62216567993164,160700,ABCB
2016-06-03,31.639999389648438,31.639999389648438,30.530000686645508,31.31999969482422,29.101825714111328,139200,ABCB
2016-06-06,31.3700008392334,32.0099983215332,31.280000686645508,31.940000534057617,29.677919387817383,151700,ABCB
2016-06-07,32.0,32.0099983215332,31.68000030517578,31.709999084472656,29.464204788208008,67200,ABCB
2016-06-08,31.68000030517578,31.969999313354492,31.549999237060547,31.8700008392334,29.612876892089844,67300,ABCB
2016-06-09,31.850000381469727,31.8700008392334,31.270000457763672,31.68000030517578,29.436328887939453,148900,ABCB
2016-06-10,31.3799991607666,31.729999542236328,31.299999237060547,31.559999465942383,29.324827194213867,98200,ABCB
2016-06-13,31.049999237060547,31.469999313354492,30.25,30.8700008392334,28.683700561523438,192600,ABCB
2016-06-14,30.760000228881836,31.0,30.139999389648438,30.190000534057617,28.051856994628906,144300,ABCB
2016-06-15,30.229999542236328,30.6200008392334,30.0,30.1200008392334,27.986818313598633,105700,ABCB
2016-06-16,29.860000610351562,30.0,29.399999618530273,29.649999618530273,27.550100326538086,182300,ABCB
2016-06-17,29.559999465942383,29.850000381469727,28.850000381469727,29.239999771118164,27.169139862060547,415300,ABCB
2016-06-20,29.65999984741211,30.010000228881836,29.420000076293945,29.469999313354492,27.382850646972656,137900,ABCB
2016-06-21,29.469999313354492,29.540000915527344,29.100000381469727,29.420000076293945,27.336389541625977,147500,ABCB
2016-06-22,29.469999313354492,29.969999313354492,29.469999313354492,29.579999923706055,27.48505973815918,129800,ABCB
2016-06-23,29.969999313354492,30.43000030517578,29.8700008392334,30.420000076293945,28.265567779541016,113200,ABCB
2016-06-24,28.979999542236328,29.350000381469727,28.729999542236328,28.989999771118164,26.936845779418945,1117700,ABCB
2016-06-27,28.59000015258789,28.6200008392334,27.920000076293945,27.950000762939453,25.970500946044922,279800,ABCB
2016-06-28,28.309999465942383,28.65999984741211,27.920000076293945,28.43000030517578,26.463844299316406,124100,ABCB
2016-06-29,28.729999542236328,29.270000457763672,28.31999969482422,29.209999084472656,27.189905166625977,147500,ABCB
2016-06-30,29.260000228881836,29.729999542236328,28.700000762939453,29.700000762939453,27.64601707458496,236200,ABCB
2016-07-01,29.549999237060547,29.75,29.25,29.450000762939453,27.413307189941406,180200,ABCB
2016-07-05,29.399999618530273,29.399999618530273,29.0,29.09000015258789,27.078203201293945,98600,ABCB
2016-07-06,28.950000762939453,29.280000686645508,28.899999618530273,29.1200008392334,27.10613250732422,114400,ABCB
2016-07-07,29.1299991607666,29.40999984741211,29.0,29.190000534057617,27.171287536621094,94300,ABCB
2016-07-08,29.559999465942383,29.809999465942383,29.469999313354492,29.579999923706055,27.53431510925293,133800,ABCB
2016-07-11,29.719999313354492,30.110000610351562,29.649999618530273,30.09000015258789,28.009048461914062,119800,ABCB
2016-07-12,30.049999237060547,30.760000228881836,30.049999237060547,30.520000457763672,28.409313201904297,149800,ABCB
2016-07-13,30.530000686645508,30.65999984741211,30.389999389648438,30.530000686645508,28.418621063232422,152100,ABCB
2016-07-14,30.899999618530273,30.920000076293945,30.549999237060547,30.860000610351562,28.725791931152344,144300,ABCB
2016-07-15,31.030000686645508,31.31999969482422,30.799999237060547,31.209999084472656,29.05158805847168,176700,ABCB
2016-07-18,31.219999313354492,31.229999542236328,30.760000228881836,30.770000457763672,28.642019271850586,98200,ABCB
2016-07-19,30.739999771118164,30.8700008392334,30.440000534057617,30.559999465942383,28.44654083251953,143200,ABCB
2016-07-20,30.56999969482422,30.709999084472656,30.309999465942383,30.450000762939453,28.34415054321289,61500,ABCB
2016-07-21,30.420000076293945,30.770000457763672,30.309999465942383,30.479999542236328,28.372072219848633,97500,ABCB
2016-07-22,30.920000076293945,31.950000762939453,30.790000915527344,31.93000030517578,29.72179412841797,196400,ABCB
2016-07-25,32.060001373291016,32.720001220703125,32.060001373291016,32.59000015258789,30.33615493774414,272100,ABCB
2016-07-26,32.54999923706055,33.130001068115234,32.38999938964844,33.040000915527344,30.755033493041992,260100,ABCB
2016-07-27,33.0099983215332,33.7400016784668,32.880001068115234,33.65999984741211,31.332155227661133,354400,ABCB
2016-07-28,33.61000061035156,33.650001525878906,33.209999084472656,33.400001525878906,31.090129852294922,156000,ABCB
2016-07-29,33.40999984741211,33.61000061035156,33.130001068115234,33.15999984741211,30.866729736328125,190400,ABCB
2016-08-01,33.08000183105469,33.29999923706055,32.81999969482422,32.90999984741211,30.634017944335938,130500,ABCB
2016-08-02,32.83000183105469,32.939998626708984,32.619998931884766,32.77000045776367,30.503704071044922,113400,ABCB
2016-08-03,32.650001525878906,32.97999954223633,32.349998474121094,32.79999923706055,30.53162384033203,139200,ABCB
2016-08-04,32.84000015258789,33.380001068115234,32.84000015258789,33.0099983215332,30.72710418701172,142000,ABCB
2016-08-05,33.02000045776367,33.81999969482422,32.869998931884766,33.79999923706055,31.462486267089844,224100,ABCB
2016-08-08,33.68000030517578,33.79999923706055,33.36000061035156,33.4900016784668,31.17391014099121,96600,ABCB
2016-08-09,33.529998779296875,33.810001373291016,33.45000076293945,33.790000915527344,31.453168869018555,91700,ABCB
2016-08-10,33.75,33.75,33.189998626708984,33.220001220703125,30.92258644104004,108000,ABCB
2016-08-11,33.2599983215332,33.5,33.08000183105469,33.400001525878906,31.090129852294922,75400,ABCB
2016-08-12,33.2400016784668,33.279998779296875,32.9900016784668,33.25,30.95050621032715,69000,ABCB
2016-08-15,33.18000030517578,33.630001068115234,33.18000030517578,33.47999954223633,31.16459846496582,78000,ABCB
2016-08-16,33.41999816894531,33.59000015258789,33.209999084472656,33.4900016784668,31.17391014099121,68300,ABCB
2016-08-17,33.4900016784668,33.79999923706055,33.369998931884766,33.459999084472656,31.14598846435547,69100,ABCB
2016-08-18,33.45000076293945,33.7599983215332,33.439998626708984,33.75,31.41592788696289,90000,ABCB
2016-08-19,33.70000076293945,33.75,32.7599983215332,33.599998474121094,31.27630043029785,105000,ABCB
2016-08-22,33.5,33.83000183105469,33.40999984741211,33.779998779296875,31.443851470947266,61300,ABCB
2016-08-23,33.93000030517578,34.029998779296875,33.72999954223633,33.810001373291016,31.471771240234375,130600,ABCB
2016-08-24,33.849998474121094,33.900001525878906,33.68000030517578,33.869998931884766,31.52763557434082,58500,ABCB
2016-08-25,33.849998474121094,34.029998779296875,33.27000045776367,33.9900016784668,31.63933563232422,111600,ABCB
2016-08-26,33.95000076293945,34.31999969482422,33.79999923706055,34.0099983215332,31.657947540283203,91000,ABCB
2016-08-29,34.029998779296875,34.209999084472656,34.0,34.11000061035156,31.75102424621582,97400,ABCB
2016-08-30,34.130001068115234,34.41999816894531,34.02000045776367,34.40999984741211,32.0302848815918,79900,ABCB
2016-08-31,34.599998474121094,34.900001525878906,34.31999969482422,34.81999969482422,32.411930084228516,243400,ABCB
2016-09-01,35.0,35.06999969482422,34.560001373291016,34.9900016784668,32.5701789855957,231200,ABCB
2016-09-02,35.13999938964844,35.2599983215332,34.720001220703125,35.25,32.81219482421875,168200,ABCB
2016-09-06,35.40999984741211,35.40999984741211,34.869998931884766,35.15999984741211,32.72840881347656,237600,ABCB
2016-09-07,35.099998474121094,35.83000183105469,34.900001525878906,35.79999923706055,33.324153900146484,248700,ABCB
2016-09-08,35.79999923706055,35.849998474121094,35.58000183105469,35.779998779296875,33.305538177490234,139600,ABCB
2016-09-09,35.81999969482422,36.20000076293945,35.720001220703125,35.77000045776367,33.296226501464844,305200,ABCB
2016-09-12,35.619998931884766,35.779998779296875,35.040000915527344,35.68000030517578,33.21245574951172,178400,ABCB
2016-09-13,35.369998931884766,35.599998474121094,35.06999969482422,35.459999084472656,33.00767135620117,136900,ABCB
2016-09-14,35.5,35.75,35.18000030517578,35.29999923706055,32.85873794555664,178400,ABCB
2016-09-15,35.349998474121094,35.58000183105469,35.16999816894531,35.20000076293945,32.76565170288086,194600,ABCB
2016-09-16,35.25,35.400001525878906,34.720001220703125,35.29999923706055,32.85873794555664,1145000,ABCB
2016-09-19,35.2400016784668,35.56999969482422,34.95000076293945,35.36000061035156,32.914588928222656,210100,ABCB
2016-09-20,35.400001525878906,35.560001373291016,35.029998779296875,35.099998474121094,32.67256546020508,203000,ABCB
2016-09-21,35.2400016784668,35.470001220703125,34.880001068115234,35.36000061035156,32.914588928222656,146800,ABCB
2016-09-22,35.36000061035156,35.47999954223633,35.09000015258789,35.459999084472656,33.00767135620117,252600,ABCB
2016-09-23,35.290000915527344,35.88999938964844,35.2599983215332,35.65999984741211,33.1938362121582,196600,ABCB
2016-09-26,35.4900016784668,35.4900016784668,34.849998474121094,34.869998931884766,32.458465576171875,106400,ABCB
2016-09-27,34.47999954223633,34.81999969482422,33.79999923706055,34.560001373291016,32.1699104309082,201000,ABCB
2016-09-28,34.54999923706055,34.810001373291016,34.25,34.79999923706055,32.487308502197266,185100,ABCB
2016-09-29,34.83000183105469,34.88999938964844,34.290000915527344,34.349998474121094,32.06721115112305,142300,ABCB
2016-09-30,34.400001525878906,35.119998931884766,34.119998931884766,34.95000076293945,32.627342224121094,202300,ABCB
2016-10-03,34.72999954223633,35.040000915527344,34.61000061035156,35.02000045776367,32.692691802978516,174300,ABCB
2016-10-04,35.08000183105469,35.900001525878906,35.0,35.189998626708984,32.85139846801758,143300,ABCB
2016-10-05,35.25,35.81999969482422,35.20000076293945,35.54999923706055,33.18746566772461,237400,ABCB
2016-10-06,35.59000015258789,35.95000076293945,35.38999938964844,35.689998626708984,33.318172454833984,171900,ABCB
2016-10-07,35.66999816894531,35.689998626708984,35.310001373291016,35.61000061035156,33.24348449707031,102900,ABCB
2016-10-10,35.70000076293945,36.20000076293945,35.70000076293945,36.18000030517578,33.77560043334961,119300,ABCB
2016-10-11,36.20000076293945,36.310001373291016,35.68000030517578,35.86000061035156,33.47686767578125,84700,ABCB
2016-10-12,35.75,36.220001220703125,35.7400016784668,35.900001525878906,33.514217376708984,136500,ABCB
2016-10-13,35.72999954223633,35.72999954223633,35.0099983215332,35.209999084472656,32.870059967041016,85700,ABCB
2016-10-14,35.43000030517578,35.869998931884766,35.36000061035156,35.779998779296875,33.40218734741211,161600,ABCB
2016-10-17,36.25,36.25,35.400001525878906,35.79999923706055,33.42085647583008,197400,ABCB
2016-10-18,36.25,36.25,35.599998474121094,35.75,33.37418746948242,155000,ABCB
2016-10-19,35.900001525878906,36.04999923706055,35.79999923706055,35.900001525878906,33.514217376708984,180100,ABCB
2016-10-20,35.70000076293945,35.95000076293945,35.349998474121094,35.54999923706055,33.18746566772461,151300,ABCB
2016-10-21,35.349998474121094,36.0,35.349998474121094,35.849998474121094,33.4675407409668,118000,ABCB
2016-10-24,36.150001525878906,36.650001525878906,36.0,36.20000076293945,33.79426956176758,206700,ABCB
2016-10-25,36.25,36.47999954223633,36.0,36.45000076293945,34.02766418457031,145600,ABCB
2016-10-26,36.349998474121094,36.58000183105469,36.25,36.400001525878906,33.98099136352539,175600,ABCB
2016-10-27,36.599998474121094,36.599998474121094,36.150001525878906,36.20000076293945,33.79426956176758,106500,ABCB
2016-10-28,36.150001525878906,36.20000076293945,35.7599983215332,36.04999923706055,33.65424346923828,89000,ABCB
2016-10-31,36.0,36.33000183105469,35.849998474121094,36.29999923706055,33.88761901855469,182200,ABCB
2016-11-01,36.29999923706055,36.9900016784668,35.630001068115234,36.25,33.8409538269043,162000,ABCB
2016-11-02,36.29999923706055,36.29999923706055,35.5,35.650001525878906,33.28082275390625,87800,ABCB
2016-11-03,35.70000076293945,36.16999816894531,35.54999923706055,36.099998474121094,33.700923919677734,119600,ABCB
2016-11-04,36.099998474121094,36.54999923706055,35.79999923706055,36.099998474121094,33.700923919677734,92600,ABCB
2016-11-07,36.54999923706055,37.04999923706055,36.45000076293945,36.900001525878906,34.44775390625,141900,ABCB
2016-11-08,36.75,37.04999923706055,36.70000076293945,36.849998474121094,34.40108108520508,103200,ABCB
2016-11-09,37.150001525878906,39.25,35.150001525878906,38.900001525878906,36.314849853515625,495200,ABCB
2016-11-10,39.54999923706055,41.68000030517578,39.54999923706055,41.5,38.742061614990234,645900,ABCB
2016-11-11,41.5,42.70000076293945,41.20000076293945,42.650001525878906,39.815635681152344,302900,ABCB
2016-11-14,43.5,43.900001525878906,42.349998474121094,42.54999923706055,39.722267150878906,389800,ABCB
2016-11-15,42.599998474121094,42.70000076293945,41.400001525878906,42.5,39.67559814453125,229100,ABCB
2016-11-16,42.25,42.47999954223633,41.95000076293945,42.0,39.20883560180664,199100,ABCB
2016-11-17,42.0,42.25,40.04999923706055,41.849998474121094,39.06880187988281,272200,ABCB
2016-11-18,41.95000076293945,42.5,41.29999923706055,42.400001525878906,39.582252502441406,220200,ABCB
2016-11-21,42.45000076293945,43.04999923706055,42.099998474121094,43.0,40.14237594604492,122600,ABCB
2016-11-22,43.29999923706055,44.20000076293945,43.099998474121094,44.099998474121094,41.16926574707031,201800,ABCB
2016-11-23,44.099998474121094,44.54999923706055,43.849998474121094,44.45000076293945,41.49601364135742,163000,ABCB
2016-11-25,44.5,44.650001525878906,44.349998474121094,44.599998474121094,41.63603973388672,56900,ABCB
2016-11-28,44.45000076293945,44.5,43.529998779296875,43.75,40.8425178527832,124400,ABCB
2016-11-29,43.849998474121094,44.70000076293945,43.75,44.5,41.542686462402344,122400,ABCB
2016-11-30,44.900001525878906,45.29999923706055,44.529998779296875,44.849998474121094,41.86942672729492,119400,ABCB
2016-12-01,44.75,44.849998474121094,44.400001525878906,44.45000076293945,41.49601364135742,211700,ABCB
2016-12-02,44.45000076293945,44.5,43.79999923706055,44.20000076293945,41.26262664794922,127000,ABCB
2016-12-05,44.20000076293945,45.0,43.79999923706055,44.95000076293945,41.96278381347656,270600,ABCB
2016-12-06,45.25,46.54999923706055,44.95000076293945,46.5,43.40977478027344,222800,ABCB
2016-12-07,46.400001525878906,46.630001068115234,46.0,46.25,43.1763916015625,188000,ABCB
2016-12-08,46.45000076293945,47.45000076293945,46.09000015258789,47.29999923706055,44.15660858154297,143400,ABCB
2016-12-09,47.5,47.70000076293945,46.79999923706055,47.20000076293945,44.063255310058594,150000,ABCB
2016-12-12,47.25,47.400001525878906,45.150001525878906,45.400001525878906,42.38288497924805,210200,ABCB
2016-12-13,45.5,46.20000076293945,45.20000076293945,45.70000076293945,42.662940979003906,163200,ABCB
2016-12-14,45.400001525878906,46.150001525878906,45.150001525878906,45.45000076293945,42.4295539855957,144200,ABCB
2016-12-15,45.650001525878906,46.349998474121094,45.54999923706055,45.75,42.70961380004883,265500,ABCB
2016-12-16,45.650001525878906,46.04999923706055,45.04999923706055,45.150001525878906,42.14949417114258,411400,ABCB
2016-12-19,45.349998474121094,45.349998474121094,42.75,43.349998474121094,40.46910858154297,686800,ABCB
2016-12-20,43.04999923706055,44.45000076293945,42.75,44.04999923706055,41.12260437011719,291200,ABCB
2016-12-21,43.849998474121094,44.279998779296875,43.79999923706055,43.95000076293945,41.029232025146484,246900,ABCB
2016-12-22,43.900001525878906,44.349998474121094,43.75,43.95000076293945,41.029232025146484,181600,ABCB
2016-12-23,44.04999923706055,44.54999923706055,44.0,44.400001525878906,41.449337005615234,136000,ABCB
2016-12-27,44.5,45.099998474121094,44.29999923706055,45.099998474121094,42.10280990600586,109500,ABCB
2016-12-28,45.150001525878906,45.150001525878906,44.099998474121094,44.54999923706055,41.681793212890625,96000,ABCB
2016-12-29,44.5,45.04999923706055,44.099998474121094,44.45000076293945,41.58822250366211,133800,ABCB
2016-12-30,44.45000076293945,44.5,43.43000030517578,43.599998474121094,40.79293441772461,202500,ABCB
2017-01-03,44.150001525878906,44.68000030517578,43.25,43.70000076293945,40.88650894165039,231800,ABCB
2017-01-04,43.79999923706055,44.70000076293945,43.040000915527344,44.650001525878906,41.77534484863281,198600,ABCB
2017-01-05,44.45000076293945,44.70000076293945,43.20000076293945,44.20000076293945,41.35431671142578,172100,ABCB
2017-01-06,44.349998474121094,44.54999923706055,43.95000076293945,44.099998474121094,41.26074981689453,82600,ABCB
2017-01-09,43.54999923706055,43.54999923706055,41.79999923706055,42.900001525878906,40.13801574707031,275700,ABCB
2017-01-10,43.0,43.97999954223633,42.75,43.70000076293945,40.88650894165039,225800,ABCB
2017-01-11,43.75,44.54999923706055,43.29999923706055,44.54999923706055,41.681793212890625,224000,ABCB
2017-01-12,44.29999923706055,44.29999923706055,42.70000076293945,43.25,40.465476989746094,96100,ABCB
2017-01-13,43.5,44.599998474121094,43.099998474121094,43.25,40.465476989746094,132100,ABCB
2017-01-17,42.79999923706055,42.79999923706055,41.650001525878906,41.70000076293945,39.01527404785156,136000,ABCB
2017-01-18,42.0,42.130001068115234,41.599998474121094,42.099998474121094,39.3895263671875,117800,ABCB
2017-01-19,42.20000076293945,42.400001525878906,41.599998474121094,42.25,39.52986145019531,124500,ABCB
2017-01-20,42.0,43.650001525878906,41.599998474121094,43.20000076293945,40.418704986572266,212300,ABCB
2017-01-23,43.0,43.45000076293945,42.540000915527344,43.20000076293945,40.418704986572266,195200,ABCB
2017-01-24,43.400001525878906,44.349998474121094,43.349998474121094,44.29999923706055,41.4478759765625,266700,ABCB
2017-01-25,44.599998474121094,46.150001525878906,44.45000076293945,45.849998474121094,42.89808654785156,257800,ABCB
2017-01-26,46.0,46.0,45.349998474121094,45.650001525878906,42.710960388183594,183800,ABCB
2017-01-27,45.54999923706055,45.56999969482422,44.95000076293945,45.099998474121094,42.196372985839844,103100,ABCB
2017-01-30,44.70000076293945,44.95000076293945,44.04999923706055,44.75,41.868900299072266,239500,ABCB
2017-01-31,44.650001525878906,45.349998474121094,44.349998474121094,45.099998474121094,42.196372985839844,165600,ABCB
2017-02-01,45.5,46.20000076293945,44.75,45.04999923706055,42.14959716796875,130300,ABCB
2017-02-02,44.650001525878906,45.099998474121094,44.25,44.849998474121094,41.96247100830078,172200,ABCB
2017-02-03,45.349998474121094,46.45000076293945,45.20000076293945,46.400001525878906,43.412681579589844,166900,ABCB
2017-02-06,46.099998474121094,46.29999923706055,45.849998474121094,46.150001525878906,43.17878341674805,190700,ABCB
2017-02-07,46.29999923706055,46.400001525878906,45.54999923706055,45.650001525878906,42.710960388183594,179500,ABCB
2017-02-08,45.29999923706055,45.54999923706055,44.599998474121094,45.04999923706055,42.14959716796875,105900,ABCB
2017-02-09,45.150001525878906,46.20000076293945,45.150001525878906,46.150001525878906,43.17878341674805,123300,ABCB
2017-02-10,46.400001525878906,46.5,45.75,46.45000076293945,43.45946502685547,96600,ABCB
2017-02-13,46.900001525878906,47.900001525878906,46.79999923706055,47.25,44.20795440673828,230500,ABCB
2017-02-14,47.04999923706055,47.75,47.0,47.599998474121094,44.53541564941406,137000,ABCB
2017-02-15,47.849998474121094,48.0,47.25,47.900001525878906,44.816104888916016,126700,ABCB
2017-02-16,47.95000076293945,48.54999923706055,47.720001220703125,48.54999923706055,45.424259185791016,128000,ABCB
2017-02-17,48.400001525878906,49.0,47.95000076293945,48.75,45.611385345458984,205500,ABCB
2017-02-21,49.0,49.130001068115234,48.25,48.95000076293945,45.79850387573242,108600,ABCB
2017-02-22,48.650001525878906,49.45000076293945,48.52000045776367,49.20000076293945,46.032413482666016,94100,ABCB
2017-02-23,49.5,49.5,48.349998474121094,49.20000076293945,46.032413482666016,113900,ABCB
2017-02-24,48.20000076293945,48.900001525878906,47.5,48.75,45.611385345458984,77000,ABCB
2017-02-27,48.650001525878906,49.099998474121094,48.54999923706055,48.95000076293945,45.79850387573242,113800,ABCB
2017-02-28,48.79999923706055,48.79999923706055,47.900001525878906,48.29999923706055,45.19034957885742,193600,ABCB
2017-03-01,48.099998474121094,48.5,47.25,48.0,44.90966033935547,1506300,ABCB
2017-03-02,47.900001525878906,48.0,46.349998474121094,46.349998474121094,43.36589813232422,316600,ABCB
2017-03-03,46.54999923706055,47.45000076293945,46.04999923706055,46.95000076293945,43.92726516723633,285800,ABCB
2017-03-06,46.400001525878906,47.900001525878906,46.25,47.349998474121094,44.30152130126953,659900,ABCB
2017-03-07,47.29999923706055,47.5,46.75,46.79999923706055,43.786930084228516,215000,ABCB
2017-03-08,47.349998474121094,47.58000183105469,46.0,46.099998474121094,43.13199234008789,187000,ABCB
2017-03-09,46.04999923706055,46.83000183105469,45.599998474121094,46.0,43.0384407043457,225600,ABCB
2017-03-10,46.25,46.25,43.099998474121094,45.79999923706055,42.851318359375,442700,ABCB
2017-03-13,45.599998474121094,46.79999923706055,45.5,46.45000076293945,43.45946502685547,255700,ABCB
2017-03-14,46.0,46.599998474121094,45.25,46.5,43.506248474121094,185900,ABCB
2017-03-15,46.599998474121094,47.400001525878906,46.5,46.79999923706055,43.786930084228516,393300,ABCB
2017-03-16,47.04999923706055,47.75,46.75,47.70000076293945,44.62898635864258,248100,ABCB
2017-03-17,47.5,47.75,46.349998474121094,47.650001525878906,44.58219909667969,1090400,ABCB
2017-03-20,47.45000076293945,47.95000076293945,46.849998474121094,47.349998474121094,44.30152130126953,180800,ABCB
2017-03-21,47.5,47.54999923706055,44.25,44.529998779296875,41.663063049316406,393400,ABCB
2017-03-22,44.0,44.5,42.70000076293945,43.349998474121094,40.559043884277344,306400,ABCB
2017-03-23,43.04999923706055,44.099998474121094,43.04999923706055,43.5,40.69938659667969,200400,ABCB
2017-03-24,43.54999923706055,44.650001525878906,43.150001525878906,44.5,41.63500213623047,305700,ABCB
2017-03-27,43.599998474121094,44.70000076293945,42.95000076293945,44.650001525878906,41.77534484863281,238200,ABCB
2017-03-28,44.349998474121094,45.099998474121094,44.04999923706055,44.849998474121094,41.96247100830078,196500,ABCB
2017-03-29,44.70000076293945,44.70000076293945,43.95000076293945,44.400001525878906,41.63427734375,197000,ABCB
2017-03-30,44.5,46.599998474121094,44.5,46.400001525878906,43.50968933105469,215400,ABCB
2017-03-31,46.29999923706055,46.650001525878906,44.04999923706055,46.099998474121094,43.22837448120117,485000,ABCB
2017-04-03,46.099998474121094,46.20000076293945,44.45000076293945,45.099998474121094,42.29066467285156,209600,ABCB
2017-04-04,44.900001525878906,45.54999923706055,44.16999816894531,45.349998474121094,42.52509307861328,198400,ABCB
2017-04-05,45.75,46.0,44.150001525878906,44.20000076293945,41.44672393798828,210500,ABCB
2017-04-06,44.20000076293945,46.150001525878906,43.900001525878906,44.70000076293945,41.91558074951172,119500,ABCB
2017-04-07,44.349998474121094,44.900001525878906,44.099998474121094,44.349998474121094,41.5873908996582,188300,ABCB
2017-04-10,44.5,45.04999923706055,44.27000045776367,44.650001525878906,41.86869812011719,182600,ABCB
2017-04-11,44.400001525878906,45.04999923706055,44.099998474121094,44.900001525878906,42.103126525878906,82900,ABCB
2017-04-12,44.650001525878906,44.79999923706055,43.95000076293945,44.0,41.25918960571289,90500,ABCB
2017-04-13,43.70000076293945,44.400001525878906,43.150001525878906,43.20000076293945,40.5090217590332,184500,ABCB
2017-04-17,43.349998474121094,43.900001525878906,42.650001525878906,43.849998474121094,41.1185302734375,131300,ABCB
2017-04-18,43.5,44.150001525878906,43.0,43.599998474121094,40.88409423828125,192400,ABCB
2017-04-19,43.900001525878906,44.70000076293945,43.900001525878906,44.54999923706055,41.77493667602539,135900,ABCB
2017-04-20,44.900001525878906,45.79999923706055,44.650001525878906,45.75,42.90018081665039,155900,ABCB
2017-04-21,46.0,46.95000076293945,45.150001525878906,46.29999923706055,43.41592025756836,301100,ABCB
2017-04-24,47.45000076293945,47.900001525878906,47.0,47.45000076293945,44.49427795410156,260000,ABCB
2017-04-25,47.900001525878906,48.45000076293945,47.25,47.5,44.54116439819336,174000,ABCB
2017-04-26,48.5,49.45000076293945,48.45000076293945,49.20000076293945,46.135276794433594,390200,ABCB
2017-04-27,49.25,49.25,48.20000076293945,48.25,45.24445343017578,135900,ABCB
2017-04-28,48.400001525878906,48.45000076293945,47.04999923706055,47.099998474121094,44.166080474853516,121000,ABCB
2017-05-01,47.54999923706055,47.95000076293945,46.849998474121094,47.349998474121094,44.4005126953125,161100,ABCB
2017-05-02,47.45000076293945,47.54999923706055,46.650001525878906,46.79999923706055,43.8847770690918,213600,ABCB
2017-05-03,46.45000076293945,47.04999923706055,45.95000076293945,46.900001525878906,43.97854232788086,171000,ABCB
2017-05-04,47.29999923706055,47.95000076293945,46.849998474121094,47.150001525878906,44.212974548339844,143600,ABCB
2017-05-05,47.349998474121094,47.349998474121094,46.54999923706055,47.0,44.07231521606445,91400,ABCB
2017-05-08,46.900001525878906,47.29999923706055,46.650001525878906,47.150001525878906,44.212974548339844,104200,ABCB
2017-05-09,47.20000076293945,47.5,46.45000076293945,46.70000076293945,43.79099655151367,117600,ABCB
2017-05-10,46.400001525878906,47.029998779296875,46.29999923706055,46.599998474121094,43.697227478027344,93800,ABCB
2017-05-11,46.29999923706055,47.20000076293945,45.099998474121094,45.20000076293945,42.38443374633789,185900,ABCB
2017-05-12,44.900001525878906,45.0,44.04999923706055,44.650001525878906,41.86869812011719,219700,ABCB
2017-05-15,44.79999923706055,45.45000076293945,44.349998474121094,45.400001525878906,42.57197952270508,228000,ABCB
2017-05-16,45.349998474121094,46.0,44.79999923706055,45.95000076293945,43.08771896362305,160300,ABCB
2017-05-17,44.599998474121094,45.04999923706055,43.529998779296875,43.650001525878906,40.93099594116211,166900,ABCB
2017-05-18,43.5,44.349998474121094,43.04999923706055,43.95000076293945,41.21229934692383,152000,ABCB
2017-05-19,44.0,45.150001525878906,43.849998474121094,43.95000076293945,41.21229934692383,303300,ABCB
2017-05-22,43.619998931884766,44.650001525878906,43.619998931884766,44.400001525878906,41.63427734375,90500,ABCB
2017-05-23,44.400001525878906,45.599998474121094,44.029998779296875,45.25,42.43132781982422,197700,ABCB
2017-05-24,45.400001525878906,46.25,45.0,45.25,42.43132781982422,140800,ABCB
2017-05-25,45.45000076293945,45.650001525878906,44.849998474121094,45.099998474121094,42.29066467285156,109500,ABCB
2017-05-26,45.20000076293945,45.20000076293945,44.630001068115234,44.75,41.962459564208984,84400,ABCB
2017-05-30,44.54999923706055,44.54999923706055,43.70000076293945,43.95000076293945,41.21229934692383,75900,ABCB
2017-05-31,44.150001525878906,44.150001525878906,42.599998474121094,43.349998474121094,40.64967346191406,225300,ABCB
2017-06-01,43.70000076293945,44.099998474121094,43.0,44.04999923706055,41.30607604980469,142600,ABCB
2017-06-02,43.79999923706055,44.900001525878906,43.599998474121094,44.20000076293945,41.44672393798828,189000,ABCB
2017-06-05,44.25,44.599998474121094,43.849998474121094,44.04999923706055,41.30607604980469,157000,ABCB
2017-06-06,43.599998474121094,43.95000076293945,42.900001525878906,43.900001525878906,41.1654167175293,287500,ABCB
2017-06-07,43.95000076293945,44.79999923706055,43.900001525878906,44.599998474121094,41.82181167602539,159900,ABCB
2017-06-08,44.599998474121094,46.900001525878906,44.400001525878906,46.150001525878906,43.2752685546875,217000,ABCB
2017-06-09,46.599998474121094,49.29999923706055,46.349998474121094,49.25,46.182167053222656,293600,ABCB
2017-06-12,49.25,49.79999923706055,47.849998474121094,48.400001525878906,45.385108947753906,211900,ABCB
2017-06-13,48.54999923706055,48.95000076293945,47.900001525878906,48.20000076293945,45.19757080078125,186300,ABCB
2017-06-14,47.75,48.25,47.0,48.20000076293945,45.19757080078125,122200,ABCB
2017-06-15,47.650001525878906,48.79999923706055,47.650001525878906,48.400001525878906,45.385108947753906,74800,ABCB
2017-06-16,48.099998474121094,48.400001525878906,47.599998474121094,47.79999923706055,44.822479248046875,291800,ABCB
2017-06-19,48.0,48.43000030517578,47.400001525878906,47.54999923706055,44.58805465698242,93200,ABCB
2017-06-20,47.349998474121094,47.75,46.79999923706055,47.04999923706055,44.11919403076172,78100,ABCB
2017-06-21,47.20000076293945,47.349998474121094,46.400001525878906,46.400001525878906,43.50968933105469,80900,ABCB
2017-06-22,46.29999923706055,46.349998474121094,45.5099983215332,46.099998474121094,43.22837448120117,88000,ABCB
2017-06-23,46.150001525878906,46.45000076293945,45.650001525878906,46.400001525878906,43.50968933105469,277700,ABCB
2017-06-26,46.45000076293945,46.849998474121094,45.900001525878906,46.349998474121094,43.46280288696289,78500,ABCB
2017-06-27,46.599998474121094,47.400001525878906,46.349998474121094,47.04999923706055,44.11919403076172,134000,ABCB
2017-06-28,47.29999923706055,48.70000076293945,47.29999923706055,48.150001525878906,45.24684143066406,248100,ABCB
2017-06-29,49.099998474121094,49.25,48.04999923706055,48.75,45.81066131591797,192000,ABCB
2017-06-30,48.79999923706055,49.25,48.099998474121094,48.20000076293945,45.29383087158203,180800,ABCB
2017-07-03,48.349998474121094,49.599998474121094,48.25,49.29999923706055,46.327510833740234,73700,ABCB
2017-07-05,49.29999923706055,49.29999923706055,48.29999923706055,49.04999923706055,46.092586517333984,84200,ABCB
2017-07-06,49.0,49.75,48.349998474121094,48.900001525878906,45.95161819458008,189500,ABCB
2017-07-07,49.25,49.68000030517578,48.45000076293945,49.20000076293945,46.23353576660156,128700,ABCB
2017-07-10,49.04999923706055,49.04999923706055,48.0,48.099998474121094,45.19985580444336,121200,ABCB
2017-07-11,48.04999923706055,48.400001525878906,47.150001525878906,47.79999923706055,44.91795349121094,245400,ABCB
2017-07-12,47.650001525878906,48.20000076293945,46.939998626708984,47.20000076293945,44.354129791259766,191700,ABCB
2017-07-13,47.400001525878906,47.75,46.900001525878906,47.25,44.4011116027832,131100,ABCB
2017-07-14,46.79999923706055,46.97999954223633,46.04999923706055,46.75,43.93124771118164,444100,ABCB
2017-07-17,46.70000076293945,47.25,46.45000076293945,46.849998474121094,44.02522659301758,186900,ABCB
2017-07-18,46.45000076293945,47.04999923706055,46.20000076293945,46.79999923706055,43.97823715209961,97800,ABCB
2017-07-19,46.79999923706055,47.349998474121094,46.650001525878906,47.099998474121094,44.26015853881836,81900,ABCB
2017-07-20,47.099998474121094,47.70000076293945,46.79999923706055,47.150001525878906,44.30714416503906,112200,ABCB
2017-07-21,51.25,51.279998779296875,46.349998474121094,46.95000076293945,44.11919403076172,218100,ABCB
2017-07-24,46.29999923706055,47.25,46.150001525878906,47.099998474121094,44.26015853881836,254500,ABCB
2017-07-25,47.5,47.849998474121094,46.900001525878906,47.20000076293945,44.354129791259766,186300,ABCB
2017-07-26,47.25,47.25,45.95000076293945,45.95000076293945,43.17948913574219,135100,ABCB
2017-07-27,46.0,46.45000076293945,45.470001220703125,46.150001525878906,43.36743927001953,142300,ABCB
2017-07-28,46.0,46.20000076293945,45.400001525878906,45.75,42.991554260253906,102000,ABCB
2017-07-31,45.79999923706055,46.29999923706055,45.04999923706055,45.79999923706055,43.03854751586914,142700,ABCB
2017-08-01,46.099998474121094,47.04999923706055,45.849998474121094,46.54999923706055,43.743316650390625,117200,ABCB
2017-08-02,46.400001525878906,46.599998474121094,45.75,45.79999923706055,43.03854751586914,221600,ABCB
2017-08-03,45.70000076293945,46.150001525878906,45.380001068115234,45.45000076293945,42.70963668823242,111100,ABCB
2017-08-04,45.849998474121094,46.54999923706055,45.599998474121094,46.25,43.46140670776367,120000,ABCB
2017-08-07,46.29999923706055,46.29999923706055,45.25,45.349998474121094,42.61566925048828,195600,ABCB
2017-08-08,45.150001525878906,46.29999923706055,45.0,45.650001525878906,42.897579193115234,97800,ABCB
2017-08-09,45.099998474121094,45.849998474121094,44.68000030517578,44.849998474121094,42.145809173583984,142700,ABCB
2017-08-10,44.400001525878906,44.599998474121094,43.599998474121094,43.650001525878906,41.01818084716797,105200,ABCB
2017-08-11,43.95000076293945,44.04999923706055,42.97999954223633,43.25,40.64228820800781,122000,ABCB
2017-08-14,43.5,45.150001525878906,43.5,45.099998474121094,42.380741119384766,235200,ABCB
2017-08-15,45.400001525878906,45.599998474121094,44.75,44.849998474121094,42.145809173583984,168600,ABCB
2017-08-16,45.0,45.25,44.599998474121094,45.0,42.28676986694336,122000,ABCB
2017-08-17,44.849998474121094,45.0,43.45000076293945,43.599998474121094,40.97117614746094,187700,ABCB
2017-08-18,43.25,43.70000076293945,43.150001525878906,43.349998474121094,40.73625564575195,638800,ABCB
2017-08-21,43.349998474121094,43.599998474121094,42.79999923706055,43.45000076293945,40.83023452758789,108600,ABCB
2017-08-22,43.70000076293945,43.95000076293945,43.45000076293945,43.75,41.11214065551758,76600,ABCB
2017-08-23,43.29999923706055,44.25,43.29999923706055,43.70000076293945,41.06515884399414,67300,ABCB
2017-08-24,44.0,44.900001525878906,43.650001525878906,44.400001525878906,41.72295379638672,215100,ABCB
2017-08-25,44.599998474121094,44.75,43.95000076293945,44.400001525878906,41.72295379638672,108200,ABCB
2017-08-28,44.54999923706055,44.54999923706055,44.04999923706055,44.25,41.58199691772461,99600,ABCB
2017-08-29,43.70000076293945,44.0,43.5,43.79999923706055,41.159122467041016,85300,ABCB
2017-08-30,43.75,44.099998474121094,43.5,43.650001525878906,41.01818084716797,94300,ABCB
2017-08-31,43.79999923706055,44.29999923706055,43.58000183105469,44.04999923706055,41.39405059814453,131500,ABCB
2017-09-01,44.099998474121094,44.900001525878906,44.04999923706055,44.75,42.05184555053711,153900,ABCB
2017-09-05,44.45000076293945,44.45000076293945,43.33000183105469,43.349998474121094,40.73625564575195,277600,ABCB
2017-09-06,43.849998474121094,43.849998474121094,42.75,42.79999923706055,40.21941375732422,111000,ABCB
2017-09-07,42.75,42.75,41.18000030517578,41.400001525878906,38.903831481933594,89300,ABCB
2017-09-08,41.599998474121094,42.54999923706055,41.25,41.95000076293945,39.42066955566406,129900,ABCB
2017-09-11,42.400001525878906,43.25,42.400001525878906,42.900001525878906,40.313392639160156,116400,ABCB
2017-09-12,43.099998474121094,43.400001525878906,41.04999923706055,43.25,40.64228820800781,233700,ABCB
2017-09-13,43.20000076293945,43.79999923706055,43.099998474121094,43.54999923706055,40.924190521240234,121300,ABCB
2017-09-14,43.5,43.75,43.04999923706055,43.20000076293945,40.59530258178711,68000,ABCB
2017-09-15,43.20000076293945,43.47999954223633,42.70000076293945,43.349998474121094,40.73625564575195,479700,ABCB
2017-09-18,43.45000076293945,43.900001525878906,43.349998474121094,43.79999923706055,41.159122467041016,122600,ABCB
2017-09-19,43.70000076293945,44.150001525878906,43.599998474121094,44.0,41.34707260131836,102600,ABCB
2017-09-20,44.04999923706055,45.25,43.650001525878906,45.099998474121094,42.380741119384766,152900,ABCB
2017-09-21,45.04999923706055,45.95000076293945,45.04999923706055,45.79999923706055,43.03854751586914,183900,ABCB
2017-09-22,45.75,45.849998474121094,45.29999923706055,45.400001525878906,42.66265869140625,187700,ABCB
2017-09-25,45.29999923706055,45.650001525878906,44.849998474121094,45.150001525878906,42.427734375,156600,ABCB
2017-09-26,45.20000076293945,45.54999923706055,44.79999923706055,45.45000076293945,42.70963668823242,166600,ABCB
2017-09-27,45.900001525878906,47.650001525878906,45.79999923706055,47.150001525878906,44.30714416503906,274500,ABCB
2017-09-28,47.5,48.54999923706055,47.150001525878906,47.900001525878906,45.10758590698242,425600,ABCB
2017-09-29,47.79999923706055,48.599998474121094,47.79999923706055,48.0,45.20176315307617,251100,ABCB
2017-10-02,48.0,48.79999923706055,47.400001525878906,48.75,45.90803146362305,265200,ABCB
2017-10-03,49.04999923706055,49.04999923706055,48.0,48.5,45.67261505126953,215600,ABCB
2017-10-04,48.45000076293945,48.45000076293945,48.0,48.349998474121094,45.53134536743164,217400,ABCB
2017-10-05,48.29999923706055,49.150001525878906,47.560001373291016,48.650001525878906,45.81386947631836,164700,ABCB
2017-10-06,48.650001525878906,49.43000030517578,48.650001525878906,49.400001525878906,46.5201416015625,177000,ABCB
2017-10-09,49.400001525878906,49.95000076293945,49.0,49.849998474121094,46.943912506103516,239300,ABCB
2017-10-10,49.900001525878906,51.279998779296875,49.86000061035156,51.04999923706055,48.07395553588867,284500,ABCB
2017-10-11,50.79999923706055,51.150001525878906,50.70000076293945,50.70000076293945,47.744354248046875,227900,ABCB
2017-10-12,50.75,51.099998474121094,49.849998474121094,49.95000076293945,47.038089752197266,151200,ABCB
2017-10-13,49.5,49.93000030517578,48.099998474121094,49.04999923706055,46.19054412841797,273600,ABCB
2017-10-16,48.849998474121094,50.25,48.849998474121094,49.650001525878906,46.75557327270508,179100,ABCB
2017-10-17,49.650001525878906,50.25,48.599998474121094,49.150001525878906,46.28471374511719,116100,ABCB
2017-10-18,49.29999923706055,49.70000076293945,47.349998474121094,49.45000076293945,46.567230224609375,122300,ABCB
2017-10-19,47.45000076293945,48.79999923706055,47.45000076293945,48.099998474121094,45.29592514038086,257300,ABCB
2017-10-20,48.79999923706055,48.79999923706055,48.13999938964844,48.25,45.43717956542969,203900,ABCB
2017-10-23,48.29999923706055,48.599998474121094,47.849998474121094,48.0,45.20176315307617,126600,ABCB
2017-10-24,47.900001525878906,49.099998474121094,47.900001525878906,48.45000076293945,45.625526428222656,166400,ABCB
2017-10-25,48.849998474121094,48.849998474121094,48.150001525878906,48.400001525878906,45.57843780517578,186600,ABCB
2017-10-26,48.650001525878906,49.25,48.54999923706055,49.04999923706055,46.19054412841797,149700,ABCB
2017-10-27,49.150001525878906,49.400001525878906,48.5,48.79999923706055,45.95512008666992,259300,ABCB
2017-10-30,48.75,48.75,47.5,47.900001525878906,45.10758590698242,158100,ABCB
2017-10-31,47.900001525878906,48.5,47.5,47.900001525878906,45.10758590698242,133100,ABCB
2017-11-01,48.29999923706055,48.650001525878906,47.150001525878906,47.650001525878906,44.872161865234375,83100,ABCB
2017-11-02,47.54999923706055,48.54999923706055,47.150001525878906,48.45000076293945,45.625526428222656,115800,ABCB
2017-11-03,48.400001525878906,48.45000076293945,47.849998474121094,48.099998474121094,45.29592514038086,91400,ABCB
2017-11-06,48.150001525878906,48.45000076293945,47.7599983215332,47.900001525878906,45.10758590698242,68800,ABCB
2017-11-07,47.79999923706055,48.04999923706055,46.29999923706055,46.650001525878906,43.93046569824219,160700,ABCB
2017-11-08,46.650001525878906,47.45000076293945,45.95000076293945,46.5,43.789207458496094,149200,ABCB
2017-11-09,46.150001525878906,46.54999923706055,45.29999923706055,45.75,43.082923889160156,101400,ABCB
2017-11-10,45.75,46.29999923706055,45.54999923706055,45.79999923706055,43.13002395629883,110000,ABCB
2017-11-13,45.45000076293945,46.900001525878906,45.25,46.75,44.024627685546875,93400,ABCB
2017-11-14,46.45000076293945,47.150001525878906,46.150001525878906,46.79999923706055,44.07170867919922,79700,ABCB
2017-11-15,46.29999923706055,47.5,44.75,46.95000076293945,44.21296691894531,156200,ABCB
2017-11-16,47.04999923706055,47.5,46.400001525878906,47.29999923706055,44.54256820678711,155000,ABCB
2017-11-17,46.849998474121094,47.099998474121094,46.25,46.79999923706055,44.07170867919922,397300,ABCB
2017-11-20,47.79999923706055,47.900001525878906,46.95000076293945,47.70000076293945,44.919246673583984,574100,ABCB
2017-11-21,47.900001525878906,48.95000076293945,47.70000076293945,48.95000076293945,46.09638214111328,481300,ABCB
2017-11-22,48.900001525878906,49.20000076293945,48.45000076293945,48.900001525878906,46.049293518066406,224900,ABCB
2017-11-24,49.099998474121094,49.099998474121094,48.25,48.54999923706055,45.71969985961914,120100,ABCB
2017-11-27,48.599998474121094,48.79999923706055,48.04999923706055,48.25,45.43717956542969,162300,ABCB
2017-11-28,48.400001525878906,49.900001525878906,48.29999923706055,49.849998474121094,46.943912506103516,242800,ABCB
2017-11-29,50.20000076293945,51.150001525878906,49.849998474121094,50.900001525878906,47.93270492553711,300300,ABCB
2017-11-30,51.29999923706055,51.29999923706055,49.54999923706055,49.599998474121094,46.7084846496582,246800,ABCB
2017-12-01,49.650001525878906,49.900001525878906,47.349998474121094,49.75,46.849735260009766,256000,ABCB
2017-12-04,50.599998474121094,51.150001525878906,49.849998474121094,50.099998474121094,47.17933654785156,255400,ABCB
2017-12-05,50.29999923706055,50.400001525878906,49.29999923706055,49.29999923706055,46.42597579956055,241400,ABCB
2017-12-06,49.20000076293945,49.29999923706055,48.29999923706055,48.400001525878906,45.57843780517578,151000,ABCB
2017-12-07,48.29999923706055,48.599998474121094,47.5,47.599998474121094,44.825069427490234,188600,ABCB
2017-12-08,47.900001525878906,47.900001525878906,47.04999923706055,47.04999923706055,44.3071403503418,146600,ABCB
2017-12-11,47.099998474121094,47.20000076293945,46.400001525878906,46.54999923706055,43.8362922668457,141200,ABCB
2017-12-12,46.599998474121094,47.349998474121094,46.599998474121094,47.0,44.26005554199219,214200,ABCB
2017-12-13,47.04999923706055,47.95000076293945,47.0,47.20000076293945,44.44839096069336,217600,ABCB
2017-12-14,47.29999923706055,47.70000076293945,46.20000076293945,46.349998474121094,43.647953033447266,240600,ABCB
2017-12-15,46.5,48.349998474121094,46.47999954223633,48.29999923706055,45.48426818847656,1050400,ABCB
2017-12-18,48.650001525878906,49.45000076293945,48.650001525878906,49.45000076293945,46.567230224609375,264100,ABCB
2017-12-19,49.5,49.599998474121094,48.849998474121094,49.099998474121094,46.237640380859375,241700,ABCB
2017-12-20,49.54999923706055,49.599998474121094,48.349998474121094,49.0,46.143455505371094,228000,ABCB
2017-12-21,49.0,49.45000076293945,48.20000076293945,49.25,46.37889099121094,141900,ABCB
2017-12-22,49.45000076293945,49.45000076293945,48.849998474121094,49.150001525878906,46.28471374511719,110700,ABCB
2017-12-26,49.150001525878906,49.25,48.5,48.599998474121094,45.76678466796875,77700,ABCB
2017-12-27,48.599998474121094,48.849998474121094,48.099998474121094,48.45000076293945,45.625526428222656,148800,ABCB
2017-12-28,48.5,49.0,48.20000076293945,48.75,46.00298309326172,112600,ABCB
2017-12-29,48.79999923706055,48.900001525878906,48.150001525878906,48.20000076293945,45.48397445678711,171200,ABCB
2018-01-02,48.5,48.849998474121094,47.900001525878906,48.54999923706055,45.81425857543945,344300,ABCB
2018-01-03,48.5,48.95000076293945,48.04999923706055,48.75,46.00298309326172,206900,ABCB
2018-01-04,48.849998474121094,49.79999923706055,48.849998474121094,49.25,46.47481155395508,378800,ABCB
2018-01-05,49.599998474121094,50.529998779296875,49.45000076293945,50.400001525878906,47.56000900268555,422700,ABCB
2018-01-08,50.349998474121094,50.45000076293945,49.70000076293945,50.400001525878906,47.56000900268555,251600,ABCB
2018-01-09,50.54999923706055,51.349998474121094,50.400001525878906,51.04999923706055,48.17338562011719,285700,ABCB
2018-01-10,51.04999923706055,51.849998474121094,50.95000076293945,51.150001525878906,48.26774978637695,282300,ABCB
2018-01-11,51.5,52.79999923706055,50.849998474121094,52.54999923706055,49.58885192871094,235100,ABCB
2018-01-12,52.70000076293945,53.45000076293945,52.54999923706055,53.400001525878906,50.390968322753906,183200,ABCB
2018-01-16,53.5,53.849998474121094,53.04999923706055,53.099998474121094,50.10786437988281,200800,ABCB
2018-01-17,53.45000076293945,53.630001068115234,52.599998474121094,53.54999923706055,50.53251266479492,173800,ABCB
2018-01-18,53.54999923706055,53.599998474121094,53.20000076293945,53.349998474121094,50.343780517578125,150900,ABCB
2018-01-19,53.349998474121094,53.849998474121094,53.29999923706055,53.849998474121094,50.815608978271484,173300,ABCB
2018-01-22,53.95000076293945,53.95000076293945,53.400001525878906,53.79999923706055,50.76842498779297,92000,ABCB
2018-01-23,53.79999923706055,54.150001525878906,53.54999923706055,54.04999923706055,51.00433349609375,100900,ABCB
2018-01-24,54.099998474121094,54.599998474121094,53.5,53.54999923706055,50.53251266479492,212400,ABCB
2018-01-25,53.95000076293945,53.95000076293945,53.099998474121094,53.45000076293945,50.438148498535156,282200,ABCB
2018-01-26,56.849998474121094,56.849998474121094,52.849998474121094,54.849998474121094,51.75925064086914,296600,ABCB
2018-01-29,55.349998474121094,55.5,54.75,55.099998474121094,51.99517059326172,210700,ABCB
2018-01-30,54.75,55.900001525878906,54.599998474121094,54.95000076293945,51.85361862182617,222300,ABCB
2018-01-31,54.849998474121094,55.25,53.54999923706055,53.54999923706055,50.53251266479492,154400,ABCB
2018-02-01,53.400001525878906,54.54999923706055,53.29999923706055,54.5,51.428985595703125,192100,ABCB
2018-02-02,54.20000076293945,55.099998474121094,53.95000076293945,54.25,51.19307327270508,165000,ABCB
2018-02-05,53.70000076293945,54.349998474121094,51.849998474121094,51.849998474121094,48.92829132080078,146200,ABCB
2018-02-06,51.20000076293945,52.79999923706055,51.0,52.150001525878906,49.211402893066406,239700,ABCB
2018-02-07,51.95000076293945,52.75,51.650001525878906,52.400001525878906,49.44732666015625,112200,ABCB
2018-02-08,52.599998474121094,52.599998474121094,51.25,51.599998474121094,48.69239044189453,292200,ABCB
2018-02-09,52.25,53.04999923706055,51.20000076293945,52.70000076293945,49.730411529541016,232000,ABCB
2018-02-12,52.75,53.099998474121094,51.900001525878906,52.599998474121094,49.63604736328125,116900,ABCB
2018-02-13,52.25,52.849998474121094,52.04999923706055,52.599998474121094,49.63604736328125,150700,ABCB
2018-02-14,52.45000076293945,53.79999923706055,52.20000076293945,53.70000076293945,50.6740608215332,279900,ABCB
2018-02-15,54.20000076293945,54.20000076293945,53.400001525878906,54.099998474121094,51.051517486572266,172800,ABCB
2018-02-16,53.900001525878906,55.20000076293945,53.900001525878906,54.650001525878906,51.57052993774414,210700,ABCB
2018-02-20,54.349998474121094,55.20000076293945,53.70000076293945,53.95000076293945,50.90997314453125,136200,ABCB
2018-02-21,53.95000076293945,55.150001525878906,53.75,54.45000076293945,51.38180160522461,230500,ABCB
2018-02-22,54.54999923706055,54.58000183105469,51.54999923706055,53.79999923706055,50.76842498779297,162400,ABCB
2018-02-23,54.099998474121094,54.849998474121094,53.849998474121094,54.849998474121094,51.75925064086914,114500,ABCB
2018-02-26,54.849998474121094,55.150001525878906,54.25,55.099998474121094,51.99517059326172,176200,ABCB
2018-02-27,54.900001525878906,55.54999923706055,53.79999923706055,53.849998474121094,50.815608978271484,192400,ABCB
2018-02-28,54.0,54.400001525878906,53.04999923706055,53.150001525878906,50.15504837036133,235700,ABCB
2018-03-01,53.349998474121094,54.0,52.75,53.0,50.01349639892578,424300,ABCB
2018-03-02,52.650001525878906,54.22999954223633,52.349998474121094,54.04999923706055,51.00433349609375,246700,ABCB
2018-03-05,53.79999923706055,55.45000076293945,53.29999923706055,55.099998474121094,51.99517059326172,204600,ABCB
2018-03-06,55.54999923706055,56.45000076293945,54.849998474121094,56.45000076293945,53.26910400390625,307800,ABCB
2018-03-07,56.099998474121094,57.25,56.099998474121094,57.04999923706055,53.835289001464844,316800,ABCB
2018-03-08,57.349998474121094,57.599998474121094,56.150001525878906,56.400001525878906,53.22191619873047,179300,ABCB
2018-03-09,56.79999923706055,58.150001525878906,56.75,58.099998474121094,54.82612228393555,249900,ABCB
2018-03-12,58.0,59.04999923706055,56.83000183105469,57.400001525878906,54.16557312011719,210000,ABCB
2018-03-13,57.75,57.75,56.849998474121094,57.400001525878906,54.16557312011719,228900,ABCB
2018-03-14,57.650001525878906,57.650001525878906,56.349998474121094,56.5,53.316280364990234,341700,ABCB
2018-03-15,56.75,57.0,56.04999923706055,56.95000076293945,53.740928649902344,306100,ABCB
2018-03-16,56.79999923706055,57.400001525878906,56.45000076293945,56.5,53.316280364990234,752100,ABCB
2018-03-19,56.20000076293945,56.75,55.54999923706055,56.599998474121094,53.41064453125,318300,ABCB
2018-03-20,56.75,56.900001525878906,56.04999923706055,56.29999923706055,53.12755584716797,310200,ABCB
2018-03-21,56.25,56.45000076293945,55.400001525878906,56.04999923706055,52.89163589477539,170300,ABCB
2018-03-22,55.400001525878906,55.650001525878906,53.849998474121094,53.849998474121094,50.815608978271484,291100,ABCB
2018-03-23,53.900001525878906,54.400001525878906,52.099998474121094,52.150001525878906,49.211402893066406,258500,ABCB
2018-03-26,52.900001525878906,53.75,52.5,53.75,50.72124481201172,248600,ABCB
2018-03-27,54.0,54.0,52.20000076293945,52.5,49.54167938232422,175500,ABCB
2018-03-28,52.45000076293945,52.95000076293945,51.779998779296875,52.45000076293945,49.58895492553711,259700,ABCB
2018-03-29,52.75,53.45000076293945,52.599998474121094,52.900001525878906,50.014404296875,176300,ABCB
2018-04-02,52.849998474121094,53.349998474121094,51.650001525878906,52.150001525878906,49.30531692504883,174600,ABCB
2018-04-03,52.400001525878906,53.25,52.0,53.25,50.34531021118164,191800,ABCB
2018-04-04,52.400001525878906,53.779998779296875,52.400001525878906,53.599998474121094,50.67621612548828,159200,ABCB
2018-04-05,53.95000076293945,53.95000076293945,53.25,53.900001525878906,50.95985794067383,126300,ABCB
2018-04-06,53.25,53.54999923706055,51.5,52.0,49.16350555419922,210200,ABCB
2018-04-09,52.5,53.099998474121094,51.900001525878906,51.900001525878906,49.06895065307617,120800,ABCB
2018-04-10,52.599998474121094,53.279998779296875,51.79999923706055,53.0,50.108951568603516,427900,ABCB
2018-04-11,52.70000076293945,52.900001525878906,51.95000076293945,52.04999923706055,49.21076583862305,218000,ABCB
2018-04-12,52.400001525878906,53.79999923706055,51.79999923706055,53.599998474121094,50.67621612548828,430100,ABCB
2018-04-13,53.95000076293945,53.95000076293945,52.0,52.099998474121094,49.2580451965332,182700,ABCB
2018-04-16,52.349998474121094,52.849998474121094,52.04999923706055,52.5,49.636226654052734,177800,ABCB
2018-04-17,52.79999923706055,52.95000076293945,51.5,51.79999923706055,48.97441101074219,215400,ABCB
2018-04-18,51.900001525878906,52.20000076293945,51.58000183105469,51.849998474121094,49.02167510986328,198200,ABCB
2018-04-19,51.70000076293945,52.849998474121094,51.70000076293945,52.70000076293945,49.825313568115234,195800,ABCB
2018-04-20,50.54999923706055,52.849998474121094,50.20000076293945,52.20000076293945,49.35258865356445,268100,ABCB
2018-04-23,52.099998474121094,52.54999923706055,51.20000076293945,52.099998474121094,49.2580451965332,202600,ABCB
2018-04-24,51.95000076293945,52.900001525878906,51.849998474121094,52.45000076293945,49.58895492553711,259500,ABCB
2018-04-25,52.5,53.099998474121094,52.04999923706055,52.650001525878906,49.77804946899414,233600,ABCB
2018-04-26,52.70000076293945,52.849998474121094,52.20000076293945,52.45000076293945,49.58895492553711,132000,ABCB
2018-04-27,52.70000076293945,53.25,52.29999923706055,52.5,49.636226654052734,147700,ABCB
2018-04-30,52.650001525878906,52.900001525878906,51.70000076293945,51.70000076293945,48.879859924316406,118400,ABCB
2018-05-01,51.70000076293945,52.29999923706055,50.79999923706055,52.0,49.16350555419922,184700,ABCB
2018-05-02,51.95000076293945,52.599998474121094,51.70000076293945,52.20000076293945,49.35258865356445,165300,ABCB
2018-05-03,51.95000076293945,52.349998474121094,51.20000076293945,52.04999923706055,49.21076583862305,187300,ABCB
2018-05-04,51.900001525878906,53.599998474121094,51.599998474121094,53.20000076293945,50.29804229736328,194400,ABCB
2018-05-07,53.29999923706055,54.150001525878906,52.70000076293945,53.900001525878906,50.95985794067383,215800,ABCB
2018-05-08,53.70000076293945,55.20000076293945,53.70000076293945,55.20000076293945,52.18893814086914,259800,ABCB
2018-05-09,55.20000076293945,55.5,54.650001525878906,55.29999923706055,52.28349685668945,178900,ABCB
2018-05-10,55.45000076293945,55.45000076293945,54.849998474121094,55.20000076293945,52.18893814086914,122600,ABCB
2018-05-11,55.29999923706055,55.70000076293945,55.0,55.150001525878906,52.14167022705078,148700,ABCB
2018-05-14,55.20000076293945,55.400001525878906,54.599998474121094,54.79999923706055,51.81076431274414,202400,ABCB
2018-05-15,54.79999923706055,55.75,54.79999923706055,55.349998474121094,52.33076095581055,196000,ABCB
2018-05-16,55.5,55.79999923706055,55.20000076293945,55.54999923706055,52.51984786987305,293900,ABCB
2018-05-17,55.54999923706055,55.95000076293945,55.2400016784668,55.900001525878906,52.850765228271484,218600,ABCB
2018-05-18,55.95000076293945,56.349998474121094,55.849998474121094,56.04999923706055,52.99256896972656,343100,ABCB
2018-05-21,56.150001525878906,56.849998474121094,56.150001525878906,56.75,53.65439224243164,160500,ABCB
2018-05-22,56.79999923706055,57.04999923706055,56.5,56.5,53.418033599853516,188100,ABCB
2018-05-23,56.45000076293945,56.599998474121094,56.0,56.349998474121094,53.27621841430664,116100,ABCB
2018-05-24,56.29999923706055,56.29999923706055,55.25,56.20000076293945,53.1343994140625,102900,ABCB
2018-05-25,55.900001525878906,56.349998474121094,55.599998474121094,56.150001525878906,53.08711624145508,541600,ABCB
2018-05-29,55.95000076293945,55.95000076293945,54.45000076293945,55.0,51.999847412109375,777800,ABCB
2018-05-30,55.0,56.0,55.0,55.900001525878906,52.850765228271484,204400,ABCB
2018-05-31,55.79999923706055,56.54999923706055,55.25,55.70000076293945,52.66166687011719,453800,ABCB
2018-06-01,56.04999923706055,56.75,56.04999923706055,56.349998474121094,53.27621841430664,222700,ABCB
2018-06-04,56.0,57.04999923706055,56.0,56.900001525878906,53.79621124267578,311300,ABCB
2018-06-05,56.900001525878906,57.20000076293945,56.45000076293945,57.04999923706055,53.93803405761719,132600,ABCB
2018-06-06,57.20000076293945,57.70000076293945,57.20000076293945,57.45000076293945,54.31621170043945,266600,ABCB
2018-06-07,57.45000076293945,57.54999923706055,56.70000076293945,57.45000076293945,54.31621170043945,185800,ABCB
2018-06-08,57.45000076293945,57.599998474121094,57.25,57.5,54.36347961425781,329500,ABCB
2018-06-11,57.5,58.099998474121094,57.45000076293945,57.79999923706055,54.647125244140625,266900,ABCB
2018-06-12,57.849998474121094,58.099998474121094,56.25,56.650001525878906,53.559852600097656,185200,ABCB
2018-06-13,56.599998474121094,57.45000076293945,55.0,56.70000076293945,53.607120513916016,247400,ABCB
2018-06-14,56.70000076293945,56.70000076293945,55.75,56.5,53.418033599853516,191800,ABCB
2018-06-15,56.400001525878906,56.849998474121094,55.5,56.349998474121094,53.27621841430664,1329900,ABCB
2018-06-18,55.95000076293945,57.150001525878906,55.650001525878906,56.599998474121094,53.5125732421875,137800,ABCB
2018-06-19,56.25,57.70000076293945,56.20000076293945,57.349998474121094,54.22166061401367,180200,ABCB
2018-06-20,57.650001525878906,58.099998474121094,57.5,57.599998474121094,54.45803451538086,304100,ABCB
2018-06-21,57.70000076293945,58.0,56.79999923706055,57.150001525878906,54.0325813293457,288800,ABCB
2018-06-22,57.45000076293945,57.5,56.349998474121094,56.70000076293945,53.607120513916016,789500,ABCB
2018-06-25,56.400001525878906,56.45000076293945,55.5,56.04999923706055,52.99256896972656,132300,ABCB
2018-06-26,55.75,55.75,54.599998474121094,55.349998474121094,52.33076095581055,257200,ABCB
2018-06-27,55.150001525878906,55.29999923706055,54.04999923706055,54.04999923706055,51.10166931152344,127400,ABCB
2018-06-28,54.0,54.54999923706055,53.75,54.0,51.14903259277344,115000,ABCB
2018-06-29,54.25,54.5,53.279998779296875,53.349998474121094,50.533348083496094,385900,ABCB
2018-07-02,53.099998474121094,54.349998474121094,53.099998474121094,54.29999923706055,51.433197021484375,141400,ABCB
2018-07-03,53.599998474121094,54.099998474121094,52.599998474121094,52.79999923706055,50.01239013671875,892200,ABCB
2018-07-05,53.20000076293945,53.45000076293945,52.599998474121094,53.099998474121094,50.296546936035156,660400,ABCB
2018-07-06,53.150001525878906,53.5,52.5,53.29999923706055,50.485992431640625,280900,ABCB
2018-07-09,53.54999923706055,54.150001525878906,53.400001525878906,53.45000076293945,50.62806701660156,731900,ABCB
2018-07-10,53.70000076293945,53.95000076293945,52.54999923706055,53.04999923706055,50.24919128417969,334600,ABCB
2018-07-11,52.95000076293945,53.25,51.849998474121094,52.150001525878906,49.39670944213867,919400,ABCB
2018-07-12,52.20000076293945,52.849998474121094,51.20000076293945,52.099998474121094,49.349342346191406,357600,ABCB
2018-07-13,51.95000076293945,52.099998474121094,51.0,51.25,48.544219970703125,462100,ABCB
2018-07-16,51.25,51.95000076293945,51.04999923706055,51.349998474121094,48.63894271850586,273300,ABCB
2018-07-17,51.29999923706055,51.599998474121094,50.79999923706055,50.849998474121094,48.165340423583984,299300,ABCB
2018-07-18,50.95000076293945,51.70000076293945,50.75,51.599998474121094,48.875732421875,653000,ABCB
2018-07-19,51.54999923706055,51.75,51.099998474121094,51.70000076293945,48.970458984375,247600,ABCB
2018-07-20,51.5,51.95000076293945,51.349998474121094,51.849998474121094,49.112545013427734,291300,ABCB
2018-07-23,51.75,52.47999954223633,51.75,52.150001525878906,49.39670944213867,200000,ABCB
2018-07-24,52.20000076293945,52.20000076293945,50.54999923706055,50.849998474121094,48.165340423583984,232500,ABCB
2018-07-25,50.95000076293945,51.04999923706055,49.54999923706055,49.900001525878906,47.265499114990234,305400,ABCB
2018-07-26,49.95000076293945,51.0,49.95000076293945,50.849998474121094,48.165340423583984,308600,ABCB
2018-07-27,49.099998474121094,49.849998474121094,45.599998474121094,49.58000183105469,46.96239471435547,337300,ABCB
2018-07-30,49.29999923706055,49.79999923706055,48.400001525878906,48.45000076293945,45.89204788208008,1019800,ABCB
2018-07-31,47.45000076293945,48.349998474121094,45.95000076293945,46.599998474121094,44.13972473144531,1099700,ABCB
2018-08-01,47.099998474121094,48.54999923706055,47.099998474121094,47.70000076293945,45.1816520690918,749000,ABCB
2018-08-02,47.25,49.25,47.20000076293945,49.150001525878906,46.555091857910156,779900,ABCB
2018-08-03,49.70000076293945,49.900001525878906,48.380001068115234,48.900001525878906,46.318294525146484,585800,ABCB
2018-08-06,48.900001525878906,49.16999816894531,48.5,48.79999923706055,46.22357177734375,145000,ABCB
2018-08-07,48.79999923706055,49.20000076293945,48.650001525878906,48.75,46.17620849609375,280400,ABCB
2018-08-08,48.70000076293945,49.650001525878906,48.54999923706055,49.400001525878906,46.79189682006836,449600,ABCB
2018-08-09,49.400001525878906,49.75,48.70000076293945,48.880001068115234,46.299354553222656,207200,ABCB
2018-08-10,48.599998474121094,49.099998474121094,48.400001525878906,48.849998474121094,46.27093505859375,187300,ABCB
2018-08-13,48.849998474121094,48.95000076293945,48.45000076293945,48.54999923706055,45.98677444458008,257600,ABCB
2018-08-14,48.54999923706055,49.45000076293945,48.349998474121094,49.25,46.64981460571289,172300,ABCB
2018-08-15,49.04999923706055,49.54999923706055,48.650001525878906,48.70000076293945,46.12885284423828,255100,ABCB
2018-08-16,48.900001525878906,49.650001525878906,48.900001525878906,49.349998474121094,46.744529724121094,244700,ABCB
2018-08-17,49.20000076293945,49.599998474121094,49.099998474121094,49.599998474121094,46.98133087158203,156700,ABCB
2018-08-20,49.650001525878906,49.849998474121094,49.18000030517578,49.650001525878906,47.02869415283203,187700,ABCB
2018-08-21,49.650001525878906,50.349998474121094,49.650001525878906,50.04999923706055,47.40757369995117,276900,ABCB
2018-08-22,49.900001525878906,50.25,49.70000076293945,49.900001525878906,47.265499114990234,266300,ABCB
2018-08-23,49.849998474121094,50.08000183105469,49.599998474121094,50.0,47.3602180480957,211500,ABCB
2018-08-24,50.20000076293945,50.25,49.79999923706055,49.849998474121094,47.2181282043457,309100,ABCB
2018-08-27,50.04999923706055,50.29999923706055,49.79999923706055,49.95000076293945,47.3128547668457,338300,ABCB
2018-08-28,50.0,50.04999923706055,49.54999923706055,49.650001525878906,47.02869415283203,238600,ABCB
2018-08-29,49.900001525878906,49.95000076293945,49.25,49.5,46.88661575317383,175600,ABCB
2018-08-30,49.349998474121094,49.529998779296875,48.849998474121094,49.099998474121094,46.50774002075195,271900,ABCB
2018-08-31,49.04999923706055,49.79999923706055,48.95000076293945,49.650001525878906,47.02869415283203,271300,ABCB
2018-09-04,49.70000076293945,50.25,49.54999923706055,49.849998474121094,47.2181282043457,319200,ABCB
2018-09-05,49.599998474121094,50.5,49.5,49.900001525878906,47.265499114990234,194900,ABCB
2018-09-06,49.75,50.0,49.47999954223633,49.5,46.88661575317383,181700,ABCB
2018-09-07,49.70000076293945,49.75,49.25,49.650001525878906,47.02869415283203,202600,ABCB
2018-09-10,49.75,49.75,48.04999923706055,48.54999923706055,45.98677444458008,390700,ABCB
2018-09-11,48.400001525878906,49.099998474121094,48.25,48.599998474121094,46.03413391113281,229000,ABCB
2018-09-12,48.5,48.83000183105469,47.150001525878906,47.29999923706055,44.80276870727539,274600,ABCB
2018-09-13,47.54999923706055,47.65999984741211,46.900001525878906,47.400001525878906,44.89748764038086,228700,ABCB
2018-09-14,47.400001525878906,48.45000076293945,47.400001525878906,48.099998474121094,45.56053161621094,255800,ABCB
2018-09-17,48.150001525878906,48.29999923706055,46.900001525878906,47.25,44.755401611328125,283100,ABCB
2018-09-18,47.349998474121094,47.650001525878906,46.900001525878906,47.0,44.51860046386719,324600,ABCB
2018-09-19,47.0,47.900001525878906,47.0,47.29999923706055,44.80276870727539,391900,ABCB
2018-09-20,47.5,49.900001525878906,47.5,49.150001525878906,46.555091857910156,921500,ABCB
2018-09-21,49.150001525878906,49.560001373291016,48.25,48.400001525878906,45.84469223022461,1516700,ABCB
2018-09-24,48.400001525878906,48.400001525878906,47.150001525878906,47.45000076293945,44.944847106933594,263100,ABCB
2018-09-25,47.400001525878906,47.5,47.0,47.04999923706055,44.56596374511719,225400,ABCB
2018-09-26,47.150001525878906,47.20000076293945,46.099998474121094,46.20000076293945,43.76083755493164,296700,ABCB
2018-09-27,46.099998474121094,46.45000076293945,45.20000076293945,45.29999923706055,43.001426696777344,219800,ABCB
2018-09-28,45.150001525878906,46.0,45.150001525878906,45.70000076293945,43.381141662597656,319100,ABCB
2018-10-01,45.939998626708984,46.209999084472656,44.849998474121094,44.90999984741211,42.631221771240234,198700,ABCB
2018-10-02,44.939998626708984,45.099998474121094,44.47999954223633,44.7400016784668,42.4698486328125,230100,ABCB
2018-10-03,44.880001068115234,46.84000015258789,44.029998779296875,46.75,44.37786102294922,293200,ABCB
2018-10-04,46.630001068115234,47.25,46.189998626708984,46.529998779296875,44.16902160644531,182100,ABCB
2018-10-05,46.650001525878906,46.650001525878906,45.5099983215332,45.7400016784668,43.41910934448242,160800,ABCB
2018-10-08,45.65999984741211,46.22999954223633,45.380001068115234,45.849998474121094,43.52351379394531,237800,ABCB
2018-10-09,45.72999954223633,45.900001525878906,45.400001525878906,45.65999984741211,43.343162536621094,227200,ABCB
2018-10-10,45.540000915527344,45.900001525878906,44.709999084472656,44.83000183105469,42.55528259277344,238200,ABCB
2018-10-11,44.599998474121094,45.04999923706055,44.0,44.0,41.767398834228516,418500,ABCB
2018-10-12,44.54999923706055,44.54999923706055,41.86000061035156,43.220001220703125,41.0269775390625,639500,ABCB
2018-10-15,43.25,44.09000015258789,43.02000045776367,43.75,41.53007507324219,309900,ABCB
2018-10-16,43.95000076293945,43.95000076293945,43.099998474121094,43.790000915527344,41.568058013916016,488400,ABCB
2018-10-17,43.56999969482422,44.34000015258789,43.08000183105469,43.95000076293945,41.71993637084961,364800,ABCB
2018-10-18,43.79999923706055,44.060001373291016,42.79999923706055,43.08000183105469,40.89408493041992,352600,ABCB
2018-10-19,41.029998779296875,44.0,40.900001525878906,43.439998626708984,41.23581314086914,515700,ABCB
2018-10-22,44.0099983215332,44.130001068115234,42.2599983215332,42.54999923706055,40.39097213745117,363800,ABCB
2018-10-23,41.650001525878906,42.439998626708984,41.369998931884766,41.97999954223633,39.84989547729492,307900,ABCB
2018-10-24,41.86000061035156,41.880001068115234,39.34000015258789,39.38999938964844,37.39131164550781,362100,ABCB
2018-10-25,39.97999954223633,42.560001373291016,39.97999954223633,42.040000915527344,39.906856536865234,389800,ABCB
2018-10-26,41.599998474121094,42.59000015258789,41.220001220703125,41.709999084472656,39.59359359741211,334100,ABCB
2018-10-29,42.31999969482422,43.15999984741211,41.810001373291016,42.33000183105469,40.18213653564453,167400,ABCB
2018-10-30,42.43000030517578,42.810001373291016,41.290000915527344,42.709999084472656,40.542850494384766,212300,ABCB
2018-10-31,43.189998626708984,43.529998779296875,42.72999954223633,42.88999938964844,40.71371841430664,273900,ABCB
2018-11-01,43.02000045776367,43.79999923706055,42.970001220703125,43.349998474121094,41.150386810302734,221100,ABCB
2018-11-02,43.61000061035156,43.849998474121094,43.16999816894531,43.689998626708984,41.47312545776367,219300,ABCB
2018-11-05,43.70000076293945,44.06999969482422,42.91999816894531,43.33000183105469,41.13139724731445,251700,ABCB
2018-11-06,43.279998779296875,43.939998626708984,43.099998474121094,43.650001525878906,41.435157775878906,189600,ABCB
2018-11-07,43.7400016784668,44.029998779296875,42.88999938964844,43.880001068115234,41.653480529785156,136700,ABCB
2018-11-08,43.65999984741211,44.790000915527344,43.5,44.68000030517578,42.41289138793945,214300,ABCB
2018-11-09,44.5,44.93000030517578,43.79999923706055,44.38999938964844,42.137611389160156,306300,ABCB
2018-11-12,44.369998931884766,45.119998931884766,41.5,44.38999938964844,42.137611389160156,265400,ABCB
2018-11-13,44.439998626708984,45.25,43.880001068115234,44.459999084472656,42.20405960083008,417100,ABCB
2018-11-14,44.720001220703125,44.84000015258789,43.40999984741211,43.56999969482422,41.35921096801758,324000,ABCB
2018-11-15,43.29999923706055,44.58000183105469,42.900001525878906,44.52000045776367,42.26101303100586,227900,ABCB
2018-11-16,44.18000030517578,44.7400016784668,43.43000030517578,44.529998779296875,42.2705078125,691200,ABCB
2018-11-19,44.36000061035156,44.959999084472656,42.849998474121094,43.88999938964844,41.66297149658203,186500,ABCB
2018-11-20,43.54999923706055,43.599998474121094,42.2599983215332,42.459999084472656,40.30553436279297,229700,ABCB
2018-11-21,42.599998474121094,43.11000061035156,41.97999954223633,42.459999084472656,40.30553436279297,202400,ABCB
2018-11-23,42.189998626708984,42.959999084472656,42.189998626708984,42.4900016784668,40.33401870727539,63300,ABCB
2018-11-26,42.88999938964844,43.630001068115234,42.88999938964844,43.15999984741211,40.97001647949219,172500,ABCB
2018-11-27,42.900001525878906,43.15999984741211,42.209999084472656,42.27000045776367,40.125179290771484,189700,ABCB
2018-11-28,42.650001525878906,43.0,41.5,42.900001525878906,40.723209381103516,157900,ABCB
2018-11-29,42.4900016784668,43.09000015258789,42.220001220703125,42.66999816894531,40.50487518310547,149600,ABCB
2018-11-30,42.56999969482422,43.099998474121094,42.54999923706055,42.83000183105469,40.65676498413086,235600,ABCB
2018-12-03,43.43000030517578,43.43000030517578,42.2400016784668,42.900001525878906,40.723209381103516,385600,ABCB
2018-12-04,42.70000076293945,42.90999984741211,39.099998474121094,39.13999938964844,37.15400314331055,412300,ABCB
2018-12-06,38.29999923706055,39.0,37.70000076293945,38.33000183105469,36.385101318359375,364700,ABCB
2018-12-07,38.34000015258789,39.88999938964844,37.040000915527344,37.439998626708984,35.54025650024414,356300,ABCB
2018-12-10,37.470001220703125,37.810001373291016,36.15999984741211,36.70000076293945,34.83780288696289,252700,ABCB
2018-12-11,37.220001220703125,37.54999923706055,35.849998474121094,36.0,34.17332458496094,295900,ABCB
2018-12-12,36.540000915527344,36.7400016784668,35.900001525878906,36.279998779296875,34.43911361694336,224500,ABCB
2018-12-13,36.40999984741211,36.40999984741211,34.61000061035156,34.81999969482422,33.05320358276367,388300,ABCB
2018-12-14,34.54999923706055,35.099998474121094,33.93000030517578,34.02000045776367,32.293792724609375,316500,ABCB
2018-12-17,32.0,33.11000061035156,30.719999313354492,31.18000030517578,29.597900390625,1571000,ABCB
2018-12-18,31.610000610351562,32.45000076293945,31.149999618530273,32.15999984741211,30.528165817260742,1413600,ABCB
2018-12-19,32.720001220703125,33.47999954223633,31.65999984741211,32.0099983215332,30.38577651977539,1006000,ABCB
2018-12-20,31.809999465942383,32.099998474121094,31.010000228881836,31.469999313354492,29.873180389404297,680200,ABCB
2018-12-21,31.270000457763672,31.84000015258789,30.540000915527344,30.850000381469727,29.284637451171875,1245100,ABCB
2018-12-24,30.520000457763672,31.209999084472656,30.149999618530273,30.190000534057617,28.65812873840332,270100,ABCB
2018-12-26,30.440000534057617,31.739999771118164,29.989999771118164,31.690000534057617,30.08202362060547,463200,ABCB
2018-12-27,31.0,31.969999313354492,29.969999313354492,31.040000915527344,29.464996337890625,747600,ABCB
2018-12-28,30.90999984741211,31.90999984741211,30.5,31.440000534057617,29.941164016723633,569600,ABCB
2018-12-31,31.579999923706055,31.75,30.940000534057617,31.670000076293945,30.160194396972656,389900,ABCB
2019-01-02,31.270000457763672,32.54999923706055,31.270000457763672,31.950000762939453,30.426851272583008,488700,ABCB
2019-01-03,31.729999542236328,32.470001220703125,31.420000076293945,31.84000015258789,30.32209587097168,434500,ABCB
2019-01-04,32.310001373291016,33.20000076293945,32.06999969482422,33.08000183105469,31.50298500061035,316500,ABCB
2019-01-07,33.20000076293945,34.45000076293945,32.869998931884766,34.38999938964844,32.75052261352539,581500,ABCB
2019-01-08,34.849998474121094,34.88999938964844,33.56999969482422,34.310001373291016,32.67434310913086,339300,ABCB
2019-01-09,34.540000915527344,34.79999923706055,34.20000076293945,34.5,32.855281829833984,316200,ABCB
2019-01-10,34.38999938964844,34.5,33.97999954223633,34.380001068115234,32.741004943847656,243100,ABCB
2019-01-11,34.11000061035156,34.90999984741211,33.81999969482422,34.810001373291016,33.150508880615234,268000,ABCB
2019-01-14,34.52000045776367,35.20000076293945,34.47999954223633,34.5,32.855281829833984,311800,ABCB
2019-01-15,34.380001068115234,34.77000045776367,33.68000030517578,34.40999984741211,32.76957321166992,208700,ABCB
2019-01-16,34.61000061035156,35.369998931884766,34.529998779296875,35.34000015258789,33.65523910522461,310500,ABCB
2019-01-17,35.15999984741211,35.9900016784668,34.959999084472656,35.900001525878906,34.188541412353516,688600,ABCB
2019-01-18,35.95000076293945,36.720001220703125,35.470001220703125,36.2400016784668,34.512332916259766,376600,ABCB
2019-01-22,36.02000045776367,36.16999816894531,35.22999954223633,35.540000915527344,33.845703125,550800,ABCB
2019-01-23,35.63999938964844,35.689998626708984,35.20000076293945,35.45000076293945,33.75999450683594,359100,ABCB
2019-01-24,35.41999816894531,35.75,34.77000045776367,35.27000045776367,33.58856964111328,168100,ABCB
2019-01-25,36.20000076293945,36.790000915527344,34.790000915527344,36.5099983215332,34.76945877075195,855400,ABCB
2019-01-28,35.849998474121094,37.880001068115234,35.849998474121094,37.61000061035156,35.81702423095703,642000,ABCB
2019-01-29,38.630001068115234,39.11000061035156,37.90999984741211,37.90999984741211,36.102718353271484,664500,ABCB
2019-01-30,38.290000915527344,38.290000915527344,37.290000915527344,37.86000061035156,36.05510330200195,374800,ABCB
2019-01-31,37.63999938964844,37.97999954223633,37.290000915527344,37.95000076293945,36.140811920166016,517200,ABCB
2019-02-01,38.02000045776367,38.209999084472656,37.31999969482422,37.650001525878906,35.8551139831543,543100,ABCB
2019-02-04,37.56999969482422,38.16999816894531,37.459999084472656,38.15999984741211,36.34080505371094,312200,ABCB
2019-02-05,38.22999954223633,38.22999954223633,37.4900016784668,37.81999969482422,36.01701354980469,329500,ABCB
2019-02-06,37.83000183105469,38.029998779296875,37.59000015258789,37.939998626708984,36.131282806396484,192700,ABCB
2019-02-07,38.040000915527344,38.380001068115234,37.68000030517578,38.2599983215332,36.436031341552734,465800,ABCB
2019-02-08,38.189998626708984,38.36000061035156,37.41999816894531,37.7400016784668,35.940826416015625,280000,ABCB
2019-02-11,37.9900016784668,38.310001373291016,37.5,38.310001373291016,36.48365020751953,265400,ABCB
2019-02-12,38.540000915527344,39.02000045776367,38.349998474121094,39.02000045776367,37.1598014831543,361600,ABCB
2019-02-13,39.08000183105469,39.279998779296875,38.790000915527344,38.97999954223633,37.121707916259766,214500,ABCB
2019-02-14,38.68000030517578,38.900001525878906,38.15999984741211,38.290000915527344,36.464603424072266,297200,ABCB
2019-02-15,38.63999938964844,39.869998931884766,38.459999084472656,39.689998626708984,37.7978515625,680100,ABCB
2019-02-19,39.599998474121094,40.709999084472656,39.36000061035156,40.619998931884766,38.68352508544922,340800,ABCB
2019-02-20,40.529998779296875,41.040000915527344,40.34000015258789,40.93000030517578,38.9787483215332,430500,ABCB
2019-02-21,41.20000076293945,41.20000076293945,40.209999084472656,40.66999816894531,38.73114013671875,224900,ABCB
2019-02-22,40.68000030517578,41.47999954223633,40.66999816894531,41.439998626708984,39.46443557739258,411400,ABCB
2019-02-25,41.619998931884766,42.0099983215332,41.54999923706055,41.54999923706055,39.56918716430664,499300,ABCB
2019-02-26,41.290000915527344,41.66999816894531,40.790000915527344,40.849998474121094,38.902549743652344,332100,ABCB
2019-02-27,40.84000015258789,41.38999938964844,40.65999984741211,41.09000015258789,39.13111877441406,321600,ABCB
2019-02-28,40.790000915527344,41.18000030517578,40.68000030517578,40.77000045776367,38.82637405395508,250400,ABCB
2019-03-01,41.11000061035156,41.189998626708984,40.33000183105469,40.869998931884766,38.921607971191406,250500,ABCB
2019-03-04,41.099998474121094,41.540000915527344,40.599998474121094,40.779998779296875,38.83589553833008,379700,ABCB
2019-03-05,40.790000915527344,41.09000015258789,40.15999984741211,40.790000915527344,38.84541702270508,259300,ABCB
2019-03-06,40.70000076293945,40.84000015258789,39.25,39.279998779296875,37.40740203857422,362500,ABCB
2019-03-07,39.209999084472656,39.5,38.09000015258789,38.13999938964844,36.321754455566406,416300,ABCB
2019-03-08,37.529998779296875,38.2400016784668,37.41999816894531,38.029998779296875,36.21699523925781,392100,ABCB
2019-03-11,38.15999984741211,38.4900016784668,37.84000015258789,38.33000183105469,36.50270080566406,322400,ABCB
2019-03-12,38.40999984741211,38.720001220703125,37.9900016784668,38.22999954223633,36.40746307373047,260500,ABCB
2019-03-13,38.41999816894531,38.4900016784668,38.099998474121094,38.33000183105469,36.50270080566406,218600,ABCB
2019-03-14,38.38999938964844,38.38999938964844,37.93000030517578,38.16999816894531,36.350318908691406,322400,ABCB
2019-03-15,38.04999923706055,38.40999984741211,37.790000915527344,37.91999816894531,36.11224365234375,689000,ABCB
2019-03-18,37.959999084472656,38.63999938964844,37.959999084472656,38.33000183105469,36.50270080566406,241900,ABCB
2019-03-19,38.56999969482422,38.59000015258789,36.900001525878906,37.040000915527344,35.27419662475586,385800,ABCB
2019-03-20,37.0099983215332,37.20000076293945,35.310001373291016,35.369998931884766,33.683807373046875,496500,ABCB
2019-03-21,35.25,35.33000183105469,34.40999984741211,34.970001220703125,33.30287551879883,786800,ABCB
2019-03-22,34.56999969482422,34.720001220703125,33.02000045776367,33.4900016784668,31.893436431884766,512600,ABCB
2019-03-25,33.459999084472656,33.7599983215332,32.90999984741211,33.31999969482422,31.731544494628906,323400,ABCB
2019-03-26,33.83000183105469,34.380001068115234,33.43000030517578,34.27000045776367,32.63624954223633,433800,ABCB
2019-03-27,34.27000045776367,34.56999969482422,33.970001220703125,34.34000015258789,32.702919006347656,286500,ABCB
2019-03-28,34.33000183105469,34.75,33.91999816894531,34.66999816894531,33.11360549926758,247400,ABCB
2019-03-29,34.880001068115234,35.060001373291016,34.290000915527344,34.349998474121094,32.80796813964844,298800,ABCB
2019-04-01,34.70000076293945,35.66999816894531,34.70000076293945,35.4900016784668,33.89679718017578,317300,ABCB
2019-04-02,35.349998474121094,35.709999084472656,35.029998779296875,35.06999969482422,33.49565124511719,180400,ABCB
2019-04-03,35.59000015258789,35.810001373291016,34.81999969482422,35.040000915527344,33.46699523925781,313000,ABCB
2019-04-04,35.0,36.0,35.0,35.65999984741211,34.05916213989258,218200,ABCB
2019-04-05,35.84000015258789,36.11000061035156,35.349998474121094,35.790000915527344,34.18333053588867,312300,ABCB
2019-04-08,35.79999923706055,36.119998931884766,35.61000061035156,36.09000015258789,34.46985626220703,232700,ABCB
2019-04-09,35.91999816894531,36.04999923706055,34.65999984741211,34.7400016784668,33.18046188354492,260600,ABCB
2019-04-10,34.81999969482422,35.18000030517578,34.400001525878906,35.09000015258789,33.51475524902344,252700,ABCB
2019-04-11,35.130001068115234,35.66999816894531,35.09000015258789,35.33000183105469,33.74397659301758,174200,ABCB
2019-04-12,35.86000061035156,36.2599983215332,35.349998474121094,35.95000076293945,34.336151123046875,234800,ABCB
2019-04-15,36.06999969482422,36.08000183105469,34.900001525878906,35.15999984741211,33.58161163330078,198000,ABCB
2019-04-16,35.20000076293945,36.0,35.029998779296875,35.91999816894531,34.307491302490234,185300,ABCB
2019-04-17,36.099998474121094,36.099998474121094,35.36000061035156,35.790000915527344,34.18333053588867,171500,ABCB
2019-04-18,35.59000015258789,35.810001373291016,35.0099983215332,35.16999816894531,33.59115982055664,193500,ABCB
2019-04-22,35.119998931884766,35.34000015258789,34.599998474121094,34.77000045776367,33.2091178894043,289300,ABCB
2019-04-23,34.75,35.84000015258789,33.56999969482422,35.2599983215332,33.677120208740234,584400,ABCB
2019-04-24,35.279998779296875,35.75,34.97999954223633,35.38999938964844,33.8012809753418,424300,ABCB
2019-04-25,35.38999938964844,36.18000030517578,34.959999084472656,36.150001525878906,34.527164459228516,446300,ABCB
2019-04-26,36.029998779296875,36.560001373291016,35.91999816894531,36.470001220703125,34.83280944824219,361300,ABCB
2019-04-29,36.38999938964844,37.22999954223633,36.38999938964844,36.77000045776367,35.11933517456055,420200,ABCB
2019-04-30,36.90999984741211,36.939998626708984,36.36000061035156,36.459999084472656,34.8232536315918,278400,ABCB
2019-05-01,36.45000076293945,37.22999954223633,35.90999984741211,36.119998931884766,34.498512268066406,534900,ABCB
2019-05-02,36.22999954223633,36.77000045776367,36.06999969482422,36.75,35.1002311706543,239300,ABCB
2019-05-03,36.849998474121094,37.630001068115234,36.849998474121094,37.58000183105469,35.892974853515625,236400,ABCB
2019-05-06,36.91999816894531,37.54999923706055,36.599998474121094,37.38999938964844,35.71149826049805,250300,ABCB
2019-05-07,36.599998474121094,36.9900016784668,36.2599983215332,36.630001068115234,34.985618591308594,345400,ABCB
2019-05-08,36.529998779296875,36.900001525878906,36.220001220703125,36.25,34.622684478759766,227300,ABCB
2019-05-09,35.849998474121094,36.560001373291016,35.41999816894531,36.47999954223633,34.84235763549805,171100,ABCB
2019-05-10,36.33000183105469,36.75,35.849998474121094,36.65999984741211,35.014278411865234,216800,ABCB
2019-05-13,35.880001068115234,36.20000076293945,35.27000045776367,35.56999969482422,33.97319793701172,313400,ABCB
2019-05-14,35.650001525878906,36.869998931884766,35.47999954223633,36.56999969482422,34.92831802368164,230900,ABCB
2019-05-15,36.33000183105469,36.61000061035156,35.81999969482422,36.02000045776367,34.40300369262695,331200,ABCB
2019-05-16,36.09000015258789,36.68000030517578,36.09000015258789,36.22999954223633,34.60357666015625,172000,ABCB
2019-05-17,35.90999984741211,36.540000915527344,35.83000183105469,35.959999084472656,34.3456916809082,197000,ABCB
2019-05-20,35.77000045776367,36.18000030517578,35.650001525878906,35.95000076293945,34.336151123046875,235400,ABCB
2019-05-21,36.06999969482422,36.59000015258789,35.959999084472656,36.34000015258789,34.708641052246094,138100,ABCB
2019-05-22,36.2599983215332,36.290000915527344,35.619998931884766,36.11000061035156,34.48896026611328,176900,ABCB
2019-05-23,35.58000183105469,35.720001220703125,34.959999084472656,35.31999969482422,33.73442840576172,381700,ABCB
2019-05-24,35.529998779296875,36.290000915527344,35.529998779296875,36.15999984741211,34.53672409057617,165200,ABCB
2019-05-28,36.08000183105469,36.2400016784668,35.709999084472656,35.7400016784668,34.13557052612305,290300,ABCB
2019-05-29,35.5,36.33000183105469,35.040000915527344,36.150001525878906,34.527164459228516,240300,ABCB
2019-05-30,36.2599983215332,36.560001373291016,35.47999954223633,35.72999954223633,34.12602233886719,279400,ABCB
2019-05-31,35.2400016784668,35.90999984741211,35.0,35.290000915527344,33.705780029296875,425100,ABCB
2019-06-03,35.2599983215332,36.25,34.97999954223633,35.900001525878906,34.288387298583984,309200,ABCB
2019-06-04,36.4900016784668,37.29999923706055,36.41999816894531,37.25,35.57778549194336,261200,ABCB
2019-06-05,37.209999084472656,37.41999816894531,36.310001373291016,37.029998779296875,35.36766052246094,276300,ABCB
2019-06-06,37.0,37.0099983215332,36.33000183105469,36.900001525878906,35.243499755859375,167600,ABCB
2019-06-07,36.83000183105469,37.0,36.529998779296875,36.58000183105469,34.9378662109375,140500,ABCB
2019-06-10,36.90999984741211,37.77000045776367,36.63999938964844,37.20000076293945,35.530033111572266,260000,ABCB
2019-06-11,37.529998779296875,38.06999969482422,37.369998931884766,37.97999954223633,36.27501678466797,361600,ABCB
2019-06-12,38.0,38.130001068115234,37.65999984741211,37.75,36.05534362792969,298400,ABCB
2019-06-13,37.939998626708984,38.18000030517578,37.5,38.130001068115234,36.41828155517578,244700,ABCB
2019-06-14,38.130001068115234,38.43000030517578,37.619998931884766,38.279998779296875,36.56154251098633,192800,ABCB
2019-06-17,38.25,38.56999969482422,37.66999816894531,37.79999923706055,36.103092193603516,250200,ABCB
2019-06-18,37.72999954223633,38.81999969482422,37.72999954223633,38.189998626708984,36.475589752197266,465000,ABCB
2019-06-19,38.2599983215332,38.880001068115234,38.040000915527344,38.189998626708984,36.475589752197266,313000,ABCB
2019-06-20,38.470001220703125,38.470001220703125,37.11000061035156,37.959999084472656,36.25590896606445,259300,ABCB
2019-06-21,37.630001068115234,38.290000915527344,37.470001220703125,37.75,36.05534362792969,726900,ABCB
2019-06-24,37.790000915527344,38.029998779296875,37.36000061035156,37.720001220703125,36.02668762207031,237800,ABCB
2019-06-25,37.81999969482422,38.029998779296875,37.220001220703125,37.86000061035156,36.160404205322266,234200,ABCB
2019-06-26,37.900001525878906,38.56999969482422,37.63999938964844,38.349998474121094,36.6284065246582,399800,ABCB
2019-06-27,38.27000045776367,38.95000076293945,38.27000045776367,38.939998626708984,37.28915023803711,427900,ABCB
2019-06-28,39.16999816894531,39.599998474121094,38.5099983215332,39.189998626708984,37.5285530090332,4545600,ABCB
2019-07-01,39.099998474121094,40.029998779296875,37.95000076293945,39.79999923706055,38.11269760131836,2584100,ABCB
2019-07-02,39.81999969482422,40.34000015258789,39.15999984741211,39.61000061035156,37.930755615234375,1036500,ABCB
2019-07-03,39.63999938964844,40.0,38.939998626708984,39.040000915527344,37.38491439819336,593500,ABCB
2019-07-05,39.380001068115234,39.630001068115234,38.97999954223633,39.36000061035156,37.69134521484375,359200,ABCB
2019-07-08,39.06999969482422,39.13999938964844,38.29999923706055,38.63999938964844,37.001869201660156,430000,ABCB
2019-07-09,38.540000915527344,38.880001068115234,38.34000015258789,38.84000015258789,37.19339370727539,404000,ABCB
2019-07-10,38.88999938964844,38.9900016784668,38.470001220703125,38.65999984741211,37.021026611328125,515000,ABCB
2019-07-11,38.810001373291016,38.810001373291016,38.349998474121094,38.599998474121094,36.96356964111328,634800,ABCB
2019-07-12,38.970001220703125,39.209999084472656,38.540000915527344,38.95000076293945,37.29873275756836,438400,ABCB
2019-07-15,38.900001525878906,38.90999984741211,37.54999923706055,37.790000915527344,36.18790817260742,382100,ABCB
2019-07-16,37.790000915527344,38.220001220703125,37.56999969482422,37.849998474121094,36.245365142822266,426700,ABCB
2019-07-17,37.7400016784668,37.7400016784668,37.189998626708984,37.290000915527344,35.709110260009766,338300,ABCB
2019-07-18,37.33000183105469,37.72999954223633,37.040000915527344,37.630001068115234,36.034690856933594,354000,ABCB
2019-07-19,37.5099983215332,38.630001068115234,37.5099983215332,37.779998779296875,36.17832565307617,369300,ABCB
2019-07-22,37.7599983215332,37.93000030517578,37.09000015258789,37.29999923706055,35.71868133544922,272700,ABCB
2019-07-23,37.40999984741211,37.810001373291016,37.349998474121094,37.4900016784668,35.90062713623047,505200,ABCB
2019-07-24,37.36000061035156,38.65999984741211,37.02000045776367,38.56999969482422,36.93484115600586,421000,ABCB
2019-07-25,38.75,39.04999923706055,38.20000076293945,38.45000076293945,36.81993103027344,503000,ABCB
2019-07-26,39.0099983215332,40.029998779296875,38.599998474121094,39.7599983215332,38.07438659667969,548600,ABCB
2019-07-29,39.70000076293945,39.9900016784668,39.15999984741211,39.25,37.58600997924805,417800,ABCB
2019-07-30,38.869998931884766,40.0,38.84000015258789,39.970001220703125,38.27548599243164,328000,ABCB
2019-07-31,40.0,40.43000030517578,39.63999938964844,39.77000045776367,38.08396530151367,644600,ABCB
2019-08-01,38.45000076293945,40.189998626708984,38.279998779296875,38.58000183105469,36.944419860839844,728700,ABCB
2019-08-02,38.459999084472656,38.54999923706055,37.529998779296875,38.16999816894531,36.551795959472656,267900,ABCB
2019-08-05,37.34000015258789,37.400001525878906,36.25,36.72999954223633,35.172847747802734,427500,ABCB
2019-08-06,37.0,37.099998474121094,36.13999938964844,36.939998626708984,35.37393569946289,292000,ABCB
2019-08-07,36.2599983215332,36.83000183105469,35.88999938964844,36.70000076293945,35.14411544799805,250700,ABCB
2019-08-08,36.97999954223633,37.9900016784668,36.97999954223633,37.900001525878906,36.293243408203125,277000,ABCB
2019-08-09,37.689998626708984,37.869998931884766,37.439998626708984,37.630001068115234,36.034690856933594,259300,ABCB
2019-08-12,37.130001068115234,37.130001068115234,36.400001525878906,36.41999816894531,34.875980377197266,251900,ABCB
2019-08-13,36.40999984741211,37.5099983215332,36.40999984741211,36.97999954223633,35.4122428894043,249300,ABCB
2019-08-14,35.9900016784668,36.36000061035156,35.27000045776367,35.47999954223633,33.97583770751953,282500,ABCB
2019-08-15,35.54999923706055,35.72999954223633,35.02000045776367,35.25,33.75558853149414,358200,ABCB
2019-08-16,35.470001220703125,36.5,35.41999816894531,36.43000030517578,34.885562896728516,447900,ABCB
2019-08-19,37.040000915527344,37.13999938964844,36.650001525878906,36.84000015258789,35.27818298339844,241400,ABCB
2019-08-20,36.54999923706055,36.81999969482422,36.29999923706055,36.599998474121094,35.04835510253906,211900,ABCB
2019-08-21,36.939998626708984,36.970001220703125,36.599998474121094,36.619998931884766,35.0675048828125,313100,ABCB
2019-08-22,36.91999816894531,37.06999969482422,36.43000030517578,36.70000076293945,35.14411544799805,166100,ABCB
2019-08-23,36.380001068115234,36.95000076293945,34.86000061035156,35.0,33.51618957519531,388800,ABCB
2019-08-26,35.33000183105469,35.54999923706055,34.68000030517578,35.310001373291016,33.81304931640625,293500,ABCB
2019-08-27,35.529998779296875,35.529998779296875,33.95000076293945,34.15999984741211,32.7118034362793,280800,ABCB
2019-08-28,34.09000015258789,35.040000915527344,34.09000015258789,34.7599983215332,33.28635787963867,247500,ABCB
2019-08-29,35.06999969482422,35.56999969482422,34.84000015258789,35.38999938964844,33.8896484375,199700,ABCB
2019-08-30,35.5099983215332,36.060001373291016,35.0,35.189998626708984,33.69813537597656,173300,ABCB
2019-09-03,34.709999084472656,34.83000183105469,33.709999084472656,33.959999084472656,32.5202751159668,330100,ABCB
2019-09-04,34.22999954223633,34.459999084472656,33.970001220703125,34.150001525878906,32.70222091674805,227500,ABCB
2019-09-05,34.709999084472656,35.619998931884766,34.58000183105469,35.220001220703125,33.72686004638672,341700,ABCB
2019-09-06,35.27000045776367,35.4900016784668,35.0,35.16999816894531,33.67898178100586,279300,ABCB
2019-09-09,35.22999954223633,35.88999938964844,34.66999816894531,35.59000015258789,34.081180572509766,541900,ABCB
2019-09-10,35.779998779296875,36.869998931884766,35.72999954223633,36.83000183105469,35.26860809326172,402000,ABCB
2019-09-11,36.849998474121094,37.7599983215332,36.38999938964844,37.720001220703125,36.120880126953125,518600,ABCB
2019-09-12,37.47999954223633,38.810001373291016,37.209999084472656,38.66999816894531,37.030601501464844,584900,ABCB
2019-09-13,39.04999923706055,39.86000061035156,38.709999084472656,39.41999816894531,37.748809814453125,582300,ABCB
2019-09-16,38.88999938964844,39.7400016784668,38.77000045776367,39.22999954223633,37.56686019897461,467500,ABCB
2019-09-17,38.959999084472656,39.02000045776367,38.33000183105469,38.7599983215332,37.116783142089844,324400,ABCB
2019-09-18,38.54999923706055,39.630001068115234,38.5,39.54999923706055,37.8733024597168,489600,ABCB
2019-09-19,39.5099983215332,39.959999084472656,39.099998474121094,39.150001525878906,37.49024963378906,392500,ABCB
2019-09-20,39.2400016784668,40.2400016784668,39.15999984741211,39.68000030517578,37.997779846191406,2092700,ABCB
2019-09-23,39.29999923706055,39.7599983215332,38.95000076293945,39.599998474121094,37.92116928100586,331700,ABCB
2019-09-24,39.790000915527344,39.95000076293945,39.34000015258789,39.63999938964844,37.959476470947266,739400,ABCB
2019-09-25,39.5,40.08000183105469,39.400001525878906,39.86000061035156,38.17015075683594,444900,ABCB
2019-09-26,39.66999816894531,40.029998779296875,39.439998626708984,39.5099983215332,37.834983825683594,315900,ABCB
2019-09-27,39.66999816894531,40.310001373291016,39.65999984741211,40.2599983215332,38.70011901855469,512000,ABCB
2019-09-30,40.400001525878906,40.650001525878906,40.18000030517578,40.2400016784668,38.68089294433594,487800,ABCB
2019-10-01,40.779998779296875,41.34000015258789,39.7599983215332,39.88999938964844,38.34445571899414,997900,ABCB
2019-10-02,39.41999816894531,39.75,38.97999954223633,39.279998779296875,37.758079528808594,436100,ABCB
2019-10-03,39.150001525878906,39.47999954223633,38.5,39.34000015258789,37.81576156616211,331500,ABCB
2019-10-04,39.36000061035156,39.790000915527344,38.9900016784668,39.650001525878906,38.1137580871582,302100,ABCB
2019-10-07,39.86000061035156,39.88999938964844,39.43000030517578,39.709999084472656,38.17143249511719,279100,ABCB
2019-10-08,39.290000915527344,39.290000915527344,38.54999923706055,38.56999969482422,37.075599670410156,220600,ABCB
2019-10-09,38.95000076293945,39.040000915527344,38.34000015258789,38.86000061035156,37.35436248779297,271100,ABCB
2019-10-10,39.189998626708984,39.54999923706055,39.06999969482422,39.40999984741211,37.883052825927734,279200,ABCB
2019-10-11,40.16999816894531,40.779998779296875,39.88999938964844,39.88999938964844,38.34445571899414,460000,ABCB
2019-10-14,39.810001373291016,39.9900016784668,39.5,39.880001068115234,38.334842681884766,234700,ABCB
2019-10-15,40.16999816894531,41.27000045776367,39.91999816894531,41.06999969482422,39.478736877441406,333900,ABCB
2019-10-16,41.040000915527344,41.400001525878906,40.66999816894531,40.959999084472656,39.37299346923828,269300,ABCB
2019-10-17,41.220001220703125,41.5,41.0099983215332,41.47999954223633,39.87284469604492,503700,ABCB
2019-10-18,40.849998474121094,42.16999816894531,40.65999984741211,41.75,40.132389068603516,634000,ABCB
2019-10-21,41.25,42.380001068115234,41.08000183105469,41.849998474121094,40.228511810302734,577300,ABCB
2019-10-22,41.720001220703125,43.310001373291016,41.459999084472656,42.68000030517578,41.0263557434082,938000,ABCB
2019-10-23,42.77000045776367,42.959999084472656,42.13999938964844,42.95000076293945,41.2859001159668,460400,ABCB
2019-10-24,43.189998626708984,43.189998626708984,42.439998626708984,42.81999969482422,41.160926818847656,302800,ABCB
2019-10-25,42.880001068115234,43.5,42.880001068115234,43.290000915527344,41.61272048950195,425500,ABCB
2019-10-28,43.560001373291016,44.2599983215332,43.560001373291016,44.08000183105469,42.37211608886719,479500,ABCB
2019-10-29,43.939998626708984,44.439998626708984,43.810001373291016,44.040000915527344,42.333656311035156,700700,ABCB
2019-10-30,43.939998626708984,43.939998626708984,43.0099983215332,43.43000030517578,41.74729919433594,213800,ABCB
2019-10-31,43.13999938964844,43.209999084472656,42.18000030517578,42.849998474121094,41.18977737426758,323900,ABCB
2019-11-01,43.25,43.5099983215332,42.880001068115234,43.40999984741211,41.72807312011719,262400,ABCB
2019-11-04,43.81999969482422,44.45000076293945,43.5,43.95000076293945,42.24715042114258,446000,ABCB
2019-11-05,44.34000015258789,44.709999084472656,43.790000915527344,43.95000076293945,42.24715042114258,426700,ABCB
2019-11-06,43.77000045776367,43.97999954223633,43.41999816894531,43.83000183105469,42.131797790527344,244400,ABCB
2019-11-07,44.290000915527344,44.7599983215332,44.16999816894531,44.400001525878906,42.679718017578125,214600,ABCB
2019-11-08,44.29999923706055,44.560001373291016,44.11000061035156,44.439998626708984,42.71815872192383,239500,ABCB
2019-11-11,44.349998474121094,44.5,43.970001220703125,44.29999923706055,42.58359146118164,199200,ABCB
2019-11-12,44.2400016784668,44.72999954223633,43.88999938964844,44.459999084472656,42.73738098144531,258600,ABCB
2019-11-13,43.97999954223633,44.060001373291016,43.5,43.7400016784668,42.045291900634766,210400,ABCB
2019-11-14,43.63999938964844,43.84000015258789,43.31999969482422,43.540000915527344,41.85303497314453,260500,ABCB
2019-11-15,43.84000015258789,44.130001068115234,43.45000076293945,43.599998474121094,41.91070556640625,155700,ABCB
2019-11-18,43.36000061035156,43.4900016784668,42.529998779296875,43.09000015258789,41.42047119140625,405900,ABCB
2019-11-19,43.25,43.439998626708984,42.849998474121094,43.33000183105469,41.65117263793945,277600,ABCB
2019-11-20,43.060001373291016,43.61000061035156,42.900001525878906,43.27000045776367,41.59349060058594,330500,ABCB
2019-11-21,43.540000915527344,43.540000915527344,42.43000030517578,42.810001373291016,41.15131378173828,304600,ABCB
2019-11-22,42.9900016784668,43.25,42.15999984741211,42.79999923706055,41.14170837402344,365200,ABCB
2019-11-25,42.810001373291016,43.7400016784668,42.61000061035156,43.5,41.81458282470703,306000,ABCB
2019-11-26,43.310001373291016,43.63999938964844,43.060001373291016,43.33000183105469,41.65117263793945,204000,ABCB
2019-11-27,43.529998779296875,43.95000076293945,43.5,43.68000030517578,41.987613677978516,135000,ABCB
2019-11-29,43.459999084472656,43.90999984741211,43.400001525878906,43.650001525878906,41.95877456665039,106200,ABCB
2019-12-02,43.869998931884766,44.0,43.25,43.54999923706055,41.86264419555664,323500,ABCB
2019-12-03,42.90999984741211,43.0099983215332,42.2599983215332,42.7599983215332,41.10325622558594,401200,ABCB
2019-12-04,42.970001220703125,43.599998474121094,42.869998931884766,43.130001068115234,41.45892333984375,352900,ABCB
2019-12-05,43.33000183105469,43.63999938964844,43.189998626708984,43.22999954223633,41.55504608154297,354300,ABCB
2019-12-06,43.79999923706055,44.15999984741211,43.310001373291016,43.40999984741211,41.72807312011719,346600,ABCB
2019-12-09,43.13999938964844,43.529998779296875,43.029998779296875,43.34000015258789,41.66078186035156,274800,ABCB
2019-12-10,43.34000015258789,43.66999816894531,43.150001525878906,43.349998474121094,41.6703987121582,170500,ABCB
2019-12-11,43.369998931884766,43.619998931884766,42.91999816894531,43.2400016784668,41.564659118652344,343200,ABCB
2019-12-12,43.400001525878906,44.540000915527344,43.04999923706055,44.22999954223633,42.516300201416016,322600,ABCB
2019-12-13,44.0,44.36000061035156,43.7400016784668,44.220001220703125,42.506690979003906,368800,ABCB
2019-12-16,44.38999938964844,44.900001525878906,44.38999938964844,44.56999969482422,42.84312438964844,417400,ABCB
2019-12-17,44.65999984741211,44.790000915527344,44.08000183105469,44.310001373291016,42.59320068359375,304900,ABCB
2019-12-18,44.52000045776367,44.689998626708984,43.7400016784668,43.79999923706055,42.10295867919922,247800,ABCB
2019-12-19,43.650001525878906,43.70000076293945,43.369998931884766,43.66999816894531,41.97799301147461,324000,ABCB
2019-12-20,43.810001373291016,43.810001373291016,43.04999923706055,43.209999084472656,41.535823822021484,1559900,ABCB
2019-12-23,43.439998626708984,43.439998626708984,42.689998626708984,43.09000015258789,41.42047119140625,225000,ABCB
2019-12-24,43.20000076293945,43.25,43.0,43.22999954223633,41.55504608154297,61300,ABCB
2019-12-26,43.31999969482422,43.33000183105469,43.0099983215332,43.119998931884766,41.44930648803711,95200,ABCB
2019-12-27,43.150001525878906,43.2400016784668,42.619998931884766,42.70000076293945,41.04558181762695,291600,ABCB
2019-12-30,42.97999954223633,43.029998779296875,42.59000015258789,42.63999938964844,41.13239669799805,231000,ABCB
2019-12-31,42.529998779296875,42.880001068115234,42.5,42.540000915527344,41.03593444824219,297500,ABCB
2020-01-02,42.93000030517578,43.0,41.939998626708984,42.7400016784668,41.22886276245117,266700,ABCB
2020-01-03,42.04999923706055,42.66999816894531,41.83000183105469,42.56999969482422,41.06487274169922,389600,ABCB
2020-01-06,42.040000915527344,42.650001525878906,41.86000061035156,42.439998626708984,40.93946838378906,242400,ABCB
2020-01-07,42.209999084472656,42.36000061035156,41.9900016784668,42.150001525878906,40.659725189208984,210100,ABCB
2020-01-08,42.11000061035156,42.83000183105469,42.11000061035156,42.650001525878906,41.14204406738281,306300,ABCB
2020-01-09,42.849998474121094,42.939998626708984,42.5,42.720001220703125,41.20957565307617,215100,ABCB
2020-01-10,42.61000061035156,42.88999938964844,42.09000015258789,42.20000076293945,40.70795822143555,196700,ABCB
2020-01-13,42.2400016784668,42.88999938964844,42.119998931884766,42.81999969482422,41.306034088134766,259500,ABCB
2020-01-14,42.61000061035156,42.9900016784668,42.279998779296875,42.709999084472656,41.19992446899414,218900,ABCB
2020-01-15,42.470001220703125,42.75,42.11000061035156,42.290000915527344,40.79477310180664,229300,ABCB
2020-01-16,42.599998474121094,43.33000183105469,42.599998474121094,43.099998474121094,41.576133728027344,205600,ABCB
2020-01-17,43.40999984741211,43.790000915527344,42.91999816894531,43.529998779296875,41.990928649902344,319000,ABCB
2020-01-21,43.2599983215332,43.63999938964844,42.689998626708984,42.88999938964844,41.373558044433594,267400,ABCB
2020-01-22,43.029998779296875,43.130001068115234,42.41999816894531,42.90999984741211,41.392852783203125,200400,ABCB
2020-01-23,42.88999938964844,42.93000030517578,42.36000061035156,42.83000183105469,41.315677642822266,397600,ABCB
2020-01-24,43.209999084472656,43.310001373291016,40.91999816894531,41.59000015258789,40.11952209472656,669900,ABCB
2020-01-27,40.599998474121094,41.11000061035156,40.099998474121094,40.56999969482422,39.135581970214844,524400,ABCB
2020-01-28,40.849998474121094,41.34000015258789,40.5,41.13999938964844,39.68543243408203,330000,ABCB
2020-01-29,41.150001525878906,41.22999954223633,40.5099983215332,40.61000061035156,39.17417526245117,371900,ABCB
2020-01-30,40.2599983215332,41.5099983215332,40.04999923706055,41.130001068115234,39.675785064697266,305100,ABCB
2020-01-31,40.75,41.029998779296875,39.91999816894531,40.189998626708984,38.76902389526367,380000,ABCB
2020-02-03,40.529998779296875,40.849998474121094,40.29999923706055,40.470001220703125,39.03912353515625,273900,ABCB
2020-02-04,41.130001068115234,41.209999084472656,40.540000915527344,40.79999923706055,39.357452392578125,189800,ABCB
2020-02-05,41.31999969482422,42.54999923706055,41.189998626708984,42.189998626708984,40.69831085205078,377700,ABCB
2020-02-06,42.560001373291016,42.65999984741211,41.599998474121094,41.689998626708984,40.21598815917969,205600,ABCB
2020-02-07,41.470001220703125,41.619998931884766,40.849998474121094,41.119998931884766,39.6661376953125,277400,ABCB
2020-02-10,41.08000183105469,41.5,40.91999816894531,41.43000030517578,39.96518325805664,173000,ABCB
2020-02-11,41.61000061035156,42.189998626708984,41.13999938964844,41.38999938964844,39.92659378051758,149900,ABCB
2020-02-12,41.70000076293945,41.880001068115234,41.029998779296875,41.150001525878906,39.6950798034668,167600,ABCB
2020-02-13,41.0,41.470001220703125,40.84000015258789,41.439998626708984,39.97481918334961,164600,ABCB
2020-02-14,41.5099983215332,41.5099983215332,40.91999816894531,41.029998779296875,39.57932662963867,227800,ABCB
2020-02-18,40.900001525878906,41.150001525878906,39.959999084472656,40.220001220703125,38.7979621887207,267700,ABCB
2020-02-19,40.459999084472656,40.59000015258789,40.20000076293945,40.41999816894531,38.99089050292969,226900,ABCB
2020-02-20,40.40999984741211,41.13999938964844,40.209999084472656,41.04999923706055,39.59861373901367,363500,ABCB
2020-02-21,40.93000030517578,40.93000030517578,40.25,40.310001373291016,38.88478088378906,828000,ABCB
2020-02-24,39.11000061035156,39.7400016784668,38.83000183105469,39.47999954223633,38.084129333496094,298400,ABCB
2020-02-25,39.47999954223633,39.47999954223633,37.90999984741211,38.0,36.65645217895508,519900,ABCB
2020-02-26,38.25,38.25,36.63999938964844,36.70000076293945,35.40241622924805,727700,ABCB
2020-02-27,35.970001220703125,36.7400016784668,34.90999984741211,35.2400016784668,33.99403762817383,547900,ABCB
2020-02-28,34.5099983215332,35.13999938964844,33.599998474121094,34.18000030517578,32.97151184082031,658200,ABCB
2020-03-02,34.2599983215332,35.290000915527344,33.68000030517578,35.27000045776367,34.02297592163086,535600,ABCB
2020-03-03,35.029998779296875,35.560001373291016,34.20000076293945,34.650001525878906,33.424896240234375,674600,ABCB
2020-03-04,35.0,35.380001068115234,33.560001373291016,34.97999954223633,33.743228912353516,806200,ABCB
2020-03-05,33.95000076293945,34.869998931884766,33.709999084472656,34.15999984741211,32.95222091674805,619000,ABCB
2020-03-06,32.72999954223633,33.5,31.719999313354492,32.29999923706055,31.15798568725586,761100,ABCB
2020-03-09,29.6299991607666,30.0,27.06999969482422,27.079999923706055,26.12254524230957,409400,ABCB
2020-03-10,28.260000228881836,28.6299991607666,26.329999923706055,28.100000381469727,27.106481552124023,636400,ABCB
2020-03-11,27.079999923706055,27.530000686645508,25.209999084472656,25.739999771118164,24.829923629760742,735000,ABCB
2020-03-12,24.0,25.90999984741211,23.15999984741211,24.09000015258789,23.238262176513672,802900,ABCB
2020-03-13,25.850000381469727,26.540000915527344,23.010000228881836,25.690000534057617,24.781692504882812,1127800,ABCB
2020-03-16,21.700000762939453,22.809999465942383,21.450000762939453,21.829999923706055,21.058168411254883,984100,ABCB
2020-03-17,22.34000015258789,24.610000610351562,21.260000228881836,24.329999923706055,23.469776153564453,840900,ABCB
2020-03-18,22.81999969482422,23.3700008392334,19.649999618530273,20.34000015258789,19.620847702026367,948800,ABCB
2020-03-19,20.030000686645508,23.290000915527344,18.559999465942383,22.600000381469727,21.800941467285156,787200,ABCB
2020-03-20,22.299999237060547,22.600000381469727,20.18000030517578,20.760000228881836,20.025999069213867,850800,ABCB
2020-03-23,21.049999237060547,21.420000076293945,17.889999389648438,18.940000534057617,18.27035140991211,571000,ABCB
2020-03-24,20.1299991607666,22.100000381469727,19.8799991607666,21.75,20.980995178222656,655400,ABCB
2020-03-25,22.170000076293945,22.940000534057617,20.700000762939453,21.559999465942383,20.797712326049805,590600,ABCB
2020-03-26,21.950000762939453,23.420000076293945,21.459999084472656,22.959999084472656,22.14821434020996,656400,ABCB
2020-03-27,21.860000610351562,23.350000381469727,21.399999618530273,22.520000457763672,21.723773956298828,466600,ABCB
2020-03-30,22.540000915527344,23.469999313354492,21.450000762939453,23.350000381469727,22.67546272277832,462300,ABCB
2020-03-31,23.190000534057617,24.360000610351562,23.1299991607666,23.760000228881836,23.07361602783203,551400,ABCB
2020-04-01,22.43000030517578,23.09000015258789,21.75,22.540000915527344,21.88886070251465,433900,ABCB
2020-04-02,22.280000686645508,23.360000610351562,22.110000610351562,22.920000076293945,22.257884979248047,440300,ABCB
2020-04-03,22.700000762939453,22.959999084472656,20.31999969482422,20.65999984741211,20.063169479370117,501700,ABCB
2020-04-06,21.68000030517578,22.440000534057617,21.43000030517578,22.360000610351562,21.714059829711914,432700,ABCB
2020-04-07,23.59000015258789,24.649999618530273,22.559999465942383,22.860000610351562,22.199615478515625,382600,ABCB
2020-04-08,23.270000457763672,24.440000534057617,22.68000030517578,24.110000610351562,23.41350555419922,338000,ABCB
2020-04-09,25.139999389648438,27.059999465942383,24.850000381469727,26.600000381469727,25.831573486328125,417000,ABCB
2020-04-13,27.030000686645508,27.030000686645508,24.559999465942383,24.950000762939453,24.2292423248291,422800,ABCB
2020-04-14,25.559999465942383,25.75,23.829999923706055,24.079999923706055,23.38437271118164,549800,ABCB
2020-04-15,23.0,23.190000534057617,21.719999313354492,21.8700008392334,21.23821449279785,414400,ABCB
2020-04-16,21.889999389648438,21.889999389648438,19.75,20.190000534057617,19.606748580932617,460800,ABCB
2020-04-17,21.31999969482422,23.1299991607666,21.31999969482422,22.559999465942383,21.908283233642578,579500,ABCB
2020-04-20,21.8799991607666,23.1200008392334,21.59000015258789,22.149999618530273,21.510122299194336,340900,ABCB
2020-04-21,21.420000076293945,22.719999313354492,21.139999389648438,22.479999542236328,21.83059310913086,360100,ABCB
2020-04-22,23.110000610351562,23.15999984741211,21.690000534057617,21.969999313354492,21.3353271484375,241100,ABCB
2020-04-23,22.190000534057617,22.829999923706055,21.649999618530273,21.770000457763672,21.141103744506836,363800,ABCB
2020-04-24,21.059999465942383,22.709999084472656,20.520000457763672,22.520000457763672,21.86944007873535,600100,ABCB
2020-04-27,22.780000686645508,24.989999771118164,22.3799991607666,24.610000610351562,23.89906120300293,352800,ABCB
2020-04-28,25.6200008392334,26.270000457763672,24.719999313354492,24.920000076293945,24.200105667114258,422400,ABCB
2020-04-29,26.1200008392334,28.079999923706055,25.719999313354492,26.850000381469727,26.07435417175293,565100,ABCB
2020-04-30,25.93000030517578,26.43000030517578,25.170000076293945,25.43000030517578,24.695375442504883,471900,ABCB
2020-05-01,24.6299991607666,24.700000762939453,22.920000076293945,23.700000762939453,23.015352249145508,416900,ABCB
2020-05-04,23.219999313354492,24.270000457763672,22.690000534057617,24.110000610351562,23.41350555419922,349800,ABCB
2020-05-05,24.799999237060547,24.969999313354492,23.049999237060547,23.170000076293945,22.500661849975586,266000,ABCB
2020-05-06,23.299999237060547,23.639999389648438,21.799999237060547,21.920000076293945,21.286767959594727,295900,ABCB
2020-05-07,22.280000686645508,22.889999389648438,21.68000030517578,21.799999237060547,21.170236587524414,353100,ABCB
2020-05-08,22.540000915527344,23.459999084472656,21.899999618530273,23.450000762939453,22.772573471069336,531800,ABCB
2020-05-11,23.299999237060547,23.299999237060547,21.209999084472656,21.81999969482422,21.189659118652344,625200,ABCB
2020-05-12,21.969999313354492,22.239999771118164,20.100000381469727,20.15999984741211,19.577613830566406,453600,ABCB
2020-05-13,20.010000228881836,20.200000762939453,18.350000381469727,18.520000457763672,17.98499298095703,560800,ABCB
2020-05-14,17.950000762939453,19.049999237060547,17.1200008392334,18.969999313354492,18.421993255615234,550400,ABCB
2020-05-15,18.780000686645508,19.549999237060547,18.389999389648438,19.360000610351562,18.80072593688965,869500,ABCB
2020-05-18,20.739999771118164,22.09000015258789,20.68000030517578,21.760000228881836,21.131393432617188,640200,ABCB
2020-05-19,21.530000686645508,21.940000534057617,20.549999237060547,20.559999465942383,19.9660587310791,358800,ABCB
2020-05-20,20.90999984741211,21.700000762939453,20.65999984741211,21.6299991607666,21.00514793395996,371800,ABCB
2020-05-21,21.6200008392334,22.010000228881836,21.290000915527344,21.520000457763672,20.898324966430664,263000,ABCB
2020-05-22,22.0,22.190000534057617,21.299999237060547,21.649999618530273,21.02457046508789,228000,ABCB
2020-05-26,22.799999237060547,24.540000915527344,22.510000228881836,24.270000457763672,23.568885803222656,510600,ABCB
2020-05-27,25.389999389648438,26.889999389648438,24.90999984741211,26.729999542236328,25.957820892333984,800300,ABCB
2020-05-28,27.15999984741211,27.15999984741211,24.540000915527344,24.780000686645508,24.064151763916016,506000,ABCB
2020-05-29,24.100000381469727,24.850000381469727,23.459999084472656,24.229999542236328,23.530038833618164,731000,ABCB
2020-06-01,24.40999984741211,25.360000610351562,23.979999542236328,24.059999465942383,23.36495018005371,444800,ABCB
2020-06-02,24.510000228881836,24.6200008392334,23.489999771118164,23.709999084472656,23.025062561035156,286000,ABCB
2020-06-03,24.600000381469727,26.510000228881836,24.350000381469727,25.670000076293945,24.928438186645508,429000,ABCB
2020-06-04,25.489999771118164,26.75,25.040000915527344,26.639999389648438,25.870418548583984,550900,ABCB
2020-06-05,28.6299991607666,29.549999237060547,28.049999237060547,28.530000686645508,27.705821990966797,501900,ABCB
2020-06-08,29.579999923706055,29.81999969482422,28.700000762939453,29.6299991607666,28.77404022216797,339100,ABCB
2020-06-09,28.510000228881836,28.739999771118164,27.329999923706055,28.34000015258789,27.521310806274414,445600,ABCB
2020-06-10,28.09000015258789,28.1299991607666,26.219999313354492,26.299999237060547,25.540239334106445,248900,ABCB
2020-06-11,24.530000686645508,24.8799991607666,23.1200008392334,23.329999923706055,22.656036376953125,530700,ABCB
2020-06-12,24.770000457763672,24.799999237060547,22.969999313354492,24.040000915527344,23.34552764892578,463900,ABCB
2020-06-15,22.600000381469727,24.420000076293945,22.43000030517578,24.139999389648438,23.442638397216797,380800,ABCB
2020-06-16,25.81999969482422,25.920000076293945,24.489999771118164,25.530000686645508,24.7924861907959,527300,ABCB
2020-06-17,25.559999465942383,25.59000015258789,24.309999465942383,24.600000381469727,23.88934898376465,411200,ABCB
2020-06-18,24.079999923706055,25.329999923706055,23.719999313354492,24.770000457763672,24.054439544677734,295500,ABCB
2020-06-19,25.239999771118164,25.979999542236328,23.350000381469727,23.829999923706055,23.14159393310547,855600,ABCB
2020-06-22,23.739999771118164,24.469999313354492,23.229999542236328,24.309999465942383,23.60772705078125,438600,ABCB
2020-06-23,24.610000610351562,25.31999969482422,23.65999984741211,23.68000030517578,22.995925903320312,317700,ABCB
2020-06-24,23.309999465942383,23.530000686645508,22.530000686645508,22.729999542236328,22.073373794555664,579000,ABCB
2020-06-25,22.540000915527344,23.690000534057617,22.329999923706055,23.649999618530273,22.966796875,319400,ABCB
2020-06-26,23.049999237060547,23.049999237060547,21.229999542236328,21.280000686645508,20.665260314941406,1492000,ABCB
2020-06-29,21.649999618530273,23.5,21.43000030517578,23.399999618530273,22.885332107543945,612100,ABCB
2020-06-30,23.260000228881836,23.950000762939453,23.010000228881836,23.59000015258789,23.07115364074707,375100,ABCB
2020-07-01,23.649999618530273,23.799999237060547,22.329999923706055,22.389999389648438,21.897546768188477,282500,ABCB
2020-07-02,23.1299991607666,23.5,22.010000228881836,22.139999389648438,21.653045654296875,244600,ABCB
2020-07-06,22.809999465942383,23.219999313354492,21.979999542236328,22.43000030517578,21.93666648864746,368200,ABCB
2020-07-07,22.200000762939453,22.209999084472656,21.59000015258789,21.790000915527344,21.310745239257812,401600,ABCB
2020-07-08,21.799999237060547,22.079999923706055,21.049999237060547,21.489999771118164,21.017343521118164,496200,ABCB
2020-07-09,21.329999923706055,21.479999542236328,19.90999984741211,20.3700008392334,19.921974182128906,507400,ABCB
2020-07-10,20.459999084472656,21.6299991607666,20.389999389648438,21.549999237060547,21.076021194458008,403800,ABCB
2020-07-13,22.0,22.219999313354492,21.09000015258789,21.739999771118164,21.2618408203125,571300,ABCB
2020-07-14,21.559999465942383,21.719999313354492,20.709999084472656,21.010000228881836,20.54789924621582,392000,ABCB
2020-07-15,21.690000534057617,22.799999237060547,21.459999084472656,22.579999923706055,22.0833683013916,528800,ABCB
2020-07-16,22.270000457763672,23.1200008392334,21.979999542236328,22.350000381469727,21.85842514038086,472700,ABCB
2020-07-17,22.170000076293945,22.290000915527344,21.420000076293945,21.540000915527344,21.066240310668945,255300,ABCB
2020-07-20,21.309999465942383,21.649999618530273,20.790000915527344,21.0,20.538118362426758,214900,ABCB
2020-07-21,21.309999465942383,22.540000915527344,21.100000381469727,22.420000076293945,21.9268856048584,290400,ABCB
2020-07-22,22.06999969482422,22.6200008392334,22.0,22.450000762939453,21.956228256225586,317200,ABCB
2020-07-23,22.360000610351562,23.56999969482422,22.329999923706055,23.420000076293945,22.904891967773438,555900,ABCB
2020-07-24,23.270000457763672,23.75,23.079999923706055,23.18000030517578,22.670169830322266,354800,ABCB
2020-07-27,23.280000686645508,24.020000457763672,22.559999465942383,22.959999084472656,22.45500946044922,709500,ABCB
2020-07-28,23.760000228881836,23.969999313354492,23.309999465942383,23.450000762939453,22.934232711791992,474400,ABCB
2020-07-29,23.729999542236328,24.110000610351562,23.1200008392334,24.09000015258789,23.56015396118164,357100,ABCB
2020-07-30,23.3700008392334,23.520000457763672,22.75,23.360000610351562,22.846214294433594,330700,ABCB
2020-07-31,23.030000686645508,23.110000610351562,22.440000534057617,23.079999923706055,22.572372436523438,418000,ABCB
2020-08-03,23.309999465942383,23.6299991607666,22.8700008392334,23.3799991607666,22.865772247314453,259900,ABCB
2020-08-04,23.459999084472656,23.520000457763672,22.799999237060547,23.239999771118164,22.728849411010742,233300,ABCB
2020-08-05,23.6200008392334,24.459999084472656,23.389999389648438,24.43000030517578,23.892675399780273,318600,ABCB
2020-08-06,24.229999542236328,24.639999389648438,24.010000228881836,24.3799991607666,23.843774795532227,342500,ABCB
2020-08-07,24.100000381469727,25.84000015258789,23.920000076293945,25.81999969482422,25.252103805541992,312200,ABCB
2020-08-10,25.969999313354492,26.940000534057617,25.8799991607666,26.690000534057617,26.10297203063965,393200,ABCB
2020-08-11,27.0,27.809999465942383,26.459999084472656,26.780000686645508,26.19099235534668,327200,ABCB
2020-08-12,27.43000030517578,27.43000030517578,25.850000381469727,26.450000762939453,25.868249893188477,237300,ABCB
2020-08-13,26.239999771118164,26.3799991607666,25.6200008392334,25.799999237060547,25.2325439453125,241300,ABCB
2020-08-14,25.520000457763672,26.700000762939453,25.329999923706055,26.350000381469727,25.770448684692383,288700,ABCB
2020-08-17,26.139999389648438,26.139999389648438,25.3799991607666,25.719999313354492,25.15430450439453,280000,ABCB
2020-08-18,25.709999084472656,25.729999542236328,24.770000457763672,24.860000610351562,24.313220977783203,240400,ABCB
2020-08-19,24.90999984741211,25.489999771118164,24.75,24.860000610351562,24.313220977783203,247000,ABCB
2020-08-20,24.360000610351562,24.75,24.100000381469727,24.15999984741211,23.628616333007812,247500,ABCB
2020-08-21,24.06999969482422,24.34000015258789,23.440000534057617,23.729999542236328,23.20807456970215,273900,ABCB
2020-08-24,24.020000457763672,25.15999984741211,23.729999542236328,25.040000915527344,24.489261627197266,222000,ABCB
2020-08-25,25.360000610351562,25.739999771118164,24.700000762939453,25.100000381469727,24.547941207885742,171600,ABCB
2020-08-26,25.100000381469727,25.149999618530273,24.420000076293945,24.6200008392334,24.078500747680664,272800,ABCB
2020-08-27,24.549999237060547,25.360000610351562,24.549999237060547,25.020000457763672,24.469697952270508,278400,ABCB
2020-08-28,25.469999313354492,25.469999313354492,24.799999237060547,24.989999771118164,24.44036293029785,266600,ABCB
2020-08-31,24.760000228881836,24.8799991607666,24.34000015258789,24.520000457763672,23.98069953918457,341900,ABCB
2020-09-01,24.260000228881836,24.809999465942383,24.149999618530273,24.5,23.961139678955078,224000,ABCB
2020-09-02,24.3799991607666,24.8799991607666,24.190000534057617,24.65999984741211,24.117616653442383,278400,ABCB
2020-09-03,24.799999237060547,25.760000228881836,24.610000610351562,24.719999313354492,24.176298141479492,217500,ABCB
2020-09-04,25.43000030517578,25.6299991607666,24.84000015258789,25.219999313354492,24.665300369262695,228200,ABCB
2020-09-08,24.799999237060547,24.81999969482422,24.020000457763672,24.40999984741211,23.873117446899414,337600,ABCB
2020-09-09,24.6299991607666,25.09000015258789,23.690000534057617,23.829999923706055,23.30587387084961,295400,ABCB
2020-09-10,24.020000457763672,24.25,23.3700008392334,23.399999618530273,22.885332107543945,188600,ABCB
2020-09-11,23.3799991607666,23.510000228881836,23.139999389648438,23.479999542236328,22.963573455810547,233700,ABCB
2020-09-14,23.559999465942383,24.299999237060547,23.559999465942383,23.989999771118164,23.462356567382812,191800,ABCB
2020-09-15,24.030000686645508,24.239999771118164,23.360000610351562,23.389999389648438,22.875551223754883,229200,ABCB
2020-09-16,23.350000381469727,24.100000381469727,23.09000015258789,23.729999542236328,23.20807456970215,288400,ABCB
2020-09-17,23.34000015258789,23.84000015258789,23.15999984741211,23.6299991607666,23.110271453857422,260200,ABCB
2020-09-18,23.84000015258789,23.93000030517578,22.8700008392334,23.0,22.494131088256836,1142500,ABCB
2020-09-21,22.239999771118164,22.959999084472656,21.209999084472656,21.520000457763672,21.046680450439453,479800,ABCB
2020-09-22,21.360000610351562,22.239999771118164,21.25,21.520000457763672,21.046680450439453,795100,ABCB
2020-09-23,22.760000228881836,23.079999923706055,21.1299991607666,21.18000030517578,20.714160919189453,864300,ABCB
2020-09-24,21.219999313354492,21.959999084472656,20.860000610351562,21.440000534057617,20.968441009521484,414800,ABCB
2020-09-25,21.219999313354492,22.020000457763672,21.219999313354492,21.90999984741211,21.428102493286133,402400,ABCB
2020-09-28,22.110000610351562,23.079999923706055,22.110000610351562,22.809999465942383,22.308305740356445,386000,ABCB
2020-09-29,22.469999313354492,22.790000915527344,22.06999969482422,22.760000228881836,22.40675926208496,392100,ABCB
2020-09-30,23.079999923706055,23.350000381469727,22.530000686645508,22.780000686645508,22.42644691467285,386200,ABCB
2020-10-01,22.799999237060547,23.18000030517578,22.3700008392334,23.030000686645508,22.672565460205078,355300,ABCB
2020-10-02,22.610000610351562,23.920000076293945,22.610000610351562,23.81999969482422,23.45030403137207,314900,ABCB
2020-10-05,24.0,25.059999465942383,23.450000762939453,24.84000015258789,24.45447540283203,410900,ABCB
2020-10-06,25.3799991607666,26.440000534057617,24.81999969482422,25.3799991607666,24.98609161376953,827200,ABCB
2020-10-07,25.8700008392334,26.5,25.389999389648438,25.6200008392334,25.222370147705078,496200,ABCB
2020-10-08,25.969999313354492,26.6299991607666,25.43000030517578,26.43000030517578,26.01979637145996,263400,ABCB
2020-10-09,26.59000015258789,27.110000610351562,25.700000762939453,25.8799991607666,25.47833251953125,307100,ABCB
2020-10-12,25.8799991607666,26.450000762939453,25.700000762939453,26.420000076293945,26.009952545166016,164700,ABCB
2020-10-13,26.329999923706055,26.34000015258789,25.43000030517578,25.549999237060547,25.153453826904297,261700,ABCB
2020-10-14,25.610000610351562,25.90999984741211,25.25,25.31999969482422,24.92702293395996,252400,ABCB
2020-10-15,24.899999618530273,26.260000228881836,24.5,26.059999465942383,25.655536651611328,309700,ABCB
2020-10-16,26.040000915527344,26.309999465942383,25.260000228881836,25.979999542236328,25.576780319213867,200100,ABCB
2020-10-19,26.329999923706055,26.43000030517578,25.75,25.8799991607666,25.47833251953125,234900,ABCB
2020-10-20,26.360000610351562,27.3700008392334,26.200000762939453,26.850000381469727,26.433277130126953,324200,ABCB
2020-10-21,27.040000915527344,27.780000686645508,26.850000381469727,27.649999618530273,27.220861434936523,269900,ABCB
2020-10-22,27.81999969482422,29.299999237060547,27.760000228881836,29.110000610351562,28.658203125,575800,ABCB
2020-10-23,30.0,30.75,28.420000076293945,29.139999389648438,28.68773651123047,761300,ABCB
2020-10-26,29.469999313354492,29.469999313354492,28.34000015258789,28.989999771118164,28.540063858032227,489800,ABCB
2020-10-27,29.0,29.75,27.940000534057617,28.06999969482422,27.634342193603516,404800,ABCB
2020-10-28,27.489999771118164,28.889999389648438,27.149999618530273,28.219999313354492,27.782014846801758,400700,ABCB
2020-10-29,28.0,29.229999542236328,27.43000030517578,29.079999923706055,28.6286678314209,363100,ABCB
2020-10-30,28.790000915527344,29.43000030517578,28.790000915527344,29.299999237060547,28.845251083374023,289400,ABCB
2020-11-02,29.829999923706055,30.309999465942383,29.239999771118164,29.850000381469727,29.386716842651367,323000,ABCB
2020-11-03,30.59000015258789,31.139999389648438,30.1200008392334,30.950000762939453,30.469642639160156,348800,ABCB
2020-11-04,30.18000030517578,30.450000762939453,28.520000457763672,28.709999084472656,28.2644100189209,499400,ABCB
2020-11-05,28.709999084472656,30.5,28.709999084472656,30.0,29.53438949584961,675300,ABCB
2020-11-06,30.309999465942383,30.600000381469727,29.3700008392334,29.40999984741211,28.95354652404785,384500,ABCB
2020-11-09,31.889999389648438,35.83000183105469,31.6200008392334,33.970001220703125,33.44277572631836,839800,ABCB
2020-11-10,34.459999084472656,35.09000015258789,33.790000915527344,34.97999954223633,34.437095642089844,415800,ABCB
2020-11-11,35.18000030517578,35.61000061035156,32.900001525878906,33.45000076293945,32.930843353271484,312000,ABCB
2020-11-12,32.41999816894531,32.9900016784668,31.860000610351562,32.38999938964844,31.887296676635742,599300,ABCB
2020-11-13,32.88999938964844,33.810001373291016,31.809999465942383,33.5099983215332,32.98991394042969,337600,ABCB
2020-11-16,34.95000076293945,35.4900016784668,34.38999938964844,35.15999984741211,34.61430358886719,412100,ABCB
2020-11-17,34.54999923706055,35.060001373291016,33.939998626708984,35.040000915527344,34.49616622924805,301000,ABCB
2020-11-18,35.470001220703125,35.470001220703125,34.290000915527344,34.310001373291016,33.77749252319336,371200,ABCB
2020-11-19,34.0099983215332,34.290000915527344,33.22999954223633,34.15999984741211,33.62982177734375,222100,ABCB
2020-11-20,33.400001525878906,33.97999954223633,32.93000030517578,33.90999984741211,33.383705139160156,261900,ABCB
2020-11-23,34.54999923706055,34.9900016784668,34.119998931884766,34.5,33.96454620361328,311700,ABCB
2020-11-24,35.38999938964844,36.5,34.70000076293945,35.81999969482422,35.264060974121094,593400,ABCB
2020-11-25,35.349998474121094,35.97999954223633,34.77000045776367,35.72999954223633,35.175453186035156,356500,ABCB
2020-11-27,35.400001525878906,35.97999954223633,34.099998474121094,35.279998779296875,34.73243713378906,203100,ABCB
2020-11-30,35.09000015258789,35.25,33.86000061035156,34.0099983215332,33.48215103149414,600600,ABCB
2020-12-01,34.95000076293945,35.4900016784668,34.59000015258789,34.83000183105469,34.289424896240234,424500,ABCB
2020-12-02,34.7400016784668,35.880001068115234,34.56999969482422,35.77000045776367,35.214839935302734,205300,ABCB
2020-12-03,35.81999969482422,35.880001068115234,35.02000045776367,35.45000076293945,34.899803161621094,296600,ABCB
2020-12-04,35.9900016784668,36.470001220703125,35.5,36.2599983215332,35.69723129272461,546200,ABCB
2020-12-07,36.279998779296875,37.029998779296875,35.65999984741211,36.83000183105469,36.25838851928711,281400,ABCB
2020-12-08,36.599998474121094,37.470001220703125,35.38999938964844,37.08000183105469,36.5045051574707,503000,ABCB
2020-12-09,37.540000915527344,37.90999984741211,37.040000915527344,37.75,37.16410446166992,473000,ABCB
2020-12-10,37.310001373291016,37.84000015258789,35.13999938964844,37.619998931884766,37.0361213684082,309200,ABCB
2020-12-11,37.439998626708984,37.95000076293945,37.18000030517578,37.619998931884766,37.0361213684082,291700,ABCB
2020-12-14,38.099998474121094,38.650001525878906,37.720001220703125,37.7599983215332,37.1739501953125,419500,ABCB
2020-12-15,38.15999984741211,39.529998779296875,38.0,39.20000076293945,38.59159851074219,443800,ABCB
2020-12-16,39.20000076293945,39.439998626708984,38.4900016784668,38.540000915527344,37.94184494018555,394900,ABCB
2020-12-17,38.59000015258789,38.810001373291016,37.90999984741211,38.59000015258789,37.991065979003906,295600,ABCB
2020-12-18,38.619998931884766,38.75,37.630001068115234,37.79999923706055,37.21333312988281,1521200,ABCB
2020-12-21,38.0,38.599998474121094,36.22999954223633,36.66999816894531,36.100868225097656,389300,ABCB
2020-12-22,36.95000076293945,37.869998931884766,35.91999816894531,35.959999084472656,35.40188980102539,252900,ABCB
2020-12-23,36.38999938964844,37.630001068115234,36.130001068115234,37.529998779296875,36.947513580322266,279100,ABCB
2020-12-24,37.630001068115234,37.630001068115234,36.79999923706055,37.47999954223633,36.89829635620117,97000,ABCB
2020-12-28,37.650001525878906,38.310001373291016,37.16999816894531,37.9900016784668,37.40038299560547,300600,ABCB
2020-12-29,38.11000061035156,38.400001525878906,37.20000076293945,37.400001525878906,36.819541931152344,302800,ABCB
2020-12-30,37.279998779296875,38.18000030517578,37.040000915527344,37.959999084472656,37.521331787109375,322000,ABCB
2020-12-31,37.970001220703125,38.290000915527344,37.54999923706055,38.06999969482422,37.630062103271484,260800,ABCB
2021-01-04,38.619998931884766,38.709999084472656,37.279998779296875,38.099998474121094,37.65970993041992,488500,ABCB
2021-01-05,38.18000030517578,39.54999923706055,37.880001068115234,39.11000061035156,38.658042907714844,506900,ABCB
2021-01-06,40.220001220703125,43.029998779296875,40.16999816894531,42.130001068115234,41.64314651489258,856500,ABCB
2021-01-07,42.59000015258789,43.459999084472656,40.560001373291016,43.400001525878906,42.898468017578125,647500,ABCB
2021-01-08,43.400001525878906,43.400001525878906,41.91999816894531,42.75,42.255977630615234,512400,ABCB
2021-01-11,42.040000915527344,43.7400016784668,41.849998474121094,43.59000015258789,43.086273193359375,460400,ABCB
2021-01-12,43.79999923706055,44.88999938964844,43.47999954223633,44.16999816894531,43.65956497192383,541500,ABCB
2021-01-13,43.97999954223633,44.41999816894531,43.040000915527344,44.02000045776367,43.51130676269531,422400,ABCB
2021-01-14,44.45000076293945,45.18000030517578,44.13999938964844,44.880001068115234,44.361366271972656,485600,ABCB
2021-01-15,43.9900016784668,44.81999969482422,43.2599983215332,44.099998474121094,43.59037780761719,407800,ABCB
2021-01-19,44.27000045776367,44.93000030517578,43.41999816894531,44.650001525878906,44.13402557373047,355900,ABCB
2021-01-20,44.66999816894531,45.18000030517578,44.15999984741211,44.66999816894531,44.15379333496094,465700,ABCB
2021-01-21,44.65999984741211,44.65999984741211,42.90999984741211,42.95000076293945,42.45366668701172,266200,ABCB
2021-01-22,42.619998931884766,44.459999084472656,42.18000030517578,44.31999969482422,43.80783462524414,400600,ABCB
2021-01-25,43.540000915527344,43.91999816894531,42.63999938964844,43.65999984741211,43.15546417236328,467100,ABCB
2021-01-26,44.060001373291016,44.40999984741211,42.65999984741211,42.810001373291016,42.315284729003906,265900,ABCB
2021-01-27,41.65999984741211,42.15999984741211,40.90999984741211,41.0,40.52619934082031,430100,ABCB
2021-01-28,41.88999938964844,42.15999984741211,41.02000045776367,41.290000915527344,40.8128547668457,571400,ABCB
2021-01-29,40.66999816894531,40.66999816894531,36.599998474121094,39.11000061035156,38.658042907714844,796300,ABCB
2021-02-01,39.869998931884766,41.38999938964844,39.15999984741211,41.2599983215332,40.78319549560547,381900,ABCB
2021-02-02,42.04999923706055,42.04999923706055,40.59000015258789,41.439998626708984,40.961116790771484,311100,ABCB
2021-02-03,41.11000061035156,42.060001373291016,40.79999923706055,41.970001220703125,41.48499298095703,327000,ABCB
2021-02-04,42.41999816894531,44.150001525878906,42.08000183105469,43.869998931884766,43.363037109375,395800,ABCB
2021-02-05,44.279998779296875,44.72999954223633,43.029998779296875,44.0,43.49153518676758,324500,ABCB
2021-02-08,44.380001068115234,45.13999938964844,43.70000076293945,45.08000183105469,44.559051513671875,293600,ABCB
2021-02-09,45.0,45.72999954223633,44.380001068115234,45.5099983215332,44.98408126831055,551400,ABCB
2021-02-10,45.70000076293945,46.97999954223633,45.29999923706055,46.09000015258789,45.5573844909668,424600,ABCB
2021-02-11,46.04999923706055,46.58000183105469,44.68000030517578,45.65999984741211,45.13235092163086,317500,ABCB
2021-02-12,45.369998931884766,46.15999984741211,45.02000045776367,45.93000030517578,45.39923095703125,162300,ABCB
2021-02-16,46.63999938964844,47.04999923706055,45.95000076293945,46.810001373291016,46.26906204223633,259600,ABCB
2021-02-17,46.5099983215332,47.36000061035156,46.38999938964844,46.91999816894531,46.37778854370117,230700,ABCB
2021-02-18,46.619998931884766,47.11000061035156,46.099998474121094,46.31999969482422,45.78472137451172,182400,ABCB
2021-02-19,46.65999984741211,47.61000061035156,46.40999984741211,47.529998779296875,46.980743408203125,206400,ABCB
2021-02-22,47.119998931884766,48.81999969482422,47.029998779296875,48.349998474121094,47.791263580322266,304100,ABCB
2021-02-23,48.349998474121094,49.349998474121094,47.849998474121094,49.08000183105469,48.5128288269043,341800,ABCB
2021-02-24,49.540000915527344,50.61000061035156,49.5,50.2400016784668,49.659423828125,402800,ABCB
2021-02-25,50.790000915527344,50.90999984741211,47.810001373291016,48.119998931884766,47.56392288208008,363000,ABCB
2021-02-26,47.709999084472656,48.540000915527344,47.150001525878906,47.63999938964844,47.0894660949707,333600,ABCB
2021-03-01,48.849998474121094,49.119998931884766,48.29999923706055,49.02000045776367,48.453521728515625,312000,ABCB
2021-03-02,49.22999954223633,49.459999084472656,48.310001373291016,48.970001220703125,48.40410232543945,402400,ABCB
2021-03-03,49.400001525878906,51.97999954223633,49.400001525878906,50.15999984741211,49.58034896850586,866500,ABCB
2021-03-04,50.439998626708984,52.18000030517578,48.970001220703125,49.86000061035156,49.2838134765625,459400,ABCB
2021-03-05,50.75,51.209999084472656,49.16999816894531,50.349998474121094,49.76815414428711,538800,ABCB
2021-03-08,51.630001068115234,53.0,50.619998931884766,51.650001525878906,51.05313491821289,560000,ABCB
2021-03-09,51.130001068115234,52.2599983215332,49.65999984741211,51.619998931884766,51.023475646972656,376400,ABCB
2021-03-10,51.529998779296875,53.709999084472656,51.529998779296875,52.72999954223633,52.12065124511719,528700,ABCB
2021-03-11,52.209999084472656,54.27000045776367,51.84000015258789,54.150001525878906,53.52423858642578,327000,ABCB
2021-03-12,54.970001220703125,55.959999084472656,54.560001373291016,55.470001220703125,54.82898712158203,452900,ABCB
2021-03-15,55.849998474121094,56.45000076293945,54.41999816894531,55.70000076293945,55.056331634521484,501400,ABCB
2021-03-16,55.08000183105469,56.02000045776367,54.08000183105469,55.849998474121094,55.204593658447266,428400,ABCB
2021-03-17,55.779998779296875,56.5099983215332,55.119998931884766,55.59000015258789,54.94759750366211,378000,ABCB
2021-03-18,56.0,57.810001373291016,54.7400016784668,55.119998931884766,54.483036041259766,595300,ABCB
2021-03-19,54.36000061035156,56.22999954223633,53.81999969482422,55.97999954223633,55.333091735839844,1748200,ABCB
2021-03-22,55.869998931884766,55.869998931884766,53.630001068115234,54.150001525878906,53.52423858642578,520200,ABCB
2021-03-23,53.529998779296875,54.310001373291016,51.56999969482422,51.9900016784668,51.38920593261719,609900,ABCB
2021-03-24,52.849998474121094,54.40999984741211,51.59000015258789,51.650001525878906,51.05313491821289,439900,ABCB
2021-03-25,51.27000045776367,53.099998474121094,50.79999923706055,52.68000030517578,52.071224212646484,460400,ABCB
2021-03-26,53.470001220703125,55.0099983215332,53.150001525878906,54.939998626708984,54.30510711669922,613200,ABCB
2021-03-29,53.970001220703125,54.77000045776367,52.599998474121094,52.70000076293945,52.09099578857422,605200,ABCB
2021-03-30,52.130001068115234,55.349998474121094,52.130001068115234,53.2400016784668,52.77497100830078,410800,ABCB
2021-03-31,53.02000045776367,53.83000183105469,52.279998779296875,52.5099983215332,52.05134582519531,507400,ABCB
2021-04-01,52.68000030517578,53.529998779296875,52.119998931884766,53.2400016784668,52.77497100830078,314300,ABCB
2021-04-05,53.83000183105469,54.29999923706055,52.81999969482422,53.279998779296875,52.81461715698242,376300,ABCB
2021-04-06,53.150001525878906,53.91999816894531,52.599998474121094,52.869998931884766,52.408199310302734,370000,ABCB
2021-04-07,52.380001068115234,52.66999816894531,51.61000061035156,51.93000030517578,51.47641372680664,534200,ABCB
2021-04-08,51.630001068115234,51.75,49.97999954223633,51.470001220703125,51.02042770385742,467100,ABCB
2021-04-09,52.0,52.349998474121094,51.33000183105469,52.099998474121094,51.64492416381836,261100,ABCB
2021-04-12,52.439998626708984,53.220001220703125,51.91999816894531,52.279998779296875,51.82335662841797,372000,ABCB
2021-04-13,52.11000061035156,52.11000061035156,50.16999816894531,50.2599983215332,49.82099914550781,434300,ABCB
2021-04-14,49.9900016784668,51.45000076293945,49.9900016784668,50.63999938964844,50.19767761230469,388300,ABCB
2021-04-15,50.77000045776367,50.77000045776367,48.90999984741211,50.369998931884766,49.93003845214844,322900,ABCB
2021-04-16,51.13999938964844,51.61000061035156,50.20000076293945,51.310001373291016,50.86183166503906,385800,ABCB
2021-04-19,51.13999938964844,52.0,50.33000183105469,50.72999954223633,50.28689193725586,381300,ABCB
2021-04-20,50.59000015258789,50.65999984741211,47.95000076293945,48.25,47.828556060791016,424500,ABCB
2021-04-21,47.84000015258789,49.560001373291016,47.439998626708984,49.380001068115234,48.94868469238281,366000,ABCB
2021-04-22,49.34000015258789,49.95000076293945,48.630001068115234,48.689998626708984,48.26470947265625,389300,ABCB
2021-04-23,47.970001220703125,51.619998931884766,47.54999923706055,50.810001373291016,50.36619567871094,491600,ABCB
2021-04-26,51.869998931884766,52.83000183105469,51.209999084472656,51.41999816894531,50.970863342285156,283800,ABCB
2021-04-27,51.36000061035156,52.189998626708984,51.130001068115234,52.150001525878906,51.694488525390625,313900,ABCB
2021-04-28,52.349998474121094,52.900001525878906,51.959999084472656,52.66999816894531,52.2099494934082,351600,ABCB
2021-04-29,53.45000076293945,54.45000076293945,53.0,54.349998474121094,53.875274658203125,517200,ABCB
2021-04-30,53.849998474121094,55.02000045776367,53.459999084472656,54.09000015258789,53.61754608154297,641100,ABCB
2021-05-03,54.88999938964844,55.290000915527344,53.459999084472656,54.47999954223633,54.0041389465332,578000,ABCB
2021-05-04,54.06999969482422,55.91999816894531,53.130001068115234,55.86000061035156,55.37208938598633,326000,ABCB
2021-05-05,56.7599983215332,56.7599983215332,55.08000183105469,56.22999954223633,55.738853454589844,294800,ABCB
2021-05-06,56.369998931884766,57.13999938964844,55.869998931884766,57.0,56.50212860107422,289200,ABCB
2021-05-07,56.0,57.220001220703125,55.630001068115234,57.02000045776367,56.52195358276367,400700,ABCB
2021-05-10,57.040000915527344,57.810001373291016,55.77000045776367,55.77000045776367,55.28287124633789,351300,ABCB
2021-05-11,55.29999923706055,56.619998931884766,55.0,55.5,55.015228271484375,854000,ABCB
2021-05-12,55.880001068115234,56.06999969482422,54.099998474121094,54.25,53.776145935058594,593400,ABCB
2021-05-13,53.79999923706055,56.619998931884766,53.349998474121094,56.130001068115234,55.63972854614258,393700,ABCB
2021-05-14,56.349998474121094,57.04999923706055,55.88999938964844,56.939998626708984,56.44265365600586,367400,ABCB
2021-05-17,56.75,57.880001068115234,55.79999923706055,56.5099983215332,56.01640701293945,200800,ABCB
2021-05-18,56.439998626708984,57.369998931884766,56.060001373291016,56.25,55.7586784362793,556900,ABCB
2021-05-19,55.290000915527344,56.25,54.459999084472656,56.20000076293945,55.70911407470703,538100,ABCB
2021-05-20,56.02000045776367,57.349998474121094,55.150001525878906,57.02000045776367,56.52195358276367,467600,ABCB
2021-05-21,57.5,59.599998474121094,57.41999816894531,58.52000045776367,58.00885009765625,829200,ABCB
2021-05-24,59.5099983215332,59.849998474121094,56.060001373291016,56.11000061035156,55.619903564453125,627500,ABCB
2021-05-25,56.2599983215332,57.25,53.130001068115234,53.16999816894531,52.70558166503906,650600,ABCB
2021-05-26,53.66999816894531,54.40999984741211,52.41999816894531,54.16999816894531,53.69684600830078,539000,ABCB
2021-05-27,55.02000045776367,55.4900016784668,54.54999923706055,55.09000015258789,54.60881042480469,296700,ABCB
2021-05-28,55.15999984741211,55.58000183105469,54.150001525878906,54.939998626708984,54.460121154785156,302200,ABCB
2021-06-01,55.56999969482422,56.5,55.4900016784668,56.31999969482422,55.828067779541016,511400,ABCB
2021-06-02,56.40999984741211,56.560001373291016,55.38999938964844,55.86000061035156,55.37208938598633,323700,ABCB
2021-06-03,55.72999954223633,56.720001220703125,55.290000915527344,56.52000045776367,56.02632141113281,349900,ABCB
2021-06-04,56.33000183105469,56.540000915527344,55.72999954223633,56.470001220703125,55.97675704956055,182100,ABCB
2021-06-07,56.38999938964844,57.380001068115234,56.29999923706055,57.189998626708984,56.690467834472656,221600,ABCB
2021-06-08,56.7599983215332,57.91999816894531,55.970001220703125,57.119998931884766,56.62107849121094,347000,ABCB
2021-06-09,56.619998931884766,56.65999984741211,55.52000045776367,55.560001373291016,55.07470703125,321600,ABCB
2021-06-10,56.459999084472656,56.459999084472656,53.97999954223633,54.04999923706055,53.57789611816406,258100,ABCB
2021-06-11,54.41999816894531,54.90999984741211,53.650001525878906,54.27000045776367,53.79597473144531,387100,ABCB
2021-06-14,54.380001068115234,54.90999984741211,53.20000076293945,53.7400016784668,53.270606994628906,352500,ABCB
2021-06-15,53.88999938964844,55.20000076293945,53.56999969482422,54.849998474121094,54.37091064453125,289700,ABCB
2021-06-16,54.459999084472656,56.36000061035156,53.689998626708984,55.5,55.015228271484375,412800,ABCB
2021-06-17,55.849998474121094,56.060001373291016,52.7400016784668,52.90999984741211,52.447853088378906,455200,ABCB
2021-06-18,51.869998931884766,52.5,49.959999084472656,50.029998779296875,49.5930061340332,1405600,ABCB
2021-06-21,50.5,52.79999923706055,50.380001068115234,52.189998626708984,51.73413848876953,496900,ABCB
2021-06-22,52.13999938964844,52.38999938964844,51.0,51.88999938964844,51.43675994873047,253900,ABCB
2021-06-23,52.18000030517578,52.33000183105469,51.5,51.68000030517578,51.228599548339844,595200,ABCB
2021-06-24,51.91999816894531,53.029998779296875,51.459999084472656,52.81999969482422,52.358638763427734,276100,ABCB
2021-06-25,52.959999084472656,53.54999923706055,52.529998779296875,53.02000045776367,52.55689239501953,821900,ABCB
2021-06-28,52.630001068115234,52.630001068115234,51.099998474121094,51.56999969482422,51.11955261230469,345000,ABCB
2021-06-29,51.849998474121094,52.540000915527344,50.52000045776367,50.68000030517578,50.383880615234375,270700,ABCB
2021-06-30,50.38999938964844,50.91999816894531,50.2599983215332,50.630001068115234,50.33417510986328,320000,ABCB
2021-07-01,50.880001068115234,51.619998931884766,50.43000030517578,51.31999969482422,51.020137786865234,267600,ABCB
2021-07-02,51.11000061035156,51.2400016784668,50.130001068115234,50.38999938964844,50.09557342529297,195500,ABCB
2021-07-06,49.97999954223633,50.22999954223633,48.25,48.880001068115234,48.59439468383789,381300,ABCB
2021-07-07,48.279998779296875,49.189998626708984,47.849998474121094,48.400001525878906,48.11720275878906,474200,ABCB
2021-07-08,47.150001525878906,47.939998626708984,46.380001068115234,47.63999938964844,47.36164093017578,622300,ABCB
2021-07-09,48.7599983215332,49.93000030517578,48.279998779296875,49.84000015258789,49.54878616333008,436800,ABCB
2021-07-12,49.099998474121094,49.88999938964844,48.65999984741211,49.810001373291016,49.51896667480469,418600,ABCB
2021-07-13,49.61000061035156,49.7599983215332,48.310001373291016,48.540000915527344,48.256385803222656,324700,ABCB
2021-07-14,48.77000045776367,49.400001525878906,47.52000045776367,47.81999969482422,47.54058837890625,290900,ABCB
2021-07-15,47.33000183105469,48.599998474121094,47.33000183105469,48.540000915527344,48.256385803222656,292600,ABCB
2021-07-16,48.91999816894531,48.91999816894531,47.02000045776367,47.15999984741211,46.88444519042969,284400,ABCB
2021-07-19,45.630001068115234,46.150001525878906,44.91999816894531,45.58000183105469,45.31367874145508,472200,ABCB
2021-07-20,45.4900016784668,47.97999954223633,45.400001525878906,46.52000045776367,46.24818801879883,498900,ABCB
2021-07-21,47.09000015258789,47.970001220703125,47.08000183105469,47.47999954223633,47.20257568359375,327200,ABCB
2021-07-22,47.43000030517578,47.43000030517578,45.45000076293945,45.70000076293945,45.432979583740234,294800,ABCB
2021-07-23,45.689998626708984,46.290000915527344,45.060001373291016,45.970001220703125,45.70140075683594,405000,ABCB
2021-07-26,46.380001068115234,47.369998931884766,46.119998931884766,47.04999923706055,46.775089263916016,462500,ABCB
2021-07-27,46.65999984741211,47.59000015258789,46.25,47.33000183105469,47.0534553527832,468000,ABCB
2021-07-28,48.45000076293945,49.400001525878906,47.599998474121094,48.91999816894531,48.634159088134766,568700,ABCB
2021-07-29,49.47999954223633,49.90999984741211,48.900001525878906,49.130001068115234,48.84293746948242,416900,ABCB
2021-07-30,48.68000030517578,49.66999816894531,48.279998779296875,48.61000061035156,48.32597351074219,495000,ABCB
2021-08-02,48.70000076293945,50.540000915527344,48.220001220703125,48.310001373291016,48.02772903442383,470100,ABCB
2021-08-03,48.58000183105469,49.0,47.20000076293945,48.7599983215332,48.47509765625,375300,ABCB
2021-08-04,47.93000030517578,49.02000045776367,47.83000183105469,47.88999938964844,47.61017990112305,297100,ABCB
2021-08-05,48.15999984741211,49.209999084472656,48.15999984741211,49.15999984741211,48.87276077270508,218600,ABCB
2021-08-06,50.060001373291016,50.58000183105469,49.560001373291016,50.15999984741211,49.866920471191406,405500,ABCB
2021-08-09,49.95000076293945,50.439998626708984,48.459999084472656,49.970001220703125,49.67802810668945,512400,ABCB
2021-08-10,49.90999984741211,50.81999969482422,49.65999984741211,50.52000045776367,50.224815368652344,1362000,ABCB
2021-08-11,50.7599983215332,51.439998626708984,49.93000030517578,51.310001373291016,51.01020050048828,386400,ABCB
2021-08-12,50.65999984741211,51.459999084472656,50.65999984741211,50.9900016784668,50.69207000732422,331600,ABCB
2021-08-13,51.16999816894531,51.25,50.18000030517578,50.43000030517578,50.13534164428711,220300,ABCB
2021-08-16,49.900001525878906,50.4900016784668,49.290000915527344,50.150001525878906,49.85697555541992,237200,ABCB
2021-08-17,49.63999938964844,50.02000045776367,48.72999954223633,49.06999969482422,48.783287048339844,268500,ABCB
2021-08-18,48.97999954223633,49.70000076293945,48.529998779296875,48.599998474121094,48.31603240966797,287000,ABCB
2021-08-19,47.970001220703125,48.400001525878906,47.130001068115234,47.45000076293945,47.172752380371094,335100,ABCB
2021-08-20,47.290000915527344,48.40999984741211,47.279998779296875,48.31999969482422,48.03766632080078,200100,ABCB
2021-08-23,48.779998779296875,49.040000915527344,48.459999084472656,48.790000915527344,48.50492477416992,184100,ABCB
2021-08-24,48.88999938964844,49.40999984741211,48.72999954223633,49.18000030517578,48.892642974853516,172700,ABCB
2021-08-25,49.279998779296875,50.119998931884766,49.279998779296875,49.33000183105469,49.04176712036133,208800,ABCB
2021-08-26,49.5,50.040000915527344,48.369998931884766,48.43000030517578,48.14702606201172,214900,ABCB
2021-08-27,48.70000076293945,50.15999984741211,48.70000076293945,50.06999969482422,49.777442932128906,299600,ABCB
2021-08-30,50.0,50.209999084472656,48.61000061035156,48.689998626708984,48.4055061340332,217600,ABCB
2021-08-31,48.380001068115234,50.11000061035156,48.380001068115234,49.2400016784668,48.952293395996094,290600,ABCB
2021-09-01,49.33000183105469,49.33000183105469,48.16999816894531,48.7599983215332,48.47509765625,213200,ABCB
2021-09-02,48.16999816894531,49.18000030517578,47.75,48.2400016784668,47.95813751220703,318200,ABCB
2021-09-03,48.54999923706055,49.63999938964844,47.86000061035156,48.029998779296875,47.74936294555664,246100,ABCB
2021-09-07,48.36000061035156,48.380001068115234,47.349998474121094,47.439998626708984,47.162811279296875,329100,ABCB
2021-09-08,47.29999923706055,47.45000076293945,46.15999984741211,46.43000030517578,46.15871047973633,289100,ABCB
2021-09-09,46.310001373291016,47.20000076293945,46.310001373291016,46.75,46.47684097290039,368400,ABCB
2021-09-10,46.9900016784668,47.43000030517578,46.38999938964844,46.540000915527344,46.268070220947266,447600,ABCB
2021-09-13,46.790000915527344,47.720001220703125,46.470001220703125,47.66999816894531,47.39146423339844,585900,ABCB
2021-09-14,47.709999084472656,48.150001525878906,46.459999084472656,46.68000030517578,46.40725326538086,517300,ABCB
2021-09-15,46.709999084472656,47.529998779296875,46.619998931884766,47.09000015258789,46.814857482910156,335800,ABCB
2021-09-16,47.54999923706055,47.81999969482422,46.5,47.45000076293945,47.172752380371094,403800,ABCB
2021-09-17,47.529998779296875,48.11000061035156,46.869998931884766,47.83000183105469,47.550533294677734,1918300,ABCB
2021-09-20,45.79999923706055,46.52000045776367,45.09000015258789,46.470001220703125,46.19847869873047,501400,ABCB
2021-09-21,46.779998779296875,47.45000076293945,46.150001525878906,46.529998779296875,46.25812530517578,370700,ABCB
2021-09-22,47.439998626708984,48.04999923706055,46.86000061035156,47.439998626708984,47.162811279296875,229100,ABCB
2021-09-23,47.869998931884766,49.959999084472656,47.61000061035156,49.540000915527344,49.25054168701172,297500,ABCB
2021-09-24,49.470001220703125,51.150001525878906,49.349998474121094,50.65999984741211,50.36399459838867,386700,ABCB
2021-09-27,51.2599983215332,53.630001068115234,51.2599983215332,53.04999923706055,52.74003219604492,436200,ABCB
2021-09-28,53.470001220703125,53.61000061035156,52.04999923706055,52.33000183105469,52.02423858642578,329800,ABCB
2021-09-29,51.779998779296875,53.40999984741211,51.779998779296875,53.290000915527344,53.13092803955078,297800,ABCB
2021-09-30,52.650001525878906,53.08000183105469,51.79999923706055,51.880001068115234,51.725135803222656,406500,ABCB
2021-10-01,52.029998779296875,53.70000076293945,51.630001068115234,53.08000183105469,52.92155456542969,354600,ABCB
2021-10-04,52.66999816894531,53.70000076293945,52.59000015258789,53.470001220703125,53.31039047241211,296900,ABCB
2021-10-05,53.060001373291016,54.0,52.119998931884766,52.619998931884766,52.46292495727539,360300,ABCB
2021-10-06,52.189998626708984,52.2599983215332,50.810001373291016,52.15999984741211,52.00429916381836,275700,ABCB
2021-10-07,52.779998779296875,53.130001068115234,52.40999984741211,53.130001068115234,52.971405029296875,215800,ABCB
2021-10-08,53.209999084472656,53.63999938964844,52.66999816894531,52.81999969482422,52.662330627441406,182100,ABCB
2021-10-11,53.310001373291016,53.58000183105469,52.47999954223633,52.4900016784668,52.333316802978516,158000,ABCB
2021-10-12,52.4900016784668,52.91999816894531,51.720001220703125,52.81999969482422,52.662330627441406,212500,ABCB
2021-10-13,52.72999954223633,52.849998474121094,51.5,52.0,51.84477615356445,293000,ABCB
2021-10-14,52.880001068115234,52.880001068115234,52.029998779296875,52.779998779296875,52.6224479675293,234400,ABCB
2021-10-15,53.900001525878906,53.900001525878906,51.779998779296875,51.880001068115234,51.725135803222656,532100,ABCB
2021-10-18,51.869998931884766,52.66999816894531,51.529998779296875,51.630001068115234,51.47588348388672,213400,ABCB
2021-10-19,51.709999084472656,52.04999923706055,51.060001373291016,51.970001220703125,51.81486892700195,417500,ABCB
2021-10-20,51.939998626708984,53.36000061035156,51.77000045776367,53.31999969482422,53.16083526611328,291300,ABCB
2021-10-21,53.40999984741211,53.77000045776367,52.970001220703125,53.619998931884766,53.45994186401367,370900,ABCB
2021-10-22,53.56999969482422,54.5,53.380001068115234,54.40999984741211,54.247581481933594,231200,ABCB
2021-10-25,54.86000061035156,55.099998474121094,54.349998474121094,54.959999084472656,54.79594039916992,251600,ABCB
2021-10-26,54.880001068115234,54.880001068115234,53.97999954223633,54.22999954223633,54.068119049072266,213700,ABCB
2021-10-27,53.79999923706055,53.79999923706055,52.380001068115234,52.58000183105469,52.42304611206055,336300,ABCB
2021-10-28,52.90999984741211,53.959999084472656,52.88999938964844,53.650001525878906,53.48985290527344,253800,ABCB
2021-10-29,51.16999816894531,53.27000045776367,51.0099983215332,52.38999938964844,52.233612060546875,417800,ABCB
2021-11-01,53.06999969482422,53.88999938964844,52.59000015258789,53.869998931884766,53.70919418334961,553400,ABCB
2021-11-02,54.02000045776367,54.36000061035156,52.79999923706055,52.970001220703125,52.81188201904297,353600,ABCB
2021-11-03,53.38999938964844,54.86000061035156,52.47999954223633,54.290000915527344,54.1279411315918,386600,ABCB
2021-11-04,53.91999816894531,54.36000061035156,52.77000045776367,53.630001068115234,53.469913482666016,246300,ABCB
2021-11-05,54.33000183105469,55.97999954223633,54.27000045776367,55.09000015258789,54.92555236816406,302200,ABCB
2021-11-08,55.529998779296875,56.63999938964844,54.7400016784668,55.2400016784668,55.07510757446289,203100,ABCB
2021-11-09,54.9900016784668,55.52000045776367,54.33000183105469,54.900001525878906,54.736122131347656,240700,ABCB
2021-11-10,55.13999938964844,55.720001220703125,54.849998474121094,54.88999938964844,54.72615051269531,368400,ABCB
2021-11-11,55.130001068115234,55.41999816894531,54.52000045776367,54.81999969482422,54.65635681152344,281300,ABCB
2021-11-12,54.81999969482422,55.220001220703125,53.400001525878906,53.779998779296875,53.61946105957031,266200,ABCB
2021-11-15,54.25,54.45000076293945,53.369998931884766,53.959999084472656,53.79892349243164,320300,ABCB
2021-11-16,53.900001525878906,54.16999816894531,53.29999923706055,53.900001525878906,53.739105224609375,391800,ABCB
2021-11-17,53.5099983215332,53.5099983215332,52.15999984741211,52.4900016784668,52.333316802978516,314000,ABCB
2021-11-18,52.40999984741211,52.86000061035156,51.68000030517578,52.47999954223633,52.32334518432617,296800,ABCB
2021-11-19,51.79999923706055,52.2599983215332,51.13999938964844,51.58000183105469,51.42603302001953,234300,ABCB
2021-11-22,52.279998779296875,53.65999984741211,51.97999954223633,52.81999969482422,52.662330627441406,340600,ABCB
2021-11-23,53.20000076293945,53.779998779296875,52.83000183105469,53.45000076293945,53.29045104980469,227100,ABCB
2021-11-24,53.2400016784668,53.630001068115234,52.93000030517578,53.20000076293945,53.041194915771484,350400,ABCB
2021-11-26,51.08000183105469,51.4900016784668,48.97999954223633,50.060001373291016,49.91056823730469,258200,ABCB
2021-11-29,51.349998474121094,51.349998474121094,49.380001068115234,49.849998474121094,49.701194763183594,332400,ABCB
2021-11-30,49.02000045776367,49.7599983215332,48.11000061035156,48.66999816894531,48.524715423583984,413700,ABCB
2021-12-01,50.060001373291016,50.4900016784668,48.0,48.08000183105469,47.93648147583008,459300,ABCB
2021-12-02,48.310001373291016,50.08000183105469,48.310001373291016,49.689998626708984,49.54167175292969,261200,ABCB
2021-12-03,49.869998931884766,50.0099983215332,48.279998779296875,48.77000045776367,48.624420166015625,298000,ABCB
2021-12-06,49.72999954223633,51.029998779296875,49.31999969482422,50.15999984741211,50.01026916503906,273900,ABCB
2021-12-07,50.75,50.93000030517578,49.11000061035156,49.47999954223633,49.332298278808594,299800,ABCB
2021-12-08,49.540000915527344,50.0,49.13999938964844,49.45000076293945,49.302391052246094,200600,ABCB
2021-12-09,49.0099983215332,49.400001525878906,48.619998931884766,49.060001373291016,48.91355514526367,223300,ABCB
2021-12-10,49.4900016784668,49.4900016784668,48.099998474121094,49.20000076293945,49.05313491821289,188000,ABCB
2021-12-13,48.88999938964844,49.38999938964844,48.0,48.869998931884766,48.724117279052734,496600,ABCB
2021-12-14,49.06999969482422,50.68000030517578,48.779998779296875,49.29999923706055,49.152835845947266,605700,ABCB
2021-12-15,49.709999084472656,49.709999084472656,47.849998474121094,48.29999923706055,48.155818939208984,821000,ABCB
2021-12-16,49.27000045776367,49.91999816894531,48.29999923706055,48.79999923706055,48.654327392578125,681200,ABCB
2021-12-17,48.790000915527344,49.2599983215332,47.0099983215332,48.59000015258789,48.4449577331543,2401500,ABCB
2021-12-20,48.02000045776367,48.61000061035156,46.20000076293945,46.650001525878906,46.51074981689453,481400,ABCB
2021-12-21,47.290000915527344,48.58000183105469,47.20000076293945,48.20000076293945,48.056121826171875,550600,ABCB
2021-12-22,48.18000030517578,49.0,47.959999084472656,48.849998474121094,48.70417785644531,262300,ABCB
2021-12-23,49.06999969482422,49.810001373291016,48.880001068115234,49.209999084472656,49.06310272216797,164900,ABCB
2021-12-27,49.439998626708984,49.779998779296875,48.720001220703125,49.75,49.60149383544922,185000,ABCB
2021-12-28,49.619998931884766,50.560001373291016,48.59000015258789,50.06999969482422,49.920536041259766,168700,ABCB
2021-12-29,50.08000183105469,50.58000183105469,49.630001068115234,50.25,50.10000228881836,179300,ABCB
2021-12-30,50.349998474121094,50.7400016784668,49.619998931884766,49.709999084472656,49.709999084472656,201800,ABCB
