Date,Open,High,Low,Close,Adj Close,Volume,ticker
2007-01-03,12.100000381469727,12.229999542236328,11.710000038146973,11.970000267028809,11.970000267028809,520400,OSPN
2007-01-04,11.979999542236328,13.079999923706055,11.979999542236328,12.960000038146973,12.960000038146973,1131300,OSPN
2007-01-05,12.899999618530273,13.729999542236328,12.899999618530273,13.670000076293945,13.670000076293945,1192100,OSPN
2007-01-08,13.979999542236328,14.680000305175781,13.710000038146973,14.539999961853027,14.539999961853027,1730900,OSPN
2007-01-09,14.819999694824219,15.0,14.100000381469727,14.199999809265137,14.199999809265137,999700,OSPN
2007-01-10,14.180000305175781,14.989999771118164,14.149999618530273,14.970000267028809,14.970000267028809,902600,OSPN
2007-01-11,15.0,15.890000343322754,14.899999618530273,15.800000190734863,15.800000190734863,1618900,OSPN
2007-01-12,15.770000457763672,15.899999618530273,15.119999885559082,15.319999694824219,15.319999694824219,1289600,OSPN
2007-01-16,15.300000190734863,15.649999618530273,15.270000457763672,15.520000457763672,15.520000457763672,501300,OSPN
2007-01-17,15.5,15.989999771118164,15.420000076293945,15.84000015258789,15.84000015258789,718600,OSPN
2007-01-18,15.880000114440918,15.890000343322754,15.4399995803833,15.640000343322754,15.640000343322754,656800,OSPN
2007-01-19,15.239999771118164,15.300000190734863,14.300000190734863,14.520000457763672,14.520000457763672,1204200,OSPN
2007-01-22,14.300000190734863,14.449999809265137,13.850000381469727,13.960000038146973,13.960000038146973,884100,OSPN
2007-01-23,13.949999809265137,14.960000038146973,13.90999984741211,14.609999656677246,14.609999656677246,796400,OSPN
2007-01-24,14.619999885559082,14.899999618530273,14.40999984741211,14.770000457763672,14.770000457763672,474000,OSPN
2007-01-25,14.899999618530273,14.970000267028809,14.119999885559082,14.170000076293945,14.170000076293945,454300,OSPN
2007-01-26,14.1899995803833,14.609999656677246,14.1899995803833,14.5,14.5,336600,OSPN
2007-01-29,14.520000457763672,14.979999542236328,14.5,14.729999542236328,14.729999542236328,367500,OSPN
2007-01-30,14.449999809265137,15.180000305175781,13.90999984741211,14.869999885559082,14.869999885559082,1046900,OSPN
2007-01-31,14.989999771118164,15.09000015258789,14.479999542236328,14.699999809265137,14.699999809265137,551600,OSPN
2007-02-01,14.729999542236328,15.630000114440918,14.729999542236328,15.59000015258789,15.59000015258789,617800,OSPN
2007-02-02,15.640000343322754,15.789999961853027,15.350000381469727,15.710000038146973,15.710000038146973,460500,OSPN
2007-02-05,15.75,15.890000343322754,15.399999618530273,15.649999618530273,15.649999618530273,390900,OSPN
2007-02-06,15.119999885559082,15.399999618530273,14.5,14.920000076293945,14.920000076293945,810900,OSPN
2007-02-07,14.90999984741211,15.149999618530273,14.699999809265137,15.149999618530273,15.149999618530273,303700,OSPN
2007-02-08,15.069999694824219,15.239999771118164,14.710000038146973,15.079999923706055,15.079999923706055,206300,OSPN
2007-02-09,15.050000190734863,15.170000076293945,14.84000015258789,14.890000343322754,14.890000343322754,235300,OSPN
2007-02-12,14.800000190734863,15.079999923706055,14.680000305175781,14.970000267028809,14.970000267028809,266800,OSPN
2007-02-13,15.029999732971191,15.09000015258789,14.739999771118164,14.789999961853027,14.789999961853027,181300,OSPN
2007-02-14,14.890000343322754,15.199999809265137,14.75,14.989999771118164,14.989999771118164,247400,OSPN
2007-02-15,15.119999885559082,15.300000190734863,14.970000267028809,15.0,15.0,207900,OSPN
2007-02-16,15.029999732971191,15.270000457763672,14.949999809265137,15.130000114440918,15.130000114440918,567000,OSPN
2007-02-20,15.40999984741211,18.709999084472656,15.350000381469727,18.450000762939453,18.450000762939453,5018900,OSPN
2007-02-21,18.25,18.399999618530273,17.649999618530273,18.34000015258789,18.34000015258789,1479200,OSPN
2007-02-22,18.40999984741211,19.5,18.389999389648438,18.8700008392334,18.8700008392334,1409700,OSPN
2007-02-23,18.850000381469727,18.850000381469727,18.209999084472656,18.299999237060547,18.299999237060547,648600,OSPN
2007-02-26,18.329999923706055,18.399999618530273,17.68000030517578,18.0,18.0,637200,OSPN
2007-02-27,18.139999389648438,18.700000762939453,17.399999618530273,17.459999084472656,17.459999084472656,1473500,OSPN
2007-02-28,17.719999313354492,17.93000030517578,16.799999237060547,17.59000015258789,17.59000015258789,823200,OSPN
2007-03-01,17.0,17.56999969482422,16.940000534057617,17.100000381469727,17.100000381469727,527700,OSPN
2007-03-02,17.049999237060547,17.290000915527344,16.510000228881836,16.600000381469727,16.600000381469727,601200,OSPN
2007-03-05,16.360000610351562,16.360000610351562,15.420000076293945,15.880000114440918,15.880000114440918,948600,OSPN
2007-03-06,16.06999969482422,17.059999465942383,16.06999969482422,16.989999771118164,16.989999771118164,1007600,OSPN
2007-03-07,17.020000457763672,17.450000762939453,16.690000534057617,16.809999465942383,16.809999465942383,448200,OSPN
2007-03-08,17.190000534057617,17.5,17.010000228881836,17.139999389648438,17.139999389648438,489600,OSPN
2007-03-09,17.31999969482422,17.450000762939453,16.709999084472656,16.950000762939453,16.950000762939453,316800,OSPN
2007-03-12,16.950000762939453,17.290000915527344,16.950000762939453,17.100000381469727,17.100000381469727,405900,OSPN
2007-03-13,16.950000762939453,16.989999771118164,16.139999389648438,16.440000534057617,16.440000534057617,508000,OSPN
2007-03-14,16.40999984741211,16.600000381469727,16.049999237060547,16.510000228881836,16.510000228881836,516600,OSPN
2007-03-15,16.59000015258789,17.100000381469727,16.450000762939453,16.510000228881836,16.510000228881836,392400,OSPN
2007-03-16,16.5,16.8700008392334,16.260000228881836,16.420000076293945,16.420000076293945,404000,OSPN
2007-03-19,16.68000030517578,16.969999313354492,16.59000015258789,16.809999465942383,16.809999465942383,239400,OSPN
2007-03-20,16.760000228881836,17.889999389648438,16.739999771118164,17.8700008392334,17.8700008392334,759400,OSPN
2007-03-21,17.889999389648438,18.239999771118164,17.5,18.020000457763672,18.020000457763672,661100,OSPN
2007-03-22,18.149999618530273,18.299999237060547,17.799999237060547,17.8799991607666,17.8799991607666,370900,OSPN
2007-03-23,17.850000381469727,17.989999771118164,17.65999984741211,17.93000030517578,17.93000030517578,178700,OSPN
2007-03-26,17.920000076293945,18.579999923706055,17.530000686645508,18.510000228881836,18.510000228881836,500700,OSPN
2007-03-27,18.510000228881836,18.59000015258789,18.139999389648438,18.290000915527344,18.290000915527344,379400,OSPN
2007-03-28,18.110000610351562,18.860000610351562,18.020000457763672,18.3799991607666,18.3799991607666,486400,OSPN
2007-03-29,18.510000228881836,18.790000915527344,17.6299991607666,17.75,17.75,370700,OSPN
2007-03-30,17.889999389648438,18.209999084472656,17.5,17.8700008392334,17.8700008392334,435700,OSPN
2007-04-02,17.959999084472656,18.010000228881836,17.520000457763672,17.719999313354492,17.719999313354492,251600,OSPN
2007-04-03,18.510000228881836,19.729999542236328,17.950000762939453,18.690000534057617,18.690000534057617,1992900,OSPN
2007-04-04,18.899999618530273,19.309999465942383,18.790000915527344,19.100000381469727,19.100000381469727,654300,OSPN
2007-04-05,19.25,19.260000228881836,18.829999923706055,19.040000915527344,19.040000915527344,338100,OSPN
2007-04-09,18.559999465942383,18.65999984741211,17.5,17.989999771118164,17.989999771118164,1110700,OSPN
2007-04-10,18.020000457763672,18.1299991607666,17.610000610351562,17.979999542236328,17.979999542236328,524900,OSPN
2007-04-11,17.899999618530273,18.06999969482422,17.079999923706055,17.700000762939453,17.700000762939453,861900,OSPN
2007-04-12,17.59000015258789,17.850000381469727,17.5,17.81999969482422,17.81999969482422,353000,OSPN
2007-04-13,17.860000610351562,18.0,17.59000015258789,17.899999618530273,17.899999618530273,292600,OSPN
2007-04-16,17.959999084472656,18.549999237060547,17.920000076293945,17.989999771118164,17.989999771118164,608700,OSPN
2007-04-17,18.149999618530273,18.190000534057617,17.56999969482422,17.920000076293945,17.920000076293945,496200,OSPN
2007-04-18,17.90999984741211,17.90999984741211,17.600000381469727,17.610000610351562,17.610000610351562,630500,OSPN
2007-04-19,17.690000534057617,17.690000534057617,17.100000381469727,17.18000030517578,17.18000030517578,449600,OSPN
2007-04-20,17.309999465942383,17.489999771118164,16.950000762939453,17.3799991607666,17.3799991607666,497700,OSPN
2007-04-23,17.309999465942383,17.739999771118164,17.299999237060547,17.520000457763672,17.520000457763672,355500,OSPN
2007-04-24,17.6200008392334,17.90999984741211,17.299999237060547,17.559999465942383,17.559999465942383,474600,OSPN
2007-04-25,17.729999542236328,17.780000686645508,17.450000762939453,17.65999984741211,17.65999984741211,564000,OSPN
2007-04-26,19.0,22.719999313354492,18.969999313354492,22.420000076293945,22.420000076293945,4714100,OSPN
2007-04-27,21.700000762939453,22.440000534057617,21.09000015258789,22.290000915527344,22.290000915527344,1283200,OSPN
2007-04-30,22.25,22.5,21.3700008392334,21.389999389648438,21.389999389648438,736600,OSPN
2007-05-01,21.389999389648438,21.420000076293945,20.700000762939453,21.31999969482422,21.31999969482422,706200,OSPN
2007-05-02,21.43000030517578,21.889999389648438,21.260000228881836,21.639999389648438,21.639999389648438,439800,OSPN
2007-05-03,21.75,21.950000762939453,21.360000610351562,21.389999389648438,21.389999389648438,399800,OSPN
2007-05-04,21.5,21.540000915527344,21.059999465942383,21.399999618530273,21.399999618530273,284500,OSPN
2007-05-07,22.030000686645508,23.0,22.020000457763672,22.809999465942383,22.809999465942383,1034700,OSPN
2007-05-08,22.75,22.75,21.850000381469727,22.3700008392334,22.3700008392334,609600,OSPN
2007-05-09,22.079999923706055,22.280000686645508,21.5,21.639999389648438,21.639999389648438,555200,OSPN
2007-05-10,21.649999618530273,22.0,21.200000762939453,21.31999969482422,21.31999969482422,465000,OSPN
2007-05-11,21.190000534057617,21.799999237060547,20.75,21.739999771118164,21.739999771118164,238800,OSPN
2007-05-14,21.90999984741211,22.100000381469727,20.989999771118164,21.110000610351562,21.110000610351562,385000,OSPN
2007-05-15,21.1200008392334,21.6299991607666,20.8799991607666,21.149999618530273,21.149999618530273,344400,OSPN
2007-05-16,21.25,21.649999618530273,20.979999542236328,21.6299991607666,21.6299991607666,367400,OSPN
2007-05-17,21.739999771118164,21.739999771118164,20.899999618530273,20.959999084472656,20.959999084472656,313900,OSPN
2007-05-18,21.010000228881836,21.229999542236328,20.270000457763672,20.399999618530273,20.399999618530273,1286300,OSPN
2007-05-21,20.309999465942383,21.299999237060547,20.299999237060547,21.260000228881836,21.260000228881836,285000,OSPN
2007-05-22,21.229999542236328,21.5,20.81999969482422,21.329999923706055,21.329999923706055,303200,OSPN
2007-05-23,21.489999771118164,21.65999984741211,20.559999465942383,20.59000015258789,20.59000015258789,353400,OSPN
2007-05-24,20.700000762939453,21.18000030517578,19.6200008392334,19.889999389648438,19.889999389648438,690900,OSPN
2007-05-25,19.950000762939453,21.030000686645508,19.950000762939453,20.969999313354492,20.969999313354492,506500,OSPN
2007-05-29,21.190000534057617,21.479999542236328,21.110000610351562,21.420000076293945,21.420000076293945,501700,OSPN
2007-05-30,21.31999969482422,21.700000762939453,21.149999618530273,21.559999465942383,21.559999465942383,1056900,OSPN
2007-05-31,21.579999923706055,22.860000610351562,21.530000686645508,22.770000457763672,22.770000457763672,961300,OSPN
2007-06-01,22.950000762939453,23.8799991607666,22.469999313354492,23.170000076293945,23.170000076293945,1145900,OSPN
2007-06-04,23.18000030517578,23.200000762939453,22.389999389648438,22.959999084472656,22.959999084472656,450200,OSPN
2007-06-05,22.950000762939453,23.530000686645508,22.6200008392334,23.31999969482422,23.31999969482422,391000,OSPN
2007-06-06,23.31999969482422,23.3700008392334,22.399999618530273,22.860000610351562,22.860000610351562,429700,OSPN
2007-06-07,22.809999465942383,23.1200008392334,22.18000030517578,22.3799991607666,22.3799991607666,407400,OSPN
2007-06-08,22.290000915527344,22.6299991607666,21.81999969482422,22.219999313354492,22.219999313354492,495800,OSPN
2007-06-11,22.329999923706055,22.329999923706055,21.940000534057617,22.06999969482422,22.06999969482422,302800,OSPN
2007-06-12,22.049999237060547,22.100000381469727,21.520000457763672,21.59000015258789,21.59000015258789,447600,OSPN
2007-06-13,22.8799991607666,23.75,22.549999237060547,22.709999084472656,22.709999084472656,1316500,OSPN
2007-06-14,22.190000534057617,22.469999313354492,21.6299991607666,22.0,22.0,1007300,OSPN
2007-06-15,22.079999923706055,22.84000015258789,22.010000228881836,22.520000457763672,22.520000457763672,656600,OSPN
2007-06-18,22.700000762939453,23.049999237060547,22.440000534057617,22.479999542236328,22.479999542236328,345700,OSPN
2007-06-19,22.3799991607666,23.25,22.149999618530273,23.1200008392334,23.1200008392334,518300,OSPN
2007-06-20,23.229999542236328,23.469999313354492,22.010000228881836,22.09000015258789,22.09000015258789,513800,OSPN
2007-06-21,22.06999969482422,22.579999923706055,22.0,22.190000534057617,22.190000534057617,389700,OSPN
2007-06-22,22.1299991607666,22.1299991607666,21.15999984741211,21.399999618530273,21.399999618530273,753100,OSPN
2007-06-25,21.420000076293945,22.649999618530273,21.420000076293945,21.8700008392334,21.8700008392334,544000,OSPN
2007-06-26,22.1200008392334,22.229999542236328,20.760000228881836,20.959999084472656,20.959999084472656,926700,OSPN
2007-06-27,21.0,22.739999771118164,21.0,22.700000762939453,22.700000762939453,871900,OSPN
2007-06-28,22.739999771118164,23.170000076293945,22.40999984741211,23.010000228881836,23.010000228881836,589800,OSPN
2007-06-29,23.139999389648438,23.510000228881836,22.520000457763672,22.760000228881836,22.760000228881836,556300,OSPN
2007-07-02,22.989999771118164,23.440000534057617,22.709999084472656,23.1200008392334,23.1200008392334,458600,OSPN
2007-07-03,23.25,23.450000762939453,22.959999084472656,23.079999923706055,23.079999923706055,348400,OSPN
2007-07-05,23.239999771118164,23.549999237060547,22.579999923706055,23.440000534057617,23.440000534057617,496200,OSPN
2007-07-06,23.559999465942383,24.959999084472656,23.110000610351562,24.540000915527344,24.540000915527344,985900,OSPN
2007-07-09,24.829999923706055,25.219999313354492,24.56999969482422,24.81999969482422,24.81999969482422,737100,OSPN
2007-07-10,24.93000030517578,24.93000030517578,23.600000381469727,23.639999389648438,23.639999389648438,700500,OSPN
2007-07-11,23.639999389648438,23.889999389648438,23.329999923706055,23.6299991607666,23.6299991607666,467600,OSPN
2007-07-12,23.8700008392334,24.25,23.43000030517578,24.09000015258789,24.09000015258789,942100,OSPN
2007-07-13,24.1299991607666,24.600000381469727,23.829999923706055,24.059999465942383,24.059999465942383,404600,OSPN
2007-07-16,24.100000381469727,25.0,23.950000762939453,24.43000030517578,24.43000030517578,517800,OSPN
2007-07-17,24.809999465942383,26.040000915527344,24.68000030517578,25.8700008392334,25.8700008392334,921000,OSPN
2007-07-18,25.969999313354492,25.979999542236328,24.950000762939453,25.579999923706055,25.579999923706055,680300,OSPN
2007-07-19,25.700000762939453,25.799999237060547,25.110000610351562,25.690000534057617,25.690000534057617,520500,OSPN
2007-07-20,25.559999465942383,25.6299991607666,24.899999618530273,25.059999465942383,25.059999465942383,519400,OSPN
2007-07-23,25.270000457763672,25.989999771118164,25.0,25.079999923706055,25.079999923706055,544500,OSPN
2007-07-24,25.479999542236328,25.600000381469727,24.049999237060547,24.290000915527344,24.290000915527344,866400,OSPN
2007-07-25,24.420000076293945,24.8799991607666,21.420000076293945,23.489999771118164,23.489999771118164,1869500,OSPN
2007-07-26,26.030000686645508,26.950000762939453,24.200000762939453,26.459999084472656,26.459999084472656,3316500,OSPN
2007-07-27,26.729999542236328,26.959999084472656,25.75,26.3799991607666,26.3799991607666,1497600,OSPN
2007-07-30,26.649999618530273,27.979999542236328,26.0,27.920000076293945,27.920000076293945,1840500,OSPN
2007-07-31,28.389999389648438,28.530000686645508,26.31999969482422,26.469999313354492,26.469999313354492,1291800,OSPN
2007-08-01,26.260000228881836,27.0,24.75,27.0,27.0,1093000,OSPN
2007-08-02,27.0,27.979999542236328,26.68000030517578,27.979999542236328,27.979999542236328,896800,OSPN
2007-08-03,27.860000610351562,29.739999771118164,27.770000457763672,28.760000228881836,28.760000228881836,1720800,OSPN
2007-08-06,29.489999771118164,29.5,27.649999618530273,29.170000076293945,29.170000076293945,1544700,OSPN
2007-08-07,29.3700008392334,31.18000030517578,28.799999237060547,31.010000228881836,31.010000228881836,1218200,OSPN
2007-08-08,31.200000762939453,33.68000030517578,31.06999969482422,31.670000076293945,31.670000076293945,2576800,OSPN
2007-08-09,31.0,32.08000183105469,29.40999984741211,31.989999771118164,31.989999771118164,1803500,OSPN
2007-08-10,29.809999465942383,31.09000015258789,29.459999084472656,30.280000686645508,30.280000686645508,1747200,OSPN
2007-08-13,31.190000534057617,31.200000762939453,29.75,29.770000457763672,29.770000457763672,852100,OSPN
2007-08-14,29.770000457763672,29.979999542236328,27.549999237060547,27.59000015258789,27.59000015258789,1293800,OSPN
2007-08-15,27.25,28.829999923706055,27.100000381469727,27.450000762939453,27.450000762939453,1216300,OSPN
2007-08-16,26.520000457763672,27.700000762939453,25.59000015258789,26.969999313354492,26.969999313354492,1617700,OSPN
2007-08-17,28.219999313354492,28.940000534057617,27.200000762939453,27.809999465942383,27.809999465942383,1045300,OSPN
2007-08-20,28.010000228881836,29.329999923706055,28.010000228881836,29.260000228881836,29.260000228881836,987800,OSPN
2007-08-21,29.5,30.25,28.6200008392334,30.0,30.0,1083600,OSPN
2007-08-22,30.510000228881836,31.25,30.309999465942383,30.860000610351562,30.860000610351562,939700,OSPN
2007-08-23,31.649999618530273,32.099998474121094,30.899999618530273,31.110000610351562,31.110000610351562,786500,OSPN
2007-08-24,30.969999313354492,31.459999084472656,30.34000015258789,31.290000915527344,31.290000915527344,638000,OSPN
2007-08-27,31.479999542236328,32.0,30.760000228881836,30.959999084472656,30.959999084472656,1092900,OSPN
2007-08-28,30.959999084472656,30.989999771118164,29.5,29.65999984741211,29.65999984741211,752100,OSPN
2007-08-29,29.850000381469727,31.059999465942383,29.479999542236328,30.979999542236328,30.979999542236328,597400,OSPN
2007-08-30,30.719999313354492,31.579999923706055,30.329999923706055,30.549999237060547,30.549999237060547,784000,OSPN
2007-08-31,31.200000762939453,31.600000381469727,30.8799991607666,31.31999969482422,31.31999969482422,716700,OSPN
2007-09-04,32.5,34.33000183105469,32.29999923706055,33.900001525878906,33.900001525878906,1714900,OSPN
2007-09-05,34.5,35.33000183105469,33.84000015258789,34.72999954223633,34.72999954223633,1897800,OSPN
2007-09-06,34.77000045776367,34.88999938964844,32.959999084472656,33.75,33.75,1183400,OSPN
2007-09-07,32.189998626708984,32.959999084472656,31.639999389648438,32.349998474121094,32.349998474121094,1433000,OSPN
2007-09-10,33.2400016784668,34.59000015258789,32.540000915527344,34.150001525878906,34.150001525878906,1347300,OSPN
2007-09-11,33.68000030517578,33.72999954223633,32.810001373291016,33.439998626708984,33.439998626708984,1480900,OSPN
2007-09-12,33.25,33.43000030517578,32.68000030517578,32.95000076293945,32.95000076293945,1137600,OSPN
2007-09-13,33.13999938964844,33.619998931884766,32.869998931884766,32.93000030517578,32.93000030517578,677200,OSPN
2007-09-14,32.70000076293945,33.66999816894531,32.5,32.70000076293945,32.70000076293945,738000,OSPN
2007-09-17,32.97999954223633,33.130001068115234,32.310001373291016,32.369998931884766,32.369998931884766,790800,OSPN
2007-09-18,32.45000076293945,34.54999923706055,32.119998931884766,34.400001525878906,34.400001525878906,1100400,OSPN
2007-09-19,35.0,37.459999084472656,34.900001525878906,37.279998779296875,37.279998779296875,1903300,OSPN
2007-09-20,35.27000045776367,35.4900016784668,33.75,34.2599983215332,34.2599983215332,2524900,OSPN
2007-09-21,34.529998779296875,34.88999938964844,33.529998779296875,34.560001373291016,34.560001373291016,1206600,OSPN
2007-09-24,34.70000076293945,35.25,34.02000045776367,34.97999954223633,34.97999954223633,959900,OSPN
2007-09-25,34.9900016784668,35.29999923706055,34.279998779296875,34.91999816894531,34.91999816894531,743700,OSPN
2007-09-26,35.2599983215332,35.59000015258789,34.54999923706055,34.959999084472656,34.959999084472656,482600,OSPN
2007-09-27,35.20000076293945,36.04999923706055,34.9900016784668,36.029998779296875,36.029998779296875,653700,OSPN
2007-09-28,36.040000915527344,36.599998474121094,35.0,35.310001373291016,35.310001373291016,550600,OSPN
2007-10-01,35.84000015258789,37.20000076293945,35.61000061035156,37.08000183105469,37.08000183105469,772800,OSPN
2007-10-02,37.2400016784668,38.58000183105469,36.91999816894531,38.41999816894531,38.41999816894531,936500,OSPN
2007-10-03,38.599998474121094,38.900001525878906,37.22999954223633,37.56999969482422,37.56999969482422,714000,OSPN
2007-10-04,37.290000915527344,37.900001525878906,37.04999923706055,37.86000061035156,37.86000061035156,619400,OSPN
2007-10-05,38.38999938964844,39.400001525878906,38.25,38.790000915527344,38.790000915527344,819000,OSPN
2007-10-08,39.20000076293945,40.810001373291016,39.189998626708984,40.61000061035156,40.61000061035156,1064800,OSPN
2007-10-09,41.099998474121094,42.29999923706055,40.790000915527344,41.810001373291016,41.810001373291016,1352700,OSPN
2007-10-10,41.900001525878906,42.18000030517578,41.029998779296875,42.11000061035156,42.11000061035156,944500,OSPN
2007-10-11,42.29999923706055,43.209999084472656,38.06999969482422,40.040000915527344,40.040000915527344,1819000,OSPN
2007-10-12,40.029998779296875,42.369998931884766,40.029998779296875,42.02000045776367,42.02000045776367,1343400,OSPN
2007-10-15,42.75,43.900001525878906,42.13999938964844,42.95000076293945,42.95000076293945,1274800,OSPN
2007-10-16,43.0,43.45000076293945,41.900001525878906,42.90999984741211,42.90999984741211,806000,OSPN
2007-10-17,43.650001525878906,44.25,40.56999969482422,42.45000076293945,42.45000076293945,1603600,OSPN
2007-10-18,41.900001525878906,42.41999816894531,40.099998474121094,40.720001220703125,40.720001220703125,1361300,OSPN
2007-10-19,40.5,40.9900016784668,37.369998931884766,37.560001373291016,37.560001373291016,2062500,OSPN
2007-10-22,35.29999923706055,39.369998931884766,35.0,39.119998931884766,39.119998931884766,2041100,OSPN
2007-10-23,39.529998779296875,40.77000045776367,39.29999923706055,40.59000015258789,40.59000015258789,1357000,OSPN
2007-10-24,40.310001373291016,40.599998474121094,38.70000076293945,39.560001373291016,39.560001373291016,1862600,OSPN
2007-10-25,30.450000762939453,31.399999618530273,25.93000030517578,26.1299991607666,26.1299991607666,10479100,OSPN
2007-10-26,27.209999084472656,27.389999389648438,24.299999237060547,25.010000228881836,25.010000228881836,3623700,OSPN
2007-10-29,25.09000015258789,25.739999771118164,24.920000076293945,25.299999237060547,25.299999237060547,2272200,OSPN
2007-10-30,25.360000610351562,28.260000228881836,25.280000686645508,27.450000762939453,27.450000762939453,3260800,OSPN
2007-10-31,27.90999984741211,27.979999542236328,25.649999618530273,26.440000534057617,26.440000534057617,1669400,OSPN
2007-11-01,26.06999969482422,26.760000228881836,24.90999984741211,24.979999542236328,24.979999542236328,1288900,OSPN
2007-11-02,25.200000762939453,25.399999618530273,24.280000686645508,24.530000686645508,24.530000686645508,1080100,OSPN
2007-11-05,23.31999969482422,23.84000015258789,22.350000381469727,23.030000686645508,23.030000686645508,2026600,OSPN
2007-11-06,23.100000381469727,23.700000762939453,22.309999465942383,22.979999542236328,22.979999542236328,979700,OSPN
2007-11-07,22.3799991607666,22.75,21.479999542236328,21.510000228881836,21.510000228881836,812100,OSPN
2007-11-08,21.100000381469727,21.479999542236328,19.8799991607666,20.579999923706055,20.579999923706055,1907600,OSPN
2007-11-09,20.190000534057617,20.450000762939453,19.309999465942383,19.639999389648438,19.639999389648438,1131900,OSPN
2007-11-12,21.190000534057617,22.8799991607666,20.219999313354492,22.5,22.5,2646600,OSPN
2007-11-13,23.209999084472656,23.700000762939453,22.719999313354492,23.110000610351562,23.110000610351562,1608100,OSPN
2007-11-14,23.799999237060547,23.889999389648438,22.0,22.110000610351562,22.110000610351562,709000,OSPN
2007-11-15,21.950000762939453,22.719999313354492,21.100000381469727,21.309999465942383,21.309999465942383,622200,OSPN
2007-11-16,21.440000534057617,21.899999618530273,20.729999542236328,21.270000457763672,21.270000457763672,697800,OSPN
2007-11-19,22.690000534057617,22.8700008392334,21.850000381469727,22.139999389648438,22.139999389648438,940000,OSPN
2007-11-20,22.5,22.670000076293945,20.540000915527344,21.139999389648438,21.139999389648438,637000,OSPN
2007-11-21,20.729999542236328,21.520000457763672,20.65999984741211,21.1299991607666,21.1299991607666,415400,OSPN
2007-11-23,21.350000381469727,21.540000915527344,20.739999771118164,21.209999084472656,21.209999084472656,170800,OSPN
2007-11-26,21.299999237060547,22.079999923706055,20.989999771118164,21.0,21.0,466800,OSPN
2007-11-27,21.040000915527344,21.940000534057617,21.040000915527344,21.709999084472656,21.709999084472656,523900,OSPN
2007-11-28,22.0,23.389999389648438,21.549999237060547,23.030000686645508,23.030000686645508,606200,OSPN
2007-11-29,23.100000381469727,23.3700008392334,22.110000610351562,22.229999542236328,22.229999542236328,470400,OSPN
2007-11-30,22.700000762939453,23.139999389648438,22.299999237060547,22.440000534057617,22.440000534057617,449700,OSPN
2007-12-03,22.399999618530273,22.940000534057617,22.049999237060547,22.170000076293945,22.170000076293945,408600,OSPN
2007-12-04,22.75,23.899999618530273,22.610000610351562,23.100000381469727,23.100000381469727,744900,OSPN
2007-12-05,23.510000228881836,23.920000076293945,23.200000762939453,23.68000030517578,23.68000030517578,532100,OSPN
2007-12-06,23.690000534057617,24.6200008392334,23.510000228881836,24.399999618530273,24.399999618530273,801300,OSPN
2007-12-07,24.540000915527344,25.489999771118164,23.889999389648438,25.34000015258789,25.34000015258789,689800,OSPN
2007-12-10,25.3799991607666,25.989999771118164,25.020000457763672,25.31999969482422,25.31999969482422,473600,OSPN
2007-12-11,25.75,26.920000076293945,25.600000381469727,25.790000915527344,25.790000915527344,1090200,OSPN
2007-12-12,26.489999771118164,27.450000762939453,26.049999237060547,26.540000915527344,26.540000915527344,800000,OSPN
2007-12-13,26.360000610351562,26.760000228881836,25.3799991607666,25.639999389648438,25.639999389648438,738000,OSPN
2007-12-14,25.309999465942383,26.290000915527344,25.25,25.309999465942383,25.309999465942383,506900,OSPN
2007-12-17,25.8700008392334,25.989999771118164,23.850000381469727,23.8799991607666,23.8799991607666,679500,OSPN
2007-12-18,24.079999923706055,24.84000015258789,23.600000381469727,24.799999237060547,24.799999237060547,523900,OSPN
2007-12-19,24.8799991607666,25.690000534057617,24.31999969482422,24.649999618530273,24.649999618530273,256900,OSPN
2007-12-20,24.979999542236328,25.25,23.8799991607666,25.030000686645508,25.030000686645508,328500,OSPN
2007-12-21,25.420000076293945,26.559999465942383,25.030000686645508,26.3700008392334,26.3700008392334,863700,OSPN
2007-12-24,26.899999618530273,28.520000457763672,26.709999084472656,28.270000457763672,28.270000457763672,557300,OSPN
2007-12-26,28.290000915527344,28.81999969482422,27.5,28.600000381469727,28.600000381469727,563400,OSPN
2007-12-27,28.729999542236328,28.850000381469727,27.549999237060547,27.649999618530273,27.649999618530273,506000,OSPN
2007-12-28,28.270000457763672,28.549999237060547,27.649999618530273,28.229999542236328,28.229999542236328,299100,OSPN
2007-12-31,28.5,28.559999465942383,27.700000762939453,27.920000076293945,27.920000076293945,352000,OSPN
2008-01-02,28.299999237060547,28.450000762939453,27.110000610351562,27.479999542236328,27.479999542236328,444100,OSPN
2008-01-03,27.649999618530273,27.68000030517578,26.8700008392334,26.969999313354492,26.969999313354492,382500,OSPN
2008-01-04,26.559999465942383,26.579999923706055,24.549999237060547,24.790000915527344,24.790000915527344,718600,OSPN
2008-01-07,25.09000015258789,25.09000015258789,22.329999923706055,22.84000015258789,22.84000015258789,1163900,OSPN
2008-01-08,22.899999618530273,23.920000076293945,22.8700008392334,23.079999923706055,23.079999923706055,880500,OSPN
2008-01-09,22.860000610351562,23.040000915527344,20.639999389648438,21.899999618530273,21.899999618530273,1097500,OSPN
2008-01-10,21.690000534057617,21.690000534057617,20.200000762939453,20.860000610351562,20.860000610351562,913100,OSPN
2008-01-11,20.610000610351562,21.610000610351562,20.610000610351562,20.799999237060547,20.799999237060547,574900,OSPN
2008-01-14,21.15999984741211,21.84000015258789,20.850000381469727,21.68000030517578,21.68000030517578,584600,OSPN
2008-01-15,21.06999969482422,21.280000686645508,19.81999969482422,20.110000610351562,20.110000610351562,651700,OSPN
2008-01-16,19.809999465942383,20.3799991607666,18.6299991607666,19.1299991607666,19.1299991607666,972200,OSPN
2008-01-17,19.200000762939453,19.5,17.579999923706055,17.670000076293945,17.670000076293945,1098500,OSPN
2008-01-18,17.709999084472656,18.5,16.899999618530273,17.510000228881836,17.510000228881836,882200,OSPN
2008-01-22,16.260000228881836,17.489999771118164,15.0,16.989999771118164,16.989999771118164,649800,OSPN
2008-01-23,16.860000610351562,17.40999984741211,15.329999923706055,17.399999618530273,17.399999618530273,1106300,OSPN
2008-01-24,17.579999923706055,19.709999084472656,17.40999984741211,19.469999313354492,19.469999313354492,1022600,OSPN
2008-01-25,20.579999923706055,20.889999389648438,19.209999084472656,19.3700008392334,19.3700008392334,816900,OSPN
2008-01-28,19.540000915527344,19.75,19.079999923706055,19.549999237060547,19.549999237060547,538700,OSPN
2008-01-29,19.6299991607666,19.75,18.950000762939453,19.049999237060547,19.049999237060547,391200,OSPN
2008-01-30,19.239999771118164,19.690000534057617,18.110000610351562,18.639999389648438,18.639999389648438,906300,OSPN
2008-01-31,18.260000228881836,19.190000534057617,18.0,18.969999313354492,18.969999313354492,377800,OSPN
2008-02-01,19.059999465942383,19.809999465942383,18.709999084472656,19.030000686645508,19.030000686645508,507500,OSPN
2008-02-04,18.479999542236328,18.579999923706055,17.6200008392334,18.15999984741211,18.15999984741211,992900,OSPN
2008-02-05,18.010000228881836,18.15999984741211,17.06999969482422,17.15999984741211,17.15999984741211,740200,OSPN
2008-02-06,17.34000015258789,17.81999969482422,17.0,17.0,17.0,409700,OSPN
2008-02-07,16.989999771118164,17.219999313354492,16.25,16.899999618530273,16.899999618530273,641400,OSPN
2008-02-08,16.889999389648438,17.200000762939453,16.610000610351562,16.979999542236328,16.979999542236328,528000,OSPN
2008-02-11,17.020000457763672,17.690000534057617,16.790000915527344,17.3700008392334,17.3700008392334,450800,OSPN
2008-02-12,17.530000686645508,17.700000762939453,16.950000762939453,17.170000076293945,17.170000076293945,386500,OSPN
2008-02-13,17.25,18.209999084472656,17.25,18.020000457763672,18.020000457763672,438400,OSPN
2008-02-14,18.309999465942383,18.450000762939453,17.5,17.6299991607666,17.6299991607666,352100,OSPN
2008-02-15,17.579999923706055,17.780000686645508,17.139999389648438,17.510000228881836,17.510000228881836,296800,OSPN
2008-02-19,17.780000686645508,18.579999923706055,17.700000762939453,18.440000534057617,18.440000534057617,842100,OSPN
2008-02-20,18.25,19.149999618530273,18.0,18.270000457763672,18.270000457763672,1077100,OSPN
2008-02-21,12.5,13.119999885559082,11.220000267028809,11.390000343322754,11.390000343322754,8164200,OSPN
2008-02-22,11.829999923706055,11.829999923706055,10.920000076293945,11.399999618530273,11.399999618530273,2759600,OSPN
2008-02-25,11.729999542236328,11.729999542236328,11.100000381469727,11.399999618530273,11.399999618530273,1569900,OSPN
2008-02-26,11.399999618530273,11.699999809265137,11.25,11.470000267028809,11.470000267028809,1166600,OSPN
2008-02-27,11.550000190734863,12.359999656677246,11.5,12.109999656677246,12.109999656677246,2360400,OSPN
2008-02-28,12.229999542236328,12.369999885559082,11.6899995803833,11.699999809265137,11.699999809265137,1816300,OSPN
2008-02-29,11.6899995803833,11.6899995803833,11.050000190734863,11.0600004196167,11.0600004196167,1306800,OSPN
2008-03-03,11.0,11.039999961853027,10.399999618530273,10.609999656677246,10.609999656677246,1015600,OSPN
2008-03-04,10.399999618530273,10.649999618530273,10.100000381469727,10.430000305175781,10.430000305175781,720000,OSPN
2008-03-05,10.5,11.84000015258789,10.5,11.569999694824219,11.569999694824219,1568300,OSPN
2008-03-06,11.569999694824219,11.930000305175781,11.369999885559082,11.670000076293945,11.670000076293945,1229300,OSPN
2008-03-07,11.59000015258789,11.649999618530273,10.770000457763672,10.960000038146973,10.960000038146973,1031000,OSPN
2008-03-10,11.069999694824219,11.479999542236328,10.960000038146973,11.109999656677246,11.109999656677246,612500,OSPN
2008-03-11,11.199999809265137,11.75,11.170000076293945,11.75,11.75,693100,OSPN
2008-03-12,11.789999961853027,11.880000114440918,11.430000305175781,11.470000267028809,11.470000267028809,483500,OSPN
2008-03-13,11.140000343322754,12.0,11.029999732971191,11.960000038146973,11.960000038146973,930100,OSPN
2008-03-14,12.050000190734863,12.199999809265137,11.529999732971191,11.65999984741211,11.65999984741211,717600,OSPN
2008-03-17,11.380000114440918,12.0,11.199999809265137,11.5,11.5,670200,OSPN
2008-03-18,12.0,12.460000038146973,11.819999694824219,12.4399995803833,12.4399995803833,817700,OSPN
2008-03-19,12.4399995803833,12.699999809265137,12.039999961853027,12.039999961853027,12.039999961853027,642700,OSPN
2008-03-20,12.199999809265137,12.390000343322754,11.760000228881836,12.25,12.25,699100,OSPN
2008-03-24,12.199999809265137,13.739999771118164,12.199999809265137,13.739999771118164,13.739999771118164,948700,OSPN
2008-03-25,13.789999961853027,14.520000457763672,13.789999961853027,14.34000015258789,14.34000015258789,949600,OSPN
2008-03-26,14.300000190734863,14.550000190734863,13.850000381469727,14.130000114440918,14.130000114440918,519900,OSPN
2008-03-27,14.100000381469727,14.3100004196167,13.930000305175781,13.979999542236328,13.979999542236328,336100,OSPN
2008-03-28,14.0600004196167,14.430000305175781,13.65999984741211,13.739999771118164,13.739999771118164,368300,OSPN
2008-03-31,13.729999542236328,13.970000267028809,13.399999618530273,13.680000305175781,13.680000305175781,527400,OSPN
2008-04-01,13.949999809265137,14.279999732971191,13.720000267028809,14.260000228881836,14.260000228881836,465000,OSPN
2008-04-02,14.399999618530273,14.65999984741211,14.039999961853027,14.1899995803833,14.1899995803833,577000,OSPN
2008-04-03,14.050000190734863,14.359999656677246,13.770000457763672,14.220000267028809,14.220000267028809,485000,OSPN
2008-04-04,14.420000076293945,15.079999923706055,14.34000015258789,14.8100004196167,14.8100004196167,649900,OSPN
2008-04-07,15.0,15.069999694824219,14.380000114440918,14.520000457763672,14.520000457763672,389100,OSPN
2008-04-08,14.649999618530273,14.699999809265137,14.380000114440918,14.430000305175781,14.430000305175781,271300,OSPN
2008-04-09,14.390000343322754,14.609999656677246,13.630000114440918,13.729999542236328,13.729999542236328,390500,OSPN
2008-04-10,13.75,14.5,13.720000267028809,14.319999694824219,14.319999694824219,320200,OSPN
2008-04-11,14.010000228881836,14.130000114440918,13.300000190734863,13.380000114440918,13.380000114440918,495700,OSPN
2008-04-14,13.3100004196167,13.5,12.84000015258789,13.289999961853027,13.289999961853027,756500,OSPN
2008-04-15,13.329999923706055,13.520000457763672,12.890000343322754,12.90999984741211,12.90999984741211,702200,OSPN
2008-04-16,13.010000228881836,13.649999618530273,13.010000228881836,13.329999923706055,13.329999923706055,637300,OSPN
2008-04-17,13.369999885559082,13.739999771118164,13.170000076293945,13.680000305175781,13.680000305175781,299700,OSPN
2008-04-18,13.890000343322754,14.789999961853027,13.789999961853027,14.470000267028809,14.470000267028809,819400,OSPN
2008-04-21,14.40999984741211,14.800000190734863,14.390000343322754,14.520000457763672,14.520000457763672,524600,OSPN
2008-04-22,14.479999542236328,14.550000190734863,13.75,13.899999618530273,13.899999618530273,623000,OSPN
2008-04-23,13.670000076293945,13.949999809265137,13.329999923706055,13.829999923706055,13.829999923706055,767100,OSPN
2008-04-24,11.5,11.850000381469727,10.279999732971191,10.359999656677246,10.359999656677246,4426900,OSPN
2008-04-25,10.6899995803833,10.699999809265137,9.489999771118164,9.710000038146973,9.710000038146973,3159900,OSPN
2008-04-28,9.850000381469727,9.949999809265137,9.710000038146973,9.859999656677246,9.859999656677246,1550200,OSPN
2008-04-29,9.869999885559082,10.170000076293945,9.800000190734863,10.010000228881836,10.010000228881836,1313300,OSPN
2008-04-30,10.050000190734863,10.270000457763672,10.0,10.09000015258789,10.09000015258789,1330800,OSPN
2008-05-01,10.0600004196167,10.3100004196167,10.010000228881836,10.220000267028809,10.220000267028809,1191400,OSPN
2008-05-02,10.270000457763672,10.329999923706055,10.020000457763672,10.100000381469727,10.100000381469727,658500,OSPN
2008-05-05,10.210000038146973,10.25,9.960000038146973,10.039999961853027,10.039999961853027,771700,OSPN
2008-05-06,10.010000228881836,10.210000038146973,9.899999618530273,10.170000076293945,10.170000076293945,565900,OSPN
2008-05-07,10.670000076293945,11.449999809265137,10.65999984741211,10.819999694824219,10.819999694824219,2714100,OSPN
2008-05-08,10.979999542236328,11.149999618530273,10.710000038146973,10.8100004196167,10.8100004196167,784100,OSPN
2008-05-09,10.880000114440918,11.279999732971191,10.880000114440918,11.239999771118164,11.239999771118164,534100,OSPN
2008-05-12,11.260000228881836,11.539999961853027,11.039999961853027,11.4399995803833,11.4399995803833,538600,OSPN
2008-05-13,11.430000305175781,11.960000038146973,11.350000381469727,11.880000114440918,11.880000114440918,827700,OSPN
2008-05-14,11.890000343322754,12.220000267028809,11.859999656677246,11.930000305175781,11.930000305175781,681900,OSPN
2008-05-15,11.979999542236328,12.100000381469727,11.600000381469727,12.050000190734863,12.050000190734863,626300,OSPN
2008-05-16,12.130000114440918,12.130000114440918,11.680000305175781,11.770000457763672,11.770000457763672,638100,OSPN
2008-05-19,11.729999542236328,12.0,11.600000381469727,11.640000343322754,11.640000343322754,591900,OSPN
2008-05-20,11.779999732971191,11.779999732971191,11.430000305175781,11.619999885559082,11.619999885559082,308000,OSPN
2008-05-21,11.5600004196167,11.75,11.119999885559082,11.199999809265137,11.199999809265137,475600,OSPN
2008-05-22,11.199999809265137,11.609999656677246,11.010000228881836,11.359999656677246,11.359999656677246,317900,OSPN
2008-05-23,11.380000114440918,11.380000114440918,11.010000228881836,11.109999656677246,11.109999656677246,285000,OSPN
2008-05-27,11.09000015258789,11.489999771118164,11.029999732971191,11.460000038146973,11.460000038146973,348300,OSPN
2008-05-28,11.520000457763672,11.75,11.359999656677246,11.5600004196167,11.5600004196167,407600,OSPN
2008-05-29,11.550000190734863,11.970000267028809,11.5,11.859999656677246,11.859999656677246,469300,OSPN
2008-05-30,11.930000305175781,13.109999656677246,11.90999984741211,12.960000038146973,12.960000038146973,1467900,OSPN
2008-06-02,13.0,13.289999961853027,12.430000305175781,12.649999618530273,12.649999618530273,1066700,OSPN
2008-06-03,12.680000305175781,13.180000305175781,12.449999809265137,12.649999618530273,12.649999618530273,568400,OSPN
2008-06-04,12.550000190734863,12.979999542236328,12.5,12.65999984741211,12.65999984741211,377500,OSPN
2008-06-05,12.869999885559082,13.329999923706055,12.8100004196167,13.220000267028809,13.220000267028809,508600,OSPN
2008-06-06,13.1899995803833,13.1899995803833,12.479999542236328,12.479999542236328,12.479999542236328,511500,OSPN
2008-06-09,12.430000305175781,12.84000015258789,11.8100004196167,11.930000305175781,11.930000305175781,563100,OSPN
2008-06-10,11.829999923706055,12.260000228881836,11.819999694824219,12.119999885559082,12.119999885559082,367200,OSPN
2008-06-11,12.069999694824219,12.140000343322754,11.470000267028809,11.489999771118164,11.489999771118164,421000,OSPN
2008-06-12,11.600000381469727,12.109999656677246,11.4399995803833,11.529999732971191,11.529999732971191,428100,OSPN
2008-06-13,11.649999618530273,12.020000457763672,11.649999618530273,11.960000038146973,11.960000038146973,309200,OSPN
2008-06-16,11.819999694824219,11.960000038146973,11.630000114440918,11.890000343322754,11.890000343322754,299200,OSPN
2008-06-17,11.970000267028809,11.989999771118164,11.619999885559082,11.84000015258789,11.84000015258789,326000,OSPN
2008-06-18,11.739999771118164,11.789999961853027,11.399999618530273,11.5600004196167,11.5600004196167,364300,OSPN
2008-06-19,11.5,11.84000015258789,11.34000015258789,11.75,11.75,330000,OSPN
2008-06-20,11.65999984741211,11.65999984741211,11.25,11.420000076293945,11.420000076293945,550700,OSPN
2008-06-23,11.4399995803833,11.640000343322754,11.210000038146973,11.270000457763672,11.270000457763672,421100,OSPN
2008-06-24,11.199999809265137,11.520000457763672,10.850000381469727,11.029999732971191,11.029999732971191,388900,OSPN
2008-06-25,11.40999984741211,11.479999542236328,11.020000457763672,11.279999732971191,11.279999732971191,369200,OSPN
2008-06-26,11.09000015258789,11.09000015258789,10.75,10.850000381469727,10.850000381469727,330900,OSPN
2008-06-27,10.850000381469727,11.140000343322754,10.600000381469727,10.6899995803833,10.6899995803833,526100,OSPN
2008-06-30,10.880000114440918,10.949999809265137,10.529999732971191,10.529999732971191,10.529999732971191,362200,OSPN
2008-07-01,10.420000076293945,10.829999923706055,10.40999984741211,10.800000190734863,10.800000190734863,374600,OSPN
2008-07-02,10.979999542236328,10.979999542236328,9.850000381469727,10.65999984741211,10.65999984741211,1265600,OSPN
2008-07-03,10.460000038146973,10.680000305175781,10.050000190734863,10.229999542236328,10.229999542236328,549200,OSPN
2008-07-07,10.270000457763672,10.539999961853027,10.0,10.229999542236328,10.229999542236328,491500,OSPN
2008-07-08,10.229999542236328,10.579999923706055,10.010000228881836,10.579999923706055,10.579999923706055,315200,OSPN
2008-07-09,10.649999618530273,11.0,10.529999732971191,10.550000190734863,10.550000190734863,374200,OSPN
2008-07-10,10.520000457763672,11.050000190734863,10.510000228881836,10.760000228881836,10.760000228881836,355300,OSPN
2008-07-11,10.680000305175781,11.1899995803833,10.399999618530273,11.039999961853027,11.039999961853027,381800,OSPN
2008-07-14,10.930000305175781,11.1899995803833,10.489999771118164,10.550000190734863,10.550000190734863,430000,OSPN
2008-07-15,10.420000076293945,11.039999961853027,10.319999694824219,10.710000038146973,10.710000038146973,529400,OSPN
2008-07-16,10.770000457763672,11.470000267028809,10.579999923706055,11.369999885559082,11.369999885559082,431400,OSPN
2008-07-17,11.430000305175781,11.710000038146973,11.050000190734863,11.609999656677246,11.609999656677246,443800,OSPN
2008-07-18,11.539999961853027,11.960000038146973,11.489999771118164,11.869999885559082,11.869999885559082,524600,OSPN
2008-07-21,11.880000114440918,12.149999618530273,11.760000228881836,11.760000228881836,11.760000228881836,387900,OSPN
2008-07-22,11.399999618530273,11.710000038146973,10.579999923706055,11.59000015258789,11.59000015258789,515700,OSPN
2008-07-23,11.6899995803833,12.010000228881836,11.329999923706055,11.479999542236328,11.479999542236328,650500,OSPN
2008-07-24,12.5,13.720000267028809,12.170000076293945,13.399999618530273,13.399999618530273,3584800,OSPN
2008-07-25,13.800000190734863,13.949999809265137,13.069999694824219,13.289999961853027,13.289999961853027,1606200,OSPN
2008-07-28,13.3100004196167,14.0600004196167,13.3100004196167,13.699999809265137,13.699999809265137,1170500,OSPN
2008-07-29,13.699999809265137,14.300000190734863,13.640000343322754,14.050000190734863,14.050000190734863,566000,OSPN
2008-07-30,14.020000457763672,14.34000015258789,13.869999885559082,14.140000343322754,14.140000343322754,481500,OSPN
2008-07-31,13.960000038146973,14.0,13.65999984741211,13.680000305175781,13.680000305175781,380500,OSPN
2008-08-01,13.539999961853027,13.710000038146973,13.170000076293945,13.5600004196167,13.5600004196167,526500,OSPN
2008-08-04,13.510000228881836,13.550000190734863,13.029999732971191,13.260000228881836,13.260000228881836,439100,OSPN
2008-08-05,13.369999885559082,13.609999656677246,13.270000457763672,13.510000228881836,13.510000228881836,711200,OSPN
2008-08-06,13.4399995803833,13.720000267028809,13.0,13.520000457763672,13.520000457763672,485000,OSPN
2008-08-07,13.399999618530273,13.600000381469727,13.119999885559082,13.180000305175781,13.180000305175781,415000,OSPN
2008-08-08,13.119999885559082,13.399999618530273,12.970000267028809,13.079999923706055,13.079999923706055,500600,OSPN
2008-08-11,13.130000114440918,13.600000381469727,13.020000457763672,13.25,13.25,475700,OSPN
2008-08-12,13.239999771118164,13.600000381469727,13.199999809265137,13.510000228881836,13.510000228881836,363100,OSPN
2008-08-13,13.329999923706055,13.84000015258789,13.329999923706055,13.829999923706055,13.829999923706055,546700,OSPN
2008-08-14,13.8100004196167,13.899999618530273,13.670000076293945,13.829999923706055,13.829999923706055,466700,OSPN
2008-08-15,13.930000305175781,14.130000114440918,13.649999618530273,14.0,14.0,380800,OSPN
2008-08-18,13.970000267028809,14.0,13.390000343322754,13.59000015258789,13.59000015258789,439300,OSPN
2008-08-19,13.5,13.529999732971191,13.130000114440918,13.25,13.25,271900,OSPN
2008-08-20,13.279999732971191,13.470000267028809,13.050000190734863,13.350000381469727,13.350000381469727,269900,OSPN
2008-08-21,13.380000114440918,13.489999771118164,13.279999732971191,13.359999656677246,13.359999656677246,267700,OSPN
2008-08-22,13.460000038146973,13.970000267028809,13.369999885559082,13.770000457763672,13.770000457763672,361600,OSPN
2008-08-25,13.65999984741211,13.800000190734863,13.039999961853027,13.140000343322754,13.140000343322754,447800,OSPN
2008-08-26,13.100000381469727,13.220000267028809,12.880000114440918,13.170000076293945,13.170000076293945,334100,OSPN
2008-08-27,13.15999984741211,13.569999694824219,13.020000457763672,13.359999656677246,13.359999656677246,210900,OSPN
2008-08-28,13.390000343322754,13.829999923706055,13.220000267028809,13.770000457763672,13.770000457763672,361200,OSPN
2008-08-29,13.65999984741211,13.989999771118164,13.649999618530273,13.819999694824219,13.819999694824219,426400,OSPN
2008-09-02,13.960000038146973,14.15999984741211,13.380000114440918,13.680000305175781,13.680000305175781,716300,OSPN
2008-09-03,13.699999809265137,13.989999771118164,13.380000114440918,13.6899995803833,13.6899995803833,428900,OSPN
2008-09-04,13.5600004196167,13.619999885559082,13.020000457763672,13.069999694824219,13.069999694824219,346600,OSPN
2008-09-05,13.020000457763672,13.199999809265137,12.550000190734863,12.880000114440918,12.880000114440918,369500,OSPN
2008-09-08,13.170000076293945,13.40999984741211,12.8100004196167,12.9399995803833,12.9399995803833,343900,OSPN
2008-09-09,12.979999542236328,13.270000457763672,12.529999732971191,12.619999885559082,12.619999885559082,389200,OSPN
2008-09-10,12.8100004196167,12.989999771118164,12.319999694824219,12.6899995803833,12.6899995803833,469200,OSPN
2008-09-11,12.5,12.960000038146973,12.350000381469727,12.960000038146973,12.960000038146973,733100,OSPN
2008-09-12,12.880000114440918,12.949999809265137,12.5,12.649999618530273,12.649999618530273,288500,OSPN
2008-09-15,12.020000457763672,12.470000267028809,11.760000228881836,11.920000076293945,11.920000076293945,368200,OSPN
2008-09-16,11.789999961853027,12.449999809265137,11.3100004196167,12.430000305175781,12.430000305175781,512900,OSPN
2008-09-17,12.239999771118164,12.380000114440918,11.130000114440918,11.65999984741211,11.65999984741211,689600,OSPN
2008-09-18,11.880000114440918,12.569999694824219,11.4399995803833,12.390000343322754,12.390000343322754,593700,OSPN
2008-09-19,12.3100004196167,13.130000114440918,12.270000457763672,13.0,13.0,718100,OSPN
2008-09-22,12.739999771118164,12.979999542236328,12.020000457763672,12.0600004196167,12.0600004196167,417600,OSPN
2008-09-23,12.09000015258789,12.15999984741211,11.380000114440918,11.420000076293945,11.420000076293945,379300,OSPN
2008-09-24,11.350000381469727,11.579999923706055,11.050000190734863,11.069999694824219,11.069999694824219,496900,OSPN
2008-09-25,11.15999984741211,11.390000343322754,11.0,11.270000457763672,11.270000457763672,381800,OSPN
2008-09-26,11.0600004196167,11.470000267028809,11.050000190734863,11.380000114440918,11.380000114440918,259900,OSPN
2008-09-29,10.9399995803833,10.9399995803833,9.9399995803833,10.0,10.0,619800,OSPN
2008-09-30,10.119999885559082,10.4399995803833,9.899999618530273,10.359999656677246,10.359999656677246,509100,OSPN
2008-10-01,10.40999984741211,10.489999771118164,9.8100004196167,9.989999771118164,9.989999771118164,431900,OSPN
2008-10-02,10.149999618530273,10.25,9.09000015258789,9.15999984741211,9.15999984741211,541300,OSPN
2008-10-03,9.319999694824219,9.430000305175781,8.609999656677246,8.65999984741211,8.65999984741211,623200,OSPN
2008-10-06,8.479999542236328,8.479999542236328,7.5,7.900000095367432,7.900000095367432,1048600,OSPN
2008-10-07,8.0,8.210000038146973,7.179999828338623,7.210000038146973,7.210000038146973,749500,OSPN
2008-10-08,6.849999904632568,7.590000152587891,6.610000133514404,7.190000057220459,7.190000057220459,658400,OSPN
2008-10-09,7.329999923706055,7.889999866485596,6.590000152587891,6.639999866485596,6.639999866485596,520400,OSPN
2008-10-10,6.400000095367432,7.099999904632568,6.110000133514404,6.989999771118164,6.989999771118164,712100,OSPN
2008-10-13,7.369999885559082,7.940000057220459,7.349999904632568,7.940000057220459,7.940000057220459,419400,OSPN
2008-10-14,8.220000267028809,8.34000015258789,7.46999979019165,7.579999923706055,7.579999923706055,399500,OSPN
2008-10-15,7.449999809265137,7.449999809265137,6.630000114440918,6.639999866485596,6.639999866485596,273900,OSPN
2008-10-16,6.75,7.269999980926514,6.5,7.099999904632568,7.099999904632568,420200,OSPN
2008-10-17,6.880000114440918,7.340000152587891,6.789999961853027,6.940000057220459,6.940000057220459,452900,OSPN
2008-10-20,7.0,7.639999866485596,7.0,7.599999904632568,7.599999904632568,318300,OSPN
2008-10-21,7.5,7.679999828338623,7.25,7.380000114440918,7.380000114440918,307300,OSPN
2008-10-22,7.289999961853027,7.670000076293945,7.28000020980835,7.489999771118164,7.489999771118164,464800,OSPN
2008-10-23,10.0,10.0,8.479999542236328,9.819999694824219,9.819999694824219,1769700,OSPN
2008-10-24,8.670000076293945,9.479999542236328,8.59000015258789,9.170000076293945,9.170000076293945,571200,OSPN
2008-10-27,8.979999542236328,9.5,8.979999542236328,9.020000457763672,9.020000457763672,337100,OSPN
2008-10-28,9.140000343322754,10.25,9.100000381469727,10.239999771118164,10.239999771118164,535000,OSPN
2008-10-29,10.239999771118164,10.90999984741211,9.899999618530273,10.350000381469727,10.350000381469727,427400,OSPN
2008-10-30,10.609999656677246,11.09000015258789,10.5,10.960000038146973,10.960000038146973,461900,OSPN
2008-10-31,10.819999694824219,11.399999618530273,10.600000381469727,11.329999923706055,11.329999923706055,397900,OSPN
2008-11-03,11.399999618530273,11.960000038146973,11.319999694824219,11.420000076293945,11.420000076293945,409700,OSPN
2008-11-04,11.5,11.899999618530273,11.420000076293945,11.65999984741211,11.65999984741211,531500,OSPN
2008-11-05,11.489999771118164,11.5,10.65999984741211,10.760000228881836,10.760000228881836,324100,OSPN
2008-11-06,10.649999618530273,10.979999542236328,10.170000076293945,10.380000114440918,10.380000114440918,368100,OSPN
2008-11-07,10.510000228881836,10.970000267028809,10.260000228881836,10.739999771118164,10.739999771118164,191300,OSPN
2008-11-10,10.970000267028809,11.029999732971191,10.369999885559082,10.5,10.5,416700,OSPN
2008-11-11,10.380000114440918,10.710000038146973,10.039999961853027,10.069999694824219,10.069999694824219,298900,OSPN
2008-11-12,10.0,10.0,9.34000015258789,9.550000190734863,9.550000190734863,251200,OSPN
2008-11-13,9.550000190734863,10.15999984741211,8.3100004196167,10.119999885559082,10.119999885559082,541500,OSPN
2008-11-14,9.869999885559082,10.15999984741211,9.5,9.550000190734863,9.550000190734863,322500,OSPN
2008-11-17,9.420000076293945,9.779999732971191,9.149999618530273,9.420000076293945,9.420000076293945,187500,OSPN
2008-11-18,9.489999771118164,9.75,8.789999961853027,9.199999809265137,9.199999809265137,266100,OSPN
2008-11-19,9.170000076293945,9.489999771118164,8.670000076293945,8.699999809265137,8.699999809265137,274700,OSPN
2008-11-20,8.770000457763672,9.1899995803833,8.300000190734863,8.399999618530273,8.399999618530273,381800,OSPN
2008-11-21,8.5600004196167,9.319999694824219,8.300000190734863,9.300000190734863,9.300000190734863,420400,OSPN
2008-11-24,9.300000190734863,10.369999885559082,9.25,10.220000267028809,10.220000267028809,359200,OSPN
2008-11-25,10.699999809265137,10.699999809265137,9.859999656677246,10.670000076293945,10.670000076293945,393300,OSPN
2008-11-26,10.329999923706055,10.920000076293945,10.010000228881836,10.380000114440918,10.380000114440918,573800,OSPN
2008-11-28,10.40999984741211,10.579999923706055,10.1899995803833,10.4399995803833,10.4399995803833,134500,OSPN
2008-12-01,10.140000343322754,10.34000015258789,9.489999771118164,9.529999732971191,9.529999732971191,426800,OSPN
2008-12-02,9.100000381469727,9.479999542236328,8.529999732971191,9.25,9.25,613800,OSPN
2008-12-03,9.020000457763672,9.84000015258789,8.84000015258789,9.25,9.25,368400,OSPN
2008-12-04,9.0600004196167,9.449999809265137,8.390000343322754,8.579999923706055,8.579999923706055,403200,OSPN
2008-12-05,8.470000267028809,9.390000343322754,8.359999656677246,9.369999885559082,9.369999885559082,353100,OSPN
2008-12-08,9.460000038146973,10.199999809265137,9.390000343322754,9.84000015258789,9.84000015258789,454900,OSPN
2008-12-09,9.539999961853027,10.119999885559082,9.260000228881836,9.550000190734863,9.550000190734863,318200,OSPN
2008-12-10,9.800000190734863,10.050000190734863,9.430000305175781,9.670000076293945,9.670000076293945,217100,OSPN
2008-12-11,9.520000457763672,9.789999961853027,9.1899995803833,9.279999732971191,9.279999732971191,162600,OSPN
2008-12-12,9.039999961853027,9.350000381469727,9.010000228881836,9.300000190734863,9.300000190734863,278600,OSPN
2008-12-15,9.40999984741211,9.5,9.010000228881836,9.170000076293945,9.170000076293945,188000,OSPN
2008-12-16,9.300000190734863,9.880000114440918,9.210000038146973,9.850000381469727,9.850000381469727,206200,OSPN
2008-12-17,9.699999809265137,10.239999771118164,9.6899995803833,10.140000343322754,10.140000343322754,308900,OSPN
2008-12-18,9.880000114440918,10.25,9.8100004196167,10.149999618530273,10.149999618530273,284500,OSPN
2008-12-19,10.359999656677246,10.449999809265137,9.84000015258789,10.359999656677246,10.359999656677246,485300,OSPN
2008-12-22,10.319999694824219,10.319999694824219,9.430000305175781,9.819999694824219,9.819999694824219,148500,OSPN
2008-12-23,9.75,9.899999618530273,9.300000190734863,9.5,9.5,201600,OSPN
2008-12-24,9.609999656677246,9.850000381469727,9.470000267028809,9.729999542236328,9.729999542236328,90000,OSPN
2008-12-26,9.729999542236328,9.880000114440918,9.300000190734863,9.510000228881836,9.510000228881836,76000,OSPN
2008-12-29,9.460000038146973,9.84000015258789,9.3100004196167,9.779999732971191,9.779999732971191,168200,OSPN
2008-12-30,9.779999732971191,10.010000228881836,9.630000114440918,9.989999771118164,9.989999771118164,134800,OSPN
2008-12-31,9.789999961853027,10.489999771118164,9.680000305175781,10.329999923706055,10.329999923706055,229400,OSPN
2009-01-02,10.350000381469727,10.5,10.300000190734863,10.399999618530273,10.399999618530273,115400,OSPN
2009-01-05,10.399999618530273,10.600000381469727,10.079999923706055,10.34000015258789,10.34000015258789,204400,OSPN
2009-01-06,9.029999732971191,9.109999656677246,7.630000114440918,8.819999694824219,8.819999694824219,1531400,OSPN
2009-01-07,8.8100004196167,8.84000015258789,8.050000190734863,8.359999656677246,8.359999656677246,582100,OSPN
2009-01-08,8.319999694824219,8.670000076293945,8.289999961853027,8.550000190734863,8.550000190734863,394500,OSPN
2009-01-09,8.539999961853027,8.75,8.180000305175781,8.260000228881836,8.260000228881836,486400,OSPN
2009-01-12,8.239999771118164,8.319999694824219,7.650000095367432,7.809999942779541,7.809999942779541,703900,OSPN
2009-01-13,7.869999885559082,7.900000095367432,7.599999904632568,7.789999961853027,7.789999961853027,217600,OSPN
2009-01-14,7.630000114440918,7.690000057220459,7.300000190734863,7.400000095367432,7.400000095367432,336600,OSPN
2009-01-15,7.349999904632568,7.480000019073486,7.050000190734863,7.449999809265137,7.449999809265137,330800,OSPN
2009-01-16,7.519999980926514,7.519999980926514,6.900000095367432,7.130000114440918,7.130000114440918,322100,OSPN
2009-01-20,7.28000020980835,7.440000057220459,6.610000133514404,6.670000076293945,6.670000076293945,419300,OSPN
2009-01-21,6.840000152587891,7.070000171661377,6.730000019073486,7.050000190734863,7.050000190734863,412100,OSPN
2009-01-22,6.889999866485596,7.0,6.730000019073486,6.760000228881836,6.760000228881836,162700,OSPN
2009-01-23,6.599999904632568,6.71999979019165,6.519999980926514,6.559999942779541,6.559999942779541,291300,OSPN
2009-01-26,6.590000152587891,6.820000171661377,6.5,6.800000190734863,6.800000190734863,444700,OSPN
2009-01-27,6.800000190734863,6.960000038146973,6.690000057220459,6.800000190734863,6.800000190734863,208700,OSPN
2009-01-28,6.96999979019165,7.050000190734863,6.800000190734863,6.880000114440918,6.880000114440918,244200,OSPN
2009-01-29,6.820000171661377,6.949999809265137,6.75,6.909999847412109,6.909999847412109,368200,OSPN
2009-01-30,7.0,7.179999828338623,6.690000057220459,6.78000020980835,6.78000020980835,342700,OSPN
2009-02-02,6.710000038146973,6.940000057220459,6.679999828338623,6.880000114440918,6.880000114440918,277300,OSPN
2009-02-03,6.960000038146973,7.050000190734863,6.650000095367432,6.920000076293945,6.920000076293945,228700,OSPN
2009-02-04,6.900000095367432,7.170000076293945,6.789999961853027,6.960000038146973,6.960000038146973,330900,OSPN
2009-02-05,6.909999847412109,7.670000076293945,6.849999904632568,7.449999809265137,7.449999809265137,472500,OSPN
2009-02-06,7.449999809265137,7.96999979019165,7.429999828338623,7.920000076293945,7.920000076293945,298100,OSPN
2009-02-09,7.929999828338623,7.949999809265137,7.480000019073486,7.510000228881836,7.510000228881836,205700,OSPN
2009-02-10,7.460000038146973,7.739999771118164,7.019999980926514,7.039999961853027,7.039999961853027,210000,OSPN
2009-02-11,7.070000171661377,7.329999923706055,7.050000190734863,7.130000114440918,7.130000114440918,81500,OSPN
2009-02-12,7.050000190734863,7.389999866485596,7.050000190734863,7.360000133514404,7.360000133514404,162900,OSPN
2009-02-13,7.340000152587891,7.519999980926514,7.130000114440918,7.199999809265137,7.199999809265137,155200,OSPN
2009-02-17,7.010000228881836,7.059999942779541,6.409999847412109,6.409999847412109,6.409999847412109,398700,OSPN
2009-02-18,6.5,6.699999809265137,6.260000228881836,6.289999961853027,6.289999961853027,278900,OSPN
2009-02-19,6.289999961853027,6.340000152587891,3.9200000762939453,4.480000019073486,4.480000019073486,1671700,OSPN
2009-02-20,4.5,5.789999961853027,4.400000095367432,5.25,5.25,1256200,OSPN
2009-02-23,5.25,5.28000020980835,4.880000114440918,4.949999809265137,4.949999809265137,455200,OSPN
2009-02-24,5.010000228881836,5.489999771118164,4.880000114440918,5.079999923706055,5.079999923706055,479400,OSPN
2009-02-25,5.119999885559082,5.320000171661377,5.010000228881836,5.039999961853027,5.039999961853027,257600,OSPN
2009-02-26,5.059999942779541,5.289999961853027,4.949999809265137,4.949999809265137,4.949999809265137,257900,OSPN
2009-02-27,5.019999980926514,5.110000133514404,4.860000133514404,4.940000057220459,4.940000057220459,309900,OSPN
2009-03-02,5.010000228881836,5.099999904632568,4.5,4.519999980926514,4.519999980926514,201000,OSPN
2009-03-03,4.579999923706055,4.71999979019165,4.110000133514404,4.119999885559082,4.119999885559082,386000,OSPN
2009-03-04,4.25,4.449999809265137,4.03000020980835,4.25,4.25,611500,OSPN
2009-03-05,4.170000076293945,4.21999979019165,3.990000009536743,4.010000228881836,4.010000228881836,373800,OSPN
2009-03-06,4.019999980926514,4.130000114440918,4.0,4.090000152587891,4.090000152587891,268600,OSPN
2009-03-09,4.0,4.099999904632568,3.8499999046325684,3.9000000953674316,3.9000000953674316,334300,OSPN
2009-03-10,4.039999961853027,4.309999942779541,4.03000020980835,4.309999942779541,4.309999942779541,309500,OSPN
2009-03-11,4.329999923706055,4.599999904632568,4.130000114440918,4.190000057220459,4.190000057220459,269400,OSPN
2009-03-12,4.179999828338623,4.550000190734863,4.179999828338623,4.489999771118164,4.489999771118164,260700,OSPN
2009-03-13,4.539999961853027,4.739999771118164,4.510000228881836,4.670000076293945,4.670000076293945,225500,OSPN
2009-03-16,4.730000019073486,5.03000020980835,4.619999885559082,4.800000190734863,4.800000190734863,277300,OSPN
2009-03-17,4.800000190734863,5.0,4.769999980926514,5.0,5.0,167700,OSPN
2009-03-18,5.0,5.0,4.760000228881836,4.949999809265137,4.949999809265137,473800,OSPN
2009-03-19,4.980000019073486,5.019999980926514,4.75,4.889999866485596,4.889999866485596,225300,OSPN
2009-03-20,4.940000057220459,5.050000190734863,4.860000133514404,4.940000057220459,4.940000057220459,480900,OSPN
2009-03-23,5.03000020980835,5.599999904632568,5.0,5.599999904632568,5.599999904632568,282500,OSPN
2009-03-24,5.570000171661377,5.599999904632568,5.329999923706055,5.510000228881836,5.510000228881836,316000,OSPN
2009-03-25,5.5,6.019999980926514,5.409999847412109,5.849999904632568,5.849999904632568,379100,OSPN
2009-03-26,5.769999980926514,6.170000076293945,5.559999942779541,6.150000095367432,6.150000095367432,306000,OSPN
2009-03-27,6.090000152587891,6.090000152587891,5.809999942779541,5.820000171661377,5.820000171661377,151800,OSPN
2009-03-30,5.690000057220459,5.860000133514404,5.619999885559082,5.75,5.75,296200,OSPN
2009-03-31,5.849999904632568,5.980000019073486,5.699999809265137,5.769999980926514,5.769999980926514,120400,OSPN
2009-04-01,5.730000019073486,6.070000171661377,5.650000095367432,5.949999809265137,5.949999809265137,157700,OSPN
2009-04-02,6.099999904632568,6.510000228881836,6.090000152587891,6.170000076293945,6.170000076293945,350900,OSPN
2009-04-03,6.179999828338623,6.349999904632568,6.170000076293945,6.349999904632568,6.349999904632568,165700,OSPN
2009-04-06,6.349999904632568,6.349999904632568,6.010000228881836,6.269999980926514,6.269999980926514,137900,OSPN
2009-04-07,6.099999904632568,6.190000057220459,6.010000228881836,6.019999980926514,6.019999980926514,236500,OSPN
2009-04-08,6.050000190734863,6.5,6.050000190734863,6.46999979019165,6.46999979019165,183100,OSPN
2009-04-09,6.510000228881836,6.949999809265137,6.510000228881836,6.920000076293945,6.920000076293945,203400,OSPN
2009-04-13,6.71999979019165,6.71999979019165,6.090000152587891,6.519999980926514,6.519999980926514,415300,OSPN
2009-04-14,6.449999809265137,6.449999809265137,6.25,6.309999942779541,6.309999942779541,243800,OSPN
2009-04-15,6.190000057220459,6.5,6.110000133514404,6.5,6.5,135800,OSPN
2009-04-16,6.699999809265137,6.96999979019165,6.510000228881836,6.960000038146973,6.960000038146973,162700,OSPN
2009-04-17,6.71999979019165,7.300000190734863,6.71999979019165,7.239999771118164,7.239999771118164,276500,OSPN
2009-04-20,7.059999942779541,7.090000152587891,6.730000019073486,6.75,6.75,230200,OSPN
2009-04-21,6.769999980926514,7.210000038146973,6.710000038146973,6.989999771118164,6.989999771118164,288800,OSPN
2009-04-22,6.860000133514404,6.900000095367432,6.570000171661377,6.610000133514404,6.610000133514404,415000,OSPN
2009-04-23,6.650000095367432,7.179999828338623,6.650000095367432,6.889999866485596,6.889999866485596,471400,OSPN
2009-04-24,6.980000019073486,6.980000019073486,6.739999771118164,6.789999961853027,6.789999961853027,211600,OSPN
2009-04-27,6.699999809265137,6.920000076293945,6.570000171661377,6.739999771118164,6.739999771118164,225500,OSPN
2009-04-28,6.650000095367432,7.070000171661377,6.650000095367432,6.889999866485596,6.889999866485596,189100,OSPN
2009-04-29,6.989999771118164,7.190000057220459,6.900000095367432,7.110000133514404,7.110000133514404,195700,OSPN
2009-04-30,7.190000057220459,7.260000228881836,6.889999866485596,6.920000076293945,6.920000076293945,236700,OSPN
2009-05-01,6.920000076293945,6.920000076293945,6.75,6.880000114440918,6.880000114440918,149300,OSPN
2009-05-04,7.0,7.039999961853027,6.760000228881836,6.889999866485596,6.889999866485596,193000,OSPN
2009-05-05,6.889999866485596,6.900000095367432,6.670000076293945,6.769999980926514,6.769999980926514,150000,OSPN
2009-05-06,6.900000095367432,6.989999771118164,6.650000095367432,6.75,6.75,216200,OSPN
2009-05-07,6.900000095367432,6.96999979019165,6.420000076293945,6.539999961853027,6.539999961853027,248000,OSPN
2009-05-08,6.679999828338623,6.730000019073486,6.550000190734863,6.71999979019165,6.71999979019165,154200,OSPN
2009-05-11,6.739999771118164,6.789999961853027,6.480000019073486,6.710000038146973,6.710000038146973,172600,OSPN
2009-05-12,6.789999961853027,6.809999942779541,6.550000190734863,6.710000038146973,6.710000038146973,126700,OSPN
2009-05-13,6.650000095367432,6.650000095367432,6.329999923706055,6.349999904632568,6.349999904632568,169900,OSPN
2009-05-14,6.349999904632568,6.710000038146973,6.329999923706055,6.599999904632568,6.599999904632568,125400,OSPN
2009-05-15,6.639999866485596,6.809999942779541,6.559999942779541,6.739999771118164,6.739999771118164,162400,OSPN
2009-05-18,6.889999866485596,7.050000190734863,6.730000019073486,7.019999980926514,7.019999980926514,200600,OSPN
2009-05-19,7.019999980926514,7.25,6.909999847412109,7.199999809265137,7.199999809265137,137000,OSPN
2009-05-20,7.230000019073486,7.690000057220459,7.210000038146973,7.309999942779541,7.309999942779541,205200,OSPN
2009-05-21,7.260000228881836,7.320000171661377,6.849999904632568,6.96999979019165,6.96999979019165,234800,OSPN
2009-05-22,7.260000228881836,7.260000228881836,7.010000228881836,7.019999980926514,7.019999980926514,162200,OSPN
2009-05-26,7.0,7.710000038146973,6.960000038146973,7.440000057220459,7.440000057220459,115100,OSPN
2009-05-27,7.46999979019165,7.46999979019165,7.21999979019165,7.320000171661377,7.320000171661377,95700,OSPN
2009-05-28,7.320000171661377,7.610000133514404,7.25,7.449999809265137,7.449999809265137,179500,OSPN
2009-05-29,7.510000228881836,7.510000228881836,7.309999942779541,7.409999847412109,7.409999847412109,201000,OSPN
2009-06-01,7.559999942779541,7.949999809265137,7.380000114440918,7.900000095367432,7.900000095367432,318500,OSPN
2009-06-02,7.880000114440918,8.369999885559082,7.5,8.34000015258789,8.34000015258789,324000,OSPN
2009-06-03,8.329999923706055,8.329999923706055,8.0,8.199999809265137,8.199999809265137,282300,OSPN
2009-06-04,7.96999979019165,8.350000381469727,7.96999979019165,8.210000038146973,8.210000038146973,132100,OSPN
2009-06-05,8.3100004196167,8.3100004196167,8.0600004196167,8.109999656677246,8.109999656677246,87200,OSPN
2009-06-08,8.029999732971191,8.119999885559082,7.849999904632568,7.929999828338623,7.929999828338623,141100,OSPN
2009-06-09,8.0,8.130000114440918,7.889999866485596,7.889999866485596,7.889999866485596,143600,OSPN
2009-06-10,8.010000228881836,8.010000228881836,7.599999904632568,7.739999771118164,7.739999771118164,263500,OSPN
2009-06-11,7.739999771118164,7.920000076293945,7.619999885559082,7.670000076293945,7.670000076293945,253100,OSPN
2009-06-12,7.650000095367432,7.849999904632568,7.599999904632568,7.849999904632568,7.849999904632568,138000,OSPN
2009-06-15,7.630000114440918,7.75,7.260000228881836,7.489999771118164,7.489999771118164,212300,OSPN
2009-06-16,7.539999961853027,7.71999979019165,7.179999828338623,7.190000057220459,7.190000057220459,245400,OSPN
2009-06-17,7.309999942779541,7.449999809265137,7.150000095367432,7.369999885559082,7.369999885559082,154800,OSPN
2009-06-18,7.380000114440918,7.429999828338623,7.150000095367432,7.329999923706055,7.329999923706055,111900,OSPN
2009-06-19,7.400000095367432,7.630000114440918,7.349999904632568,7.400000095367432,7.400000095367432,204900,OSPN
2009-06-22,7.349999904632568,7.360000133514404,6.820000171661377,6.820000171661377,6.820000171661377,210800,OSPN
2009-06-23,6.840000152587891,7.070000171661377,6.840000152587891,6.960000038146973,6.960000038146973,122800,OSPN
2009-06-24,6.989999771118164,7.130000114440918,6.869999885559082,6.929999828338623,6.929999828338623,93100,OSPN
2009-06-25,6.909999847412109,7.070000171661377,6.809999942779541,7.050000190734863,7.050000190734863,192000,OSPN
2009-06-26,6.980000019073486,7.340000152587891,6.949999809265137,7.320000171661377,7.320000171661377,426500,OSPN
2009-06-29,7.329999923706055,7.480000019073486,7.190000057220459,7.340000152587891,7.340000152587891,114400,OSPN
2009-06-30,7.369999885559082,7.5,7.230000019073486,7.309999942779541,7.309999942779541,133300,OSPN
2009-07-01,7.320000171661377,7.599999904632568,7.320000171661377,7.46999979019165,7.46999979019165,83800,OSPN
2009-07-02,7.329999923706055,7.489999771118164,7.099999904632568,7.25,7.25,119500,OSPN
2009-07-06,7.300000190734863,7.400000095367432,7.110000133514404,7.349999904632568,7.349999904632568,108100,OSPN
2009-07-07,7.320000171661377,7.440000057220459,7.099999904632568,7.170000076293945,7.170000076293945,226100,OSPN
2009-07-08,7.179999828338623,7.289999961853027,6.949999809265137,7.050000190734863,7.050000190734863,159200,OSPN
2009-07-09,7.130000114440918,7.300000190734863,7.03000020980835,7.059999942779541,7.059999942779541,83400,OSPN
2009-07-10,7.0,7.400000095367432,7.0,7.289999961853027,7.289999961853027,82300,OSPN
2009-07-13,7.300000190734863,7.619999885559082,7.199999809265137,7.619999885559082,7.619999885559082,134500,OSPN
2009-07-14,7.619999885559082,7.730000019073486,7.409999847412109,7.5,7.5,123300,OSPN
2009-07-15,7.579999923706055,7.75,7.570000171661377,7.739999771118164,7.739999771118164,172800,OSPN
2009-07-16,7.679999828338623,8.149999618530273,7.510000228881836,8.149999618530273,8.149999618530273,197700,OSPN
2009-07-17,8.170000076293945,8.170000076293945,7.840000152587891,7.840000152587891,7.840000152587891,152200,OSPN
2009-07-20,7.900000095367432,8.100000381469727,7.900000095367432,8.079999923706055,8.079999923706055,64400,OSPN
2009-07-21,8.100000381469727,8.329999923706055,8.050000190734863,8.319999694824219,8.319999694824219,113600,OSPN
2009-07-22,8.25,8.5,8.079999923706055,8.350000381469727,8.350000381469727,204000,OSPN
2009-07-23,7.550000190734863,8.0,7.429999828338623,7.710000038146973,7.710000038146973,553300,OSPN
2009-07-24,7.550000190734863,7.679999828338623,7.190000057220459,7.550000190734863,7.550000190734863,362000,OSPN
2009-07-27,7.440000057220459,7.510000228881836,7.21999979019165,7.480000019073486,7.480000019073486,161500,OSPN
2009-07-28,7.409999847412109,7.590000152587891,7.340000152587891,7.46999979019165,7.46999979019165,168400,OSPN
2009-07-29,7.409999847412109,7.599999904632568,7.380000114440918,7.460000038146973,7.460000038146973,135800,OSPN
2009-07-30,7.579999923706055,7.679999828338623,7.400000095367432,7.46999979019165,7.46999979019165,106500,OSPN
2009-07-31,7.400000095367432,7.630000114440918,7.380000114440918,7.5,7.5,184900,OSPN
2009-08-03,7.53000020980835,7.619999885559082,7.429999828338623,7.489999771118164,7.489999771118164,108600,OSPN
2009-08-04,7.420000076293945,7.539999961853027,7.409999847412109,7.480000019073486,7.480000019073486,78000,OSPN
2009-08-05,7.420000076293945,7.510000228881836,7.420000076293945,7.480000019073486,7.480000019073486,126600,OSPN
2009-08-06,7.5,7.630000114440918,7.420000076293945,7.539999961853027,7.539999961853027,140600,OSPN
2009-08-07,7.639999866485596,7.900000095367432,7.579999923706055,7.809999942779541,7.809999942779541,168900,OSPN
2009-08-10,7.789999961853027,7.949999809265137,7.409999847412109,7.929999828338623,7.929999828338623,167600,OSPN
2009-08-11,7.849999904632568,7.960000038146973,7.659999847412109,7.78000020980835,7.78000020980835,93300,OSPN
2009-08-12,7.730000019073486,8.119999885559082,7.610000133514404,8.069999694824219,8.069999694824219,159600,OSPN
2009-08-13,8.100000381469727,8.399999618530273,8.069999694824219,8.170000076293945,8.170000076293945,195800,OSPN
2009-08-14,8.170000076293945,8.210000038146973,7.800000190734863,7.909999847412109,7.909999847412109,130800,OSPN
2009-08-17,7.800000190734863,7.829999923706055,7.599999904632568,7.659999847412109,7.659999847412109,114400,OSPN
2009-08-18,7.679999828338623,7.989999771118164,7.5,7.940000057220459,7.940000057220459,116100,OSPN
2009-08-19,7.820000171661377,8.119999885559082,7.650000095367432,8.09000015258789,8.09000015258789,87300,OSPN
2009-08-20,8.010000228881836,8.359999656677246,8.010000228881836,8.350000381469727,8.350000381469727,198900,OSPN
2009-08-21,8.489999771118164,8.5,8.069999694824219,8.449999809265137,8.449999809265137,183200,OSPN
2009-08-24,8.4399995803833,8.4399995803833,8.350000381469727,8.4399995803833,8.4399995803833,123300,OSPN
2009-08-25,8.449999809265137,8.970000267028809,8.390000343322754,8.670000076293945,8.670000076293945,258800,OSPN
2009-08-26,8.630000114440918,8.899999618530273,8.5,8.8100004196167,8.8100004196167,107000,OSPN
2009-08-27,8.890000343322754,8.970000267028809,8.5,8.720000267028809,8.720000267028809,123700,OSPN
2009-08-28,8.75,8.760000228881836,8.529999732971191,8.630000114440918,8.630000114440918,76500,OSPN
2009-08-31,8.630000114440918,8.800000190734863,8.569999694824219,8.65999984741211,8.65999984741211,180100,OSPN
2009-09-01,8.569999694824219,8.800000190734863,7.849999904632568,7.900000095367432,7.900000095367432,423500,OSPN
2009-09-02,7.900000095367432,8.020000457763672,7.809999942779541,7.920000076293945,7.920000076293945,240000,OSPN
2009-09-03,7.949999809265137,8.100000381469727,7.900000095367432,8.029999732971191,8.029999732971191,83800,OSPN
2009-09-04,8.050000190734863,8.270000457763672,8.0,8.260000228881836,8.260000228881836,120600,OSPN
2009-09-08,8.329999923706055,8.399999618530273,8.140000343322754,8.319999694824219,8.319999694824219,104300,OSPN
2009-09-09,8.289999961853027,8.5,8.220000267028809,8.449999809265137,8.449999809265137,218800,OSPN
2009-09-10,8.449999809265137,8.5,8.270000457763672,8.350000381469727,8.350000381469727,238400,OSPN
2009-09-11,8.279999732971191,8.430000305175781,8.270000457763672,8.3100004196167,8.3100004196167,121500,OSPN
2009-09-14,8.25,8.329999923706055,8.210000038146973,8.239999771118164,8.239999771118164,71000,OSPN
2009-09-15,8.199999809265137,8.350000381469727,8.199999809265137,8.220000267028809,8.220000267028809,155500,OSPN
2009-09-16,8.25,8.300000190734863,8.149999618530273,8.199999809265137,8.199999809265137,128800,OSPN
2009-09-17,8.199999809265137,8.270000457763672,8.149999618530273,8.1899995803833,8.1899995803833,124100,OSPN
2009-09-18,8.220000267028809,8.239999771118164,8.079999923706055,8.199999809265137,8.199999809265137,337300,OSPN
2009-09-21,8.109999656677246,8.199999809265137,8.109999656677246,8.15999984741211,8.15999984741211,157100,OSPN
2009-09-22,8.199999809265137,8.210000038146973,8.130000114440918,8.130000114440918,8.130000114440918,146000,OSPN
2009-09-23,8.170000076293945,8.210000038146973,8.079999923706055,8.140000343322754,8.140000343322754,178800,OSPN
2009-09-24,8.199999809265137,8.210000038146973,7.900000095367432,7.980000019073486,7.980000019073486,209300,OSPN
2009-09-25,7.920000076293945,8.0600004196167,7.860000133514404,7.900000095367432,7.900000095367432,137800,OSPN
2009-09-28,7.960000038146973,8.039999961853027,7.940000057220459,7.989999771118164,7.989999771118164,191400,OSPN
2009-09-29,8.020000457763672,8.050000190734863,7.789999961853027,7.789999961853027,7.789999961853027,156200,OSPN
2009-09-30,7.800000190734863,7.829999923706055,7.320000171661377,7.420000076293945,7.420000076293945,520800,OSPN
2009-10-01,7.420000076293945,7.539999961853027,7.420000076293945,7.480000019073486,7.480000019073486,171400,OSPN
2009-10-02,7.420000076293945,7.579999923706055,7.420000076293945,7.5,7.5,106900,OSPN
2009-10-05,7.5,7.5,7.019999980926514,7.46999979019165,7.46999979019165,212600,OSPN
2009-10-06,7.5,7.710000038146973,7.5,7.710000038146973,7.710000038146973,98700,OSPN
2009-10-07,7.699999809265137,7.71999979019165,7.53000020980835,7.630000114440918,7.630000114440918,88900,OSPN
2009-10-08,7.659999847412109,7.860000133514404,7.659999847412109,7.760000228881836,7.760000228881836,111400,OSPN
2009-10-09,7.71999979019165,7.880000114440918,7.71999979019165,7.800000190734863,7.800000190734863,90700,OSPN
2009-10-12,7.809999942779541,7.920000076293945,7.769999980926514,7.78000020980835,7.78000020980835,97300,OSPN
2009-10-13,7.789999961853027,7.960000038146973,7.679999828338623,7.789999961853027,7.789999961853027,113100,OSPN
2009-10-14,7.920000076293945,7.980000019073486,7.809999942779541,7.920000076293945,7.920000076293945,122100,OSPN
2009-10-15,7.900000095367432,7.940000057220459,7.78000020980835,7.849999904632568,7.849999904632568,79100,OSPN
2009-10-16,7.800000190734863,7.820000171661377,7.53000020980835,7.670000076293945,7.670000076293945,100400,OSPN
2009-10-19,7.659999847412109,7.699999809265137,7.550000190734863,7.590000152587891,7.590000152587891,103900,OSPN
2009-10-20,7.579999923706055,7.619999885559082,7.210000038146973,7.239999771118164,7.239999771118164,168100,OSPN
2009-10-21,7.239999771118164,7.590000152587891,7.179999828338623,7.309999942779541,7.309999942779541,152600,OSPN
2009-10-22,7.329999923706055,7.570000171661377,7.25,7.539999961853027,7.539999961853027,223400,OSPN
2009-10-23,7.570000171661377,7.679999828338623,7.53000020980835,7.579999923706055,7.579999923706055,142500,OSPN
2009-10-26,7.579999923706055,7.670000076293945,7.099999904632568,7.099999904632568,7.099999904632568,264600,OSPN
2009-10-27,6.949999809265137,7.0,6.03000020980835,6.429999828338623,6.429999828338623,674200,OSPN
2009-10-28,6.360000133514404,6.400000095367432,6.03000020980835,6.130000114440918,6.130000114440918,343100,OSPN
2009-10-29,6.21999979019165,6.349999904632568,6.110000133514404,6.28000020980835,6.28000020980835,207900,OSPN
2009-10-30,6.190000057220459,6.340000152587891,6.050000190734863,6.079999923706055,6.079999923706055,221900,OSPN
2009-11-02,6.099999904632568,6.150000095367432,6.0,6.130000114440918,6.130000114440918,278100,OSPN
2009-11-03,6.059999942779541,6.210000038146973,6.050000190734863,6.179999828338623,6.179999828338623,237300,OSPN
2009-11-04,6.179999828338623,6.199999809265137,6.0,6.019999980926514,6.019999980926514,128800,OSPN
2009-11-05,6.039999961853027,6.179999828338623,6.039999961853027,6.139999866485596,6.139999866485596,83400,OSPN
2009-11-06,5.880000114440918,6.159999847412109,5.829999923706055,6.050000190734863,6.050000190734863,114100,OSPN
2009-11-09,6.150000095367432,6.239999771118164,6.070000171661377,6.230000019073486,6.230000019073486,130700,OSPN
2009-11-10,6.21999979019165,6.300000190734863,6.130000114440918,6.170000076293945,6.170000076293945,104300,OSPN
2009-11-11,6.239999771118164,6.25,6.110000133514404,6.170000076293945,6.170000076293945,112300,OSPN
2009-11-12,6.150000095367432,6.239999771118164,5.940000057220459,5.940000057220459,5.940000057220459,202700,OSPN
2009-11-13,6.010000228881836,6.139999866485596,5.960000038146973,6.130000114440918,6.130000114440918,123200,OSPN
2009-11-16,6.210000038146973,6.46999979019165,6.070000171661377,6.429999828338623,6.429999828338623,219800,OSPN
2009-11-17,6.380000114440918,6.519999980926514,6.309999942779541,6.489999771118164,6.489999771118164,120900,OSPN
2009-11-18,6.5,6.570000171661377,6.429999828338623,6.550000190734863,6.550000190734863,137600,OSPN
2009-11-19,6.550000190734863,6.699999809265137,6.400000095367432,6.559999942779541,6.559999942779541,209400,OSPN
2009-11-20,6.550000190734863,6.639999866485596,6.400000095367432,6.53000020980835,6.53000020980835,227800,OSPN
2009-11-23,6.599999904632568,6.949999809265137,6.53000020980835,6.800000190734863,6.800000190734863,316600,OSPN
2009-11-24,6.800000190734863,6.820000171661377,6.650000095367432,6.760000228881836,6.760000228881836,265600,OSPN
2009-11-25,6.809999942779541,6.949999809265137,6.730000019073486,6.730000019073486,6.730000019073486,150000,OSPN
2009-11-27,6.699999809265137,6.730000019073486,6.610000133514404,6.630000114440918,6.630000114440918,96500,OSPN
2009-11-30,6.809999942779541,6.809999942779541,6.539999961853027,6.579999923706055,6.579999923706055,269300,OSPN
2009-12-01,6.650000095367432,6.869999885559082,6.599999904632568,6.849999904632568,6.849999904632568,139700,OSPN
2009-12-02,6.849999904632568,6.960000038146973,6.78000020980835,6.869999885559082,6.869999885559082,87700,OSPN
2009-12-03,6.869999885559082,6.869999885559082,6.579999923706055,6.599999904632568,6.599999904632568,85000,OSPN
2009-12-04,6.739999771118164,6.820000171661377,6.619999885559082,6.710000038146973,6.710000038146973,132800,OSPN
2009-12-07,6.679999828338623,6.679999828338623,6.550000190734863,6.599999904632568,6.599999904632568,94600,OSPN
2009-12-08,6.539999961853027,6.590000152587891,6.28000020980835,6.300000190734863,6.300000190734863,167400,OSPN
2009-12-09,6.289999961853027,6.300000190734863,6.119999885559082,6.230000019073486,6.230000019073486,148100,OSPN
2009-12-10,6.239999771118164,6.309999942779541,6.099999904632568,6.159999847412109,6.159999847412109,82500,OSPN
2009-12-11,6.21999979019165,6.309999942779541,6.210000038146973,6.21999979019165,6.21999979019165,103000,OSPN
2009-12-14,6.28000020980835,6.309999942779541,6.110000133514404,6.230000019073486,6.230000019073486,127400,OSPN
2009-12-15,6.199999809265137,6.380000114440918,6.150000095367432,6.28000020980835,6.28000020980835,104200,OSPN
2009-12-16,6.309999942779541,6.400000095367432,6.25,6.349999904632568,6.349999904632568,65400,OSPN
2009-12-17,6.28000020980835,6.289999961853027,6.099999904632568,6.139999866485596,6.139999866485596,53800,OSPN
2009-12-18,6.150000095367432,6.179999828338623,6.019999980926514,6.090000152587891,6.090000152587891,203200,OSPN
2009-12-21,6.099999904632568,6.21999979019165,6.019999980926514,6.190000057220459,6.190000057220459,130800,OSPN
2009-12-22,6.159999847412109,6.25,6.130000114440918,6.239999771118164,6.239999771118164,101400,OSPN
2009-12-23,6.239999771118164,6.480000019073486,6.099999904632568,6.46999979019165,6.46999979019165,130900,OSPN
2009-12-24,6.46999979019165,6.590000152587891,6.420000076293945,6.570000171661377,6.570000171661377,59500,OSPN
2009-12-28,6.550000190734863,6.800000190734863,6.510000228881836,6.769999980926514,6.769999980926514,161000,OSPN
2009-12-29,6.800000190734863,6.820000171661377,6.659999847412109,6.710000038146973,6.710000038146973,119000,OSPN
2009-12-30,6.630000114440918,6.650000095367432,6.429999828338623,6.550000190734863,6.550000190734863,108400,OSPN
2009-12-31,6.489999771118164,6.519999980926514,6.239999771118164,6.28000020980835,6.28000020980835,137100,OSPN
2010-01-04,6.360000133514404,6.570000171661377,6.329999923706055,6.570000171661377,6.570000171661377,93100,OSPN
2010-01-05,6.599999904632568,6.599999904632568,6.340000152587891,6.369999885559082,6.369999885559082,151600,OSPN
2010-01-06,6.380000114440918,6.449999809265137,6.300000190734863,6.329999923706055,6.329999923706055,106200,OSPN
2010-01-07,6.25,6.360000133514404,6.199999809265137,6.360000133514404,6.360000133514404,162300,OSPN
2010-01-08,6.480000019073486,6.599999904632568,6.400000095367432,6.5,6.5,105800,OSPN
2010-01-11,6.599999904632568,7.099999904632568,6.599999904632568,7.079999923706055,7.079999923706055,374100,OSPN
2010-01-12,7.050000190734863,7.429999828338623,7.03000020980835,7.230000019073486,7.230000019073486,305000,OSPN
2010-01-13,7.25,7.489999771118164,7.25,7.449999809265137,7.449999809265137,210900,OSPN
2010-01-14,7.449999809265137,7.53000020980835,7.389999866485596,7.519999980926514,7.519999980926514,166000,OSPN
2010-01-15,7.539999961853027,7.559999942779541,7.300000190734863,7.340000152587891,7.340000152587891,146800,OSPN
2010-01-19,7.340000152587891,7.670000076293945,7.340000152587891,7.630000114440918,7.630000114440918,189200,OSPN
2010-01-20,7.53000020980835,7.829999923706055,7.409999847412109,7.820000171661377,7.820000171661377,260500,OSPN
2010-01-21,7.820000171661377,8.239999771118164,7.809999942779541,8.09000015258789,8.09000015258789,316700,OSPN
2010-01-22,8.050000190734863,8.239999771118164,8.0,8.010000228881836,8.010000228881836,232800,OSPN
2010-01-25,8.050000190734863,8.100000381469727,7.900000095367432,8.020000457763672,8.020000457763672,192900,OSPN
2010-01-26,7.96999979019165,8.1899995803833,7.869999885559082,7.980000019073486,7.980000019073486,156800,OSPN
2010-01-27,8.239999771118164,8.25,8.050000190734863,8.210000038146973,8.210000038146973,127600,OSPN
2010-01-28,8.199999809265137,8.199999809265137,7.900000095367432,8.020000457763672,8.020000457763672,123400,OSPN
2010-01-29,8.010000228881836,8.079999923706055,7.900000095367432,7.949999809265137,7.949999809265137,160100,OSPN
2010-02-01,7.949999809265137,7.989999771118164,7.630000114440918,7.96999979019165,7.96999979019165,165900,OSPN
2010-02-02,7.949999809265137,8.029999732971191,7.849999904632568,8.0,8.0,141700,OSPN
2010-02-03,8.0,8.1899995803833,8.0,8.079999923706055,8.079999923706055,103300,OSPN
2010-02-04,8.050000190734863,8.100000381469727,7.960000038146973,8.010000228881836,8.010000228881836,185600,OSPN
2010-02-05,7.989999771118164,8.1899995803833,7.960000038146973,8.1899995803833,8.1899995803833,143500,OSPN
2010-02-08,8.15999984741211,8.430000305175781,8.109999656677246,8.3100004196167,8.3100004196167,285100,OSPN
2010-02-09,8.369999885559082,8.630000114440918,8.329999923706055,8.449999809265137,8.449999809265137,382700,OSPN
2010-02-10,8.4399995803833,8.5,8.15999984741211,8.3100004196167,8.3100004196167,125000,OSPN
2010-02-11,8.3100004196167,8.479999542236328,8.170000076293945,8.460000038146973,8.460000038146973,177700,OSPN
2010-02-12,8.399999618530273,8.460000038146973,8.289999961853027,8.399999618530273,8.399999618530273,334200,OSPN
2010-02-16,8.449999809265137,8.5,8.239999771118164,8.289999961853027,8.289999961853027,224500,OSPN
2010-02-17,8.34000015258789,8.779999732971191,8.1899995803833,8.729999542236328,8.729999542236328,382700,OSPN
2010-02-18,8.0,8.199999809265137,7.829999923706055,8.0,8.0,974400,OSPN
2010-02-19,8.0,8.0600004196167,7.869999885559082,7.960000038146973,7.960000038146973,562200,OSPN
2010-02-22,7.960000038146973,7.96999979019165,7.809999942779541,7.829999923706055,7.829999923706055,263500,OSPN
2010-02-23,7.769999980926514,7.829999923706055,7.5,7.519999980926514,7.519999980926514,364000,OSPN
2010-02-24,7.570000171661377,7.699999809265137,7.510000228881836,7.670000076293945,7.670000076293945,140700,OSPN
2010-02-25,7.610000133514404,7.789999961853027,7.5,7.789999961853027,7.789999961853027,153700,OSPN
2010-02-26,7.869999885559082,7.980000019073486,7.849999904632568,7.920000076293945,7.920000076293945,200400,OSPN
2010-03-01,7.960000038146973,8.109999656677246,7.789999961853027,7.840000152587891,7.840000152587891,199800,OSPN
2010-03-02,7.829999923706055,7.900000095367432,7.75,7.789999961853027,7.789999961853027,185500,OSPN
2010-03-03,7.840000152587891,7.849999904632568,7.679999828338623,7.690000057220459,7.690000057220459,107700,OSPN
2010-03-04,7.75,7.75,7.449999809265137,7.559999942779541,7.559999942779541,195200,OSPN
2010-03-05,7.579999923706055,7.789999961853027,7.559999942779541,7.769999980926514,7.769999980926514,170900,OSPN
2010-03-08,7.760000228881836,7.800000190734863,7.739999771118164,7.789999961853027,7.789999961853027,89600,OSPN
2010-03-09,7.800000190734863,7.949999809265137,7.75,7.920000076293945,7.920000076293945,131400,OSPN
2010-03-10,7.940000057220459,8.420000076293945,7.880000114440918,8.420000076293945,8.420000076293945,439300,OSPN
2010-03-11,8.40999984741211,8.979999542236328,8.25,8.890000343322754,8.890000343322754,403300,OSPN
2010-03-12,8.829999923706055,8.899999618530273,8.5600004196167,8.6899995803833,8.6899995803833,269800,OSPN
2010-03-15,8.710000038146973,8.710000038146973,8.59000015258789,8.609999656677246,8.609999656677246,83200,OSPN
2010-03-16,8.609999656677246,8.649999618530273,8.550000190734863,8.649999618530273,8.649999618530273,117000,OSPN
2010-03-17,8.640000343322754,8.680000305175781,8.579999923706055,8.649999618530273,8.649999618530273,128600,OSPN
2010-03-18,8.619999885559082,8.630000114440918,8.569999694824219,8.619999885559082,8.619999885559082,146500,OSPN
2010-03-19,8.649999618530273,8.649999618530273,8.5,8.649999618530273,8.649999618530273,250300,OSPN
2010-03-22,8.600000381469727,8.6899995803833,8.5600004196167,8.65999984741211,8.65999984741211,128500,OSPN
2010-03-23,8.640000343322754,8.800000190734863,8.630000114440918,8.75,8.75,179600,OSPN
2010-03-24,8.699999809265137,8.789999961853027,8.640000343322754,8.75,8.75,225300,OSPN
2010-03-25,8.850000381469727,8.899999618530273,8.739999771118164,8.850000381469727,8.850000381469727,246500,OSPN
2010-03-26,8.890000343322754,8.949999809265137,8.609999656677246,8.630000114440918,8.630000114440918,191700,OSPN
2010-03-29,8.609999656677246,8.609999656677246,8.079999923706055,8.130000114440918,8.130000114440918,296500,OSPN
2010-03-30,8.119999885559082,8.239999771118164,8.0600004196167,8.210000038146973,8.210000038146973,106500,OSPN
2010-03-31,8.210000038146973,8.289999961853027,8.149999618530273,8.25,8.25,237500,OSPN
2010-04-01,8.3100004196167,8.359999656677246,8.0,8.09000015258789,8.09000015258789,117300,OSPN
2010-04-05,8.09000015258789,8.260000228881836,8.029999732971191,8.1899995803833,8.1899995803833,169100,OSPN
2010-04-06,8.130000114440918,8.130000114440918,8.029999732971191,8.069999694824219,8.069999694824219,70700,OSPN
2010-04-07,8.029999732971191,8.130000114440918,8.0,8.050000190734863,8.050000190734863,100700,OSPN
2010-04-08,8.010000228881836,8.010000228881836,7.869999885559082,7.920000076293945,7.920000076293945,139600,OSPN
2010-04-09,7.900000095367432,7.909999847412109,7.800000190734863,7.869999885559082,7.869999885559082,145300,OSPN
2010-04-12,7.809999942779541,7.840000152587891,7.710000038146973,7.800000190734863,7.800000190734863,193900,OSPN
2010-04-13,7.789999961853027,7.940000057220459,7.769999980926514,7.909999847412109,7.909999847412109,100500,OSPN
2010-04-14,7.949999809265137,8.220000267028809,7.949999809265137,8.220000267028809,8.220000267028809,118700,OSPN
2010-04-15,8.1899995803833,8.289999961853027,8.170000076293945,8.220000267028809,8.220000267028809,80700,OSPN
2010-04-16,8.220000267028809,8.289999961853027,8.069999694824219,8.229999542236328,8.229999542236328,157200,OSPN
2010-04-19,8.170000076293945,8.300000190734863,8.039999961853027,8.15999984741211,8.15999984741211,90400,OSPN
2010-04-20,8.210000038146973,8.210000038146973,7.949999809265137,8.010000228881836,8.010000228881836,115100,OSPN
2010-04-21,8.0,8.010000228881836,7.869999885559082,7.909999847412109,7.909999847412109,103600,OSPN
2010-04-22,7.849999904632568,7.980000019073486,7.78000020980835,7.980000019073486,7.980000019073486,73400,OSPN
2010-04-23,7.960000038146973,8.039999961853027,7.869999885559082,8.029999732971191,8.029999732971191,94700,OSPN
2010-04-26,8.0,8.300000190734863,8.0,8.149999618530273,8.149999618530273,125900,OSPN
2010-04-27,7.360000133514404,7.599999904632568,6.800000190734863,7.03000020980835,7.03000020980835,696100,OSPN
2010-04-28,7.010000228881836,7.210000038146973,6.920000076293945,6.960000038146973,6.960000038146973,203300,OSPN
2010-04-29,6.960000038146973,7.210000038146973,6.71999979019165,6.769999980926514,6.769999980926514,416100,OSPN
2010-04-30,6.789999961853027,6.800000190734863,6.46999979019165,6.480000019073486,6.480000019073486,231600,OSPN
2010-05-03,6.380000114440918,6.639999866485596,6.309999942779541,6.599999904632568,6.599999904632568,400300,OSPN
2010-05-04,6.539999961853027,6.760000228881836,6.480000019073486,6.739999771118164,6.739999771118164,259700,OSPN
2010-05-05,6.690000057220459,6.739999771118164,6.559999942779541,6.579999923706055,6.579999923706055,376000,OSPN
2010-05-06,6.559999942779541,6.659999847412109,6.25,6.460000038146973,6.460000038146973,293600,OSPN
2010-05-07,6.369999885559082,6.579999923706055,6.230000019073486,6.25,6.25,246900,OSPN
2010-05-10,6.510000228881836,6.75,6.5,6.730000019073486,6.730000019073486,171800,OSPN
2010-05-11,6.670000076293945,6.789999961853027,6.599999904632568,6.610000133514404,6.610000133514404,69800,OSPN
2010-05-12,6.639999866485596,7.0,6.639999866485596,6.929999828338623,6.929999828338623,181800,OSPN
2010-05-13,6.909999847412109,6.989999771118164,6.760000228881836,6.849999904632568,6.849999904632568,89800,OSPN
2010-05-14,6.769999980926514,6.929999828338623,6.659999847412109,6.909999847412109,6.909999847412109,135300,OSPN
2010-05-17,6.96999979019165,7.0,6.760000228881836,6.860000133514404,6.860000133514404,142900,OSPN
2010-05-18,6.949999809265137,6.960000038146973,6.760000228881836,6.789999961853027,6.789999961853027,60900,OSPN
2010-05-19,6.739999771118164,6.809999942779541,6.599999904632568,6.639999866485596,6.639999866485596,64500,OSPN
2010-05-20,6.510000228881836,6.590000152587891,6.239999771118164,6.239999771118164,6.239999771118164,172100,OSPN
2010-05-21,6.179999828338623,6.550000190734863,6.130000114440918,6.519999980926514,6.519999980926514,163000,OSPN
2010-05-24,6.5,6.590000152587891,6.360000133514404,6.389999866485596,6.389999866485596,83200,OSPN
2010-05-25,6.21999979019165,6.329999923706055,6.139999866485596,6.25,6.25,118000,OSPN
2010-05-26,6.300000190734863,6.619999885559082,6.300000190734863,6.360000133514404,6.360000133514404,144200,OSPN
2010-05-27,6.480000019073486,6.489999771118164,6.320000171661377,6.460000038146973,6.460000038146973,76600,OSPN
2010-05-28,6.46999979019165,6.489999771118164,6.340000152587891,6.369999885559082,6.369999885559082,54700,OSPN
2010-06-01,6.309999942779541,6.449999809265137,6.150000095367432,6.150000095367432,6.150000095367432,97800,OSPN
2010-06-02,6.159999847412109,6.5,6.130000114440918,6.5,6.5,76400,OSPN
2010-06-03,6.539999961853027,6.679999828338623,6.409999847412109,6.46999979019165,6.46999979019165,117900,OSPN
2010-06-04,6.28000020980835,6.369999885559082,5.96999979019165,6.019999980926514,6.019999980926514,173700,OSPN
2010-06-07,6.050000190734863,6.139999866485596,5.920000076293945,5.940000057220459,5.940000057220459,159700,OSPN
2010-06-08,5.949999809265137,6.059999942779541,5.820000171661377,5.829999923706055,5.829999923706055,119600,OSPN
2010-06-09,5.900000095367432,6.170000076293945,5.829999923706055,5.860000133514404,5.860000133514404,127900,OSPN
2010-06-10,5.940000057220459,6.050000190734863,5.940000057220459,6.039999961853027,6.039999961853027,83100,OSPN
2010-06-11,6.0,6.28000020980835,6.0,6.25,6.25,64800,OSPN
2010-06-14,6.340000152587891,6.46999979019165,6.329999923706055,6.360000133514404,6.360000133514404,76400,OSPN
2010-06-15,6.429999828338623,6.440000057220459,6.28000020980835,6.360000133514404,6.360000133514404,91000,OSPN
2010-06-16,6.28000020980835,6.480000019073486,6.059999942779541,6.380000114440918,6.380000114440918,102100,OSPN
2010-06-17,6.449999809265137,6.449999809265137,6.300000190734863,6.349999904632568,6.349999904632568,39100,OSPN
2010-06-18,6.389999866485596,6.389999866485596,6.25,6.269999980926514,6.269999980926514,123300,OSPN
2010-06-21,6.349999904632568,6.349999904632568,6.150000095367432,6.170000076293945,6.170000076293945,42600,OSPN
2010-06-22,6.210000038146973,6.25,6.050000190734863,6.070000171661377,6.070000171661377,62200,OSPN
2010-06-23,6.039999961853027,6.170000076293945,6.039999961853027,6.099999904632568,6.099999904632568,54900,OSPN
2010-06-24,6.090000152587891,6.320000171661377,6.090000152587891,6.230000019073486,6.230000019073486,73000,OSPN
2010-06-25,6.269999980926514,6.389999866485596,6.170000076293945,6.179999828338623,6.179999828338623,424000,OSPN
2010-06-28,6.21999979019165,6.329999923706055,6.170000076293945,6.260000228881836,6.260000228881836,48900,OSPN
2010-06-29,6.099999904632568,6.239999771118164,6.079999923706055,6.159999847412109,6.159999847412109,145300,OSPN
2010-06-30,6.139999866485596,6.230000019073486,6.139999866485596,6.170000076293945,6.170000076293945,77800,OSPN
2010-07-01,6.150000095367432,6.179999828338623,6.010000228881836,6.130000114440918,6.130000114440918,89300,OSPN
2010-07-02,6.190000057220459,6.190000057220459,5.980000019073486,6.090000152587891,6.090000152587891,128100,OSPN
2010-07-06,6.159999847412109,6.300000190734863,6.079999923706055,6.139999866485596,6.139999866485596,88200,OSPN
2010-07-07,6.179999828338623,6.329999923706055,6.179999828338623,6.320000171661377,6.320000171661377,67100,OSPN
2010-07-08,6.389999866485596,6.389999866485596,6.239999771118164,6.349999904632568,6.349999904632568,51700,OSPN
2010-07-09,6.320000171661377,6.369999885559082,6.25,6.320000171661377,6.320000171661377,45200,OSPN
2010-07-12,6.28000020980835,6.320000171661377,6.130000114440918,6.159999847412109,6.159999847412109,61800,OSPN
2010-07-13,6.260000228881836,6.5,6.230000019073486,6.5,6.5,125800,OSPN
2010-07-14,6.489999771118164,6.489999771118164,6.260000228881836,6.340000152587891,6.340000152587891,56800,OSPN
2010-07-15,6.329999923706055,6.340000152587891,6.170000076293945,6.230000019073486,6.230000019073486,82900,OSPN
2010-07-16,6.170000076293945,6.190000057220459,6.130000114440918,6.150000095367432,6.150000095367432,101200,OSPN
2010-07-19,6.150000095367432,6.190000057220459,6.050000190734863,6.170000076293945,6.170000076293945,33600,OSPN
2010-07-20,6.079999923706055,6.28000020980835,6.059999942779541,6.260000228881836,6.260000228881836,55000,OSPN
2010-07-21,6.309999942779541,6.309999942779541,5.980000019073486,5.980000019073486,5.980000019073486,117600,OSPN
2010-07-22,6.070000171661377,6.440000057220459,6.070000171661377,6.420000076293945,6.420000076293945,122200,OSPN
2010-07-23,6.369999885559082,6.489999771118164,6.230000019073486,6.480000019073486,6.480000019073486,97000,OSPN
2010-07-26,6.480000019073486,6.489999771118164,6.309999942779541,6.400000095367432,6.400000095367432,102500,OSPN
2010-07-27,6.139999866485596,6.78000020980835,5.96999979019165,6.730000019073486,6.730000019073486,222500,OSPN
2010-07-28,6.730000019073486,6.75,6.340000152587891,6.429999828338623,6.429999828338623,97100,OSPN
2010-07-29,6.5,6.5,6.170000076293945,6.260000228881836,6.260000228881836,73000,OSPN
2010-07-30,6.139999866485596,6.46999979019165,6.139999866485596,6.369999885559082,6.369999885559082,94100,OSPN
2010-08-02,6.449999809265137,6.480000019073486,6.340000152587891,6.409999847412109,6.409999847412109,63900,OSPN
2010-08-03,6.380000114440918,6.409999847412109,6.269999980926514,6.28000020980835,6.28000020980835,37000,OSPN
2010-08-04,6.300000190734863,6.380000114440918,6.25,6.369999885559082,6.369999885559082,62400,OSPN
2010-08-05,6.320000171661377,6.320000171661377,6.210000038146973,6.260000228881836,6.260000228881836,78700,OSPN
2010-08-06,6.199999809265137,6.349999904632568,6.130000114440918,6.320000171661377,6.320000171661377,101800,OSPN
2010-08-09,6.300000190734863,6.380000114440918,6.210000038146973,6.360000133514404,6.360000133514404,47300,OSPN
2010-08-10,6.28000020980835,6.28000020980835,6.099999904632568,6.110000133514404,6.110000133514404,71200,OSPN
2010-08-11,6.050000190734863,6.110000133514404,6.0,6.010000228881836,6.010000228881836,126100,OSPN
2010-08-12,6.0,6.019999980926514,5.900000095367432,5.920000076293945,5.920000076293945,74400,OSPN
2010-08-13,5.900000095367432,5.989999771118164,5.760000228881836,5.789999961853027,5.789999961853027,90200,OSPN
2010-08-16,5.789999961853027,5.920000076293945,5.769999980926514,5.869999885559082,5.869999885559082,64300,OSPN
2010-08-17,5.949999809265137,6.170000076293945,5.949999809265137,6.159999847412109,6.159999847412109,100500,OSPN
2010-08-18,6.130000114440918,6.170000076293945,6.079999923706055,6.119999885559082,6.119999885559082,75700,OSPN
2010-08-19,6.190000057220459,6.289999961853027,6.139999866485596,6.260000228881836,6.260000228881836,191600,OSPN
2010-08-20,6.199999809265137,6.230000019073486,6.070000171661377,6.070000171661377,6.070000171661377,119300,OSPN
2010-08-23,6.110000133514404,6.170000076293945,6.0,6.03000020980835,6.03000020980835,87600,OSPN
2010-08-24,5.949999809265137,6.070000171661377,5.940000057220459,6.03000020980835,6.03000020980835,105600,OSPN
2010-08-25,6.010000228881836,6.070000171661377,5.900000095367432,6.059999942779541,6.059999942779541,120000,OSPN
2010-08-26,6.099999904632568,6.119999885559082,6.050000190734863,6.099999904632568,6.099999904632568,91200,OSPN
2010-08-27,6.150000095367432,6.329999923706055,6.019999980926514,6.289999961853027,6.289999961853027,238600,OSPN
2010-08-30,6.25,6.320000171661377,6.010000228881836,6.010000228881836,6.010000228881836,66900,OSPN
2010-08-31,6.010000228881836,6.130000114440918,5.960000038146973,5.980000019073486,5.980000019073486,63100,OSPN
2010-09-01,6.079999923706055,6.159999847412109,6.079999923706055,6.159999847412109,6.159999847412109,74200,OSPN
2010-09-02,6.130000114440918,6.199999809265137,6.099999904632568,6.110000133514404,6.110000133514404,66400,OSPN
2010-09-03,6.199999809265137,6.199999809265137,6.099999904632568,6.170000076293945,6.170000076293945,94700,OSPN
2010-09-07,6.150000095367432,6.190000057220459,6.099999904632568,6.139999866485596,6.139999866485596,60800,OSPN
2010-09-08,6.139999866485596,6.320000171661377,6.139999866485596,6.190000057220459,6.190000057220459,44400,OSPN
2010-09-09,6.260000228881836,6.260000228881836,6.139999866485596,6.159999847412109,6.159999847412109,42500,OSPN
2010-09-10,6.199999809265137,6.239999771118164,5.960000038146973,5.96999979019165,5.96999979019165,101700,OSPN
2010-09-13,6.130000114440918,6.480000019073486,6.099999904632568,6.409999847412109,6.409999847412109,224000,OSPN
2010-09-14,6.400000095367432,6.829999923706055,6.329999923706055,6.599999904632568,6.599999904632568,215700,OSPN
2010-09-15,6.579999923706055,6.679999828338623,6.519999980926514,6.619999885559082,6.619999885559082,97600,OSPN
2010-09-16,6.630000114440918,6.630000114440918,6.360000133514404,6.369999885559082,6.369999885559082,83500,OSPN
2010-09-17,6.460000038146973,6.550000190734863,6.260000228881836,6.53000020980835,6.53000020980835,161900,OSPN
2010-09-20,6.519999980926514,6.610000133514404,6.480000019073486,6.579999923706055,6.579999923706055,101000,OSPN
2010-09-21,6.539999961853027,6.590000152587891,6.420000076293945,6.440000057220459,6.440000057220459,65100,OSPN
2010-09-22,6.420000076293945,6.460000038146973,6.179999828338623,6.210000038146973,6.210000038146973,69000,OSPN
2010-09-23,6.159999847412109,6.260000228881836,6.079999923706055,6.119999885559082,6.119999885559082,90200,OSPN
2010-09-24,6.210000038146973,6.449999809265137,6.070000171661377,6.449999809265137,6.449999809265137,114400,OSPN
2010-09-27,6.429999828338623,6.440000057220459,6.289999961853027,6.329999923706055,6.329999923706055,44400,OSPN
2010-09-28,6.329999923706055,6.489999771118164,6.230000019073486,6.460000038146973,6.460000038146973,75500,OSPN
2010-09-29,6.420000076293945,6.5,6.420000076293945,6.460000038146973,6.460000038146973,64000,OSPN
2010-09-30,6.480000019073486,6.519999980926514,6.400000095367432,6.5,6.5,115500,OSPN
2010-10-01,6.5,6.519999980926514,6.440000057220459,6.480000019073486,6.480000019073486,53400,OSPN
2010-10-04,6.429999828338623,6.480000019073486,6.21999979019165,6.239999771118164,6.239999771118164,57700,OSPN
2010-10-05,6.320000171661377,6.480000019073486,6.25,6.460000038146973,6.460000038146973,80200,OSPN
2010-10-06,6.429999828338623,6.460000038146973,6.239999771118164,6.269999980926514,6.269999980926514,78000,OSPN
2010-10-07,6.289999961853027,6.309999942779541,6.119999885559082,6.199999809265137,6.199999809265137,83100,OSPN
2010-10-08,6.179999828338623,6.460000038146973,6.170000076293945,6.429999828338623,6.429999828338623,85800,OSPN
2010-10-11,6.440000057220459,6.440000057220459,6.25,6.269999980926514,6.269999980926514,43300,OSPN
2010-10-12,6.260000228881836,6.409999847412109,6.159999847412109,6.380000114440918,6.380000114440918,76400,OSPN
2010-10-13,6.420000076293945,6.75,6.340000152587891,6.75,6.75,159600,OSPN
2010-10-14,6.71999979019165,6.940000057220459,6.670000076293945,6.920000076293945,6.920000076293945,176200,OSPN
2010-10-15,7.0,7.239999771118164,6.900000095367432,7.099999904632568,7.099999904632568,129800,OSPN
2010-10-18,7.079999923706055,7.199999809265137,7.059999942779541,7.079999923706055,7.079999923706055,85000,OSPN
2010-10-19,7.0,7.010000228881836,6.630000114440918,6.730000019073486,6.730000019073486,125500,OSPN
2010-10-20,6.75,6.989999771118164,6.690000057220459,6.900000095367432,6.900000095367432,122900,OSPN
2010-10-21,6.96999979019165,7.019999980926514,6.46999979019165,6.800000190734863,6.800000190734863,221000,OSPN
2010-10-22,6.820000171661377,7.0,6.75,6.909999847412109,6.909999847412109,102900,OSPN
2010-10-25,6.96999979019165,7.0,6.849999904632568,6.929999828338623,6.929999828338623,77600,OSPN
2010-10-26,7.110000133514404,8.289999961853027,7.110000133514404,7.710000038146973,7.710000038146973,687500,OSPN
2010-10-27,7.710000038146973,8.079999923706055,7.599999904632568,7.800000190734863,7.800000190734863,362300,OSPN
2010-10-28,7.880000114440918,8.149999618530273,7.820000171661377,8.0,8.0,428500,OSPN
2010-10-29,7.960000038146973,8.069999694824219,7.960000038146973,7.989999771118164,7.989999771118164,163900,OSPN
2010-11-01,7.989999771118164,7.989999771118164,7.690000057220459,7.800000190734863,7.800000190734863,240400,OSPN
2010-11-02,7.75,7.909999847412109,7.699999809265137,7.800000190734863,7.800000190734863,403300,OSPN
2010-11-03,7.789999961853027,7.900000095367432,7.650000095367432,7.829999923706055,7.829999923706055,357200,OSPN
2010-11-04,7.929999828338623,7.989999771118164,7.829999923706055,7.940000057220459,7.940000057220459,347200,OSPN
2010-11-05,7.909999847412109,8.199999809265137,7.840000152587891,8.170000076293945,8.170000076293945,282300,OSPN
2010-11-08,8.220000267028809,8.989999771118164,8.220000267028809,8.859999656677246,8.859999656677246,591600,OSPN
2010-11-09,8.9399995803833,9.0,8.579999923706055,8.640000343322754,8.640000343322754,297700,OSPN
2010-11-10,8.640000343322754,8.949999809265137,8.640000343322754,8.920000076293945,8.920000076293945,198800,OSPN
2010-11-11,8.8100004196167,8.890000343322754,8.5,8.529999732971191,8.529999732971191,154300,OSPN
2010-11-12,8.5,8.630000114440918,8.390000343322754,8.579999923706055,8.579999923706055,103500,OSPN
2010-11-15,8.550000190734863,8.649999618530273,8.489999771118164,8.520000457763672,8.520000457763672,91500,OSPN
2010-11-16,8.4399995803833,8.4399995803833,8.149999618530273,8.34000015258789,8.34000015258789,113600,OSPN
2010-11-17,8.329999923706055,8.380000114440918,8.119999885559082,8.359999656677246,8.359999656677246,107600,OSPN
2010-11-18,8.4399995803833,8.789999961853027,8.390000343322754,8.699999809265137,8.699999809265137,213500,OSPN
2010-11-19,8.699999809265137,8.819999694824219,8.649999618530273,8.8100004196167,8.8100004196167,82000,OSPN
2010-11-22,8.770000457763672,8.819999694824219,8.470000267028809,8.699999809265137,8.699999809265137,92800,OSPN
2010-11-23,8.579999923706055,8.710000038146973,8.34000015258789,8.640000343322754,8.640000343322754,112200,OSPN
2010-11-24,8.6899995803833,8.869999885559082,8.630000114440918,8.800000190734863,8.800000190734863,73500,OSPN
2010-11-26,8.649999618530273,8.770000457763672,8.569999694824219,8.739999771118164,8.739999771118164,40300,OSPN
2010-11-29,8.65999984741211,8.800000190734863,8.529999732971191,8.770000457763672,8.770000457763672,148700,OSPN
2010-11-30,8.65999984741211,8.699999809265137,8.470000267028809,8.640000343322754,8.640000343322754,145800,OSPN
2010-12-01,8.760000228881836,8.850000381469727,8.4399995803833,8.479999542236328,8.479999542236328,153800,OSPN
2010-12-02,8.510000228881836,8.520000457763672,8.390000343322754,8.4399995803833,8.4399995803833,69200,OSPN
2010-12-03,8.40999984741211,8.75,8.40999984741211,8.680000305175781,8.680000305175781,82900,OSPN
2010-12-06,8.59000015258789,8.680000305175781,8.430000305175781,8.510000228881836,8.510000228881836,87900,OSPN
2010-12-07,8.59000015258789,8.75,8.579999923706055,8.630000114440918,8.630000114440918,97700,OSPN
2010-12-08,8.649999618530273,8.649999618530273,8.510000228881836,8.59000015258789,8.59000015258789,69300,OSPN
2010-12-09,8.630000114440918,8.720000267028809,8.5600004196167,8.579999923706055,8.579999923706055,90000,OSPN
2010-12-10,8.569999694824219,8.600000381469727,8.399999618530273,8.470000267028809,8.470000267028809,102000,OSPN
2010-12-13,8.460000038146973,8.59000015258789,8.319999694824219,8.4399995803833,8.4399995803833,95900,OSPN
2010-12-14,8.5,8.600000381469727,8.449999809265137,8.5,8.5,80600,OSPN
2010-12-15,8.5,8.729999542236328,8.449999809265137,8.609999656677246,8.609999656677246,98700,OSPN
2010-12-16,8.640000343322754,9.0,8.579999923706055,9.0,9.0,136200,OSPN
2010-12-17,9.0,9.0,8.649999618530273,8.729999542236328,8.729999542236328,292000,OSPN
2010-12-20,8.760000228881836,8.8100004196167,8.470000267028809,8.59000015258789,8.59000015258789,122900,OSPN
2010-12-21,8.649999618530273,8.649999618530273,8.300000190734863,8.59000015258789,8.59000015258789,72100,OSPN
2010-12-22,8.59000015258789,8.710000038146973,8.470000267028809,8.640000343322754,8.640000343322754,50100,OSPN
2010-12-23,8.609999656677246,8.65999984741211,8.529999732971191,8.529999732971191,8.529999732971191,34300,OSPN
2010-12-27,8.479999542236328,8.609999656677246,8.449999809265137,8.529999732971191,8.529999732971191,39200,OSPN
2010-12-28,8.510000228881836,8.579999923706055,8.390000343322754,8.4399995803833,8.4399995803833,47400,OSPN
2010-12-29,8.430000305175781,8.4399995803833,8.170000076293945,8.220000267028809,8.220000267028809,94600,OSPN
2010-12-30,8.180000305175781,8.399999618530273,8.010000228881836,8.279999732971191,8.279999732971191,152700,OSPN
2010-12-31,8.229999542236328,8.239999771118164,8.0600004196167,8.130000114440918,8.130000114440918,103000,OSPN
2011-01-03,8.180000305175781,8.640000343322754,8.180000305175781,8.510000228881836,8.510000228881836,98800,OSPN
2011-01-04,8.510000228881836,8.510000228881836,8.130000114440918,8.25,8.25,120400,OSPN
2011-01-05,8.25,8.390000343322754,8.25,8.359999656677246,8.359999656677246,47000,OSPN
2011-01-06,8.350000381469727,8.520000457763672,8.289999961853027,8.380000114440918,8.380000114440918,52800,OSPN
2011-01-07,8.40999984741211,8.40999984741211,8.180000305175781,8.369999885559082,8.369999885559082,61300,OSPN
2011-01-10,8.3100004196167,8.3100004196167,8.109999656677246,8.300000190734863,8.300000190734863,63100,OSPN
2011-01-11,8.3100004196167,8.329999923706055,8.100000381469727,8.170000076293945,8.170000076293945,64400,OSPN
2011-01-12,8.199999809265137,8.5,8.109999656677246,8.470000267028809,8.470000267028809,91100,OSPN
2011-01-13,8.4399995803833,8.4399995803833,8.260000228881836,8.350000381469727,8.350000381469727,42100,OSPN
2011-01-14,8.369999885559082,8.5,8.3100004196167,8.489999771118164,8.489999771118164,53700,OSPN
2011-01-18,8.460000038146973,8.479999542236328,8.25,8.319999694824219,8.319999694824219,51300,OSPN
2011-01-19,8.3100004196167,8.329999923706055,7.829999923706055,7.840000152587891,7.840000152587891,91100,OSPN
2011-01-20,7.820000171661377,7.829999923706055,7.599999904632568,7.650000095367432,7.650000095367432,105300,OSPN
2011-01-21,7.679999828338623,7.679999828338623,7.400000095367432,7.409999847412109,7.409999847412109,101200,OSPN
2011-01-24,7.400000095367432,7.539999961853027,7.320000171661377,7.519999980926514,7.519999980926514,60800,OSPN
2011-01-25,7.519999980926514,7.539999961853027,7.329999923706055,7.380000114440918,7.380000114440918,63800,OSPN
2011-01-26,7.380000114440918,7.630000114440918,7.380000114440918,7.53000020980835,7.53000020980835,59500,OSPN
2011-01-27,7.53000020980835,7.53000020980835,7.380000114440918,7.420000076293945,7.420000076293945,40800,OSPN
2011-01-28,7.429999828338623,7.429999828338623,7.099999904632568,7.329999923706055,7.329999923706055,169800,OSPN
2011-01-31,7.329999923706055,7.570000171661377,7.230000019073486,7.570000171661377,7.570000171661377,121700,OSPN
2011-02-01,7.579999923706055,8.029999732971191,7.5,7.949999809265137,7.949999809265137,136400,OSPN
2011-02-02,7.909999847412109,8.130000114440918,7.800000190734863,7.809999942779541,7.809999942779541,68300,OSPN
2011-02-03,7.800000190734863,8.050000190734863,7.75,7.889999866485596,7.889999866485596,80600,OSPN
2011-02-04,7.869999885559082,7.869999885559082,7.710000038146973,7.809999942779541,7.809999942779541,55700,OSPN
2011-02-07,7.800000190734863,7.949999809265137,7.679999828338623,7.840000152587891,7.840000152587891,52000,OSPN
2011-02-08,7.800000190734863,7.860000133514404,7.670000076293945,7.860000133514404,7.860000133514404,42000,OSPN
2011-02-09,7.860000133514404,8.069999694824219,7.849999904632568,7.980000019073486,7.980000019073486,125500,OSPN
2011-02-10,7.960000038146973,8.100000381469727,7.960000038146973,8.09000015258789,8.09000015258789,57300,OSPN
2011-02-11,8.010000228881836,8.130000114440918,7.989999771118164,8.130000114440918,8.130000114440918,71000,OSPN
2011-02-14,8.149999618530273,8.25,8.100000381469727,8.149999618530273,8.149999618530273,61400,OSPN
2011-02-15,8.199999809265137,8.40999984741211,8.109999656677246,8.279999732971191,8.279999732971191,78600,OSPN
2011-02-16,8.260000228881836,8.390000343322754,8.260000228881836,8.359999656677246,8.359999656677246,94500,OSPN
2011-02-17,8.880000114440918,9.850000381469727,8.8100004196167,9.479999542236328,9.479999542236328,1120000,OSPN
2011-02-18,9.630000114440918,9.680000305175781,9.350000381469727,9.600000381469727,9.600000381469727,321800,OSPN
2011-02-22,9.569999694824219,9.579999923706055,9.109999656677246,9.1899995803833,9.1899995803833,356000,OSPN
2011-02-23,9.180000305175781,9.25,8.5,8.600000381469727,8.600000381469727,334500,OSPN
2011-02-24,8.640000343322754,9.050000190734863,8.4399995803833,9.0,9.0,284300,OSPN
2011-02-25,9.0,9.020000457763672,8.829999923706055,8.970000267028809,8.970000267028809,120900,OSPN
2011-02-28,9.079999923706055,9.109999656677246,8.899999618530273,8.970000267028809,8.970000267028809,135900,OSPN
2011-03-01,8.989999771118164,9.020000457763672,8.59000015258789,8.630000114440918,8.630000114440918,107900,OSPN
2011-03-02,8.600000381469727,8.970000267028809,8.539999961853027,8.890000343322754,8.890000343322754,144400,OSPN
2011-03-03,9.010000228881836,9.399999618530273,8.9399995803833,8.960000038146973,8.960000038146973,245200,OSPN
2011-03-04,8.979999542236328,9.220000267028809,8.829999923706055,9.130000114440918,9.130000114440918,108800,OSPN
2011-03-07,9.170000076293945,9.1899995803833,8.850000381469727,8.859999656677246,8.859999656677246,108200,OSPN
2011-03-08,8.859999656677246,9.220000267028809,8.829999923706055,9.069999694824219,9.069999694824219,93800,OSPN
2011-03-09,9.0600004196167,9.210000038146973,8.880000114440918,9.1899995803833,9.1899995803833,100000,OSPN
2011-03-10,9.029999732971191,9.1899995803833,8.8100004196167,8.930000305175781,8.930000305175781,171400,OSPN
2011-03-11,8.8100004196167,9.989999771118164,8.729999542236328,9.670000076293945,9.670000076293945,548300,OSPN
2011-03-14,9.510000228881836,9.760000228881836,9.399999618530273,9.720000267028809,9.720000267028809,171700,OSPN
2011-03-15,9.3100004196167,10.550000190734863,9.270000457763672,10.350000381469727,10.350000381469727,672000,OSPN
2011-03-16,10.34000015258789,10.899999618530273,10.149999618530273,10.680000305175781,10.680000305175781,679700,OSPN
2011-03-17,10.729999542236328,10.729999542236328,10.350000381469727,10.359999656677246,10.359999656677246,271900,OSPN
2011-03-18,10.479999542236328,11.5,10.399999618530273,11.489999771118164,11.489999771118164,469500,OSPN
2011-03-21,11.619999885559082,11.920000076293945,10.779999732971191,11.119999885559082,11.119999885559082,549300,OSPN
2011-03-22,11.170000076293945,11.420000076293945,11.020000457763672,11.270000457763672,11.270000457763672,156900,OSPN
2011-03-23,11.289999961853027,11.710000038146973,11.050000190734863,11.399999618530273,11.399999618530273,360100,OSPN
2011-03-24,11.4399995803833,11.550000190734863,11.25,11.460000038146973,11.460000038146973,128100,OSPN
2011-03-25,11.489999771118164,11.949999809265137,11.390000343322754,11.59000015258789,11.59000015258789,242300,OSPN
2011-03-28,11.579999923706055,11.829999923706055,11.4399995803833,11.819999694824219,11.819999694824219,154600,OSPN
2011-03-29,11.789999961853027,14.34000015258789,11.630000114440918,14.010000228881836,14.010000228881836,1537200,OSPN
2011-03-30,13.920000076293945,14.390000343322754,13.529999732971191,13.59000015258789,13.59000015258789,776800,OSPN
2011-03-31,13.529999732971191,13.899999618530273,13.0,13.729999542236328,13.729999542236328,353000,OSPN
2011-04-01,13.720000267028809,13.90999984741211,13.470000267028809,13.90999984741211,13.90999984741211,229200,OSPN
2011-04-04,13.8100004196167,14.720000267028809,13.460000038146973,14.119999885559082,14.119999885559082,453600,OSPN
2011-04-05,14.100000381469727,14.449999809265137,14.0,14.100000381469727,14.100000381469727,187800,OSPN
2011-04-06,14.029999732971191,14.25,13.609999656677246,13.960000038146973,13.960000038146973,221700,OSPN
2011-04-07,13.920000076293945,14.149999618530273,13.899999618530273,14.010000228881836,14.010000228881836,190400,OSPN
2011-04-08,14.079999923706055,14.149999618530273,13.630000114440918,13.75,13.75,163500,OSPN
2011-04-11,13.670000076293945,13.770000457763672,13.5,13.600000381469727,13.600000381469727,129200,OSPN
2011-04-12,13.420000076293945,13.420000076293945,12.789999961853027,12.829999923706055,12.829999923706055,386300,OSPN
2011-04-13,12.890000343322754,13.229999542236328,12.779999732971191,13.180000305175781,13.180000305175781,211200,OSPN
2011-04-14,12.970000267028809,13.010000228881836,12.40999984741211,12.699999809265137,12.699999809265137,253200,OSPN
2011-04-15,12.630000114440918,12.970000267028809,12.5,12.720000267028809,12.720000267028809,173100,OSPN
2011-04-18,12.520000457763672,12.520000457763672,11.859999656677246,12.199999809265137,12.199999809265137,239600,OSPN
2011-04-19,12.109999656677246,12.279999732971191,11.899999618530273,12.170000076293945,12.170000076293945,174300,OSPN
2011-04-20,12.390000343322754,13.09000015258789,12.25,12.90999984741211,12.90999984741211,311200,OSPN
2011-04-21,13.039999961853027,13.319999694824219,12.630000114440918,13.25,13.25,179000,OSPN
2011-04-25,13.289999961853027,13.5,13.039999961853027,13.390000343322754,13.390000343322754,331200,OSPN
2011-04-26,13.170000076293945,13.170000076293945,11.140000343322754,12.430000305175781,12.430000305175781,1100000,OSPN
2011-04-27,12.550000190734863,13.010000228881836,11.979999542236328,12.90999984741211,12.90999984741211,441000,OSPN
2011-04-28,12.920000076293945,12.920000076293945,12.399999618530273,12.630000114440918,12.630000114440918,556500,OSPN
2011-04-29,12.640000343322754,12.75,12.3100004196167,12.34000015258789,12.34000015258789,197000,OSPN
2011-05-02,12.34000015258789,12.34000015258789,11.600000381469727,11.760000228881836,11.760000228881836,269000,OSPN
2011-05-03,11.65999984741211,12.300000190734863,11.220000267028809,11.430000305175781,11.430000305175781,237000,OSPN
2011-05-04,11.399999618530273,11.569999694824219,11.050000190734863,11.079999923706055,11.079999923706055,204300,OSPN
2011-05-05,11.069999694824219,11.40999984741211,10.640000343322754,11.0,11.0,244800,OSPN
2011-05-06,11.1899995803833,11.350000381469727,10.960000038146973,11.039999961853027,11.039999961853027,86000,OSPN
2011-05-09,11.0,11.029999732971191,10.75,10.949999809265137,10.949999809265137,70000,OSPN
2011-05-10,11.050000190734863,11.460000038146973,11.050000190734863,11.399999618530273,11.399999618530273,117500,OSPN
2011-05-11,11.239999771118164,11.359999656677246,10.890000343322754,11.15999984741211,11.15999984741211,145800,OSPN
2011-05-12,11.069999694824219,11.640000343322754,10.989999771118164,11.579999923706055,11.579999923706055,125800,OSPN
2011-05-13,11.5600004196167,11.619999885559082,10.84000015258789,10.979999542236328,10.979999542236328,287000,OSPN
2011-05-16,10.859999656677246,10.960000038146973,10.4399995803833,10.4399995803833,10.4399995803833,112600,OSPN
2011-05-17,10.34000015258789,10.539999961853027,10.149999618530273,10.25,10.25,164200,OSPN
2011-05-18,10.289999961853027,10.640000343322754,10.229999542236328,10.470000267028809,10.470000267028809,139600,OSPN
2011-05-19,10.539999961853027,10.720000267028809,10.180000305175781,10.420000076293945,10.420000076293945,105500,OSPN
2011-05-20,10.350000381469727,10.600000381469727,10.350000381469727,10.380000114440918,10.380000114440918,140600,OSPN
2011-05-23,10.15999984741211,10.270000457763672,9.920000076293945,10.1899995803833,10.1899995803833,224300,OSPN
2011-05-24,10.199999809265137,10.239999771118164,10.020000457763672,10.119999885559082,10.119999885559082,166700,OSPN
2011-05-25,10.100000381469727,10.470000267028809,10.0,10.449999809265137,10.449999809265137,150700,OSPN
2011-05-26,10.430000305175781,10.630000114440918,10.369999885559082,10.5,10.5,180000,OSPN
2011-05-27,10.510000228881836,10.850000381469727,10.510000228881836,10.720000267028809,10.720000267028809,182400,OSPN
2011-05-31,10.930000305175781,12.0,10.930000305175781,11.9399995803833,11.9399995803833,820500,OSPN
2011-06-01,11.979999542236328,12.0,11.40999984741211,11.720000267028809,11.720000267028809,1223900,OSPN
2011-06-02,11.6899995803833,11.899999618530273,11.319999694824219,11.640000343322754,11.640000343322754,242200,OSPN
2011-06-03,11.399999618530273,12.399999618530273,11.3100004196167,11.5,11.5,423100,OSPN
2011-06-06,11.489999771118164,11.489999771118164,11.0600004196167,11.140000343322754,11.140000343322754,143600,OSPN
2011-06-07,11.199999809265137,11.350000381469727,11.0,11.010000228881836,11.010000228881836,111000,OSPN
2011-06-08,11.0,11.140000343322754,10.65999984741211,10.979999542236328,10.979999542236328,288100,OSPN
2011-06-09,10.979999542236328,11.239999771118164,10.859999656677246,10.979999542236328,10.979999542236328,337500,OSPN
2011-06-10,10.920000076293945,11.020000457763672,10.449999809265137,10.550000190734863,10.550000190734863,263200,OSPN
2011-06-13,10.569999694824219,10.6899995803833,10.390000343322754,10.640000343322754,10.640000343322754,172000,OSPN
2011-06-14,10.699999809265137,11.170000076293945,10.699999809265137,11.069999694824219,11.069999694824219,138000,OSPN
2011-06-15,11.010000228881836,11.069999694824219,10.8100004196167,10.880000114440918,10.880000114440918,207400,OSPN
2011-06-16,10.890000343322754,11.430000305175781,10.779999732971191,11.40999984741211,11.40999984741211,221500,OSPN
2011-06-17,11.479999542236328,11.720000267028809,11.279999732971191,11.600000381469727,11.600000381469727,264900,OSPN
2011-06-20,11.600000381469727,11.899999618530273,11.399999618530273,11.880000114440918,11.880000114440918,197300,OSPN
2011-06-21,11.920000076293945,12.15999984741211,11.779999732971191,11.989999771118164,11.989999771118164,250000,OSPN
2011-06-22,11.880000114440918,12.100000381469727,11.649999618530273,11.65999984741211,11.65999984741211,269600,OSPN
2011-06-23,11.510000228881836,12.039999961853027,11.350000381469727,12.020000457763672,12.020000457763672,120200,OSPN
2011-06-24,12.039999961853027,12.039999961853027,11.529999732971191,11.640000343322754,11.640000343322754,358500,OSPN
2011-06-27,11.600000381469727,11.920000076293945,11.449999809265137,11.850000381469727,11.850000381469727,93600,OSPN
2011-06-28,11.930000305175781,12.569999694824219,11.890000343322754,12.550000190734863,12.550000190734863,178300,OSPN
2011-06-29,12.59000015258789,12.630000114440918,12.210000038146973,12.289999961853027,12.289999961853027,161300,OSPN
2011-06-30,12.319999694824219,12.510000228881836,12.109999656677246,12.449999809265137,12.449999809265137,86000,OSPN
2011-07-01,12.479999542236328,12.710000038146973,12.260000228881836,12.4399995803833,12.4399995803833,97800,OSPN
2011-07-05,12.430000305175781,12.829999923706055,12.399999618530273,12.800000190734863,12.800000190734863,135300,OSPN
2011-07-06,12.800000190734863,12.949999809265137,12.579999923706055,12.760000228881836,12.760000228881836,79800,OSPN
2011-07-07,12.859999656677246,13.210000038146973,12.699999809265137,12.770000457763672,12.770000457763672,113500,OSPN
2011-07-08,12.520000457763672,12.90999984741211,12.4399995803833,12.880000114440918,12.880000114440918,84100,OSPN
2011-07-11,13.25,14.069999694824219,12.979999542236328,13.819999694824219,13.819999694824219,545700,OSPN
2011-07-12,13.550000190734863,13.890000343322754,13.0,13.039999961853027,13.039999961853027,262100,OSPN
2011-07-13,13.170000076293945,13.449999809265137,13.039999961853027,13.220000267028809,13.220000267028809,261600,OSPN
2011-07-14,13.229999542236328,13.279999732971191,12.609999656677246,12.800000190734863,12.800000190734863,137300,OSPN
2011-07-15,12.930000305175781,13.050000190734863,12.770000457763672,13.039999961853027,13.039999961853027,123900,OSPN
2011-07-18,12.960000038146973,13.0,12.630000114440918,12.9399995803833,12.9399995803833,75600,OSPN
2011-07-19,13.039999961853027,13.489999771118164,13.039999961853027,13.4399995803833,13.4399995803833,119800,OSPN
2011-07-20,13.460000038146973,13.460000038146973,12.920000076293945,13.210000038146973,13.210000038146973,67900,OSPN
2011-07-21,13.239999771118164,13.300000190734863,12.770000457763672,12.789999961853027,12.789999961853027,97800,OSPN
2011-07-22,12.800000190734863,13.180000305175781,12.75,12.9399995803833,12.9399995803833,111800,OSPN
2011-07-25,12.710000038146973,13.079999923706055,12.5,12.670000076293945,12.670000076293945,437300,OSPN
2011-07-26,11.699999809265137,12.0600004196167,10.470000267028809,10.65999984741211,10.65999984741211,1047400,OSPN
2011-07-27,10.609999656677246,10.609999656677246,9.899999618530273,9.899999618530273,9.899999618530273,599200,OSPN
2011-07-28,9.890000343322754,10.100000381469727,9.630000114440918,9.8100004196167,9.8100004196167,393300,OSPN
2011-07-29,9.649999618530273,9.859999656677246,9.449999809265137,9.680000305175781,9.680000305175781,324100,OSPN
2011-08-01,9.899999618530273,10.0600004196167,9.699999809265137,9.989999771118164,9.989999771118164,248800,OSPN
2011-08-02,9.930000305175781,10.050000190734863,9.199999809265137,9.210000038146973,9.210000038146973,208500,OSPN
2011-08-03,9.220000267028809,9.40999984741211,8.890000343322754,9.149999618530273,9.149999618530273,291900,OSPN
2011-08-04,8.949999809265137,9.140000343322754,8.5600004196167,8.569999694824219,8.569999694824219,253000,OSPN
2011-08-05,8.6899995803833,8.920000076293945,8.149999618530273,8.5,8.5,236500,OSPN
2011-08-08,8.170000076293945,8.270000457763672,7.440000057220459,7.440000057220459,7.440000057220459,500500,OSPN
2011-08-09,7.699999809265137,7.960000038146973,6.909999847412109,7.739999771118164,7.739999771118164,422200,OSPN
2011-08-10,7.840000152587891,8.0,7.400000095367432,7.420000076293945,7.420000076293945,272100,OSPN
2011-08-11,7.489999771118164,7.949999809265137,7.440000057220459,7.800000190734863,7.800000190734863,249300,OSPN
2011-08-12,8.020000457763672,8.069999694824219,7.809999942779541,7.900000095367432,7.900000095367432,104600,OSPN
2011-08-15,7.96999979019165,8.0600004196167,7.820000171661377,8.010000228881836,8.010000228881836,116300,OSPN
2011-08-16,7.900000095367432,7.980000019073486,7.659999847412109,7.75,7.75,98200,OSPN
2011-08-17,7.800000190734863,8.130000114440918,7.800000190734863,8.010000228881836,8.010000228881836,169400,OSPN
2011-08-18,7.789999961853027,7.800000190734863,7.190000057220459,7.289999961853027,7.289999961853027,189900,OSPN
2011-08-19,7.190000057220459,7.570000171661377,7.119999885559082,7.260000228881836,7.260000228881836,162400,OSPN
2011-08-22,7.480000019073486,7.579999923706055,7.25,7.46999979019165,7.46999979019165,203900,OSPN
2011-08-23,7.5,8.039999961853027,7.449999809265137,7.989999771118164,7.989999771118164,223800,OSPN
2011-08-24,7.989999771118164,8.140000343322754,7.659999847412109,7.96999979019165,7.96999979019165,187100,OSPN
2011-08-25,8.029999732971191,8.079999923706055,7.730000019073486,7.820000171661377,7.820000171661377,155500,OSPN
2011-08-26,7.760000228881836,7.989999771118164,7.690000057220459,7.920000076293945,7.920000076293945,120900,OSPN
2011-08-29,7.869999885559082,7.980000019073486,7.349999904632568,7.440000057220459,7.440000057220459,615500,OSPN
2011-08-30,7.269999980926514,7.269999980926514,6.869999885559082,7.010000228881836,7.010000228881836,1176000,OSPN
2011-08-31,7.050000190734863,7.239999771118164,7.039999961853027,7.110000133514404,7.110000133514404,441600,OSPN
2011-09-01,7.099999904632568,7.21999979019165,6.949999809265137,7.170000076293945,7.170000076293945,519500,OSPN
2011-09-02,7.019999980926514,7.25,6.900000095367432,6.920000076293945,6.920000076293945,219600,OSPN
2011-09-06,6.650000095367432,6.800000190734863,6.539999961853027,6.699999809265137,6.699999809265137,205700,OSPN
2011-09-07,6.53000020980835,6.599999904632568,5.75,5.769999980926514,5.769999980926514,1500700,OSPN
2011-09-08,5.869999885559082,5.880000114440918,5.489999771118164,5.570000171661377,5.570000171661377,1022100,OSPN
2011-09-09,5.510000228881836,5.610000133514404,5.170000076293945,5.210000038146973,5.210000038146973,1211100,OSPN
2011-09-12,5.130000114440918,5.429999828338623,5.079999923706055,5.360000133514404,5.360000133514404,534700,OSPN
2011-09-13,5.550000190734863,5.550000190734863,5.300000190734863,5.429999828338623,5.429999828338623,621300,OSPN
2011-09-14,5.46999979019165,5.579999923706055,5.380000114440918,5.460000038146973,5.460000038146973,527900,OSPN
2011-09-15,5.510000228881836,5.670000076293945,5.5,5.659999847412109,5.659999847412109,398700,OSPN
2011-09-16,5.690000057220459,5.699999809265137,5.519999980926514,5.590000152587891,5.590000152587891,527200,OSPN
2011-09-19,5.46999979019165,5.480000019073486,5.289999961853027,5.349999904632568,5.349999904632568,475600,OSPN
2011-09-20,5.360000133514404,5.369999885559082,5.079999923706055,5.099999904632568,5.099999904632568,399900,OSPN
2011-09-21,5.079999923706055,5.230000019073486,4.909999847412109,4.940000057220459,4.940000057220459,311000,OSPN
2011-09-22,4.800000190734863,5.199999809265137,4.699999809265137,5.110000133514404,5.110000133514404,526500,OSPN
2011-09-23,5.099999904632568,5.28000020980835,5.059999942779541,5.230000019073486,5.230000019073486,189000,OSPN
2011-09-26,5.260000228881836,5.300000190734863,5.110000133514404,5.239999771118164,5.239999771118164,212400,OSPN
2011-09-27,5.369999885559082,5.5,5.25,5.300000190734863,5.300000190734863,152100,OSPN
2011-09-28,5.289999961853027,5.460000038146973,4.949999809265137,4.980000019073486,4.980000019073486,182100,OSPN
2011-09-29,5.059999942779541,5.230000019073486,5.010000228881836,5.21999979019165,5.21999979019165,280500,OSPN
2011-09-30,5.139999866485596,5.199999809265137,5.050000190734863,5.110000133514404,5.110000133514404,317600,OSPN
2011-10-03,5.079999923706055,5.199999809265137,4.71999979019165,4.71999979019165,4.71999979019165,285400,OSPN
2011-10-04,4.670000076293945,5.369999885559082,4.630000114440918,5.360000133514404,5.360000133514404,402200,OSPN
2011-10-05,5.400000095367432,5.440000057220459,5.230000019073486,5.380000114440918,5.380000114440918,192700,OSPN
2011-10-06,5.400000095367432,5.75,5.400000095367432,5.730000019073486,5.730000019073486,330600,OSPN
2011-10-07,5.760000228881836,6.150000095367432,5.760000228881836,6.019999980926514,6.019999980926514,530300,OSPN
2011-10-10,6.130000114440918,6.139999866485596,5.619999885559082,5.760000228881836,5.760000228881836,219200,OSPN
2011-10-11,5.730000019073486,6.0,5.699999809265137,6.0,6.0,178800,OSPN
2011-10-12,6.050000190734863,6.130000114440918,5.949999809265137,6.070000171661377,6.070000171661377,161700,OSPN
2011-10-13,6.010000228881836,6.019999980926514,5.710000038146973,5.909999847412109,5.909999847412109,118400,OSPN
2011-10-14,5.980000019073486,5.980000019073486,5.730000019073486,5.869999885559082,5.869999885559082,77800,OSPN
2011-10-17,5.820000171661377,5.820000171661377,5.5,5.519999980926514,5.519999980926514,152900,OSPN
2011-10-18,5.550000190734863,6.039999961853027,5.420000076293945,5.989999771118164,5.989999771118164,172700,OSPN
2011-10-19,5.980000019073486,5.980000019073486,5.639999866485596,5.809999942779541,5.809999942779541,193800,OSPN
2011-10-20,5.840000152587891,5.840000152587891,5.480000019073486,5.699999809265137,5.699999809265137,105000,OSPN
2011-10-21,5.820000171661377,6.019999980926514,5.760000228881836,5.829999923706055,5.829999923706055,136600,OSPN
2011-10-24,5.840000152587891,6.119999885559082,5.840000152587891,6.0,6.0,253400,OSPN
2011-10-25,5.949999809265137,6.050000190734863,5.840000152587891,5.860000133514404,5.860000133514404,108800,OSPN
2011-10-26,5.989999771118164,6.409999847412109,5.800000190734863,6.28000020980835,6.28000020980835,492500,OSPN
2011-10-27,7.380000114440918,8.140000343322754,7.380000114440918,8.130000114440918,8.130000114440918,2077600,OSPN
2011-10-28,8.079999923706055,9.0,8.0,8.949999809265137,8.949999809265137,709800,OSPN
2011-10-31,8.729999542236328,8.899999618530273,8.220000267028809,8.220000267028809,8.220000267028809,401800,OSPN
2011-11-01,7.710000038146973,8.25,7.539999961853027,7.960000038146973,7.960000038146973,412200,OSPN
2011-11-02,8.149999618530273,8.539999961853027,7.869999885559082,8.489999771118164,8.489999771118164,358100,OSPN
2011-11-03,8.640000343322754,8.800000190734863,8.229999542236328,8.6899995803833,8.6899995803833,268500,OSPN
2011-11-04,8.579999923706055,8.640000343322754,8.40999984741211,8.5,8.5,215600,OSPN
2011-11-07,8.510000228881836,8.600000381469727,7.940000057220459,8.119999885559082,8.119999885559082,268800,OSPN
2011-11-08,8.1899995803833,8.380000114440918,7.949999809265137,8.279999732971191,8.279999732971191,122800,OSPN
2011-11-09,8.119999885559082,8.130000114440918,7.639999866485596,7.659999847412109,7.659999847412109,232600,OSPN
2011-11-10,7.840000152587891,8.130000114440918,7.730000019073486,7.980000019073486,7.980000019073486,119200,OSPN
2011-11-11,8.100000381469727,8.149999618530273,7.840000152587891,8.079999923706055,8.079999923706055,256400,OSPN
2011-11-14,8.420000076293945,8.779999732971191,8.199999809265137,8.319999694824219,8.319999694824219,327400,OSPN
2011-11-15,8.279999732971191,8.520000457763672,8.039999961853027,8.390000343322754,8.390000343322754,128900,OSPN
2011-11-16,8.25,8.6899995803833,8.140000343322754,8.369999885559082,8.369999885559082,194400,OSPN
2011-11-17,8.34000015258789,8.350000381469727,7.880000114440918,8.010000228881836,8.010000228881836,283800,OSPN
2011-11-18,8.039999961853027,8.079999923706055,7.760000228881836,8.039999961853027,8.039999961853027,161100,OSPN
2011-11-21,7.840000152587891,7.849999904632568,7.449999809265137,7.46999979019165,7.46999979019165,179500,OSPN
2011-11-22,7.46999979019165,7.599999904632568,7.199999809265137,7.309999942779541,7.309999942779541,116100,OSPN
2011-11-23,7.199999809265137,7.389999866485596,7.070000171661377,7.21999979019165,7.21999979019165,275300,OSPN
2011-11-25,7.199999809265137,7.400000095367432,7.050000190734863,7.130000114440918,7.130000114440918,91000,OSPN
2011-11-28,7.480000019073486,8.100000381469727,7.480000019073486,7.989999771118164,7.989999771118164,455400,OSPN
2011-11-29,8.020000457763672,8.039999961853027,7.789999961853027,8.0,8.0,550800,OSPN
2011-11-30,8.3100004196167,8.5,8.069999694824219,8.430000305175781,8.430000305175781,424600,OSPN
2011-12-01,8.399999618530273,8.399999618530273,7.989999771118164,8.010000228881836,8.010000228881836,206800,OSPN
2011-12-02,8.149999618530273,8.390000343322754,7.78000020980835,7.869999885559082,7.869999885559082,223100,OSPN
2011-12-05,8.289999961853027,8.4399995803833,7.940000057220459,8.050000190734863,8.050000190734863,446800,OSPN
2011-12-06,8.100000381469727,8.130000114440918,7.889999866485596,8.0,8.0,193000,OSPN
2011-12-07,7.920000076293945,8.09000015258789,7.760000228881836,7.989999771118164,7.989999771118164,188200,OSPN
2011-12-08,7.880000114440918,7.960000038146973,7.610000133514404,7.670000076293945,7.670000076293945,275900,OSPN
2011-12-09,7.690000057220459,8.180000305175781,7.690000057220459,8.100000381469727,8.100000381469727,221500,OSPN
2011-12-12,7.96999979019165,8.0,7.659999847412109,7.980000019073486,7.980000019073486,185400,OSPN
2011-12-13,8.050000190734863,8.109999656677246,7.409999847412109,7.460000038146973,7.460000038146973,225500,OSPN
2011-12-14,7.400000095367432,7.630000114440918,7.179999828338623,7.340000152587891,7.340000152587891,261400,OSPN
2011-12-15,7.460000038146973,7.460000038146973,7.099999904632568,7.130000114440918,7.130000114440918,212000,OSPN
2011-12-16,7.179999828338623,7.5,7.179999828338623,7.300000190734863,7.300000190734863,177900,OSPN
2011-12-19,7.400000095367432,7.449999809265137,7.010000228881836,7.03000020980835,7.03000020980835,154500,OSPN
2011-12-20,7.210000038146973,7.289999961853027,7.0,7.039999961853027,7.039999961853027,233800,OSPN
2011-12-21,7.059999942779541,7.059999942779541,6.380000114440918,6.489999771118164,6.489999771118164,382000,OSPN
2011-12-22,6.489999771118164,6.610000133514404,6.400000095367432,6.599999904632568,6.599999904632568,233600,OSPN
2011-12-23,6.639999866485596,6.840000152587891,6.510000228881836,6.78000020980835,6.78000020980835,136900,OSPN
2011-12-27,6.769999980926514,6.849999904632568,6.639999866485596,6.650000095367432,6.650000095367432,153700,OSPN
2011-12-28,6.650000095367432,6.650000095367432,6.400000095367432,6.460000038146973,6.460000038146973,249900,OSPN
2011-12-29,6.46999979019165,6.619999885559082,6.440000057220459,6.460000038146973,6.460000038146973,208300,OSPN
2011-12-30,6.369999885559082,6.579999923706055,6.309999942779541,6.519999980926514,6.519999980926514,371700,OSPN
2012-01-03,6.699999809265137,6.829999923706055,6.559999942779541,6.619999885559082,6.619999885559082,224500,OSPN
2012-01-04,6.570000171661377,6.699999809265137,6.539999961853027,6.599999904632568,6.599999904632568,223000,OSPN
2012-01-05,6.570000171661377,6.650000095367432,6.480000019073486,6.519999980926514,6.519999980926514,199200,OSPN
2012-01-06,6.539999961853027,6.590000152587891,6.420000076293945,6.53000020980835,6.53000020980835,195300,OSPN
2012-01-09,6.559999942779541,6.960000038146973,6.489999771118164,6.880000114440918,6.880000114440918,345900,OSPN
2012-01-10,7.25,7.869999885559082,7.25,7.739999771118164,7.739999771118164,554800,OSPN
2012-01-11,7.739999771118164,7.769999980926514,7.519999980926514,7.619999885559082,7.619999885559082,235300,OSPN
2012-01-12,7.670000076293945,7.840000152587891,7.630000114440918,7.75,7.75,122900,OSPN
2012-01-13,7.679999828338623,7.869999885559082,7.610000133514404,7.78000020980835,7.78000020980835,253100,OSPN
2012-01-17,7.860000133514404,8.039999961853027,7.800000190734863,7.849999904632568,7.849999904632568,346300,OSPN
2012-01-18,7.889999866485596,7.980000019073486,7.800000190734863,7.960000038146973,7.960000038146973,125800,OSPN
2012-01-19,8.010000228881836,8.119999885559082,8.0,8.0600004196167,8.0600004196167,103200,OSPN
2012-01-20,8.020000457763672,8.199999809265137,8.020000457763672,8.199999809265137,8.199999809265137,97900,OSPN
2012-01-23,8.15999984741211,8.199999809265137,8.0,8.130000114440918,8.130000114440918,113300,OSPN
2012-01-24,8.100000381469727,8.279999732971191,8.029999732971191,8.260000228881836,8.260000228881836,112000,OSPN
2012-01-25,8.229999542236328,8.449999809265137,8.1899995803833,8.380000114440918,8.380000114440918,117600,OSPN
2012-01-26,8.449999809265137,8.449999809265137,8.069999694824219,8.180000305175781,8.180000305175781,167100,OSPN
2012-01-27,8.170000076293945,8.329999923706055,8.010000228881836,8.329999923706055,8.329999923706055,128200,OSPN
2012-01-30,8.239999771118164,8.319999694824219,8.140000343322754,8.239999771118164,8.239999771118164,125100,OSPN
2012-01-31,8.329999923706055,8.479999542236328,8.069999694824219,8.430000305175781,8.430000305175781,162600,OSPN
2012-02-01,8.489999771118164,8.770000457763672,8.289999961853027,8.720000267028809,8.720000267028809,193600,OSPN
2012-02-02,8.710000038146973,9.329999923706055,8.710000038146973,9.0600004196167,9.0600004196167,421400,OSPN
2012-02-03,9.25,9.279999732971191,8.979999542236328,9.039999961853027,9.039999961853027,193200,OSPN
2012-02-06,8.970000267028809,9.399999618530273,8.9399995803833,9.239999771118164,9.239999771118164,196600,OSPN
2012-02-07,9.25,9.3100004196167,8.960000038146973,9.09000015258789,9.09000015258789,163200,OSPN
2012-02-08,9.100000381469727,9.289999961853027,9.010000228881836,9.210000038146973,9.210000038146973,91500,OSPN
2012-02-09,9.199999809265137,9.25,9.050000190734863,9.180000305175781,9.180000305175781,212000,OSPN
2012-02-10,9.109999656677246,9.329999923706055,9.109999656677246,9.140000343322754,9.140000343322754,110100,OSPN
2012-02-13,9.229999542236328,9.550000190734863,9.109999656677246,9.369999885559082,9.369999885559082,107800,OSPN
2012-02-14,9.319999694824219,9.369999885559082,9.220000267028809,9.350000381469727,9.350000381469727,112100,OSPN
2012-02-15,9.390000343322754,9.949999809265137,9.270000457763672,9.760000228881836,9.760000228881836,683100,OSPN
2012-02-16,10.109999656677246,10.520000457763672,8.180000305175781,9.449999809265137,9.449999809265137,1466100,OSPN
2012-02-17,9.5,10.140000343322754,9.420000076293945,10.029999732971191,10.029999732971191,654200,OSPN
2012-02-21,10.079999923706055,10.369999885559082,9.850000381469727,10.039999961853027,10.039999961853027,394900,OSPN
2012-02-22,10.010000228881836,10.130000114440918,9.770000457763672,9.819999694824219,9.819999694824219,140700,OSPN
2012-02-23,9.84000015258789,9.84000015258789,9.149999618530273,9.289999961853027,9.289999961853027,520500,OSPN
2012-02-24,9.319999694824219,9.5,9.1899995803833,9.359999656677246,9.359999656677246,188600,OSPN
2012-02-27,9.119999885559082,9.119999885559082,8.739999771118164,8.770000457763672,8.770000457763672,531900,OSPN
2012-02-28,8.829999923706055,9.25,8.829999923706055,8.920000076293945,8.920000076293945,1037400,OSPN
2012-02-29,8.989999771118164,9.239999771118164,8.989999771118164,9.039999961853027,9.039999961853027,259600,OSPN
2012-03-01,9.0600004196167,9.229999542236328,8.979999542236328,8.979999542236328,8.979999542236328,138000,OSPN
2012-03-02,8.979999542236328,9.130000114440918,8.65999984741211,8.65999984741211,8.65999984741211,202600,OSPN
2012-03-05,8.770000457763672,8.850000381469727,8.529999732971191,8.600000381469727,8.600000381469727,249300,OSPN
2012-03-06,8.5,8.579999923706055,8.369999885559082,8.460000038146973,8.460000038146973,133800,OSPN
2012-03-07,8.520000457763672,8.680000305175781,8.489999771118164,8.670000076293945,8.670000076293945,212200,OSPN
2012-03-08,8.75,9.270000457763672,8.710000038146973,9.229999542236328,9.229999542236328,403900,OSPN
2012-03-09,9.229999542236328,9.59000015258789,9.229999542236328,9.329999923706055,9.329999923706055,158500,OSPN
2012-03-12,9.350000381469727,9.550000190734863,9.1899995803833,9.430000305175781,9.430000305175781,137200,OSPN
2012-03-13,9.489999771118164,9.779999732971191,9.399999618530273,9.760000228881836,9.760000228881836,172200,OSPN
2012-03-14,9.789999961853027,9.789999961853027,9.420000076293945,9.630000114440918,9.630000114440918,179400,OSPN
2012-03-15,9.65999984741211,9.779999732971191,9.550000190734863,9.699999809265137,9.699999809265137,110200,OSPN
2012-03-16,9.699999809265137,9.710000038146973,9.5,9.539999961853027,9.539999961853027,170000,OSPN
2012-03-19,9.529999732971191,9.8100004196167,9.449999809265137,9.600000381469727,9.600000381469727,120000,OSPN
2012-03-20,9.5600004196167,9.680000305175781,9.460000038146973,9.569999694824219,9.569999694824219,90100,OSPN
2012-03-21,9.569999694824219,9.979999542236328,9.5600004196167,9.8100004196167,9.8100004196167,219200,OSPN
2012-03-22,9.789999961853027,9.789999961853027,9.449999809265137,9.569999694824219,9.569999694824219,166300,OSPN
2012-03-23,9.529999732971191,9.760000228881836,9.40999984741211,9.75,9.75,205000,OSPN
2012-03-26,9.890000343322754,9.989999771118164,9.699999809265137,9.949999809265137,9.949999809265137,166000,OSPN
2012-03-27,10.289999961853027,10.9399995803833,10.289999961853027,10.5600004196167,10.5600004196167,751800,OSPN
2012-03-28,10.65999984741211,10.890000343322754,10.600000381469727,10.739999771118164,10.739999771118164,381600,OSPN
2012-03-29,10.649999618530273,10.930000305175781,10.619999885559082,10.920000076293945,10.920000076293945,267200,OSPN
2012-03-30,10.960000038146973,10.960000038146973,10.75,10.789999961853027,10.789999961853027,219200,OSPN
2012-04-02,10.789999961853027,10.829999923706055,10.34000015258789,10.789999961853027,10.789999961853027,4551700,OSPN
2012-04-03,10.760000228881836,10.829999923706055,10.479999542236328,10.760000228881836,10.760000228881836,691300,OSPN
2012-04-04,10.609999656677246,10.640000343322754,10.199999809265137,10.350000381469727,10.350000381469727,356000,OSPN
2012-04-05,10.279999732971191,10.3100004196167,10.0600004196167,10.270000457763672,10.270000457763672,156300,OSPN
2012-04-09,10.069999694824219,10.069999694824219,9.65999984741211,9.699999809265137,9.699999809265137,264700,OSPN
2012-04-10,9.699999809265137,9.8100004196167,9.40999984741211,9.59000015258789,9.59000015258789,357500,OSPN
2012-04-11,9.6899995803833,9.869999885559082,9.649999618530273,9.770000457763672,9.770000457763672,198600,OSPN
2012-04-12,9.770000457763672,9.920000076293945,9.760000228881836,9.869999885559082,9.869999885559082,152400,OSPN
2012-04-13,9.760000228881836,9.779999732971191,9.369999885559082,9.539999961853027,9.539999961853027,150000,OSPN
2012-04-16,9.550000190734863,9.680000305175781,9.350000381469727,9.649999618530273,9.649999618530273,163500,OSPN
2012-04-17,9.640000343322754,10.09000015258789,9.619999885559082,9.90999984741211,9.90999984741211,135300,OSPN
2012-04-18,9.829999923706055,9.829999923706055,9.470000267028809,9.520000457763672,9.520000457763672,147300,OSPN
2012-04-19,9.529999732971191,9.729999542236328,9.350000381469727,9.550000190734863,9.550000190734863,131500,OSPN
2012-04-20,9.710000038146973,9.710000038146973,9.380000114440918,9.420000076293945,9.420000076293945,161500,OSPN
2012-04-23,9.229999542236328,9.420000076293945,9.029999732971191,9.399999618530273,9.399999618530273,218100,OSPN
2012-04-24,9.399999618530273,9.489999771118164,9.199999809265137,9.289999961853027,9.289999961853027,232000,OSPN
2012-04-25,9.399999618530273,9.739999771118164,9.399999618530273,9.720000267028809,9.720000267028809,211200,OSPN
2012-04-26,7.789999961853027,8.350000381469727,7.400000095367432,7.570000171661377,7.570000171661377,3222600,OSPN
2012-04-27,7.699999809265137,7.900000095367432,7.570000171661377,7.78000020980835,7.78000020980835,1033400,OSPN
2012-04-30,7.550000190734863,7.849999904632568,7.460000038146973,7.789999961853027,7.789999961853027,799900,OSPN
2012-05-01,7.769999980926514,7.829999923706055,7.670000076293945,7.71999979019165,7.71999979019165,325800,OSPN
2012-05-02,7.679999828338623,7.820000171661377,7.619999885559082,7.78000020980835,7.78000020980835,193000,OSPN
2012-05-03,7.800000190734863,7.800000190734863,7.480000019073486,7.550000190734863,7.550000190734863,336800,OSPN
2012-05-04,7.550000190734863,7.550000190734863,7.429999828338623,7.510000228881836,7.510000228881836,196600,OSPN
2012-05-07,7.460000038146973,7.519999980926514,7.400000095367432,7.420000076293945,7.420000076293945,230000,OSPN
2012-05-08,7.389999866485596,7.46999979019165,7.28000020980835,7.429999828338623,7.429999828338623,210400,OSPN
2012-05-09,7.320000171661377,7.46999979019165,7.260000228881836,7.440000057220459,7.440000057220459,174000,OSPN
2012-05-10,7.480000019073486,7.480000019073486,7.340000152587891,7.400000095367432,7.400000095367432,149000,OSPN
2012-05-11,7.340000152587891,7.460000038146973,7.260000228881836,7.320000171661377,7.320000171661377,164700,OSPN
2012-05-14,7.269999980926514,7.320000171661377,7.050000190734863,7.130000114440918,7.130000114440918,230900,OSPN
2012-05-15,7.139999866485596,7.300000190734863,7.070000171661377,7.210000038146973,7.210000038146973,113000,OSPN
2012-05-16,7.210000038146973,7.340000152587891,7.130000114440918,7.130000114440918,7.130000114440918,110300,OSPN
2012-05-17,7.139999866485596,7.210000038146973,7.050000190734863,7.070000171661377,7.070000171661377,120700,OSPN
2012-05-18,7.059999942779541,7.139999866485596,7.010000228881836,7.099999904632568,7.099999904632568,206000,OSPN
2012-05-21,7.090000152587891,7.179999828338623,7.010000228881836,7.099999904632568,7.099999904632568,147400,OSPN
2012-05-22,7.130000114440918,7.159999847412109,7.03000020980835,7.150000095367432,7.150000095367432,188000,OSPN
2012-05-23,7.039999961853027,7.159999847412109,7.0,7.119999885559082,7.119999885559082,121000,OSPN
2012-05-24,7.119999885559082,7.119999885559082,6.900000095367432,6.96999979019165,6.96999979019165,165800,OSPN
2012-05-25,7.0,7.099999904632568,6.949999809265137,7.090000152587891,7.090000152587891,113400,OSPN
2012-05-29,7.099999904632568,7.260000228881836,7.050000190734863,7.230000019073486,7.230000019073486,114400,OSPN
2012-05-30,7.139999866485596,7.139999866485596,6.949999809265137,6.989999771118164,6.989999771118164,104000,OSPN
2012-05-31,7.0,7.059999942779541,6.840000152587891,6.989999771118164,6.989999771118164,375300,OSPN
2012-06-01,6.849999904632568,6.980000019073486,6.809999942779541,6.849999904632568,6.849999904632568,147500,OSPN
2012-06-04,6.860000133514404,7.070000171661377,6.75,7.019999980926514,7.019999980926514,174400,OSPN
2012-06-05,7.010000228881836,7.190000057220459,7.0,7.059999942779541,7.059999942779541,147600,OSPN
2012-06-06,7.090000152587891,7.400000095367432,7.090000152587891,7.400000095367432,7.400000095367432,162300,OSPN
2012-06-07,7.5,7.550000190734863,7.289999961853027,7.300000190734863,7.300000190734863,152900,OSPN
2012-06-08,7.260000228881836,7.400000095367432,7.079999923706055,7.349999904632568,7.349999904632568,122200,OSPN
2012-06-11,7.440000057220459,7.440000057220459,7.090000152587891,7.090000152587891,7.090000152587891,128300,OSPN
2012-06-12,7.130000114440918,7.130000114440918,6.960000038146973,7.090000152587891,7.090000152587891,113200,OSPN
2012-06-13,7.070000171661377,7.25,7.059999942779541,7.090000152587891,7.090000152587891,209300,OSPN
2012-06-14,7.099999904632568,7.559999942779541,7.050000190734863,7.559999942779541,7.559999942779541,214800,OSPN
2012-06-15,7.539999961853027,7.840000152587891,7.380000114440918,7.690000057220459,7.690000057220459,257000,OSPN
2012-06-18,7.650000095367432,7.769999980926514,7.599999904632568,7.699999809265137,7.699999809265137,73600,OSPN
2012-06-19,7.75,7.869999885559082,7.550000190734863,7.559999942779541,7.559999942779541,175000,OSPN
2012-06-20,7.550000190734863,7.809999942779541,7.460000038146973,7.699999809265137,7.699999809265137,141800,OSPN
2012-06-21,7.679999828338623,7.800000190734863,7.639999866485596,7.699999809265137,7.699999809265137,122600,OSPN
2012-06-22,7.739999771118164,7.920000076293945,7.630000114440918,7.800000190734863,7.800000190734863,823900,OSPN
2012-06-25,7.650000095367432,7.78000020980835,7.329999923706055,7.710000038146973,7.710000038146973,114400,OSPN
2012-06-26,7.690000057220459,7.789999961853027,7.570000171661377,7.699999809265137,7.699999809265137,104400,OSPN
2012-06-27,7.739999771118164,7.960000038146973,7.690000057220459,7.949999809265137,7.949999809265137,93200,OSPN
2012-06-28,7.869999885559082,8.0600004196167,7.809999942779541,7.989999771118164,7.989999771118164,169400,OSPN
2012-06-29,8.09000015258789,8.220000267028809,8.0,8.180000305175781,8.180000305175781,169300,OSPN
2012-07-02,8.199999809265137,8.420000076293945,7.909999847412109,8.420000076293945,8.420000076293945,154700,OSPN
2012-07-03,8.380000114440918,8.6899995803833,8.34000015258789,8.619999885559082,8.619999885559082,91400,OSPN
2012-07-05,8.569999694824219,8.760000228881836,8.520000457763672,8.630000114440918,8.630000114440918,117600,OSPN
2012-07-06,8.510000228881836,8.529999732971191,8.09000015258789,8.170000076293945,8.170000076293945,121600,OSPN
2012-07-09,8.109999656677246,8.1899995803833,7.989999771118164,8.09000015258789,8.09000015258789,223300,OSPN
2012-07-10,8.109999656677246,8.170000076293945,7.860000133514404,7.929999828338623,7.929999828338623,96100,OSPN
2012-07-11,7.980000019073486,8.130000114440918,7.900000095367432,7.989999771118164,7.989999771118164,92700,OSPN
2012-07-12,7.920000076293945,8.09000015258789,7.690000057220459,8.039999961853027,8.039999961853027,144400,OSPN
2012-07-13,8.050000190734863,8.100000381469727,8.010000228881836,8.079999923706055,8.079999923706055,94700,OSPN
2012-07-16,8.050000190734863,8.079999923706055,7.940000057220459,7.949999809265137,7.949999809265137,96800,OSPN
2012-07-17,7.96999979019165,8.109999656677246,7.869999885559082,7.960000038146973,7.960000038146973,146400,OSPN
2012-07-18,7.920000076293945,8.09000015258789,7.690000057220459,7.75,7.75,188500,OSPN
2012-07-19,7.78000020980835,7.940000057220459,7.599999904632568,7.809999942779541,7.809999942779541,137300,OSPN
2012-07-20,7.75,7.75,7.590000152587891,7.599999904632568,7.599999904632568,103700,OSPN
2012-07-23,7.480000019073486,7.480000019073486,7.139999866485596,7.269999980926514,7.269999980926514,187100,OSPN
2012-07-24,7.320000171661377,7.320000171661377,6.989999771118164,7.139999866485596,7.139999866485596,210400,OSPN
2012-07-25,7.210000038146973,7.519999980926514,7.210000038146973,7.440000057220459,7.440000057220459,362800,OSPN
2012-07-26,8.739999771118164,9.5,8.649999618530273,9.1899995803833,9.1899995803833,799200,OSPN
2012-07-27,9.199999809265137,9.489999771118164,8.75,9.420000076293945,9.420000076293945,453700,OSPN
2012-07-30,9.420000076293945,9.630000114440918,9.119999885559082,9.260000228881836,9.260000228881836,212400,OSPN
2012-07-31,9.25,9.680000305175781,9.130000114440918,9.25,9.25,330700,OSPN
2012-08-01,9.329999923706055,9.329999923706055,9.0,9.010000228881836,9.010000228881836,181200,OSPN
2012-08-02,8.930000305175781,9.09000015258789,8.789999961853027,8.859999656677246,8.859999656677246,133900,OSPN
2012-08-03,9.0,9.140000343322754,8.970000267028809,9.079999923706055,9.079999923706055,222400,OSPN
2012-08-06,9.100000381469727,9.479999542236328,9.0600004196167,9.40999984741211,9.40999984741211,148200,OSPN
2012-08-07,9.479999542236328,9.649999618530273,9.369999885559082,9.460000038146973,9.460000038146973,177000,OSPN
2012-08-08,9.4399995803833,9.649999618530273,9.40999984741211,9.470000267028809,9.470000267028809,146600,OSPN
2012-08-09,9.479999542236328,9.539999961853027,9.300000190734863,9.34000015258789,9.34000015258789,126800,OSPN
2012-08-10,9.329999923706055,9.420000076293945,9.25,9.369999885559082,9.369999885559082,144900,OSPN
2012-08-13,9.399999618530273,9.479999542236328,9.239999771118164,9.449999809265137,9.449999809265137,263100,OSPN
2012-08-14,9.5,9.890000343322754,9.479999542236328,9.779999732971191,9.779999732971191,278900,OSPN
2012-08-15,9.789999961853027,9.920000076293945,9.649999618530273,9.869999885559082,9.869999885559082,125000,OSPN
2012-08-16,9.850000381469727,9.979999542236328,9.670000076293945,9.970000267028809,9.970000267028809,137600,OSPN
2012-08-17,9.949999809265137,10.25,9.899999618530273,10.25,10.25,143400,OSPN
2012-08-20,10.229999542236328,10.229999542236328,9.819999694824219,10.0,10.0,124500,OSPN
2012-08-21,10.079999923706055,10.40999984741211,9.880000114440918,10.069999694824219,10.069999694824219,111100,OSPN
2012-08-22,10.010000228881836,10.100000381469727,9.850000381469727,9.890000343322754,9.890000343322754,111800,OSPN
2012-08-23,9.869999885559082,9.869999885559082,9.479999542236328,9.630000114440918,9.630000114440918,96900,OSPN
2012-08-24,9.5,9.550000190734863,9.3100004196167,9.420000076293945,9.420000076293945,174300,OSPN
2012-08-27,9.5,9.779999732971191,9.5,9.539999961853027,9.539999961853027,160700,OSPN
2012-08-28,9.529999732971191,9.6899995803833,9.460000038146973,9.489999771118164,9.489999771118164,106400,OSPN
2012-08-29,9.489999771118164,9.670000076293945,9.449999809265137,9.619999885559082,9.619999885559082,118600,OSPN
2012-08-30,9.539999961853027,9.550000190734863,9.3100004196167,9.449999809265137,9.449999809265137,88000,OSPN
2012-08-31,9.520000457763672,9.529999732971191,9.300000190734863,9.420000076293945,9.420000076293945,120800,OSPN
2012-09-04,9.399999618530273,9.699999809265137,9.260000228881836,9.649999618530273,9.649999618530273,192200,OSPN
2012-09-05,9.649999618530273,9.6899995803833,9.4399995803833,9.479999542236328,9.479999542236328,98500,OSPN
2012-09-06,9.569999694824219,9.630000114440918,9.529999732971191,9.579999923706055,9.579999923706055,209500,OSPN
2012-09-07,9.630000114440918,9.630000114440918,9.529999732971191,9.579999923706055,9.579999923706055,159500,OSPN
2012-09-10,9.489999771118164,9.609999656677246,9.489999771118164,9.579999923706055,9.579999923706055,190000,OSPN
2012-09-11,9.600000381469727,9.619999885559082,9.479999542236328,9.600000381469727,9.600000381469727,169800,OSPN
2012-09-12,9.630000114440918,9.630000114440918,9.460000038146973,9.59000015258789,9.59000015258789,126900,OSPN
2012-09-13,9.609999656677246,9.65999984741211,9.449999809265137,9.5,9.5,197500,OSPN
2012-09-14,9.5600004196167,9.779999732971191,9.479999542236328,9.710000038146973,9.710000038146973,225200,OSPN
2012-09-17,9.640000343322754,9.739999771118164,9.609999656677246,9.6899995803833,9.6899995803833,155400,OSPN
2012-09-18,9.649999618530273,9.649999618530273,9.260000228881836,9.619999885559082,9.619999885559082,127000,OSPN
2012-09-19,9.670000076293945,9.859999656677246,9.5,9.829999923706055,9.829999923706055,122100,OSPN
2012-09-20,9.779999732971191,9.859999656677246,9.680000305175781,9.789999961853027,9.789999961853027,65300,OSPN
2012-09-21,9.949999809265137,9.949999809265137,9.5600004196167,9.600000381469727,9.600000381469727,197800,OSPN
2012-09-24,9.550000190734863,9.75,9.550000190734863,9.699999809265137,9.699999809265137,86300,OSPN
2012-09-25,9.789999961853027,9.880000114440918,9.489999771118164,9.539999961853027,9.539999961853027,121800,OSPN
2012-09-26,9.579999923706055,9.579999923706055,9.15999984741211,9.25,9.25,135900,OSPN
2012-09-27,9.289999961853027,9.649999618530273,9.130000114440918,9.59000015258789,9.59000015258789,85900,OSPN
2012-09-28,9.520000457763672,9.520000457763672,9.289999961853027,9.380000114440918,9.380000114440918,71400,OSPN
2012-10-01,9.460000038146973,9.529999732971191,9.300000190734863,9.350000381469727,9.350000381469727,99300,OSPN
2012-10-02,9.40999984741211,9.479999542236328,9.170000076293945,9.270000457763672,9.270000457763672,106300,OSPN
2012-10-03,9.289999961853027,9.380000114440918,9.100000381469727,9.210000038146973,9.210000038146973,47200,OSPN
2012-10-04,9.220000267028809,9.25,9.050000190734863,9.199999809265137,9.199999809265137,66000,OSPN
2012-10-05,9.229999542236328,9.359999656677246,9.069999694824219,9.140000343322754,9.140000343322754,96600,OSPN
2012-10-08,9.069999694824219,9.069999694824219,8.789999961853027,8.9399995803833,8.9399995803833,113100,OSPN
2012-10-09,7.900000095367432,7.900000095367432,6.510000228881836,7.340000152587891,7.340000152587891,1253700,OSPN
2012-10-10,7.340000152587891,7.570000171661377,7.090000152587891,7.429999828338623,7.429999828338623,404100,OSPN
2012-10-11,7.510000228881836,7.610000133514404,7.179999828338623,7.190000057220459,7.190000057220459,227700,OSPN
2012-10-12,7.199999809265137,7.389999866485596,7.199999809265137,7.28000020980835,7.28000020980835,154500,OSPN
2012-10-15,7.329999923706055,7.329999923706055,7.170000076293945,7.179999828338623,7.179999828338623,130400,OSPN
2012-10-16,7.25,7.599999904632568,7.210000038146973,7.309999942779541,7.309999942779541,125500,OSPN
2012-10-17,7.300000190734863,7.400000095367432,7.210000038146973,7.340000152587891,7.340000152587891,120300,OSPN
2012-10-18,7.300000190734863,7.389999866485596,7.099999904632568,7.110000133514404,7.110000133514404,119900,OSPN
2012-10-19,7.090000152587891,7.119999885559082,6.949999809265137,6.989999771118164,6.989999771118164,181800,OSPN
2012-10-22,7.03000020980835,7.170000076293945,7.03000020980835,7.099999904632568,7.099999904632568,137200,OSPN
2012-10-23,7.050000190734863,7.130000114440918,6.989999771118164,7.079999923706055,7.079999923706055,65100,OSPN
2012-10-24,7.099999904632568,7.170000076293945,6.980000019073486,7.019999980926514,7.019999980926514,84500,OSPN
2012-10-25,7.170000076293945,7.489999771118164,6.989999771118164,7.130000114440918,7.130000114440918,214600,OSPN
2012-10-26,7.130000114440918,7.159999847412109,7.039999961853027,7.070000171661377,7.070000171661377,216600,OSPN
2012-10-31,7.050000190734863,7.210000038146973,7.010000228881836,7.079999923706055,7.079999923706055,256600,OSPN
2012-11-01,7.110000133514404,7.440000057220459,7.059999942779541,7.380000114440918,7.380000114440918,196500,OSPN
2012-11-02,7.429999828338623,7.429999828338623,7.110000133514404,7.170000076293945,7.170000076293945,401100,OSPN
2012-11-05,7.150000095367432,7.46999979019165,7.130000114440918,7.28000020980835,7.28000020980835,169300,OSPN
2012-11-06,7.320000171661377,7.559999942779541,7.309999942779541,7.519999980926514,7.519999980926514,155200,OSPN
2012-11-07,7.380000114440918,7.449999809265137,7.210000038146973,7.210000038146973,7.210000038146973,120200,OSPN
2012-11-08,7.25,7.630000114440918,7.239999771118164,7.25,7.25,176900,OSPN
2012-11-09,7.199999809265137,7.460000038146973,7.190000057220459,7.260000228881836,7.260000228881836,209100,OSPN
2012-11-12,7.269999980926514,7.429999828338623,7.269999980926514,7.360000133514404,7.360000133514404,87400,OSPN
2012-11-13,7.340000152587891,7.380000114440918,7.050000190734863,7.059999942779541,7.059999942779541,117400,OSPN
2012-11-14,7.099999904632568,7.150000095367432,7.010000228881836,7.050000190734863,7.050000190734863,151300,OSPN
2012-11-15,7.03000020980835,7.309999942779541,7.0,7.25,7.25,202200,OSPN
2012-11-16,7.21999979019165,7.239999771118164,7.019999980926514,7.159999847412109,7.159999847412109,266100,OSPN
2012-11-19,7.25,7.329999923706055,7.110000133514404,7.190000057220459,7.190000057220459,206300,OSPN
2012-11-20,7.170000076293945,7.269999980926514,7.110000133514404,7.159999847412109,7.159999847412109,195000,OSPN
2012-11-21,7.210000038146973,7.519999980926514,7.190000057220459,7.309999942779541,7.309999942779541,203800,OSPN
2012-11-23,7.349999904632568,7.760000228881836,7.349999904632568,7.710000038146973,7.710000038146973,98600,OSPN
2012-11-26,7.659999847412109,7.760000228881836,7.53000020980835,7.699999809265137,7.699999809265137,172400,OSPN
2012-11-27,7.659999847412109,7.699999809265137,7.46999979019165,7.46999979019165,7.46999979019165,98600,OSPN
2012-11-28,7.440000057220459,7.610000133514404,7.289999961853027,7.610000133514404,7.610000133514404,112400,OSPN
2012-11-29,7.699999809265137,7.829999923706055,7.389999866485596,7.809999942779541,7.809999942779541,73900,OSPN
2012-11-30,7.769999980926514,7.829999923706055,7.440000057220459,7.510000228881836,7.510000228881836,165600,OSPN
2012-12-03,7.550000190734863,7.690000057220459,7.460000038146973,7.480000019073486,7.480000019073486,122500,OSPN
2012-12-04,7.46999979019165,7.550000190734863,7.309999942779541,7.400000095367432,7.400000095367432,150500,OSPN
2012-12-05,7.420000076293945,7.489999771118164,7.21999979019165,7.380000114440918,7.380000114440918,75300,OSPN
2012-12-06,7.349999904632568,7.789999961853027,7.340000152587891,7.570000171661377,7.570000171661377,169800,OSPN
2012-12-07,7.599999904632568,7.670000076293945,7.489999771118164,7.579999923706055,7.579999923706055,261700,OSPN
2012-12-10,7.559999942779541,7.739999771118164,7.309999942779541,7.690000057220459,7.690000057220459,107700,OSPN
2012-12-11,7.739999771118164,7.96999979019165,7.730000019073486,7.909999847412109,7.909999847412109,127400,OSPN
2012-12-12,7.940000057220459,8.0,7.800000190734863,7.840000152587891,7.840000152587891,117300,OSPN
2012-12-13,7.829999923706055,8.140000343322754,7.829999923706055,8.050000190734863,8.050000190734863,121500,OSPN
2012-12-14,7.800000190734863,8.319999694824219,7.800000190734863,8.119999885559082,8.119999885559082,140800,OSPN
2012-12-17,8.149999618530273,8.430000305175781,8.109999656677246,8.34000015258789,8.34000015258789,100100,OSPN
2012-12-18,8.34000015258789,8.489999771118164,8.140000343322754,8.180000305175781,8.180000305175781,329800,OSPN
2012-12-19,8.1899995803833,8.319999694824219,8.1899995803833,8.220000267028809,8.220000267028809,178400,OSPN
2012-12-20,8.25,8.359999656677246,8.199999809265137,8.34000015258789,8.34000015258789,123400,OSPN
2012-12-21,8.300000190734863,8.34000015258789,8.0600004196167,8.109999656677246,8.109999656677246,473800,OSPN
2012-12-24,8.149999618530273,8.40999984741211,8.149999618530273,8.289999961853027,8.289999961853027,45200,OSPN
2012-12-26,8.270000457763672,8.289999961853027,8.069999694824219,8.09000015258789,8.09000015258789,71100,OSPN
2012-12-27,8.109999656677246,8.140000343322754,7.949999809265137,8.109999656677246,8.109999656677246,51600,OSPN
2012-12-28,8.039999961853027,8.130000114440918,8.010000228881836,8.020000457763672,8.020000457763672,36100,OSPN
2012-12-31,8.029999732971191,8.1899995803833,7.949999809265137,8.15999984741211,8.15999984741211,74900,OSPN
2013-01-02,8.390000343322754,8.390000343322754,8.09000015258789,8.140000343322754,8.140000343322754,210300,OSPN
2013-01-03,8.149999618530273,8.25,7.96999979019165,7.989999771118164,7.989999771118164,105200,OSPN
2013-01-04,8.050000190734863,8.109999656677246,7.96999979019165,7.989999771118164,7.989999771118164,66400,OSPN
2013-01-07,7.989999771118164,8.050000190734863,7.559999942779541,7.630000114440918,7.630000114440918,160800,OSPN
2013-01-08,7.550000190734863,7.78000020980835,7.420000076293945,7.599999904632568,7.599999904632568,202200,OSPN
2013-01-09,7.659999847412109,7.829999923706055,7.659999847412109,7.820000171661377,7.820000171661377,129700,OSPN
2013-01-10,7.880000114440918,7.949999809265137,7.800000190734863,7.929999828338623,7.929999828338623,113800,OSPN
2013-01-11,7.96999979019165,8.109999656677246,7.909999847412109,8.0600004196167,8.0600004196167,59800,OSPN
2013-01-14,8.050000190734863,8.1899995803833,7.989999771118164,8.109999656677246,8.109999656677246,61400,OSPN
2013-01-15,8.029999732971191,8.199999809265137,7.980000019073486,8.0,8.0,123000,OSPN
2013-01-16,7.989999771118164,8.0,7.889999866485596,7.900000095367432,7.900000095367432,57900,OSPN
2013-01-17,7.949999809265137,8.0,7.869999885559082,7.880000114440918,7.880000114440918,99000,OSPN
2013-01-18,7.900000095367432,7.900000095367432,7.739999771118164,7.760000228881836,7.760000228881836,87100,OSPN
2013-01-22,7.789999961853027,8.050000190734863,7.760000228881836,7.980000019073486,7.980000019073486,166400,OSPN
2013-01-23,7.989999771118164,7.989999771118164,7.829999923706055,7.849999904632568,7.849999904632568,68500,OSPN
2013-01-24,7.849999904632568,8.020000457763672,7.809999942779541,7.849999904632568,7.849999904632568,107800,OSPN
2013-01-25,7.889999866485596,7.900000095367432,7.75,7.78000020980835,7.78000020980835,101000,OSPN
2013-01-28,7.78000020980835,7.949999809265137,7.769999980926514,7.940000057220459,7.940000057220459,181700,OSPN
2013-01-29,7.949999809265137,8.0,7.849999904632568,7.960000038146973,7.960000038146973,158600,OSPN
2013-01-30,7.900000095367432,7.96999979019165,7.809999942779541,7.869999885559082,7.869999885559082,93200,OSPN
2013-01-31,7.880000114440918,8.149999618530273,7.880000114440918,8.100000381469727,8.100000381469727,146600,OSPN
2013-02-01,8.170000076293945,8.25,8.050000190734863,8.149999618530273,8.149999618530273,72000,OSPN
2013-02-04,8.039999961853027,8.100000381469727,7.71999979019165,7.739999771118164,7.739999771118164,123200,OSPN
2013-02-05,7.739999771118164,7.900000095367432,7.739999771118164,7.829999923706055,7.829999923706055,99700,OSPN
2013-02-06,7.809999942779541,7.809999942779541,7.630000114440918,7.699999809265137,7.699999809265137,101700,OSPN
2013-02-07,7.71999979019165,7.840000152587891,7.599999904632568,7.650000095367432,7.650000095367432,137600,OSPN
2013-02-08,7.659999847412109,7.739999771118164,7.579999923706055,7.619999885559082,7.619999885559082,42800,OSPN
2013-02-11,7.619999885559082,7.670000076293945,7.570000171661377,7.659999847412109,7.659999847412109,53500,OSPN
2013-02-12,7.659999847412109,7.769999980926514,7.639999866485596,7.659999847412109,7.659999847412109,104800,OSPN
2013-02-13,7.679999828338623,7.789999961853027,7.579999923706055,7.78000020980835,7.78000020980835,252300,OSPN
2013-02-14,7.769999980926514,8.079999923706055,7.769999980926514,8.079999923706055,8.079999923706055,83800,OSPN
2013-02-15,8.100000381469727,8.220000267028809,8.029999732971191,8.220000267028809,8.220000267028809,94700,OSPN
2013-02-19,8.220000267028809,8.390000343322754,8.199999809265137,8.329999923706055,8.329999923706055,215100,OSPN
2013-02-20,8.3100004196167,8.430000305175781,8.15999984741211,8.1899995803833,8.1899995803833,161600,OSPN
2013-02-21,7.849999904632568,8.010000228881836,7.360000133514404,7.78000020980835,7.78000020980835,321400,OSPN
2013-02-22,7.960000038146973,8.380000114440918,7.920000076293945,8.270000457763672,8.270000457763672,182900,OSPN
2013-02-25,8.34000015258789,8.5600004196167,8.260000228881836,8.300000190734863,8.300000190734863,129400,OSPN
2013-02-26,8.279999732971191,8.430000305175781,8.239999771118164,8.289999961853027,8.289999961853027,111900,OSPN
2013-02-27,8.289999961853027,8.449999809265137,8.289999961853027,8.329999923706055,8.329999923706055,69700,OSPN
2013-02-28,8.329999923706055,8.390000343322754,8.239999771118164,8.270000457763672,8.270000457763672,83700,OSPN
2013-03-01,8.1899995803833,8.319999694824219,8.170000076293945,8.3100004196167,8.3100004196167,95900,OSPN
2013-03-04,8.25,8.640000343322754,8.180000305175781,8.609999656677246,8.609999656677246,149600,OSPN
2013-03-05,8.699999809265137,8.800000190734863,8.6899995803833,8.75,8.75,114400,OSPN
2013-03-06,8.75,8.779999732971191,8.5,8.609999656677246,8.609999656677246,66000,OSPN
2013-03-07,8.59000015258789,8.720000267028809,8.460000038146973,8.699999809265137,8.699999809265137,59500,OSPN
2013-03-08,8.770000457763672,8.789999961853027,8.680000305175781,8.720000267028809,8.720000267028809,47400,OSPN
2013-03-11,8.65999984741211,8.75,8.34000015258789,8.380000114440918,8.380000114440918,137900,OSPN
2013-03-12,8.380000114440918,8.5,8.300000190734863,8.319999694824219,8.319999694824219,62400,OSPN
2013-03-13,8.34000015258789,8.449999809265137,8.300000190734863,8.399999618530273,8.399999618530273,142500,OSPN
2013-03-14,8.399999618530273,8.449999809265137,8.300000190734863,8.430000305175781,8.430000305175781,134000,OSPN
2013-03-15,8.449999809265137,8.449999809265137,8.329999923706055,8.369999885559082,8.369999885559082,214400,OSPN
2013-03-18,8.279999732971191,8.569999694824219,8.260000228881836,8.420000076293945,8.420000076293945,104900,OSPN
2013-03-19,8.470000267028809,8.470000267028809,8.25,8.289999961853027,8.289999961853027,80300,OSPN
2013-03-20,8.289999961853027,8.34000015258789,8.239999771118164,8.319999694824219,8.319999694824219,65300,OSPN
2013-03-21,8.279999732971191,8.5,8.279999732971191,8.449999809265137,8.449999809265137,135900,OSPN
2013-03-22,8.470000267028809,8.5,8.399999618530273,8.449999809265137,8.449999809265137,42600,OSPN
2013-03-25,8.4399995803833,8.479999542236328,8.359999656677246,8.430000305175781,8.430000305175781,100300,OSPN
2013-03-26,8.4399995803833,8.449999809265137,8.399999618530273,8.4399995803833,8.4399995803833,84600,OSPN
2013-03-27,8.399999618530273,8.460000038146973,8.399999618530273,8.460000038146973,8.460000038146973,45500,OSPN
2013-03-28,8.449999809265137,8.489999771118164,8.399999618530273,8.4399995803833,8.4399995803833,81900,OSPN
2013-04-01,8.420000076293945,8.4399995803833,8.369999885559082,8.430000305175781,8.430000305175781,82500,OSPN
2013-04-02,8.479999542236328,8.569999694824219,8.40999984741211,8.449999809265137,8.449999809265137,77000,OSPN
2013-04-03,8.4399995803833,8.479999542236328,8.380000114440918,8.380000114440918,8.380000114440918,72800,OSPN
2013-04-04,8.369999885559082,8.390000343322754,8.289999961853027,8.380000114440918,8.380000114440918,114700,OSPN
2013-04-05,8.229999542236328,8.399999618530273,8.149999618530273,8.369999885559082,8.369999885559082,106600,OSPN
2013-04-08,8.350000381469727,8.350000381469727,8.260000228881836,8.34000015258789,8.34000015258789,92700,OSPN
2013-04-09,8.289999961853027,8.319999694824219,8.170000076293945,8.25,8.25,87300,OSPN
2013-04-10,8.260000228881836,8.449999809265137,8.260000228881836,8.449999809265137,8.449999809265137,86700,OSPN
2013-04-11,8.40999984741211,8.430000305175781,8.270000457763672,8.380000114440918,8.380000114440918,84200,OSPN
2013-04-12,8.3100004196167,8.369999885559082,8.25,8.279999732971191,8.279999732971191,62400,OSPN
2013-04-15,8.220000267028809,8.300000190734863,8.050000190734863,8.109999656677246,8.109999656677246,129700,OSPN
2013-04-16,8.170000076293945,8.4399995803833,8.119999885559082,8.430000305175781,8.430000305175781,79200,OSPN
2013-04-17,8.369999885559082,8.5,8.050000190734863,8.239999771118164,8.239999771118164,213900,OSPN
2013-04-18,8.279999732971191,8.279999732971191,7.869999885559082,8.180000305175781,8.180000305175781,285500,OSPN
2013-04-19,8.149999618530273,8.34000015258789,8.109999656677246,8.3100004196167,8.3100004196167,110700,OSPN
2013-04-22,8.3100004196167,8.34000015258789,8.09000015258789,8.15999984741211,8.15999984741211,85100,OSPN
2013-04-23,8.220000267028809,8.420000076293945,7.980000019073486,8.390000343322754,8.390000343322754,72600,OSPN
2013-04-24,8.390000343322754,8.489999771118164,8.350000381469727,8.4399995803833,8.4399995803833,53600,OSPN
2013-04-25,8.600000381469727,8.739999771118164,8.25,8.510000228881836,8.510000228881836,103800,OSPN
2013-04-26,8.4399995803833,8.460000038146973,8.319999694824219,8.420000076293945,8.420000076293945,107200,OSPN
2013-04-29,8.489999771118164,8.670000076293945,8.350000381469727,8.640000343322754,8.640000343322754,95100,OSPN
2013-04-30,8.6899995803833,8.6899995803833,8.460000038146973,8.510000228881836,8.510000228881836,144500,OSPN
2013-05-01,8.460000038146973,8.479999542236328,8.220000267028809,8.25,8.25,215700,OSPN
2013-05-02,8.329999923706055,8.380000114440918,8.239999771118164,8.34000015258789,8.34000015258789,67700,OSPN
2013-05-03,8.460000038146973,8.539999961853027,8.420000076293945,8.5,8.5,53100,OSPN
2013-05-06,8.479999542236328,8.5600004196167,8.399999618530273,8.460000038146973,8.460000038146973,37700,OSPN
2013-05-07,8.5,8.5,8.369999885559082,8.479999542236328,8.479999542236328,56100,OSPN
2013-05-08,8.460000038146973,8.489999771118164,8.369999885559082,8.4399995803833,8.4399995803833,47100,OSPN
2013-05-09,8.399999618530273,8.510000228881836,8.350000381469727,8.489999771118164,8.489999771118164,41900,OSPN
2013-05-10,8.529999732971191,8.539999961853027,8.380000114440918,8.4399995803833,8.4399995803833,42300,OSPN
2013-05-13,8.399999618530273,8.420000076293945,8.3100004196167,8.380000114440918,8.380000114440918,60500,OSPN
2013-05-14,8.350000381469727,8.520000457763672,8.350000381469727,8.5,8.5,67200,OSPN
2013-05-15,8.5,8.569999694824219,8.449999809265137,8.5600004196167,8.5600004196167,68000,OSPN
2013-05-16,8.529999732971191,8.609999656677246,8.510000228881836,8.59000015258789,8.59000015258789,41600,OSPN
2013-05-17,8.600000381469727,8.649999618530273,8.550000190734863,8.649999618530273,8.649999618530273,89600,OSPN
2013-05-20,8.59000015258789,8.770000457763672,8.59000015258789,8.65999984741211,8.65999984741211,73000,OSPN
2013-05-21,8.649999618530273,8.710000038146973,8.529999732971191,8.649999618530273,8.649999618530273,52500,OSPN
2013-05-22,8.640000343322754,8.779999732971191,8.300000190734863,8.34000015258789,8.34000015258789,109800,OSPN
2013-05-23,8.34000015258789,8.550000190734863,8.3100004196167,8.460000038146973,8.460000038146973,75500,OSPN
2013-05-24,8.420000076293945,8.529999732971191,8.300000190734863,8.449999809265137,8.449999809265137,103500,OSPN
2013-05-28,8.5600004196167,8.699999809265137,8.539999961853027,8.600000381469727,8.600000381469727,66200,OSPN
2013-05-29,8.5600004196167,8.600000381469727,8.390000343322754,8.4399995803833,8.4399995803833,54400,OSPN
2013-05-30,8.449999809265137,8.569999694824219,8.449999809265137,8.520000457763672,8.520000457763672,33900,OSPN
2013-05-31,8.430000305175781,8.569999694824219,8.369999885559082,8.380000114440918,8.380000114440918,168600,OSPN
2013-06-03,8.399999618530273,8.630000114440918,8.380000114440918,8.579999923706055,8.579999923706055,136700,OSPN
2013-06-04,8.619999885559082,8.630000114440918,8.279999732971191,8.369999885559082,8.369999885559082,70100,OSPN
2013-06-05,8.369999885559082,8.369999885559082,8.25,8.25,8.25,58600,OSPN
2013-06-06,8.25,8.420000076293945,8.210000038146973,8.399999618530273,8.399999618530273,58900,OSPN
2013-06-07,8.479999542236328,8.489999771118164,8.279999732971191,8.420000076293945,8.420000076293945,30100,OSPN
2013-06-10,8.430000305175781,8.430000305175781,8.25,8.350000381469727,8.350000381469727,46100,OSPN
2013-06-11,8.220000267028809,8.350000381469727,8.220000267028809,8.25,8.25,38400,OSPN
2013-06-12,8.25,8.329999923706055,8.25,8.300000190734863,8.300000190734863,42300,OSPN
2013-06-13,8.300000190734863,8.489999771118164,8.300000190734863,8.489999771118164,8.489999771118164,41300,OSPN
2013-06-14,8.4399995803833,8.470000267028809,8.220000267028809,8.300000190734863,8.300000190734863,33600,OSPN
2013-06-17,8.369999885559082,8.369999885559082,8.229999542236328,8.3100004196167,8.3100004196167,56300,OSPN
2013-06-18,8.350000381469727,8.449999809265137,8.3100004196167,8.34000015258789,8.34000015258789,43200,OSPN
2013-06-19,8.3100004196167,8.380000114440918,8.25,8.319999694824219,8.319999694824219,33400,OSPN
2013-06-20,8.210000038146973,8.319999694824219,8.210000038146973,8.25,8.25,102000,OSPN
2013-06-21,8.279999732971191,8.279999732971191,8.180000305175781,8.260000228881836,8.260000228881836,209100,OSPN
2013-06-24,8.15999984741211,8.260000228881836,8.140000343322754,8.149999618530273,8.149999618530273,186700,OSPN
2013-06-25,8.239999771118164,8.329999923706055,8.180000305175781,8.319999694824219,8.319999694824219,100900,OSPN
2013-06-26,8.369999885559082,8.369999885559082,8.239999771118164,8.260000228881836,8.260000228881836,58600,OSPN
2013-06-27,8.270000457763672,8.350000381469727,8.270000457763672,8.3100004196167,8.3100004196167,36900,OSPN
2013-06-28,8.260000228881836,8.34000015258789,8.25,8.3100004196167,8.3100004196167,136700,OSPN
2013-07-01,8.289999961853027,8.699999809265137,8.270000457763672,8.65999984741211,8.65999984741211,113300,OSPN
2013-07-02,8.630000114440918,8.670000076293945,8.489999771118164,8.609999656677246,8.609999656677246,71800,OSPN
2013-07-03,8.539999961853027,8.699999809265137,8.420000076293945,8.630000114440918,8.630000114440918,34800,OSPN
2013-07-05,8.649999618530273,8.649999618530273,8.460000038146973,8.630000114440918,8.630000114440918,92100,OSPN
2013-07-08,8.630000114440918,8.699999809265137,8.430000305175781,8.699999809265137,8.699999809265137,43500,OSPN
2013-07-09,8.729999542236328,8.800000190734863,8.619999885559082,8.800000190734863,8.800000190734863,52400,OSPN
2013-07-10,8.819999694824219,8.890000343322754,8.760000228881836,8.869999885559082,8.869999885559082,59300,OSPN
2013-07-11,8.899999618530273,8.979999542236328,8.890000343322754,8.9399995803833,8.9399995803833,90200,OSPN
2013-07-12,8.899999618530273,9.050000190734863,8.869999885559082,8.960000038146973,8.960000038146973,48900,OSPN
2013-07-15,8.949999809265137,8.960000038146973,8.829999923706055,8.920000076293945,8.920000076293945,45200,OSPN
2013-07-16,8.899999618530273,8.970000267028809,8.850000381469727,8.9399995803833,8.9399995803833,48900,OSPN
2013-07-17,8.90999984741211,8.949999809265137,8.880000114440918,8.899999618530273,8.899999618530273,35600,OSPN
2013-07-18,8.899999618530273,8.899999618530273,8.8100004196167,8.84000015258789,8.84000015258789,35700,OSPN
2013-07-19,8.819999694824219,8.819999694824219,8.75,8.770000457763672,8.770000457763672,39200,OSPN
2013-07-22,8.75,8.850000381469727,8.699999809265137,8.8100004196167,8.8100004196167,40700,OSPN
2013-07-23,8.819999694824219,8.850000381469727,8.699999809265137,8.739999771118164,8.739999771118164,37300,OSPN
2013-07-24,8.739999771118164,8.800000190734863,8.699999809265137,8.800000190734863,8.800000190734863,69400,OSPN
2013-07-25,8.5600004196167,8.5600004196167,7.860000133514404,8.25,8.25,226200,OSPN
2013-07-26,8.199999809265137,8.25,8.149999618530273,8.229999542236328,8.229999542236328,115900,OSPN
2013-07-29,8.180000305175781,8.270000457763672,8.180000305175781,8.210000038146973,8.210000038146973,65100,OSPN
2013-07-30,8.220000267028809,8.270000457763672,8.210000038146973,8.25,8.25,72000,OSPN
2013-07-31,8.229999542236328,8.289999961853027,8.130000114440918,8.229999542236328,8.229999542236328,90300,OSPN
2013-08-01,8.34000015258789,8.34000015258789,8.170000076293945,8.210000038146973,8.210000038146973,70200,OSPN
2013-08-02,8.180000305175781,8.239999771118164,8.15999984741211,8.199999809265137,8.199999809265137,67500,OSPN
2013-08-05,8.15999984741211,8.220000267028809,8.149999618530273,8.210000038146973,8.210000038146973,49600,OSPN
2013-08-06,8.199999809265137,8.399999618530273,8.180000305175781,8.199999809265137,8.199999809265137,75100,OSPN
2013-08-07,8.15999984741211,8.180000305175781,8.050000190734863,8.140000343322754,8.140000343322754,103900,OSPN
2013-08-08,8.199999809265137,8.199999809265137,8.100000381469727,8.149999618530273,8.149999618530273,66300,OSPN
2013-08-09,8.140000343322754,8.170000076293945,8.079999923706055,8.130000114440918,8.130000114440918,44100,OSPN
2013-08-12,8.130000114440918,8.210000038146973,8.119999885559082,8.199999809265137,8.199999809265137,59900,OSPN
2013-08-13,8.180000305175781,8.1899995803833,8.100000381469727,8.180000305175781,8.180000305175781,35500,OSPN
2013-08-14,8.199999809265137,8.25,8.119999885559082,8.130000114440918,8.130000114440918,76000,OSPN
2013-08-15,8.069999694824219,8.119999885559082,7.989999771118164,8.010000228881836,8.010000228881836,159400,OSPN
2013-08-16,7.96999979019165,8.079999923706055,7.909999847412109,8.010000228881836,8.010000228881836,147000,OSPN
2013-08-19,8.029999732971191,8.119999885559082,7.900000095367432,7.929999828338623,7.929999828338623,78800,OSPN
2013-08-20,7.96999979019165,8.029999732971191,7.920000076293945,8.010000228881836,8.010000228881836,70200,OSPN
2013-08-21,7.989999771118164,8.079999923706055,7.900000095367432,7.920000076293945,7.920000076293945,91500,OSPN
2013-08-22,7.96999979019165,8.119999885559082,7.96999979019165,8.100000381469727,8.100000381469727,34100,OSPN
2013-08-23,8.079999923706055,8.130000114440918,7.929999828338623,8.0600004196167,8.0600004196167,76000,OSPN
2013-08-26,8.09000015258789,8.170000076293945,8.029999732971191,8.0600004196167,8.0600004196167,57600,OSPN
2013-08-27,7.980000019073486,8.039999961853027,7.809999942779541,7.909999847412109,7.909999847412109,113100,OSPN
2013-08-28,7.940000057220459,8.039999961853027,7.860000133514404,7.860000133514404,7.860000133514404,60800,OSPN
2013-08-29,7.869999885559082,7.960000038146973,7.869999885559082,7.949999809265137,7.949999809265137,60300,OSPN
2013-08-30,7.960000038146973,7.960000038146973,7.78000020980835,7.900000095367432,7.900000095367432,108200,OSPN
2013-09-03,7.989999771118164,8.0600004196167,7.989999771118164,8.029999732971191,8.029999732971191,86600,OSPN
2013-09-04,8.020000457763672,8.069999694824219,7.900000095367432,8.020000457763672,8.020000457763672,73600,OSPN
2013-09-05,8.010000228881836,8.079999923706055,7.96999979019165,7.96999979019165,7.96999979019165,38600,OSPN
2013-09-06,8.010000228881836,8.069999694824219,7.900000095367432,7.96999979019165,7.96999979019165,44000,OSPN
2013-09-09,8.0,8.100000381469727,8.0,8.079999923706055,8.079999923706055,75200,OSPN
2013-09-10,8.100000381469727,8.100000381469727,7.960000038146973,7.989999771118164,7.989999771118164,113600,OSPN
2013-09-11,7.989999771118164,8.039999961853027,7.929999828338623,7.949999809265137,7.949999809265137,70000,OSPN
2013-09-12,7.960000038146973,7.980000019073486,7.920000076293945,7.920000076293945,7.920000076293945,41800,OSPN
2013-09-13,7.940000057220459,8.0,7.900000095367432,7.960000038146973,7.960000038146973,58900,OSPN
2013-09-16,7.989999771118164,8.0,7.860000133514404,7.880000114440918,7.880000114440918,81800,OSPN
2013-09-17,7.880000114440918,7.980000019073486,7.860000133514404,7.96999979019165,7.96999979019165,129100,OSPN
2013-09-18,7.929999828338623,8.039999961853027,7.929999828338623,8.0,8.0,55000,OSPN
2013-09-19,8.0,8.069999694824219,7.829999923706055,7.889999866485596,7.889999866485596,51600,OSPN
2013-09-20,7.900000095367432,8.039999961853027,7.900000095367432,8.020000457763672,8.020000457763672,173800,OSPN
2013-09-23,7.980000019073486,8.039999961853027,7.900000095367432,7.989999771118164,7.989999771118164,68300,OSPN
2013-09-24,7.980000019073486,8.0,7.849999904632568,8.0,8.0,101500,OSPN
2013-09-25,7.989999771118164,8.09000015258789,7.949999809265137,7.96999979019165,7.96999979019165,73500,OSPN
2013-09-26,7.96999979019165,8.050000190734863,7.889999866485596,7.960000038146973,7.960000038146973,40000,OSPN
2013-09-27,7.889999866485596,7.929999828338623,7.869999885559082,7.900000095367432,7.900000095367432,42700,OSPN
2013-09-30,7.849999904632568,7.900000095367432,7.789999961853027,7.889999866485596,7.889999866485596,96600,OSPN
2013-10-01,7.900000095367432,7.989999771118164,7.869999885559082,7.949999809265137,7.949999809265137,82400,OSPN
2013-10-02,7.889999866485596,7.989999771118164,7.840000152587891,7.889999866485596,7.889999866485596,60200,OSPN
2013-10-03,7.849999904632568,7.900000095367432,7.78000020980835,7.800000190734863,7.800000190734863,83400,OSPN
2013-10-04,7.760000228881836,7.869999885559082,7.760000228881836,7.820000171661377,7.820000171661377,69000,OSPN
2013-10-07,7.75,7.849999904632568,7.730000019073486,7.75,7.75,46700,OSPN
2013-10-08,7.739999771118164,7.869999885559082,7.739999771118164,7.789999961853027,7.789999961853027,97800,OSPN
2013-10-09,7.800000190734863,7.800000190734863,7.71999979019165,7.789999961853027,7.789999961853027,59200,OSPN
2013-10-10,7.860000133514404,7.860000133514404,7.75,7.789999961853027,7.789999961853027,56700,OSPN
2013-10-11,7.75,7.889999866485596,7.75,7.880000114440918,7.880000114440918,70900,OSPN
2013-10-14,7.820000171661377,7.880000114440918,7.800000190734863,7.829999923706055,7.829999923706055,98800,OSPN
2013-10-15,7.800000190734863,7.849999904632568,7.760000228881836,7.800000190734863,7.800000190734863,100000,OSPN
2013-10-16,7.699999809265137,7.739999771118164,7.329999923706055,7.550000190734863,7.550000190734863,182200,OSPN
2013-10-17,7.46999979019165,7.550000190734863,7.449999809265137,7.510000228881836,7.510000228881836,117400,OSPN
2013-10-18,7.489999771118164,7.579999923706055,7.46999979019165,7.53000020980835,7.53000020980835,161900,OSPN
2013-10-21,7.519999980926514,7.579999923706055,7.46999979019165,7.489999771118164,7.489999771118164,89700,OSPN
2013-10-22,7.5,7.650000095367432,7.5,7.619999885559082,7.619999885559082,109300,OSPN
2013-10-23,7.599999904632568,7.659999847412109,7.550000190734863,7.619999885559082,7.619999885559082,108000,OSPN
2013-10-24,7.650000095367432,7.869999885559082,7.650000095367432,7.670000076293945,7.670000076293945,59300,OSPN
2013-10-25,7.699999809265137,7.789999961853027,7.659999847412109,7.78000020980835,7.78000020980835,74900,OSPN
2013-10-28,7.75,7.78000020980835,7.650000095367432,7.71999979019165,7.71999979019165,72500,OSPN
2013-10-29,7.730000019073486,7.78000020980835,7.599999904632568,7.670000076293945,7.670000076293945,162500,OSPN
2013-10-30,7.650000095367432,7.679999828338623,7.489999771118164,7.539999961853027,7.539999961853027,136400,OSPN
2013-10-31,7.539999961853027,7.579999923706055,7.5,7.510000228881836,7.510000228881836,172400,OSPN
2013-11-01,7.550000190734863,7.630000114440918,7.480000019073486,7.510000228881836,7.510000228881836,162500,OSPN
2013-11-04,7.510000228881836,7.510000228881836,7.420000076293945,7.460000038146973,7.460000038146973,130800,OSPN
2013-11-05,7.429999828338623,7.449999809265137,7.380000114440918,7.389999866485596,7.389999866485596,90300,OSPN
2013-11-06,7.409999847412109,7.449999809265137,7.360000133514404,7.389999866485596,7.389999866485596,97700,OSPN
2013-11-07,7.420000076293945,7.440000057220459,7.329999923706055,7.349999904632568,7.349999904632568,77800,OSPN
2013-11-08,7.340000152587891,7.429999828338623,7.340000152587891,7.400000095367432,7.400000095367432,90700,OSPN
2013-11-11,7.380000114440918,7.400000095367432,7.320000171661377,7.349999904632568,7.349999904632568,75600,OSPN
2013-11-12,7.360000133514404,7.380000114440918,7.260000228881836,7.380000114440918,7.380000114440918,84600,OSPN
2013-11-13,7.360000133514404,7.389999866485596,7.289999961853027,7.380000114440918,7.380000114440918,94500,OSPN
2013-11-14,7.349999904632568,7.380000114440918,7.230000019073486,7.340000152587891,7.340000152587891,89200,OSPN
2013-11-15,7.320000171661377,7.380000114440918,7.260000228881836,7.380000114440918,7.380000114440918,91500,OSPN
2013-11-18,7.380000114440918,7.380000114440918,7.300000190734863,7.309999942779541,7.309999942779541,47200,OSPN
2013-11-19,7.329999923706055,7.360000133514404,7.239999771118164,7.25,7.25,27100,OSPN
2013-11-20,7.300000190734863,7.300000190734863,7.190000057220459,7.199999809265137,7.199999809265137,38200,OSPN
2013-11-21,7.21999979019165,7.380000114440918,7.190000057220459,7.360000133514404,7.360000133514404,63700,OSPN
2013-11-22,7.380000114440918,7.409999847412109,7.260000228881836,7.400000095367432,7.400000095367432,68900,OSPN
2013-11-25,7.409999847412109,7.53000020980835,7.360000133514404,7.53000020980835,7.53000020980835,69100,OSPN
2013-11-26,7.550000190734863,7.650000095367432,7.480000019073486,7.599999904632568,7.599999904632568,55800,OSPN
2013-11-27,7.579999923706055,7.71999979019165,7.539999961853027,7.679999828338623,7.679999828338623,28100,OSPN
2013-11-29,7.699999809265137,7.75,7.679999828338623,7.699999809265137,7.699999809265137,34500,OSPN
2013-12-02,7.679999828338623,7.679999828338623,7.559999942779541,7.599999904632568,7.599999904632568,96700,OSPN
2013-12-03,7.570000171661377,7.690000057220459,7.389999866485596,7.639999866485596,7.639999866485596,60500,OSPN
2013-12-04,7.590000152587891,7.690000057220459,7.559999942779541,7.679999828338623,7.679999828338623,78500,OSPN
2013-12-05,7.659999847412109,7.769999980926514,7.489999771118164,7.739999771118164,7.739999771118164,49000,OSPN
2013-12-06,7.78000020980835,7.840000152587891,7.550000190734863,7.739999771118164,7.739999771118164,56400,OSPN
2013-12-09,7.710000038146973,7.769999980926514,7.670000076293945,7.75,7.75,101300,OSPN
2013-12-10,7.71999979019165,7.789999961853027,7.670000076293945,7.699999809265137,7.699999809265137,142900,OSPN
2013-12-11,6.940000057220459,7.769999980926514,6.940000057220459,7.730000019073486,7.730000019073486,174800,OSPN
2013-12-12,7.760000228881836,7.760000228881836,7.550000190734863,7.570000171661377,7.570000171661377,66800,OSPN
2013-12-13,7.550000190734863,7.599999904632568,7.46999979019165,7.46999979019165,7.46999979019165,47700,OSPN
2013-12-16,7.46999979019165,7.96999979019165,7.46999979019165,7.909999847412109,7.909999847412109,95400,OSPN
2013-12-17,7.909999847412109,7.909999847412109,7.730000019073486,7.789999961853027,7.789999961853027,32800,OSPN
2013-12-18,7.809999942779541,7.920000076293945,7.75,7.909999847412109,7.909999847412109,61300,OSPN
2013-12-19,7.880000114440918,7.880000114440918,7.75,7.769999980926514,7.769999980926514,53600,OSPN
2013-12-20,7.800000190734863,8.029999732971191,7.710000038146973,7.909999847412109,7.909999847412109,332200,OSPN
2013-12-23,7.909999847412109,7.980000019073486,7.800000190734863,7.889999866485596,7.889999866485596,76500,OSPN
2013-12-24,8.09000015258789,8.09000015258789,7.760000228881836,8.020000457763672,8.020000457763672,60000,OSPN
2013-12-26,8.050000190734863,8.050000190734863,7.809999942779541,7.869999885559082,7.869999885559082,38700,OSPN
2013-12-27,7.889999866485596,7.920000076293945,7.809999942779541,7.849999904632568,7.849999904632568,36200,OSPN
2013-12-30,7.820000171661377,7.829999923706055,7.75,7.75,7.75,40600,OSPN
2013-12-31,7.75,7.829999923706055,7.710000038146973,7.730000019073486,7.730000019073486,79100,OSPN
2014-01-02,7.71999979019165,7.71999979019165,7.489999771118164,7.590000152587891,7.590000152587891,131800,OSPN
2014-01-03,7.579999923706055,7.71999979019165,7.550000190734863,7.670000076293945,7.670000076293945,116700,OSPN
2014-01-06,7.710000038146973,7.78000020980835,7.699999809265137,7.739999771118164,7.739999771118164,77400,OSPN
2014-01-07,7.75,7.820000171661377,7.710000038146973,7.78000020980835,7.78000020980835,80300,OSPN
2014-01-08,7.75,7.829999923706055,7.71999979019165,7.769999980926514,7.769999980926514,137200,OSPN
2014-01-09,7.800000190734863,7.800000190734863,7.630000114440918,7.650000095367432,7.650000095367432,59900,OSPN
2014-01-10,7.25,7.690000057220459,7.25,7.579999923706055,7.579999923706055,51800,OSPN
2014-01-13,7.539999961853027,7.550000190734863,7.409999847412109,7.460000038146973,7.460000038146973,64300,OSPN
2014-01-14,7.460000038146973,7.670000076293945,7.309999942779541,7.579999923706055,7.579999923706055,109300,OSPN
2014-01-15,7.570000171661377,7.650000095367432,7.550000190734863,7.579999923706055,7.579999923706055,41200,OSPN
2014-01-16,7.53000020980835,7.610000133514404,7.53000020980835,7.579999923706055,7.579999923706055,65600,OSPN
2014-01-17,7.550000190734863,7.630000114440918,7.550000190734863,7.559999942779541,7.559999942779541,34300,OSPN
2014-01-21,6.800000190734863,7.789999961853027,6.800000190734863,7.739999771118164,7.739999771118164,83100,OSPN
2014-01-22,7.730000019073486,7.860000133514404,7.619999885559082,7.849999904632568,7.849999904632568,90500,OSPN
2014-01-23,7.789999961853027,7.869999885559082,7.579999923706055,7.860000133514404,7.860000133514404,69600,OSPN
2014-01-24,7.800000190734863,7.889999866485596,7.619999885559082,7.679999828338623,7.679999828338623,83700,OSPN
2014-01-27,7.71999979019165,7.71999979019165,7.449999809265137,7.480000019073486,7.480000019073486,69900,OSPN
2014-01-28,7.5,7.659999847412109,7.46999979019165,7.659999847412109,7.659999847412109,110400,OSPN
2014-01-29,7.579999923706055,7.650000095367432,7.449999809265137,7.480000019073486,7.480000019073486,64400,OSPN
2014-01-30,7.510000228881836,7.699999809265137,7.510000228881836,7.619999885559082,7.619999885559082,77800,OSPN
2014-01-31,7.46999979019165,7.670000076293945,7.420000076293945,7.46999979019165,7.46999979019165,71500,OSPN
2014-02-03,7.480000019073486,7.619999885559082,7.059999942779541,7.090000152587891,7.090000152587891,89900,OSPN
2014-02-04,7.059999942779541,7.210000038146973,7.0,7.019999980926514,7.019999980926514,63200,OSPN
2014-02-05,7.010000228881836,7.070000171661377,6.869999885559082,7.0,7.0,55400,OSPN
2014-02-06,7.010000228881836,7.070000171661377,7.0,7.0,7.0,62400,OSPN
2014-02-07,7.0,7.050000190734863,6.809999942779541,6.929999828338623,6.929999828338623,99600,OSPN
2014-02-10,6.949999809265137,6.949999809265137,6.710000038146973,6.800000190734863,6.800000190734863,86500,OSPN
2014-02-11,6.78000020980835,6.78000020980835,6.610000133514404,6.630000114440918,6.630000114440918,104300,OSPN
2014-02-12,6.599999904632568,6.71999979019165,6.46999979019165,6.699999809265137,6.699999809265137,135800,OSPN
2014-02-13,6.699999809265137,6.800000190734863,6.690000057220459,6.75,6.75,79900,OSPN
2014-02-14,6.769999980926514,6.909999847412109,6.699999809265137,6.760000228881836,6.760000228881836,87100,OSPN
2014-02-18,7.789999961853027,8.75,7.5,8.40999984741211,8.40999984741211,952200,OSPN
2014-02-19,8.100000381469727,8.300000190734863,7.909999847412109,8.020000457763672,8.020000457763672,221000,OSPN
2014-02-20,8.0,8.15999984741211,7.869999885559082,8.069999694824219,8.069999694824219,185200,OSPN
2014-02-21,7.53000020980835,8.100000381469727,7.53000020980835,8.020000457763672,8.020000457763672,177800,OSPN
2014-02-24,7.989999771118164,8.069999694824219,7.860000133514404,7.989999771118164,7.989999771118164,122700,OSPN
2014-02-25,7.949999809265137,8.029999732971191,7.840000152587891,7.860000133514404,7.860000133514404,67000,OSPN
2014-02-26,7.900000095367432,8.09000015258789,7.809999942779541,8.039999961853027,8.039999961853027,134600,OSPN
2014-02-27,7.940000057220459,8.010000228881836,7.869999885559082,7.920000076293945,7.920000076293945,80500,OSPN
2014-02-28,8.0,8.020000457763672,7.920000076293945,7.980000019073486,7.980000019073486,130800,OSPN
2014-03-03,7.929999828338623,8.149999618530273,7.800000190734863,8.130000114440918,8.130000114440918,121500,OSPN
2014-03-04,8.1899995803833,8.649999618530273,8.170000076293945,8.359999656677246,8.359999656677246,202700,OSPN
2014-03-05,8.3100004196167,8.460000038146973,8.229999542236328,8.399999618530273,8.399999618530273,53500,OSPN
2014-03-06,8.460000038146973,8.59000015258789,8.25,8.329999923706055,8.329999923706055,53500,OSPN
2014-03-07,8.369999885559082,8.479999542236328,8.100000381469727,8.40999984741211,8.40999984741211,46600,OSPN
2014-03-10,8.369999885559082,8.390000343322754,8.15999984741211,8.220000267028809,8.220000267028809,34900,OSPN
2014-03-11,8.199999809265137,8.220000267028809,7.980000019073486,8.09000015258789,8.09000015258789,53800,OSPN
2014-03-12,8.050000190734863,8.210000038146973,8.0,8.1899995803833,8.1899995803833,36800,OSPN
2014-03-13,8.1899995803833,8.1899995803833,7.849999904632568,7.940000057220459,7.940000057220459,60900,OSPN
2014-03-14,7.940000057220459,8.069999694824219,7.840000152587891,7.960000038146973,7.960000038146973,38600,OSPN
2014-03-17,8.010000228881836,8.079999923706055,7.800000190734863,8.020000457763672,8.020000457763672,45200,OSPN
2014-03-18,8.0,8.140000343322754,7.869999885559082,8.119999885559082,8.119999885559082,41000,OSPN
2014-03-19,8.079999923706055,8.130000114440918,7.869999885559082,8.069999694824219,8.069999694824219,50500,OSPN
2014-03-20,8.029999732971191,8.0600004196167,7.929999828338623,8.029999732971191,8.029999732971191,38200,OSPN
2014-03-21,8.380000114440918,8.550000190734863,8.279999732971191,8.489999771118164,8.489999771118164,220200,OSPN
2014-03-24,8.489999771118164,8.489999771118164,8.100000381469727,8.289999961853027,8.289999961853027,83500,OSPN
2014-03-25,8.359999656677246,8.369999885559082,8.199999809265137,8.220000267028809,8.220000267028809,33800,OSPN
2014-03-26,8.3100004196167,8.3100004196167,7.840000152587891,7.840000152587891,7.840000152587891,93500,OSPN
2014-03-27,7.840000152587891,8.100000381469727,7.840000152587891,7.929999828338623,7.929999828338623,53100,OSPN
2014-03-28,7.900000095367432,8.100000381469727,7.769999980926514,7.820000171661377,7.820000171661377,49800,OSPN
2014-03-31,7.820000171661377,7.900000095367432,7.440000057220459,7.539999961853027,7.539999961853027,200000,OSPN
2014-04-01,7.579999923706055,7.849999904632568,7.579999923706055,7.829999923706055,7.829999923706055,92400,OSPN
2014-04-02,7.800000190734863,7.989999771118164,7.75,7.789999961853027,7.789999961853027,98100,OSPN
2014-04-03,7.789999961853027,7.96999979019165,7.599999904632568,7.739999771118164,7.739999771118164,75200,OSPN
2014-04-04,7.820000171661377,7.889999866485596,7.519999980926514,7.590000152587891,7.590000152587891,97000,OSPN
2014-04-07,7.539999961853027,7.650000095367432,7.400000095367432,7.610000133514404,7.610000133514404,153100,OSPN
2014-04-08,7.650000095367432,7.869999885559082,7.639999866485596,7.849999904632568,7.849999904632568,62500,OSPN
2014-04-09,7.900000095367432,8.0,7.71999979019165,7.96999979019165,7.96999979019165,43200,OSPN
2014-04-10,7.929999828338623,7.960000038146973,7.539999961853027,7.590000152587891,7.590000152587891,58600,OSPN
2014-04-11,7.5,7.659999847412109,7.420000076293945,7.5,7.5,56300,OSPN
2014-04-14,7.599999904632568,7.730000019073486,7.449999809265137,7.539999961853027,7.539999961853027,55400,OSPN
2014-04-15,7.559999942779541,7.789999961853027,7.420000076293945,7.739999771118164,7.739999771118164,86300,OSPN
2014-04-16,7.849999904632568,8.170000076293945,7.760000228881836,7.929999828338623,7.929999828338623,154600,OSPN
2014-04-17,8.0,8.140000343322754,7.769999980926514,7.96999979019165,7.96999979019165,91000,OSPN
2014-04-21,8.029999732971191,8.119999885559082,7.840000152587891,7.889999866485596,7.889999866485596,53100,OSPN
2014-04-22,7.940000057220459,8.25,7.900000095367432,8.0600004196167,8.0600004196167,110600,OSPN
2014-04-23,8.079999923706055,8.380000114440918,7.960000038146973,8.3100004196167,8.3100004196167,152000,OSPN
2014-04-24,8.899999618530273,9.479999542236328,8.65999984741211,9.390000343322754,9.390000343322754,1001600,OSPN
2014-04-25,9.9399995803833,11.180000305175781,9.649999618530273,11.170000076293945,11.170000076293945,2286700,OSPN
2014-04-28,10.649999618530273,11.050000190734863,10.350000381469727,10.899999618530273,10.899999618530273,1192100,OSPN
2014-04-29,10.75,10.989999771118164,10.34000015258789,10.699999809265137,10.699999809265137,466900,OSPN
2014-04-30,10.369999885559082,11.489999771118164,10.350000381469727,11.40999984741211,11.40999984741211,655100,OSPN
2014-05-01,11.399999618530273,11.779999732971191,11.220000267028809,11.600000381469727,11.600000381469727,620300,OSPN
2014-05-02,11.569999694824219,11.779999732971191,11.460000038146973,11.569999694824219,11.569999694824219,322600,OSPN
2014-05-05,11.529999732971191,12.329999923706055,11.25,12.069999694824219,12.069999694824219,363400,OSPN
2014-05-06,11.970000267028809,12.140000343322754,11.1899995803833,11.329999923706055,11.329999923706055,370600,OSPN
2014-05-07,11.3100004196167,11.399999618530273,11.050000190734863,11.25,11.25,239800,OSPN
2014-05-08,11.180000305175781,11.270000457763672,10.920000076293945,11.050000190734863,11.050000190734863,216600,OSPN
2014-05-09,11.0,11.210000038146973,10.760000228881836,10.850000381469727,10.850000381469727,339900,OSPN
2014-05-12,10.880000114440918,11.649999618530273,10.850000381469727,11.3100004196167,11.3100004196167,463400,OSPN
2014-05-13,11.300000190734863,11.300000190734863,10.979999542236328,11.149999618530273,11.149999618530273,235500,OSPN
2014-05-14,11.119999885559082,11.210000038146973,10.859999656677246,10.920000076293945,10.920000076293945,190700,OSPN
2014-05-15,10.84000015258789,11.0600004196167,10.75,10.9399995803833,10.9399995803833,173500,OSPN
2014-05-16,10.970000267028809,10.989999771118164,10.609999656677246,10.789999961853027,10.789999961853027,208600,OSPN
2014-05-19,10.65999984741211,10.9399995803833,10.619999885559082,10.800000190734863,10.800000190734863,139600,OSPN
2014-05-20,10.8100004196167,10.850000381469727,10.300000190734863,10.489999771118164,10.489999771118164,265000,OSPN
2014-05-21,10.5,10.859999656677246,10.449999809265137,10.649999618530273,10.649999618530273,208500,OSPN
2014-05-22,10.739999771118164,10.880000114440918,10.640000343322754,10.779999732971191,10.779999732971191,172500,OSPN
2014-05-23,10.760000228881836,11.550000190734863,10.680000305175781,11.5,11.5,251000,OSPN
2014-05-27,11.539999961853027,11.800000190734863,11.319999694824219,11.5,11.5,213200,OSPN
2014-05-28,11.5,11.649999618530273,11.350000381469727,11.399999618530273,11.399999618530273,175100,OSPN
2014-05-29,11.470000267028809,11.520000457763672,11.300000190734863,11.3100004196167,11.3100004196167,66700,OSPN
2014-05-30,11.359999656677246,11.359999656677246,10.789999961853027,11.149999618530273,11.149999618530273,220100,OSPN
2014-06-02,11.149999618530273,11.149999618530273,10.800000190734863,10.930000305175781,10.930000305175781,161600,OSPN
2014-06-03,10.850000381469727,10.90999984741211,10.510000228881836,10.699999809265137,10.699999809265137,160400,OSPN
2014-06-04,10.710000038146973,10.930000305175781,10.550000190734863,10.65999984741211,10.65999984741211,105600,OSPN
2014-06-05,10.739999771118164,11.050000190734863,10.569999694824219,10.960000038146973,10.960000038146973,179200,OSPN
2014-06-06,11.050000190734863,11.449999809265137,11.050000190734863,11.15999984741211,11.15999984741211,118200,OSPN
2014-06-09,11.100000381469727,11.1899995803833,10.729999542236328,10.890000343322754,10.890000343322754,134200,OSPN
2014-06-10,10.880000114440918,11.119999885559082,10.770000457763672,11.050000190734863,11.050000190734863,86300,OSPN
2014-06-11,10.949999809265137,11.09000015258789,10.880000114440918,10.949999809265137,10.949999809265137,66100,OSPN
2014-06-12,10.989999771118164,11.140000343322754,10.850000381469727,11.0,11.0,92600,OSPN
2014-06-13,11.010000228881836,12.390000343322754,10.869999885559082,12.069999694824219,12.069999694824219,712000,OSPN
2014-06-16,12.069999694824219,12.390000343322754,11.819999694824219,12.15999984741211,12.15999984741211,320600,OSPN
2014-06-17,12.079999923706055,13.149999618530273,12.020000457763672,12.760000228881836,12.760000228881836,461100,OSPN
2014-06-18,12.800000190734863,12.800000190734863,11.619999885559082,11.970000267028809,11.970000267028809,477600,OSPN
2014-06-19,11.930000305175781,12.199999809265137,11.779999732971191,11.850000381469727,11.850000381469727,218300,OSPN
2014-06-20,11.949999809265137,12.399999618530273,11.90999984741211,12.130000114440918,12.130000114440918,285000,OSPN
2014-06-23,12.130000114440918,12.180000305175781,11.75,11.970000267028809,11.970000267028809,163300,OSPN
2014-06-24,11.890000343322754,12.149999618530273,11.5600004196167,11.600000381469727,11.600000381469727,219300,OSPN
2014-06-25,11.579999923706055,11.90999984741211,11.369999885559082,11.880000114440918,11.880000114440918,147400,OSPN
2014-06-26,11.880000114440918,12.0,11.600000381469727,11.760000228881836,11.760000228881836,220100,OSPN
2014-06-27,11.649999618530273,11.829999923706055,11.649999618530273,11.75,11.75,547800,OSPN
2014-06-30,11.710000038146973,11.710000038146973,11.449999809265137,11.600000381469727,11.600000381469727,191000,OSPN
2014-07-01,11.670000076293945,12.350000381469727,11.65999984741211,12.119999885559082,12.119999885559082,269500,OSPN
2014-07-02,12.140000343322754,12.260000228881836,11.949999809265137,11.970000267028809,11.970000267028809,116200,OSPN
2014-07-03,11.949999809265137,12.069999694824219,11.739999771118164,11.890000343322754,11.890000343322754,67900,OSPN
2014-07-07,11.800000190734863,11.869999885559082,11.029999732971191,11.140000343322754,11.140000343322754,318700,OSPN
2014-07-08,11.140000343322754,11.180000305175781,10.6899995803833,10.90999984741211,10.90999984741211,466300,OSPN
2014-07-09,10.949999809265137,11.0600004196167,10.720000267028809,10.90999984741211,10.90999984741211,191800,OSPN
2014-07-10,10.6899995803833,11.0600004196167,10.600000381469727,10.920000076293945,10.920000076293945,153900,OSPN
2014-07-11,10.880000114440918,10.989999771118164,10.84000015258789,10.9399995803833,10.9399995803833,146300,OSPN
2014-07-14,11.020000457763672,11.260000228881836,10.859999656677246,11.1899995803833,11.1899995803833,172500,OSPN
2014-07-15,11.220000267028809,11.430000305175781,10.920000076293945,11.399999618530273,11.399999618530273,267200,OSPN
2014-07-16,11.460000038146973,11.789999961853027,11.399999618530273,11.739999771118164,11.739999771118164,291300,OSPN
2014-07-17,11.6899995803833,11.789999961853027,11.449999809265137,11.479999542236328,11.479999542236328,167500,OSPN
2014-07-18,11.4399995803833,11.890000343322754,11.4399995803833,11.75,11.75,180200,OSPN
2014-07-21,11.829999923706055,11.829999923706055,11.510000228881836,11.699999809265137,11.699999809265137,188700,OSPN
2014-07-22,11.789999961853027,12.460000038146973,11.75,12.130000114440918,12.130000114440918,291100,OSPN
2014-07-23,12.15999984741211,12.15999984741211,11.470000267028809,11.600000381469727,11.600000381469727,261600,OSPN
2014-07-24,13.220000267028809,14.100000381469727,13.020000457763672,13.300000190734863,13.300000190734863,2220600,OSPN
2014-07-25,13.3100004196167,13.5,12.859999656677246,13.09000015258789,13.09000015258789,509700,OSPN
2014-07-28,13.119999885559082,13.789999961853027,12.899999618530273,13.6899995803833,13.6899995803833,643000,OSPN
2014-07-29,13.699999809265137,13.819999694824219,13.619999885559082,13.729999542236328,13.729999542236328,609000,OSPN
2014-07-30,13.729999542236328,13.850000381469727,13.359999656677246,13.479999542236328,13.479999542236328,438000,OSPN
2014-07-31,13.329999923706055,13.720000267028809,13.260000228881836,13.569999694824219,13.569999694824219,481500,OSPN
2014-08-01,13.600000381469727,13.6899995803833,13.300000190734863,13.479999542236328,13.479999542236328,273400,OSPN
2014-08-04,13.520000457763672,14.359999656677246,13.479999542236328,14.229999542236328,14.229999542236328,993800,OSPN
2014-08-05,14.15999984741211,14.550000190734863,13.859999656677246,14.109999656677246,14.109999656677246,661500,OSPN
2014-08-06,13.960000038146973,14.59000015258789,13.960000038146973,14.239999771118164,14.239999771118164,450200,OSPN
2014-08-07,14.34000015258789,14.5,14.079999923706055,14.34000015258789,14.34000015258789,376300,OSPN
2014-08-08,14.350000381469727,14.6899995803833,14.140000343322754,14.420000076293945,14.420000076293945,524800,OSPN
2014-08-11,14.5,14.5,14.069999694824219,14.270000457763672,14.270000457763672,326300,OSPN
2014-08-12,14.199999809265137,14.470000267028809,14.199999809265137,14.430000305175781,14.430000305175781,305000,OSPN
2014-08-13,14.550000190734863,14.59000015258789,14.369999885559082,14.5,14.5,213700,OSPN
2014-08-14,14.479999542236328,14.520000457763672,14.279999732971191,14.34000015258789,14.34000015258789,192800,OSPN
2014-08-15,14.470000267028809,14.520000457763672,14.039999961853027,14.229999542236328,14.229999542236328,272500,OSPN
2014-08-18,14.3100004196167,14.529999732971191,14.119999885559082,14.5,14.5,346300,OSPN
2014-08-19,14.489999771118164,15.170000076293945,14.399999618530273,14.789999961853027,14.789999961853027,854100,OSPN
2014-08-20,14.789999961853027,14.829999923706055,14.119999885559082,14.420000076293945,14.420000076293945,388800,OSPN
2014-08-21,14.449999809265137,14.579999923706055,14.109999656677246,14.1899995803833,14.1899995803833,444000,OSPN
2014-08-22,14.130000114440918,14.449999809265137,14.130000114440918,14.260000228881836,14.260000228881836,252100,OSPN
2014-08-25,14.300000190734863,14.40999984741211,14.15999984741211,14.229999542236328,14.229999542236328,242300,OSPN
2014-08-26,14.199999809265137,14.430000305175781,14.199999809265137,14.319999694824219,14.319999694824219,324400,OSPN
2014-08-27,14.399999618530273,14.489999771118164,14.270000457763672,14.470000267028809,14.470000267028809,310600,OSPN
2014-08-28,14.449999809265137,14.470000267028809,14.039999961853027,14.109999656677246,14.109999656677246,337200,OSPN
2014-08-29,14.180000305175781,14.960000038146973,14.109999656677246,14.770000457763672,14.770000457763672,791900,OSPN
2014-09-02,14.630000114440918,15.4399995803833,14.5600004196167,15.270000457763672,15.270000457763672,780300,OSPN
2014-09-03,15.390000343322754,15.399999618530273,14.720000267028809,15.029999732971191,15.029999732971191,474600,OSPN
2014-09-04,15.09000015258789,16.079999923706055,15.09000015258789,15.619999885559082,15.619999885559082,633500,OSPN
2014-09-05,15.619999885559082,16.440000534057617,15.619999885559082,16.399999618530273,16.399999618530273,821900,OSPN
2014-09-08,16.84000015258789,17.6200008392334,16.639999389648438,17.110000610351562,17.110000610351562,1138800,OSPN
2014-09-09,17.350000381469727,17.360000610351562,16.299999237060547,16.729999542236328,16.729999542236328,647200,OSPN
2014-09-10,16.889999389648438,17.920000076293945,16.81999969482422,17.540000915527344,17.540000915527344,993500,OSPN
2014-09-11,17.469999313354492,18.010000228881836,16.860000610351562,17.690000534057617,17.690000534057617,803600,OSPN
2014-09-12,17.770000457763672,17.899999618530273,17.440000534057617,17.489999771118164,17.489999771118164,418400,OSPN
2014-09-15,17.030000686645508,17.610000610351562,16.510000228881836,17.09000015258789,17.09000015258789,745200,OSPN
2014-09-16,16.979999542236328,17.479999542236328,16.719999313354492,17.239999771118164,17.239999771118164,505600,OSPN
2014-09-17,17.280000686645508,18.149999618530273,17.280000686645508,17.68000030517578,17.68000030517578,604700,OSPN
2014-09-18,17.75,18.43000030517578,17.75,18.260000228881836,18.260000228881836,695400,OSPN
2014-09-19,18.5,19.309999465942383,17.719999313354492,19.1299991607666,19.1299991607666,1686600,OSPN
2014-09-22,19.149999618530273,19.790000915527344,19.010000228881836,19.540000915527344,19.540000915527344,1099800,OSPN
2014-09-23,19.600000381469727,19.770000457763672,19.040000915527344,19.09000015258789,19.09000015258789,677200,OSPN
2014-09-24,19.1200008392334,19.329999923706055,18.809999465942383,19.18000030517578,19.18000030517578,392000,OSPN
2014-09-25,19.190000534057617,19.299999237060547,17.440000534057617,18.239999771118164,18.239999771118164,916500,OSPN
2014-09-26,18.350000381469727,19.0,18.260000228881836,18.899999618530273,18.899999618530273,361200,OSPN
2014-09-29,18.549999237060547,18.969999313354492,18.059999465942383,18.780000686645508,18.780000686645508,394400,OSPN
2014-09-30,18.809999465942383,19.239999771118164,18.649999618530273,18.780000686645508,18.780000686645508,528000,OSPN
2014-10-01,18.75,18.75,17.899999618530273,18.40999984741211,18.40999984741211,452300,OSPN
2014-10-02,18.420000076293945,18.770000457763672,18.15999984741211,18.75,18.75,498000,OSPN
2014-10-03,19.0,20.549999237060547,19.0,20.209999084472656,20.209999084472656,1382900,OSPN
2014-10-06,21.209999084472656,21.219999313354492,19.31999969482422,19.479999542236328,19.479999542236328,1170400,OSPN
2014-10-07,19.280000686645508,19.600000381469727,18.6299991607666,19.149999618530273,19.149999618530273,629600,OSPN
2014-10-08,19.0,19.139999389648438,17.889999389648438,19.0,19.0,922400,OSPN
2014-10-09,19.0,19.0,18.219999313354492,18.360000610351562,18.360000610351562,499900,OSPN
2014-10-10,18.270000457763672,18.600000381469727,17.59000015258789,18.020000457763672,18.020000457763672,601000,OSPN
2014-10-13,18.0,18.010000228881836,16.729999542236328,17.56999969482422,17.56999969482422,1018300,OSPN
2014-10-14,17.56999969482422,18.610000610351562,17.309999465942383,18.350000381469727,18.350000381469727,606600,OSPN
2014-10-15,16.389999389648438,18.440000534057617,16.389999389648438,17.719999313354492,17.719999313354492,741900,OSPN
2014-10-16,17.200000762939453,18.270000457763672,17.06999969482422,18.219999313354492,18.219999313354492,515300,OSPN
2014-10-17,17.5,18.899999618530273,17.5,18.309999465942383,18.309999465942383,491700,OSPN
2014-10-20,18.399999618530273,18.770000457763672,18.020000457763672,18.229999542236328,18.229999542236328,343700,OSPN
2014-10-21,18.15999984741211,19.950000762939453,18.09000015258789,19.760000228881836,19.760000228881836,876300,OSPN
2014-10-22,19.739999771118164,19.75,18.68000030517578,18.729999542236328,18.729999542236328,489400,OSPN
2014-10-23,19.09000015258789,19.90999984741211,18.989999771118164,19.239999771118164,19.239999771118164,573000,OSPN
2014-10-24,19.299999237060547,19.399999618530273,18.809999465942383,19.270000457763672,19.270000457763672,456400,OSPN
2014-10-27,19.1200008392334,19.25,18.219999313354492,18.290000915527344,18.290000915527344,778000,OSPN
2014-10-28,21.1299991607666,24.34000015258789,21.010000228881836,23.729999542236328,23.729999542236328,4424400,OSPN
2014-10-29,23.950000762939453,24.889999389648438,23.200000762939453,24.809999465942383,24.809999465942383,1937100,OSPN
2014-10-30,24.68000030517578,25.549999237060547,24.350000381469727,24.790000915527344,24.790000915527344,1543000,OSPN
2014-10-31,24.790000915527344,25.65999984741211,24.700000762939453,25.31999969482422,25.31999969482422,751800,OSPN
2014-11-03,25.299999237060547,26.100000381469727,25.270000457763672,25.479999542236328,25.479999542236328,838900,OSPN
2014-11-04,25.399999618530273,26.049999237060547,24.790000915527344,25.799999237060547,25.799999237060547,681800,OSPN
2014-11-05,26.989999771118164,27.040000915527344,25.43000030517578,25.920000076293945,25.920000076293945,1438800,OSPN
2014-11-06,26.280000686645508,27.3799991607666,26.1200008392334,26.489999771118164,26.489999771118164,766100,OSPN
2014-11-07,26.56999969482422,26.75,25.93000030517578,26.6299991607666,26.6299991607666,590200,OSPN
2014-11-10,27.010000228881836,28.329999923706055,26.799999237060547,28.270000457763672,28.270000457763672,1244700,OSPN
2014-11-11,28.18000030517578,28.270000457763672,27.030000686645508,27.559999465942383,27.559999465942383,983400,OSPN
2014-11-12,27.209999084472656,27.489999771118164,25.5,26.40999984741211,26.40999984741211,1374800,OSPN
2014-11-13,26.6200008392334,27.950000762939453,26.6200008392334,27.219999313354492,27.219999313354492,986600,OSPN
2014-11-14,27.260000228881836,27.56999969482422,26.43000030517578,26.959999084472656,26.959999084472656,734600,OSPN
2014-11-17,26.860000610351562,27.549999237060547,26.709999084472656,26.90999984741211,26.90999984741211,593100,OSPN
2014-11-18,27.1200008392334,27.290000915527344,26.670000076293945,26.979999542236328,26.979999542236328,479100,OSPN
2014-11-19,26.68000030517578,27.0,26.049999237060547,26.420000076293945,26.420000076293945,589700,OSPN
2014-11-20,26.25,27.450000762939453,26.1200008392334,27.059999465942383,27.059999465942383,571200,OSPN
2014-11-21,27.559999465942383,27.809999465942383,26.690000534057617,26.760000228881836,26.760000228881836,637100,OSPN
2014-11-24,27.0,28.700000762939453,26.75,28.219999313354492,28.219999313354492,1037100,OSPN
2014-11-25,28.25,30.149999618530273,28.200000762939453,29.450000762939453,29.450000762939453,1478800,OSPN
2014-11-26,29.520000457763672,29.979999542236328,28.6200008392334,29.639999389648438,29.639999389648438,749000,OSPN
2014-11-28,29.979999542236328,30.600000381469727,29.450000762939453,29.799999237060547,29.799999237060547,614300,OSPN
2014-12-01,29.540000915527344,29.709999084472656,28.299999237060547,28.860000610351562,28.860000610351562,769900,OSPN
2014-12-02,28.860000610351562,30.049999237060547,28.5,30.0,30.0,1098300,OSPN
2014-12-03,30.190000534057617,30.190000534057617,29.010000228881836,29.049999237060547,29.049999237060547,705200,OSPN
2014-12-04,29.18000030517578,29.389999389648438,28.549999237060547,29.010000228881836,29.010000228881836,471300,OSPN
2014-12-05,29.309999465942383,29.540000915527344,28.90999984741211,29.149999618530273,29.149999618530273,509600,OSPN
2014-12-08,29.059999465942383,29.690000534057617,26.059999465942383,27.31999969482422,27.31999969482422,1410400,OSPN
2014-12-09,26.6299991607666,27.600000381469727,26.049999237060547,27.5,27.5,859200,OSPN
2014-12-10,27.899999618530273,29.170000076293945,27.59000015258789,28.020000457763672,28.020000457763672,1179900,OSPN
2014-12-11,28.309999465942383,29.190000534057617,27.68000030517578,27.780000686645508,27.780000686645508,656800,OSPN
2014-12-12,27.360000610351562,27.969999313354492,26.899999618530273,26.920000076293945,26.920000076293945,534800,OSPN
2014-12-15,26.68000030517578,27.889999389648438,25.010000228881836,26.139999389648438,26.139999389648438,1576600,OSPN
2014-12-16,25.600000381469727,26.459999084472656,25.309999465942383,25.34000015258789,25.34000015258789,886500,OSPN
2014-12-17,25.34000015258789,26.1200008392334,24.68000030517578,25.850000381469727,25.850000381469727,1356700,OSPN
2014-12-18,26.209999084472656,27.639999389648438,26.209999084472656,27.290000915527344,27.290000915527344,1097400,OSPN
2014-12-19,27.510000228881836,28.229999542236328,26.59000015258789,26.760000228881836,26.760000228881836,1764100,OSPN
2014-12-22,27.020000457763672,27.770000457763672,26.809999465942383,27.43000030517578,27.43000030517578,686100,OSPN
2014-12-23,27.649999618530273,27.649999618530273,26.40999984741211,27.350000381469727,27.350000381469727,592300,OSPN
2014-12-24,27.469999313354492,29.110000610351562,27.0,28.989999771118164,28.989999771118164,630300,OSPN
2014-12-26,29.260000228881836,29.540000915527344,28.600000381469727,29.200000762939453,29.200000762939453,534700,OSPN
2014-12-29,29.270000457763672,29.739999771118164,28.389999389648438,28.639999389648438,28.639999389648438,583800,OSPN
2014-12-30,28.440000534057617,28.670000076293945,27.540000915527344,27.81999969482422,27.81999969482422,431500,OSPN
2014-12-31,27.860000610351562,29.0,27.829999923706055,28.209999084472656,28.209999084472656,1061700,OSPN
2015-01-02,28.5,28.969999313354492,26.860000610351562,27.299999237060547,27.299999237060547,949200,OSPN
2015-01-05,27.200000762939453,27.950000762939453,26.510000228881836,27.1299991607666,27.1299991607666,963100,OSPN
2015-01-06,27.239999771118164,27.31999969482422,24.90999984741211,25.1299991607666,25.1299991607666,1626900,OSPN
2015-01-07,25.440000534057617,25.90999984741211,25.299999237060547,25.860000610351562,25.860000610351562,654500,OSPN
2015-01-08,26.299999237060547,26.709999084472656,25.81999969482422,26.40999984741211,26.40999984741211,922000,OSPN
2015-01-09,26.329999923706055,26.559999465942383,24.940000534057617,25.149999618530273,25.149999618530273,822000,OSPN
2015-01-12,25.15999984741211,25.3799991607666,23.200000762939453,24.209999084472656,24.209999084472656,1597200,OSPN
2015-01-13,24.34000015258789,24.739999771118164,22.43000030517578,22.940000534057617,22.940000534057617,1269800,OSPN
2015-01-14,22.899999618530273,24.420000076293945,22.350000381469727,23.68000030517578,23.68000030517578,1001700,OSPN
2015-01-15,23.700000762939453,23.950000762939453,21.40999984741211,21.579999923706055,21.579999923706055,1057700,OSPN
2015-01-16,21.520000457763672,22.81999969482422,21.329999923706055,22.690000534057617,22.690000534057617,1062500,OSPN
2015-01-20,23.0,23.09000015258789,22.049999237060547,22.920000076293945,22.920000076293945,869500,OSPN
2015-01-21,22.84000015258789,23.110000610351562,22.31999969482422,22.75,22.75,678100,OSPN
2015-01-22,22.809999465942383,22.979999542236328,21.809999465942383,22.90999984741211,22.90999984741211,587600,OSPN
2015-01-23,22.90999984741211,23.649999618530273,22.860000610351562,23.030000686645508,23.030000686645508,792100,OSPN
2015-01-26,22.850000381469727,22.969999313354492,21.549999237060547,21.940000534057617,21.940000534057617,1243800,OSPN
2015-01-27,21.520000457763672,22.020000457763672,21.110000610351562,21.780000686645508,21.780000686645508,796700,OSPN
2015-01-28,21.84000015258789,22.170000076293945,20.81999969482422,20.8700008392334,20.8700008392334,792100,OSPN
2015-01-29,21.0,22.739999771118164,20.959999084472656,22.639999389648438,22.639999389648438,970900,OSPN
2015-01-30,22.399999618530273,22.5,21.479999542236328,21.5,21.5,741100,OSPN
2015-02-02,21.5,22.0,21.149999618530273,21.739999771118164,21.739999771118164,485300,OSPN
2015-02-03,21.829999923706055,22.299999237060547,21.420000076293945,21.68000030517578,21.68000030517578,500400,OSPN
2015-02-04,21.459999084472656,22.530000686645508,21.459999084472656,22.030000686645508,22.030000686645508,575800,OSPN
2015-02-05,22.520000457763672,23.5,22.520000457763672,23.34000015258789,23.34000015258789,1092300,OSPN
2015-02-06,23.989999771118164,23.989999771118164,21.950000762939453,22.209999084472656,22.209999084472656,968500,OSPN
2015-02-09,22.020000457763672,23.06999969482422,21.860000610351562,22.989999771118164,22.989999771118164,868800,OSPN
2015-02-10,23.170000076293945,23.799999237060547,22.600000381469727,23.489999771118164,23.489999771118164,1011200,OSPN
2015-02-11,23.780000686645508,24.450000762939453,23.59000015258789,24.209999084472656,24.209999084472656,1288700,OSPN
2015-02-12,24.600000381469727,25.309999465942383,24.3799991607666,25.170000076293945,25.170000076293945,1066500,OSPN
2015-02-13,27.719999313354492,28.239999771118164,26.350000381469727,27.860000610351562,27.860000610351562,4299200,OSPN
2015-02-17,29.700000762939453,31.84000015258789,24.299999237060547,27.969999313354492,27.969999313354492,17302400,OSPN
2015-02-18,28.549999237060547,28.700000762939453,26.0,27.09000015258789,27.09000015258789,3763500,OSPN
2015-02-19,26.579999923706055,27.479999542236328,25.940000534057617,26.610000610351562,26.610000610351562,2816300,OSPN
2015-02-20,26.65999984741211,27.700000762939453,26.1200008392334,27.579999923706055,27.579999923706055,2718100,OSPN
2015-02-23,27.600000381469727,27.6200008392334,25.81999969482422,26.15999984741211,26.15999984741211,2600800,OSPN
2015-02-24,26.25,27.1299991607666,26.100000381469727,26.290000915527344,26.290000915527344,1608600,OSPN
2015-02-25,26.290000915527344,26.420000076293945,25.139999389648438,25.420000076293945,25.420000076293945,1609500,OSPN
2015-02-26,25.5,26.3799991607666,25.0,25.790000915527344,25.790000915527344,1328200,OSPN
2015-02-27,25.8799991607666,26.31999969482422,25.520000457763672,25.6200008392334,25.6200008392334,1006500,OSPN
2015-03-02,25.59000015258789,25.719999313354492,23.190000534057617,23.34000015258789,23.34000015258789,3122000,OSPN
2015-03-03,23.520000457763672,24.25,23.200000762939453,23.709999084472656,23.709999084472656,1692400,OSPN
2015-03-04,23.5,23.75,22.649999618530273,23.290000915527344,23.290000915527344,1614900,OSPN
2015-03-05,23.440000534057617,23.770000457763672,22.989999771118164,23.309999465942383,23.309999465942383,687000,OSPN
2015-03-06,23.110000610351562,23.350000381469727,22.530000686645508,22.579999923706055,22.579999923706055,804800,OSPN
2015-03-09,22.559999465942383,23.31999969482422,22.270000457763672,23.0,23.0,1276800,OSPN
2015-03-10,22.649999618530273,22.729999542236328,21.5,21.540000915527344,21.540000915527344,1342000,OSPN
2015-03-11,21.540000915527344,22.149999618530273,21.350000381469727,21.889999389648438,21.889999389648438,1051200,OSPN
2015-03-12,21.899999618530273,22.3799991607666,21.399999618530273,21.8700008392334,21.8700008392334,1791500,OSPN
2015-03-13,21.719999313354492,22.020000457763672,21.049999237060547,21.270000457763672,21.270000457763672,1290100,OSPN
2015-03-16,21.350000381469727,22.040000915527344,21.270000457763672,21.760000228881836,21.760000228881836,904900,OSPN
2015-03-17,21.979999542236328,23.549999237060547,21.81999969482422,23.219999313354492,23.219999313354492,2906600,OSPN
2015-03-18,23.100000381469727,24.229999542236328,22.540000915527344,23.850000381469727,23.850000381469727,2449600,OSPN
2015-03-19,24.40999984741211,24.950000762939453,24.149999618530273,24.700000762939453,24.700000762939453,1746500,OSPN
2015-03-20,24.84000015258789,25.200000762939453,23.020000457763672,23.1299991607666,23.1299991607666,2323300,OSPN
2015-03-23,23.1200008392334,23.459999084472656,22.549999237060547,23.209999084472656,23.209999084472656,1352900,OSPN
2015-03-24,23.65999984741211,23.65999984741211,22.65999984741211,23.270000457763672,23.270000457763672,1950200,OSPN
2015-03-25,23.329999923706055,23.420000076293945,22.100000381469727,22.190000534057617,22.190000534057617,1066200,OSPN
2015-03-26,22.0,23.290000915527344,21.719999313354492,23.049999237060547,23.049999237060547,1108000,OSPN
2015-03-27,23.0,23.190000534057617,22.3799991607666,22.5,22.5,1620800,OSPN
2015-03-30,22.540000915527344,22.670000076293945,21.540000915527344,21.65999984741211,21.65999984741211,1141300,OSPN
2015-03-31,21.5,22.110000610351562,21.459999084472656,21.540000915527344,21.540000915527344,830600,OSPN
2015-04-01,21.5,22.25,21.5,21.729999542236328,21.729999542236328,909400,OSPN
2015-04-02,21.729999542236328,21.889999389648438,21.360000610351562,21.450000762939453,21.450000762939453,615500,OSPN
2015-04-06,21.25,22.239999771118164,20.559999465942383,22.1200008392334,22.1200008392334,923100,OSPN
2015-04-07,22.25,23.09000015258789,22.059999465942383,22.3799991607666,22.3799991607666,769800,OSPN
2015-04-08,22.479999542236328,22.739999771118164,22.209999084472656,22.510000228881836,22.510000228881836,754400,OSPN
2015-04-09,22.489999771118164,23.950000762939453,22.450000762939453,23.700000762939453,23.700000762939453,1314700,OSPN
2015-04-10,23.770000457763672,24.18000030517578,23.110000610351562,24.079999923706055,24.079999923706055,910000,OSPN
2015-04-13,24.06999969482422,24.06999969482422,23.420000076293945,23.719999313354492,23.719999313354492,714000,OSPN
2015-04-14,23.670000076293945,23.959999084472656,22.969999313354492,23.6299991607666,23.6299991607666,647300,OSPN
2015-04-15,23.700000762939453,25.170000076293945,23.489999771118164,24.899999618530273,24.899999618530273,1409300,OSPN
2015-04-16,25.270000457763672,26.600000381469727,24.760000228881836,26.549999237060547,26.549999237060547,1876700,OSPN
2015-04-17,26.030000686645508,26.030000686645508,25.1200008392334,25.299999237060547,25.299999237060547,1489400,OSPN
2015-04-20,25.65999984741211,25.969999313354492,25.309999465942383,25.81999969482422,25.81999969482422,1042100,OSPN
2015-04-21,26.399999618530273,26.84000015258789,25.309999465942383,25.690000534057617,25.690000534057617,1359800,OSPN
2015-04-22,25.559999465942383,25.649999618530273,24.65999984741211,25.110000610351562,25.110000610351562,878100,OSPN
2015-04-23,25.110000610351562,26.3799991607666,24.809999465942383,26.030000686645508,26.030000686645508,1088100,OSPN
2015-04-24,26.139999389648438,26.5,25.520000457763672,25.639999389648438,25.639999389648438,1203700,OSPN
2015-04-27,26.079999923706055,26.079999923706055,24.420000076293945,24.579999923706055,24.579999923706055,1872900,OSPN
2015-04-28,27.5,28.170000076293945,25.520000457763672,26.229999542236328,26.229999542236328,5683400,OSPN
2015-04-29,25.850000381469727,26.100000381469727,25.0,25.6200008392334,25.6200008392334,1293300,OSPN
2015-04-30,25.530000686645508,26.020000457763672,24.809999465942383,25.420000076293945,25.420000076293945,1267000,OSPN
2015-05-01,25.510000228881836,25.700000762939453,24.850000381469727,25.43000030517578,25.43000030517578,917000,OSPN
2015-05-04,25.65999984741211,26.450000762939453,25.25,26.100000381469727,26.100000381469727,1288800,OSPN
2015-05-05,26.15999984741211,26.239999771118164,25.010000228881836,25.170000076293945,25.170000076293945,1320800,OSPN
2015-05-06,25.229999542236328,25.40999984741211,24.0,24.56999969482422,24.56999969482422,1184300,OSPN
2015-05-07,24.559999465942383,24.6200008392334,23.649999618530273,23.93000030517578,23.93000030517578,1117000,OSPN
2015-05-08,24.450000762939453,25.25,24.299999237060547,25.059999465942383,25.059999465942383,1065700,OSPN
2015-05-11,25.059999465942383,25.450000762939453,24.459999084472656,24.549999237060547,24.549999237060547,1165600,OSPN
2015-05-12,24.489999771118164,25.489999771118164,24.110000610351562,25.170000076293945,25.170000076293945,1252100,OSPN
2015-05-13,25.209999084472656,25.899999618530273,24.75,25.760000228881836,25.760000228881836,1125700,OSPN
2015-05-14,26.010000228881836,26.799999237060547,25.6299991607666,26.5,26.5,1722900,OSPN
2015-05-15,26.700000762939453,26.75,26.139999389648438,26.450000762939453,26.450000762939453,1068000,OSPN
2015-05-18,26.549999237060547,27.489999771118164,26.09000015258789,27.399999618530273,27.399999618530273,1343700,OSPN
2015-05-19,27.489999771118164,27.850000381469727,26.719999313354492,27.010000228881836,27.010000228881836,1008300,OSPN
2015-05-20,27.110000610351562,27.170000076293945,26.420000076293945,26.540000915527344,26.540000915527344,760900,OSPN
2015-05-21,26.559999465942383,26.8799991607666,26.270000457763672,26.670000076293945,26.670000076293945,597100,OSPN
2015-05-22,26.700000762939453,27.350000381469727,26.700000762939453,27.149999618530273,27.149999618530273,648200,OSPN
2015-05-26,27.450000762939453,27.489999771118164,26.079999923706055,26.43000030517578,26.43000030517578,1057100,OSPN
2015-05-27,26.549999237060547,26.700000762939453,25.639999389648438,26.610000610351562,26.610000610351562,757400,OSPN
2015-05-28,26.399999618530273,26.780000686645508,26.1299991607666,26.729999542236328,26.729999542236328,519400,OSPN
2015-05-29,26.829999923706055,26.8700008392334,26.139999389648438,26.639999389648438,26.639999389648438,605300,OSPN
2015-06-01,26.68000030517578,27.229999542236328,26.43000030517578,26.65999984741211,26.65999984741211,843500,OSPN
2015-06-02,26.600000381469727,27.09000015258789,26.40999984741211,27.0,27.0,757100,OSPN
2015-06-03,27.190000534057617,29.190000534057617,27.049999237060547,28.459999084472656,28.459999084472656,2363300,OSPN
2015-06-04,28.510000228881836,29.600000381469727,27.639999389648438,27.989999771118164,27.989999771118164,2563000,OSPN
2015-06-05,28.209999084472656,29.209999084472656,28.0,28.5,28.5,1739400,OSPN
2015-06-08,28.690000534057617,30.3700008392334,28.690000534057617,29.1299991607666,29.1299991607666,2958500,OSPN
2015-06-09,29.299999237060547,30.84000015258789,28.770000457763672,30.760000228881836,30.760000228881836,2188600,OSPN
2015-06-10,31.350000381469727,31.920000076293945,29.6200008392334,30.360000610351562,30.360000610351562,2907400,OSPN
2015-06-11,30.5,30.75,29.700000762939453,29.84000015258789,29.84000015258789,1321600,OSPN
2015-06-12,29.770000457763672,30.280000686645508,28.920000076293945,30.209999084472656,30.209999084472656,1453700,OSPN
2015-06-15,29.899999618530273,32.310001373291016,29.639999389648438,32.0,32.0,2657400,OSPN
2015-06-16,32.97999954223633,33.599998474121094,32.25,32.970001220703125,32.970001220703125,3425100,OSPN
2015-06-17,33.2599983215332,34.0,32.58000183105469,33.06999969482422,33.06999969482422,2523700,OSPN
2015-06-18,33.209999084472656,33.56999969482422,32.65999984741211,32.689998626708984,32.689998626708984,2100800,OSPN
2015-06-19,33.20000076293945,34.36000061035156,32.25,33.90999984741211,33.90999984741211,2739100,OSPN
2015-06-22,34.5,34.97999954223633,34.0099983215332,34.630001068115234,34.630001068115234,1856000,OSPN
2015-06-23,34.849998474121094,35.0,33.16999816894531,34.09000015258789,34.09000015258789,1806500,OSPN
2015-06-24,33.599998474121094,33.84000015258789,32.439998626708984,33.060001373291016,33.060001373291016,1956500,OSPN
2015-06-25,33.060001373291016,34.15999984741211,32.65999984741211,33.63999938964844,33.63999938964844,1645700,OSPN
2015-06-26,33.56999969482422,33.630001068115234,30.860000610351562,31.0,31.0,3507600,OSPN
2015-06-29,29.329999923706055,30.5,28.010000228881836,29.510000228881836,29.510000228881836,3455500,OSPN
2015-06-30,29.969999313354492,30.729999542236328,29.549999237060547,30.190000534057617,30.190000534057617,1316500,OSPN
2015-07-01,30.540000915527344,31.399999618530273,29.639999389648438,29.899999618530273,29.899999618530273,1552100,OSPN
2015-07-02,30.0,30.049999237060547,28.190000534057617,28.579999923706055,28.579999923706055,2066500,OSPN
2015-07-06,28.0,29.020000457763672,27.200000762939453,28.020000457763672,28.020000457763672,1556800,OSPN
2015-07-07,27.93000030517578,28.0,25.8700008392334,27.360000610351562,27.360000610351562,2201100,OSPN
2015-07-08,26.770000457763672,27.440000534057617,26.239999771118164,26.799999237060547,26.799999237060547,2216300,OSPN
2015-07-09,27.5,27.889999389648438,27.0,27.469999313354492,27.469999313354492,1418600,OSPN
2015-07-10,27.84000015258789,28.0,27.209999084472656,27.420000076293945,27.420000076293945,1195100,OSPN
2015-07-13,27.6299991607666,29.110000610351562,27.600000381469727,28.0,28.0,1685900,OSPN
2015-07-14,27.799999237060547,28.0,27.299999237060547,27.5,27.5,1139100,OSPN
2015-07-15,27.299999237060547,27.549999237060547,26.399999618530273,26.610000610351562,26.610000610351562,1301600,OSPN
2015-07-16,26.81999969482422,28.15999984741211,26.770000457763672,27.6299991607666,27.6299991607666,1279200,OSPN
2015-07-17,27.739999771118164,27.81999969482422,26.770000457763672,27.049999237060547,27.049999237060547,850400,OSPN
2015-07-20,27.31999969482422,27.469999313354492,26.31999969482422,26.440000534057617,26.440000534057617,1190900,OSPN
2015-07-21,26.479999542236328,27.149999618530273,26.110000610351562,26.690000534057617,26.690000534057617,1007600,OSPN
2015-07-22,24.84000015258789,26.5,24.299999237060547,25.829999923706055,25.829999923706055,1836200,OSPN
2015-07-23,26.239999771118164,27.68000030517578,26.239999771118164,26.670000076293945,26.670000076293945,1455000,OSPN
2015-07-24,26.739999771118164,26.93000030517578,25.459999084472656,25.549999237060547,25.549999237060547,1154000,OSPN
2015-07-27,25.25,25.899999618530273,24.75,25.1200008392334,25.1200008392334,1376800,OSPN
2015-07-28,25.709999084472656,26.549999237060547,24.799999237060547,26.549999237060547,26.549999237060547,2423600,OSPN
2015-07-29,22.889999389648438,23.0,20.260000228881836,20.450000762939453,20.450000762939453,6867600,OSPN
2015-07-30,20.959999084472656,22.049999237060547,20.3799991607666,21.170000076293945,21.170000076293945,2549500,OSPN
2015-07-31,21.06999969482422,21.200000762939453,20.200000762939453,20.389999389648438,20.389999389648438,1644100,OSPN
2015-08-03,20.389999389648438,20.389999389648438,18.5,18.510000228881836,18.510000228881836,3393400,OSPN
2015-08-04,18.43000030517578,19.290000915527344,18.3799991607666,18.799999237060547,18.799999237060547,1381900,OSPN
2015-08-05,19.0,20.25,18.75,19.610000610351562,19.610000610351562,1343600,OSPN
2015-08-06,19.610000610351562,20.3799991607666,19.299999237060547,19.510000228881836,19.510000228881836,799100,OSPN
2015-08-07,19.93000030517578,19.989999771118164,18.8700008392334,19.149999618530273,19.149999618530273,827600,OSPN
2015-08-10,19.149999618530273,19.799999237060547,19.079999923706055,19.709999084472656,19.709999084472656,663100,OSPN
2015-08-11,19.850000381469727,19.850000381469727,19.329999923706055,19.700000762939453,19.700000762939453,525300,OSPN
2015-08-12,19.3799991607666,19.559999465942383,18.389999389648438,19.149999618530273,19.149999618530273,1129900,OSPN
2015-08-13,19.049999237060547,19.170000076293945,18.450000762939453,18.540000915527344,18.540000915527344,682300,OSPN
2015-08-14,18.440000534057617,18.899999618530273,18.170000076293945,18.860000610351562,18.860000610351562,748000,OSPN
2015-08-17,18.6200008392334,19.239999771118164,18.329999923706055,18.93000030517578,18.93000030517578,931200,OSPN
2015-08-18,18.959999084472656,18.959999084472656,18.200000762939453,18.59000015258789,18.59000015258789,783400,OSPN
2015-08-19,18.350000381469727,18.6299991607666,17.329999923706055,18.5,18.5,964200,OSPN
2015-08-20,17.969999313354492,18.360000610351562,17.360000610351562,17.6299991607666,17.6299991607666,1012800,OSPN
2015-08-21,16.90999984741211,17.899999618530273,16.6200008392334,17.649999618530273,17.649999618530273,1247200,OSPN
2015-08-24,16.200000762939453,17.15999984741211,15.0,16.549999237060547,16.549999237060547,1176100,OSPN
2015-08-25,17.489999771118164,17.700000762939453,16.600000381469727,16.940000534057617,16.940000534057617,928400,OSPN
2015-08-26,17.229999542236328,17.5,16.0,16.780000686645508,16.780000686645508,1238700,OSPN
2015-08-27,16.81999969482422,16.93000030517578,16.31999969482422,16.639999389648438,16.639999389648438,873100,OSPN
2015-08-28,16.6200008392334,17.670000076293945,16.3799991607666,17.59000015258789,17.59000015258789,810900,OSPN
2015-08-31,17.34000015258789,17.5,16.6200008392334,16.719999313354492,16.719999313354492,635500,OSPN
2015-09-01,16.280000686645508,16.690000534057617,15.579999923706055,15.6899995803833,15.6899995803833,1066000,OSPN
2015-09-02,15.970000267028809,15.970000267028809,15.069999694824219,15.84000015258789,15.84000015258789,951300,OSPN
2015-09-03,15.84000015258789,16.190000534057617,15.380000114440918,15.640000343322754,15.640000343322754,854100,OSPN
2015-09-04,15.640000343322754,15.800000190734863,15.15999984741211,15.279999732971191,15.279999732971191,451500,OSPN
2015-09-08,15.569999694824219,15.930000305175781,15.1899995803833,15.380000114440918,15.380000114440918,701400,OSPN
2015-09-09,15.5,15.970000267028809,15.40999984741211,15.8100004196167,15.8100004196167,927100,OSPN
2015-09-10,16.049999237060547,16.729999542236328,15.710000038146973,16.43000030517578,16.43000030517578,842800,OSPN
2015-09-11,16.260000228881836,17.079999923706055,16.260000228881836,16.950000762939453,16.950000762939453,673500,OSPN
2015-09-14,16.920000076293945,17.18000030517578,16.649999618530273,17.079999923706055,17.079999923706055,580000,OSPN
2015-09-15,17.020000457763672,17.639999389648438,16.979999542236328,17.3700008392334,17.3700008392334,666200,OSPN
2015-09-16,17.459999084472656,17.729999542236328,17.010000228881836,17.459999084472656,17.459999084472656,626000,OSPN
2015-09-17,17.399999618530273,17.989999771118164,17.200000762939453,17.829999923706055,17.829999923706055,705900,OSPN
2015-09-18,17.43000030517578,19.0,17.030000686645508,18.6299991607666,18.6299991607666,2030600,OSPN
2015-09-21,18.649999618530273,18.799999237060547,17.329999923706055,17.40999984741211,17.40999984741211,1071000,OSPN
2015-09-22,17.049999237060547,17.5,16.670000076293945,16.979999542236328,16.979999542236328,579500,OSPN
2015-09-23,16.989999771118164,17.200000762939453,16.75,17.079999923706055,17.079999923706055,546600,OSPN
2015-09-24,16.959999084472656,17.799999237060547,16.75,17.799999237060547,17.799999237060547,483900,OSPN
2015-09-25,17.93000030517578,18.440000534057617,17.59000015258789,18.049999237060547,18.049999237060547,1143500,OSPN
2015-09-28,17.899999618530273,18.200000762939453,17.0,17.15999984741211,17.15999984741211,712900,OSPN
2015-09-29,17.1200008392334,17.200000762939453,16.420000076293945,16.760000228881836,16.760000228881836,830300,OSPN
2015-09-30,16.829999923706055,17.200000762939453,16.780000686645508,17.040000915527344,17.040000915527344,510300,OSPN
2015-10-01,17.0,17.290000915527344,16.809999465942383,17.18000030517578,17.18000030517578,329800,OSPN
2015-10-02,17.040000915527344,17.84000015258789,16.899999618530273,17.84000015258789,17.84000015258789,494200,OSPN
2015-10-05,17.600000381469727,17.940000534057617,17.3700008392334,17.399999618530273,17.399999618530273,519200,OSPN
2015-10-06,18.260000228881836,19.239999771118164,17.860000610351562,18.979999542236328,18.979999542236328,1373200,OSPN
2015-10-07,19.239999771118164,20.260000228881836,19.059999465942383,19.149999618530273,19.149999618530273,1221500,OSPN
2015-10-08,19.959999084472656,19.959999084472656,18.979999542236328,19.020000457763672,19.020000457763672,459200,OSPN
2015-10-09,19.040000915527344,19.559999465942383,19.0,19.219999313354492,19.219999313354492,480100,OSPN
2015-10-12,19.18000030517578,19.219999313354492,18.520000457763672,18.719999313354492,18.719999313354492,367000,OSPN
2015-10-13,18.690000534057617,18.809999465942383,17.709999084472656,17.799999237060547,17.799999237060547,466400,OSPN
2015-10-14,17.90999984741211,18.65999984741211,17.739999771118164,18.040000915527344,18.040000915527344,615700,OSPN
2015-10-15,18.040000915527344,18.299999237060547,17.56999969482422,18.06999969482422,18.06999969482422,817800,OSPN
2015-10-16,18.149999618530273,18.170000076293945,17.5,17.770000457763672,17.770000457763672,492000,OSPN
2015-10-19,17.700000762939453,18.149999618530273,17.5,17.850000381469727,17.850000381469727,568500,OSPN
2015-10-20,17.760000228881836,18.020000457763672,17.350000381469727,17.579999923706055,17.579999923706055,429900,OSPN
2015-10-21,17.729999542236328,17.790000915527344,17.010000228881836,17.040000915527344,17.040000915527344,332900,OSPN
2015-10-22,17.170000076293945,17.989999771118164,16.899999618530273,17.68000030517578,17.68000030517578,782000,OSPN
2015-10-23,17.780000686645508,18.3700008392334,17.6299991607666,18.09000015258789,18.09000015258789,763100,OSPN
2015-10-26,18.200000762939453,18.399999618530273,17.809999465942383,18.1299991607666,18.1299991607666,650800,OSPN
2015-10-27,18.149999618530273,18.559999465942383,17.469999313354492,17.68000030517578,17.68000030517578,926000,OSPN
2015-10-28,18.450000762939453,19.979999542236328,18.0,19.510000228881836,19.510000228881836,2089900,OSPN
2015-10-29,19.850000381469727,19.8799991607666,18.350000381469727,18.530000686645508,18.530000686645508,777200,OSPN
2015-10-30,18.600000381469727,19.149999618530273,18.399999618530273,19.010000228881836,19.010000228881836,886500,OSPN
2015-11-02,19.049999237060547,19.56999969482422,18.84000015258789,19.31999969482422,19.31999969482422,735700,OSPN
2015-11-03,19.190000534057617,19.93000030517578,19.09000015258789,19.8799991607666,19.8799991607666,680200,OSPN
2015-11-04,20.0,20.549999237060547,19.950000762939453,20.239999771118164,20.239999771118164,1004700,OSPN
2015-11-05,20.030000686645508,20.25,19.260000228881836,20.139999389648438,20.139999389648438,694400,OSPN
2015-11-06,20.020000457763672,20.469999313354492,19.65999984741211,20.309999465942383,20.309999465942383,514300,OSPN
2015-11-09,20.25,20.530000686645508,19.649999618530273,19.739999771118164,19.739999771118164,457000,OSPN
2015-11-10,19.649999618530273,19.75,19.18000030517578,19.5,19.5,824300,OSPN
2015-11-11,19.469999313354492,19.969999313354492,19.309999465942383,19.93000030517578,19.93000030517578,500800,OSPN
2015-11-12,19.649999618530273,20.100000381469727,19.510000228881836,19.6299991607666,19.6299991607666,591500,OSPN
2015-11-13,19.440000534057617,19.709999084472656,19.110000610351562,19.520000457763672,19.520000457763672,547300,OSPN
2015-11-16,19.3799991607666,20.40999984741211,19.31999969482422,20.31999969482422,20.31999969482422,496700,OSPN
2015-11-17,20.969999313354492,21.350000381469727,20.229999542236328,20.56999969482422,20.56999969482422,869000,OSPN
2015-11-18,20.559999465942383,20.950000762939453,20.399999618530273,20.81999969482422,20.81999969482422,527800,OSPN
2015-11-19,20.75,21.170000076293945,20.31999969482422,20.3799991607666,20.3799991607666,790400,OSPN
2015-11-20,20.610000610351562,20.610000610351562,19.489999771118164,19.719999313354492,19.719999313354492,601100,OSPN
2015-11-23,19.559999465942383,19.729999542236328,19.190000534057617,19.290000915527344,19.290000915527344,453200,OSPN
2015-11-24,19.079999923706055,19.280000686645508,18.450000762939453,18.510000228881836,18.510000228881836,675800,OSPN
2015-11-25,18.3700008392334,18.889999389648438,18.299999237060547,18.719999313354492,18.719999313354492,405700,OSPN
2015-11-27,18.600000381469727,18.850000381469727,18.420000076293945,18.579999923706055,18.579999923706055,167100,OSPN
2015-11-30,18.719999313354492,19.25,18.559999465942383,18.68000030517578,18.68000030517578,486400,OSPN
2015-12-01,18.790000915527344,19.459999084472656,18.790000915527344,19.200000762939453,19.200000762939453,1203400,OSPN
2015-12-02,19.209999084472656,19.649999618530273,18.799999237060547,18.959999084472656,18.959999084472656,879700,OSPN
2015-12-03,19.0,19.110000610351562,18.18000030517578,18.280000686645508,18.280000686645508,413000,OSPN
2015-12-04,18.209999084472656,18.56999969482422,17.770000457763672,18.110000610351562,18.110000610351562,644300,OSPN
2015-12-07,18.139999389648438,18.149999618530273,17.40999984741211,17.530000686645508,17.530000686645508,830700,OSPN
2015-12-08,17.239999771118164,17.8700008392334,17.049999237060547,17.520000457763672,17.520000457763672,488700,OSPN
2015-12-09,17.469999313354492,17.780000686645508,16.979999542236328,17.0,17.0,389700,OSPN
2015-12-10,17.040000915527344,17.68000030517578,17.040000915527344,17.520000457763672,17.520000457763672,542100,OSPN
2015-12-11,17.229999542236328,17.34000015258789,16.6299991607666,16.690000534057617,16.690000534057617,460800,OSPN
2015-12-14,16.780000686645508,16.8700008392334,16.040000915527344,16.639999389648438,16.639999389648438,727800,OSPN
2015-12-15,16.75,17.040000915527344,16.559999465942383,16.90999984741211,16.90999984741211,395800,OSPN
2015-12-16,16.93000030517578,17.459999084472656,16.93000030517578,17.15999984741211,17.15999984741211,382500,OSPN
2015-12-17,17.25,17.440000534057617,16.860000610351562,16.8799991607666,16.8799991607666,418700,OSPN
2015-12-18,16.75,17.06999969482422,16.549999237060547,16.8799991607666,16.8799991607666,880400,OSPN
2015-12-21,16.90999984741211,17.389999389648438,16.899999618530273,17.25,17.25,485000,OSPN
2015-12-22,17.100000381469727,17.459999084472656,16.950000762939453,17.280000686645508,17.280000686645508,335400,OSPN
2015-12-23,17.239999771118164,17.739999771118164,17.100000381469727,17.3700008392334,17.3700008392334,342600,OSPN
2015-12-24,17.399999618530273,17.770000457763672,17.350000381469727,17.610000610351562,17.610000610351562,173300,OSPN
2015-12-28,17.719999313354492,17.719999313354492,16.90999984741211,16.989999771118164,16.989999771118164,432400,OSPN
2015-12-29,17.0,17.489999771118164,17.0,17.389999389648438,17.389999389648438,399600,OSPN
2015-12-30,17.260000228881836,17.700000762939453,17.100000381469727,17.139999389648438,17.139999389648438,532500,OSPN
2015-12-31,17.1200008392334,17.139999389648438,16.700000762939453,16.729999542236328,16.729999542236328,522000,OSPN
2016-01-04,16.5,16.68000030517578,16.010000228881836,16.639999389648438,16.639999389648438,418000,OSPN
2016-01-05,16.559999465942383,16.65999984741211,15.84000015258789,16.260000228881836,16.260000228881836,541400,OSPN
2016-01-06,16.100000381469727,16.84000015258789,15.880000114440918,16.440000534057617,16.440000534057617,845100,OSPN
2016-01-07,15.90999984741211,16.43000030517578,15.899999618530273,16.209999084472656,16.209999084472656,674800,OSPN
2016-01-08,16.389999389648438,16.469999313354492,15.390000343322754,15.960000038146973,15.960000038146973,1041300,OSPN
2016-01-11,15.890000343322754,16.030000686645508,15.050000190734863,15.329999923706055,15.329999923706055,585900,OSPN
2016-01-12,15.380000114440918,15.930000305175781,15.260000228881836,15.899999618530273,15.899999618530273,487600,OSPN
2016-01-13,16.18000030517578,16.780000686645508,15.15999984741211,15.420000076293945,15.420000076293945,556900,OSPN
2016-01-14,15.34000015258789,16.1200008392334,15.0,15.90999984741211,15.90999984741211,406600,OSPN
2016-01-15,15.510000228881836,15.65999984741211,14.90999984741211,15.449999809265137,15.449999809265137,466200,OSPN
2016-01-19,15.430000305175781,15.609999656677246,14.949999809265137,15.199999809265137,15.199999809265137,463400,OSPN
2016-01-20,14.529999732971191,14.670000076293945,13.550000190734863,14.5,14.5,926200,OSPN
2016-01-21,14.609999656677246,15.220000267028809,14.520000457763672,14.789999961853027,14.789999961853027,430200,OSPN
2016-01-22,14.869999885559082,15.15999984741211,14.710000038146973,15.029999732971191,15.029999732971191,457900,OSPN
2016-01-25,15.020000457763672,15.300000190734863,14.819999694824219,15.0,15.0,435300,OSPN
2016-01-26,14.930000305175781,15.470000267028809,14.880000114440918,15.15999984741211,15.15999984741211,499500,OSPN
2016-01-27,14.979999542236328,15.119999885559082,14.470000267028809,14.539999961853027,14.539999961853027,726800,OSPN
2016-01-28,14.529999732971191,14.9399995803833,14.520000457763672,14.819999694824219,14.819999694824219,332600,OSPN
2016-01-29,15.020000457763672,15.680000305175781,15.020000457763672,15.5,15.5,384800,OSPN
2016-02-01,15.390000343322754,15.569999694824219,15.039999961853027,15.460000038146973,15.460000038146973,308200,OSPN
2016-02-02,15.34000015258789,15.380000114440918,14.979999542236328,15.149999618530273,15.149999618530273,254600,OSPN
2016-02-03,15.25,15.350000381469727,14.779999732971191,15.279999732971191,15.279999732971191,448900,OSPN
2016-02-04,15.100000381469727,15.699999809265137,15.029999732971191,15.649999618530273,15.649999618530273,291900,OSPN
2016-02-05,15.59000015258789,15.59000015258789,14.65999984741211,14.880000114440918,14.880000114440918,465300,OSPN
2016-02-08,14.710000038146973,14.710000038146973,14.170000076293945,14.319999694824219,14.319999694824219,387500,OSPN
2016-02-09,13.949999809265137,14.239999771118164,13.479999542236328,13.579999923706055,13.579999923706055,739900,OSPN
2016-02-10,13.789999961853027,13.970000267028809,13.289999961853027,13.390000343322754,13.390000343322754,1067800,OSPN
2016-02-11,13.010000228881836,13.779999732971191,13.0,13.680000305175781,13.680000305175781,789000,OSPN
2016-02-12,13.65999984741211,14.319999694824219,13.460000038146973,13.65999984741211,13.65999984741211,489100,OSPN
2016-02-16,13.899999618530273,14.40999984741211,13.880000114440918,14.140000343322754,14.140000343322754,742500,OSPN
2016-02-17,12.5,13.789999961853027,12.350000381469727,13.609999656677246,13.609999656677246,1690400,OSPN
2016-02-18,13.550000190734863,14.229999542236328,13.520000457763672,13.609999656677246,13.609999656677246,833400,OSPN
2016-02-19,13.569999694824219,13.699999809265137,13.420000076293945,13.470000267028809,13.470000267028809,594500,OSPN
2016-02-22,13.739999771118164,13.800000190734863,13.5600004196167,13.699999809265137,13.699999809265137,743300,OSPN
2016-02-23,13.680000305175781,13.829999923706055,13.579999923706055,13.670000076293945,13.670000076293945,314700,OSPN
2016-02-24,13.520000457763672,14.180000305175781,13.520000457763672,14.100000381469727,14.100000381469727,313200,OSPN
2016-02-25,14.09000015258789,14.180000305175781,13.869999885559082,14.0600004196167,14.0600004196167,329400,OSPN
2016-02-26,14.1899995803833,14.510000228881836,14.119999885559082,14.460000038146973,14.460000038146973,337700,OSPN
2016-02-29,14.369999885559082,14.460000038146973,13.569999694824219,13.75,13.75,733800,OSPN
2016-03-01,13.84000015258789,14.100000381469727,13.670000076293945,14.029999732971191,14.029999732971191,1065400,OSPN
2016-03-02,14.079999923706055,14.239999771118164,13.8100004196167,14.140000343322754,14.140000343322754,530200,OSPN
2016-03-03,14.09000015258789,14.539999961853027,14.020000457763672,14.489999771118164,14.489999771118164,328800,OSPN
2016-03-04,14.5,15.3100004196167,14.489999771118164,14.699999809265137,14.699999809265137,772200,OSPN
2016-03-07,14.699999809265137,15.5,14.649999618530273,15.229999542236328,15.229999542236328,450300,OSPN
2016-03-08,15.1899995803833,15.210000038146973,14.649999618530273,14.699999809265137,14.699999809265137,446200,OSPN
2016-03-09,14.720000267028809,14.890000343322754,14.5600004196167,14.800000190734863,14.800000190734863,313700,OSPN
2016-03-10,14.819999694824219,14.880000114440918,14.369999885559082,14.569999694824219,14.569999694824219,316900,OSPN
2016-03-11,14.619999885559082,15.100000381469727,14.619999885559082,15.09000015258789,15.09000015258789,313100,OSPN
2016-03-14,15.029999732971191,15.229999542236328,14.859999656677246,14.979999542236328,14.979999542236328,242800,OSPN
2016-03-15,14.880000114440918,14.960000038146973,14.449999809265137,14.5,14.5,287900,OSPN
2016-03-16,14.5,14.890000343322754,14.369999885559082,14.579999923706055,14.579999923706055,405900,OSPN
2016-03-17,14.529999732971191,15.020000457763672,14.460000038146973,14.899999618530273,14.899999618530273,336600,OSPN
2016-03-18,14.979999542236328,15.199999809265137,14.800000190734863,14.800000190734863,14.800000190734863,695300,OSPN
2016-03-21,14.899999618530273,15.449999809265137,14.8100004196167,15.390000343322754,15.390000343322754,416500,OSPN
2016-03-22,15.34000015258789,15.84000015258789,15.15999984741211,15.539999961853027,15.539999961853027,382300,OSPN
2016-03-23,15.539999961853027,15.680000305175781,14.979999542236328,14.979999542236328,14.979999542236328,361300,OSPN
2016-03-24,14.90999984741211,14.989999771118164,14.579999923706055,14.90999984741211,14.90999984741211,297600,OSPN
2016-03-28,14.9399995803833,15.119999885559082,14.539999961853027,15.0600004196167,15.0600004196167,278300,OSPN
2016-03-29,15.020000457763672,15.380000114440918,14.720000267028809,15.1899995803833,15.1899995803833,194300,OSPN
2016-03-30,15.239999771118164,15.479999542236328,15.100000381469727,15.369999885559082,15.369999885559082,208300,OSPN
2016-03-31,15.350000381469727,15.59000015258789,15.350000381469727,15.399999618530273,15.399999618530273,186300,OSPN
2016-04-01,15.25,15.630000114440918,15.180000305175781,15.529999732971191,15.529999732971191,188900,OSPN
2016-04-04,15.510000228881836,16.360000610351562,15.510000228881836,16.110000610351562,16.110000610351562,502000,OSPN
2016-04-05,16.030000686645508,16.670000076293945,15.770000457763672,16.209999084472656,16.209999084472656,899600,OSPN
2016-04-06,16.360000610351562,16.469999313354492,16.059999465942383,16.3700008392334,16.3700008392334,359500,OSPN
2016-04-07,16.239999771118164,16.68000030517578,16.239999771118164,16.459999084472656,16.459999084472656,642700,OSPN
2016-04-08,16.6299991607666,16.68000030517578,16.079999923706055,16.18000030517578,16.18000030517578,265000,OSPN
2016-04-11,16.229999542236328,16.420000076293945,16.0,16.049999237060547,16.049999237060547,437700,OSPN
2016-04-12,16.219999313354492,16.329999923706055,16.0,16.200000762939453,16.200000762939453,247000,OSPN
2016-04-13,16.25,16.920000076293945,16.25,16.799999237060547,16.799999237060547,342400,OSPN
2016-04-14,16.770000457763672,17.219999313354492,16.729999542236328,17.020000457763672,17.020000457763672,286000,OSPN
2016-04-15,17.0,17.239999771118164,16.829999923706055,17.049999237060547,17.049999237060547,355200,OSPN
2016-04-18,16.950000762939453,17.139999389648438,16.8700008392334,17.040000915527344,17.040000915527344,180700,OSPN
2016-04-19,16.989999771118164,17.079999923706055,16.709999084472656,16.850000381469727,16.850000381469727,236500,OSPN
2016-04-20,16.799999237060547,17.219999313354492,16.709999084472656,17.020000457763672,17.020000457763672,207300,OSPN
2016-04-21,16.989999771118164,17.510000228881836,16.989999771118164,17.280000686645508,17.280000686645508,346700,OSPN
2016-04-22,17.34000015258789,17.639999389648438,17.170000076293945,17.219999313354492,17.219999313354492,326200,OSPN
2016-04-25,17.1200008392334,17.65999984741211,17.1200008392334,17.329999923706055,17.329999923706055,452800,OSPN
2016-04-26,17.31999969482422,17.450000762939453,17.09000015258789,17.3700008392334,17.3700008392334,263100,OSPN
2016-04-27,17.350000381469727,17.65999984741211,17.239999771118164,17.5,17.5,281500,OSPN
2016-04-28,17.530000686645508,17.530000686645508,16.920000076293945,16.989999771118164,16.989999771118164,357800,OSPN
2016-04-29,17.350000381469727,17.790000915527344,17.100000381469727,17.329999923706055,17.329999923706055,621700,OSPN
2016-05-02,17.399999618530273,18.600000381469727,17.3700008392334,18.399999618530273,18.399999618530273,814400,OSPN
2016-05-03,18.15999984741211,18.3700008392334,17.860000610351562,17.920000076293945,17.920000076293945,413000,OSPN
2016-05-04,17.770000457763672,18.31999969482422,17.329999923706055,17.790000915527344,17.790000915527344,621500,OSPN
2016-05-05,17.760000228881836,17.81999969482422,16.899999618530273,16.93000030517578,16.93000030517578,480900,OSPN
2016-05-06,16.739999771118164,16.889999389648438,16.190000534057617,16.350000381469727,16.350000381469727,418500,OSPN
2016-05-09,16.280000686645508,16.610000610351562,16.200000762939453,16.299999237060547,16.299999237060547,227400,OSPN
2016-05-10,16.290000915527344,16.479999542236328,16.09000015258789,16.31999969482422,16.31999969482422,406300,OSPN
2016-05-11,16.239999771118164,16.31999969482422,15.899999618530273,16.06999969482422,16.06999969482422,318100,OSPN
2016-05-12,16.09000015258789,16.229999542236328,15.520000457763672,15.550000190734863,15.550000190734863,404700,OSPN
2016-05-13,15.5,15.760000228881836,15.350000381469727,15.390000343322754,15.390000343322754,322600,OSPN
2016-05-16,15.34000015258789,15.65999984741211,15.180000305175781,15.550000190734863,15.550000190734863,387900,OSPN
2016-05-17,15.5600004196167,15.8100004196167,15.279999732971191,15.40999984741211,15.40999984741211,281100,OSPN
2016-05-18,15.34000015258789,15.5600004196167,15.279999732971191,15.5,15.5,236400,OSPN
2016-05-19,15.4399995803833,15.720000267028809,15.350000381469727,15.649999618530273,15.649999618530273,466100,OSPN
2016-05-20,15.670000076293945,16.149999618530273,15.619999885559082,15.949999809265137,15.949999809265137,242700,OSPN
2016-05-23,15.949999809265137,16.299999237060547,15.930000305175781,16.020000457763672,16.020000457763672,293900,OSPN
2016-05-24,16.059999465942383,16.549999237060547,16.059999465942383,16.5,16.5,267200,OSPN
2016-05-25,16.56999969482422,16.75,16.43000030517578,16.450000762939453,16.450000762939453,199400,OSPN
2016-05-26,16.489999771118164,16.670000076293945,16.110000610351562,16.350000381469727,16.350000381469727,251000,OSPN
2016-05-27,16.239999771118164,16.3700008392334,16.0,16.299999237060547,16.299999237060547,262500,OSPN
2016-05-31,16.260000228881836,16.75,16.260000228881836,16.530000686645508,16.530000686645508,299200,OSPN
2016-06-01,16.420000076293945,16.8700008392334,16.290000915527344,16.850000381469727,16.850000381469727,275800,OSPN
2016-06-02,16.729999542236328,16.920000076293945,16.6299991607666,16.899999618530273,16.899999618530273,179000,OSPN
2016-06-03,16.799999237060547,16.920000076293945,16.520000457763672,16.709999084472656,16.709999084472656,168100,OSPN
2016-06-06,16.68000030517578,17.079999923706055,16.43000030517578,16.959999084472656,16.959999084472656,166200,OSPN
2016-06-07,16.90999984741211,17.399999618530273,16.90999984741211,17.360000610351562,17.360000610351562,311400,OSPN
2016-06-08,17.440000534057617,17.510000228881836,17.209999084472656,17.420000076293945,17.420000076293945,327300,OSPN
2016-06-09,17.350000381469727,17.350000381469727,17.09000015258789,17.15999984741211,17.15999984741211,265400,OSPN
2016-06-10,16.90999984741211,17.329999923706055,16.850000381469727,16.8700008392334,16.8700008392334,277600,OSPN
2016-06-13,16.670000076293945,17.079999923706055,16.459999084472656,17.020000457763672,17.020000457763672,269200,OSPN
2016-06-14,17.020000457763672,17.270000457763672,16.75,16.989999771118164,16.989999771118164,239200,OSPN
2016-06-15,17.010000228881836,17.239999771118164,16.8799991607666,16.93000030517578,16.93000030517578,239700,OSPN
2016-06-16,16.809999465942383,16.860000610351562,16.530000686645508,16.75,16.75,302700,OSPN
2016-06-17,16.799999237060547,16.799999237060547,16.450000762939453,16.450000762939453,16.450000762939453,719800,OSPN
2016-06-20,16.59000015258789,17.5,16.549999237060547,17.18000030517578,17.18000030517578,340200,OSPN
2016-06-21,17.190000534057617,17.399999618530273,17.079999923706055,17.329999923706055,17.329999923706055,293300,OSPN
2016-06-22,17.31999969482422,17.34000015258789,16.709999084472656,16.790000915527344,16.790000915527344,428500,OSPN
2016-06-23,16.899999618530273,17.850000381469727,16.899999618530273,17.719999313354492,17.719999313354492,529300,OSPN
2016-06-24,17.0,17.0,15.930000305175781,16.09000015258789,16.09000015258789,942900,OSPN
2016-06-27,15.899999618530273,16.06999969482422,15.3100004196167,15.569999694824219,15.569999694824219,521600,OSPN
2016-06-28,15.729999542236328,15.970000267028809,15.630000114440918,15.90999984741211,15.90999984741211,301900,OSPN
2016-06-29,16.020000457763672,16.270000457763672,15.869999885559082,15.970000267028809,15.970000267028809,422200,OSPN
2016-06-30,15.949999809265137,16.440000534057617,15.800000190734863,16.389999389648438,16.389999389648438,260800,OSPN
2016-07-01,16.299999237060547,16.639999389648438,16.110000610351562,16.229999542236328,16.229999542236328,184500,OSPN
2016-07-05,16.020000457763672,16.149999618530273,15.649999618530273,15.729999542236328,15.729999542236328,180200,OSPN
2016-07-06,15.699999809265137,15.699999809265137,15.289999961853027,15.34000015258789,15.34000015258789,432300,OSPN
2016-07-07,15.329999923706055,15.680000305175781,15.15999984741211,15.3100004196167,15.3100004196167,268300,OSPN
2016-07-08,15.529999732971191,15.949999809265137,15.479999542236328,15.789999961853027,15.789999961853027,266400,OSPN
2016-07-11,15.930000305175781,16.280000686645508,15.930000305175781,16.09000015258789,16.09000015258789,305800,OSPN
2016-07-12,16.18000030517578,16.690000534057617,16.18000030517578,16.520000457763672,16.520000457763672,259000,OSPN
2016-07-13,16.5,16.75,16.3799991607666,16.540000915527344,16.540000915527344,238200,OSPN
2016-07-14,16.68000030517578,16.690000534057617,16.40999984741211,16.459999084472656,16.459999084472656,148900,OSPN
2016-07-15,16.559999465942383,16.649999618530273,16.31999969482422,16.440000534057617,16.440000534057617,232900,OSPN
2016-07-18,16.440000534057617,16.950000762939453,16.440000534057617,16.899999618530273,16.899999618530273,302400,OSPN
2016-07-19,16.809999465942383,17.040000915527344,16.799999237060547,16.809999465942383,16.809999465942383,220200,OSPN
2016-07-20,16.920000076293945,17.25,16.889999389648438,17.15999984741211,17.15999984741211,196700,OSPN
2016-07-21,17.190000534057617,17.459999084472656,16.920000076293945,16.920000076293945,16.920000076293945,205900,OSPN
2016-07-22,16.829999923706055,17.520000457763672,16.729999542236328,17.420000076293945,17.420000076293945,372700,OSPN
2016-07-25,17.360000610351562,17.639999389648438,17.209999084472656,17.290000915527344,17.290000915527344,239000,OSPN
2016-07-26,17.209999084472656,17.510000228881836,17.1299991607666,17.420000076293945,17.420000076293945,139600,OSPN
2016-07-27,17.440000534057617,17.700000762939453,17.3700008392334,17.510000228881836,17.510000228881836,204800,OSPN
2016-07-28,17.540000915527344,17.739999771118164,17.25,17.309999465942383,17.309999465942383,417500,OSPN
2016-07-29,16.549999237060547,17.389999389648438,15.899999618530273,16.709999084472656,16.709999084472656,982800,OSPN
2016-08-01,16.780000686645508,17.15999984741211,16.690000534057617,17.020000457763672,17.020000457763672,353600,OSPN
2016-08-02,16.940000534057617,17.079999923706055,16.729999542236328,16.93000030517578,16.93000030517578,216400,OSPN
2016-08-03,16.829999923706055,17.290000915527344,16.709999084472656,17.25,17.25,361100,OSPN
2016-08-04,17.18000030517578,17.3700008392334,16.719999313354492,16.770000457763672,16.770000457763672,216000,OSPN
2016-08-05,16.809999465942383,17.170000076293945,16.790000915527344,17.06999969482422,17.06999969482422,156600,OSPN
2016-08-08,17.06999969482422,17.440000534057617,17.049999237060547,17.229999542236328,17.229999542236328,231300,OSPN
2016-08-09,17.309999465942383,17.489999771118164,17.200000762939453,17.219999313354492,17.219999313354492,160000,OSPN
2016-08-10,17.100000381469727,17.450000762939453,17.100000381469727,17.209999084472656,17.209999084472656,204000,OSPN
2016-08-11,17.229999542236328,17.469999313354492,17.149999618530273,17.25,17.25,109200,OSPN
2016-08-12,17.229999542236328,17.34000015258789,17.100000381469727,17.229999542236328,17.229999542236328,117300,OSPN
2016-08-15,17.209999084472656,17.579999923706055,17.209999084472656,17.450000762939453,17.450000762939453,129200,OSPN
2016-08-16,17.440000534057617,17.5,17.280000686645508,17.43000030517578,17.43000030517578,118300,OSPN
2016-08-17,17.3700008392334,17.489999771118164,17.170000076293945,17.350000381469727,17.350000381469727,128000,OSPN
2016-08-18,17.309999465942383,17.780000686645508,17.309999465942383,17.729999542236328,17.729999542236328,169400,OSPN
2016-08-19,17.719999313354492,17.93000030517578,17.670000076293945,17.850000381469727,17.850000381469727,209600,OSPN
2016-08-22,17.829999923706055,18.229999542236328,17.829999923706055,18.059999465942383,18.059999465942383,307700,OSPN
2016-08-23,18.09000015258789,19.040000915527344,18.09000015258789,18.989999771118164,18.989999771118164,554100,OSPN
2016-08-24,19.049999237060547,19.299999237060547,18.790000915527344,18.889999389648438,18.889999389648438,266300,OSPN
2016-08-25,18.799999237060547,19.1299991607666,18.65999984741211,19.020000457763672,19.020000457763672,333500,OSPN
2016-08-26,19.030000686645508,19.190000534057617,18.610000610351562,18.709999084472656,18.709999084472656,192600,OSPN
2016-08-29,18.709999084472656,18.920000076293945,18.649999618530273,18.739999771118164,18.739999771118164,136100,OSPN
2016-08-30,18.799999237060547,18.899999618530273,18.350000381469727,18.40999984741211,18.40999984741211,205400,OSPN
2016-08-31,18.31999969482422,18.420000076293945,18.020000457763672,18.229999542236328,18.229999542236328,249400,OSPN
2016-09-01,18.09000015258789,18.450000762939453,18.020000457763672,18.3700008392334,18.3700008392334,165500,OSPN
2016-09-02,18.43000030517578,18.8700008392334,18.43000030517578,18.860000610351562,18.860000610351562,167300,OSPN
2016-09-06,18.729999542236328,18.940000534057617,18.579999923706055,18.770000457763672,18.770000457763672,182700,OSPN
2016-09-07,18.670000076293945,18.969999313354492,18.530000686645508,18.739999771118164,18.739999771118164,140300,OSPN
2016-09-08,18.739999771118164,18.739999771118164,18.3799991607666,18.540000915527344,18.540000915527344,172900,OSPN
2016-09-09,18.3799991607666,18.520000457763672,18.040000915527344,18.09000015258789,18.09000015258789,196600,OSPN
2016-09-12,17.959999084472656,18.43000030517578,17.709999084472656,18.3700008392334,18.3700008392334,226500,OSPN
2016-09-13,18.209999084472656,18.549999237060547,18.190000534057617,18.31999969482422,18.31999969482422,283500,OSPN
2016-09-14,18.280000686645508,18.540000915527344,18.1200008392334,18.459999084472656,18.459999084472656,198800,OSPN
2016-09-15,18.459999084472656,18.600000381469727,18.360000610351562,18.530000686645508,18.530000686645508,140100,OSPN
2016-09-16,18.530000686645508,18.709999084472656,18.350000381469727,18.68000030517578,18.68000030517578,516100,OSPN
2016-09-19,18.709999084472656,18.889999389648438,18.34000015258789,18.5,18.5,107900,OSPN
2016-09-20,18.549999237060547,18.639999389648438,18.299999237060547,18.40999984741211,18.40999984741211,123800,OSPN
2016-09-21,18.469999313354492,18.670000076293945,18.420000076293945,18.649999618530273,18.649999618530273,194700,OSPN
2016-09-22,18.860000610351562,18.989999771118164,18.780000686645508,18.84000015258789,18.84000015258789,201100,OSPN
2016-09-23,18.889999389648438,19.09000015258789,18.6200008392334,18.690000534057617,18.690000534057617,169100,OSPN
2016-09-26,18.530000686645508,18.579999923706055,18.040000915527344,18.079999923706055,18.079999923706055,238400,OSPN
2016-09-27,18.010000228881836,18.15999984741211,17.610000610351562,17.790000915527344,17.790000915527344,299600,OSPN
2016-09-28,17.75,17.93000030517578,17.6299991607666,17.809999465942383,17.809999465942383,165300,OSPN
2016-09-29,17.81999969482422,17.81999969482422,17.610000610351562,17.65999984741211,17.65999984741211,192600,OSPN
2016-09-30,17.850000381469727,17.8799991607666,17.59000015258789,17.610000610351562,17.610000610351562,261200,OSPN
2016-10-03,17.5,18.1299991607666,17.350000381469727,18.010000228881836,18.010000228881836,247500,OSPN
2016-10-04,17.989999771118164,18.110000610351562,17.84000015258789,17.90999984741211,17.90999984741211,145800,OSPN
2016-10-05,18.0,18.469999313354492,17.989999771118164,18.209999084472656,18.209999084472656,228800,OSPN
2016-10-06,18.170000076293945,18.200000762939453,18.010000228881836,18.1200008392334,18.1200008392334,124200,OSPN
2016-10-07,18.18000030517578,18.25,18.030000686645508,18.149999618530273,18.149999618530273,121200,OSPN
2016-10-10,18.200000762939453,18.530000686645508,18.200000762939453,18.440000534057617,18.440000534057617,161100,OSPN
2016-10-11,18.450000762939453,18.479999542236328,18.15999984741211,18.309999465942383,18.309999465942383,149700,OSPN
2016-10-12,18.219999313354492,18.40999984741211,18.049999237060547,18.34000015258789,18.34000015258789,153600,OSPN
2016-10-13,18.1299991607666,18.170000076293945,17.969999313354492,18.030000686645508,18.030000686645508,130700,OSPN
2016-10-14,18.09000015258789,18.18000030517578,17.850000381469727,17.850000381469727,17.850000381469727,128400,OSPN
2016-10-17,17.790000915527344,18.200000762939453,17.790000915527344,18.030000686645508,18.030000686645508,111900,OSPN
2016-10-18,18.09000015258789,18.190000534057617,17.899999618530273,17.940000534057617,17.940000534057617,119100,OSPN
2016-10-19,15.029999732971191,15.5,14.020000457763672,15.010000228881836,15.010000228881836,2008400,OSPN
2016-10-20,14.869999885559082,14.989999771118164,14.380000114440918,14.760000228881836,14.760000228881836,569400,OSPN
2016-10-21,14.680000305175781,14.739999771118164,14.369999885559082,14.579999923706055,14.579999923706055,266200,OSPN
2016-10-24,14.670000076293945,14.680000305175781,14.220000267028809,14.369999885559082,14.369999885559082,420400,OSPN
2016-10-25,14.3100004196167,14.489999771118164,14.100000381469727,14.15999984741211,14.15999984741211,294800,OSPN
2016-10-26,14.130000114440918,14.430000305175781,14.09000015258789,14.350000381469727,14.350000381469727,244400,OSPN
2016-10-27,14.430000305175781,14.5,14.199999809265137,14.279999732971191,14.279999732971191,263100,OSPN
2016-10-28,14.5,14.609999656677246,13.630000114440918,13.90999984741211,13.90999984741211,586500,OSPN
2016-10-31,13.850000381469727,13.899999618530273,13.399999618530273,13.75,13.75,382100,OSPN
2016-11-01,13.800000190734863,13.949999809265137,13.5,13.649999618530273,13.649999618530273,243000,OSPN
2016-11-02,13.550000190734863,13.949999809265137,13.460000038146973,13.75,13.75,235600,OSPN
2016-11-03,13.800000190734863,13.899999618530273,13.449999809265137,13.600000381469727,13.600000381469727,304500,OSPN
2016-11-04,13.550000190734863,14.050000190734863,13.449999809265137,13.550000190734863,13.550000190734863,237300,OSPN
2016-11-07,13.699999809265137,13.949999809265137,13.600000381469727,13.850000381469727,13.850000381469727,282500,OSPN
2016-11-08,13.800000190734863,13.850000381469727,13.5,13.5,13.5,172900,OSPN
2016-11-09,13.399999618530273,14.100000381469727,13.300000190734863,14.100000381469727,14.100000381469727,232800,OSPN
2016-11-10,14.300000190734863,14.649999618530273,13.729999542236328,14.199999809265137,14.199999809265137,405900,OSPN
2016-11-11,14.25,15.0,14.199999809265137,14.800000190734863,14.800000190734863,349900,OSPN
2016-11-14,15.0,15.329999923706055,14.800000190734863,15.0,15.0,268300,OSPN
2016-11-15,14.899999618530273,15.100000381469727,14.800000190734863,15.0,15.0,199900,OSPN
2016-11-16,14.949999809265137,15.100000381469727,14.800000190734863,14.949999809265137,14.949999809265137,145500,OSPN
2016-11-17,14.899999618530273,15.0600004196167,14.75,14.850000381469727,14.850000381469727,235400,OSPN
2016-11-18,14.850000381469727,15.0,14.699999809265137,14.699999809265137,14.699999809265137,228300,OSPN
2016-11-21,14.75,14.899999618530273,14.600000381469727,14.899999618530273,14.899999618530273,151400,OSPN
2016-11-22,14.850000381469727,15.149999618530273,14.75,14.949999809265137,14.949999809265137,179000,OSPN
2016-11-23,14.850000381469727,15.350000381469727,14.850000381469727,15.25,15.25,182800,OSPN
2016-11-25,15.199999809265137,15.380000114440918,15.149999618530273,15.25,15.25,65300,OSPN
2016-11-28,15.199999809265137,15.279999732971191,14.649999618530273,14.699999809265137,14.699999809265137,191800,OSPN
2016-11-29,14.75,14.800000190734863,14.399999618530273,14.449999809265137,14.449999809265137,163800,OSPN
2016-11-30,14.5,14.649999618530273,14.380000114440918,14.5,14.5,150400,OSPN
2016-12-01,14.550000190734863,14.850000381469727,13.699999809265137,13.75,13.75,407000,OSPN
2016-12-02,13.699999809265137,14.25,13.649999618530273,13.949999809265137,13.949999809265137,201300,OSPN
2016-12-05,14.0,14.199999809265137,13.899999618530273,14.0,14.0,230200,OSPN
2016-12-06,14.100000381469727,14.100000381469727,13.800000190734863,13.850000381469727,13.850000381469727,300500,OSPN
2016-12-07,13.800000190734863,14.100000381469727,13.800000190734863,14.050000190734863,14.050000190734863,255100,OSPN
2016-12-08,14.399999618530273,14.579999923706055,13.949999809265137,14.449999809265137,14.449999809265137,213200,OSPN
2016-12-09,14.649999618530273,15.949999809265137,14.649999618530273,15.350000381469727,15.350000381469727,512700,OSPN
2016-12-12,15.399999618530273,15.449999809265137,14.850000381469727,15.100000381469727,15.100000381469727,195700,OSPN
2016-12-13,15.050000190734863,15.300000190734863,14.579999923706055,14.649999618530273,14.649999618530273,342000,OSPN
2016-12-14,14.649999618530273,14.75,13.899999618530273,14.199999809265137,14.199999809265137,471000,OSPN
2016-12-15,14.149999618530273,14.5,14.100000381469727,14.350000381469727,14.350000381469727,329900,OSPN
2016-12-16,14.350000381469727,14.5,14.199999809265137,14.300000190734863,14.300000190734863,496500,OSPN
2016-12-19,14.399999618530273,14.649999618530273,14.300000190734863,14.399999618530273,14.399999618530273,212700,OSPN
2016-12-20,14.600000381469727,14.649999618530273,13.800000190734863,14.100000381469727,14.100000381469727,321700,OSPN
2016-12-21,14.0,14.149999618530273,13.850000381469727,14.100000381469727,14.100000381469727,168800,OSPN
2016-12-22,14.050000190734863,14.199999809265137,13.699999809265137,13.800000190734863,13.800000190734863,173400,OSPN
2016-12-23,13.699999809265137,13.979999542236328,13.699999809265137,13.850000381469727,13.850000381469727,94000,OSPN
2016-12-27,13.699999809265137,14.119999885559082,13.699999809265137,14.0,14.0,217400,OSPN
2016-12-28,14.0,14.100000381469727,13.399999618530273,13.699999809265137,13.699999809265137,255500,OSPN
2016-12-29,13.600000381469727,13.729999542236328,13.449999809265137,13.649999618530273,13.649999618530273,200200,OSPN
2016-12-30,13.649999618530273,13.850000381469727,13.399999618530273,13.649999618530273,13.649999618530273,242700,OSPN
2017-01-03,13.850000381469727,14.050000190734863,13.729999542236328,14.0,14.0,189700,OSPN
2017-01-04,13.949999809265137,14.649999618530273,13.899999618530273,14.649999618530273,14.649999618530273,237200,OSPN
2017-01-05,14.699999809265137,14.880000114440918,14.5,14.649999618530273,14.649999618530273,233000,OSPN
2017-01-06,14.699999809265137,14.90999984741211,14.449999809265137,14.75,14.75,185500,OSPN
2017-01-09,14.699999809265137,14.90999984741211,14.550000190734863,14.699999809265137,14.699999809265137,133100,OSPN
2017-01-10,14.75,14.949999809265137,14.579999923706055,14.649999618530273,14.649999618530273,123900,OSPN
2017-01-11,14.649999618530273,14.850000381469727,14.550000190734863,14.850000381469727,14.850000381469727,130900,OSPN
2017-01-12,14.75,14.75,14.350000381469727,14.449999809265137,14.449999809265137,114000,OSPN
2017-01-13,14.5,14.899999618530273,14.5,14.850000381469727,14.850000381469727,128900,OSPN
2017-01-17,14.850000381469727,14.899999618530273,14.600000381469727,14.600000381469727,14.600000381469727,133700,OSPN
2017-01-18,14.699999809265137,14.800000190734863,14.550000190734863,14.800000190734863,14.800000190734863,137500,OSPN
2017-01-19,14.75,14.899999618530273,14.600000381469727,14.800000190734863,14.800000190734863,104000,OSPN
2017-01-20,14.800000190734863,15.0,14.699999809265137,14.949999809265137,14.949999809265137,180600,OSPN
2017-01-23,14.949999809265137,15.149999618530273,14.649999618530273,14.949999809265137,14.949999809265137,161900,OSPN
2017-01-24,14.949999809265137,15.449999809265137,14.949999809265137,15.399999618530273,15.399999618530273,156100,OSPN
2017-01-25,15.5,15.5600004196167,14.949999809265137,15.100000381469727,15.100000381469727,203500,OSPN
2017-01-26,15.050000190734863,15.149999618530273,14.899999618530273,15.050000190734863,15.050000190734863,121500,OSPN
2017-01-27,15.0,15.399999618530273,14.949999809265137,15.350000381469727,15.350000381469727,183700,OSPN
2017-01-30,15.149999618530273,15.300000190734863,14.880000114440918,15.0,15.0,159700,OSPN
2017-01-31,14.899999618530273,15.350000381469727,14.850000381469727,15.199999809265137,15.199999809265137,220100,OSPN
2017-02-01,15.300000190734863,15.300000190734863,14.850000381469727,14.949999809265137,14.949999809265137,100800,OSPN
2017-02-02,14.850000381469727,15.079999923706055,14.649999618530273,14.850000381469727,14.850000381469727,115000,OSPN
2017-02-03,14.949999809265137,15.350000381469727,14.949999809265137,15.350000381469727,15.350000381469727,115700,OSPN
2017-02-06,15.25,15.399999618530273,15.149999618530273,15.350000381469727,15.350000381469727,103700,OSPN
2017-02-07,15.399999618530273,15.649999618530273,15.100000381469727,15.199999809265137,15.199999809265137,137900,OSPN
2017-02-08,15.350000381469727,15.350000381469727,14.949999809265137,15.0,15.0,130000,OSPN
2017-02-09,15.0,15.149999618530273,14.850000381469727,14.949999809265137,14.949999809265137,244300,OSPN
2017-02-10,15.0,15.079999923706055,14.600000381469727,14.699999809265137,14.699999809265137,364500,OSPN
2017-02-13,14.699999809265137,15.5,14.699999809265137,15.449999809265137,15.449999809265137,237700,OSPN
2017-02-14,15.350000381469727,15.779999732971191,15.149999618530273,15.649999618530273,15.649999618530273,284900,OSPN
2017-02-15,14.850000381469727,14.989999771118164,13.5,13.630000114440918,13.630000114440918,1154500,OSPN
2017-02-16,13.75,13.800000190734863,12.800000190734863,13.550000190734863,13.550000190734863,611100,OSPN
2017-02-17,13.5,13.510000228881836,13.050000190734863,13.399999618530273,13.399999618530273,685800,OSPN
2017-02-21,13.5,13.779999732971191,13.350000381469727,13.550000190734863,13.550000190734863,728600,OSPN
2017-02-22,13.600000381469727,13.649999618530273,13.449999809265137,13.600000381469727,13.600000381469727,362200,OSPN
2017-02-23,13.649999618530273,13.649999618530273,13.399999618530273,13.600000381469727,13.600000381469727,499400,OSPN
2017-02-24,13.449999809265137,13.649999618530273,13.449999809265137,13.550000190734863,13.550000190734863,213700,OSPN
2017-02-27,13.5,13.850000381469727,13.4399995803833,13.75,13.75,329200,OSPN
2017-02-28,13.649999618530273,13.75,13.0,13.0,13.0,257400,OSPN
2017-03-01,13.300000190734863,13.449999809265137,13.100000381469727,13.199999809265137,13.199999809265137,209900,OSPN
2017-03-02,13.199999809265137,13.279999732971191,13.050000190734863,13.100000381469727,13.100000381469727,171900,OSPN
2017-03-03,13.050000190734863,13.199999809265137,12.729999542236328,12.899999618530273,12.899999618530273,194900,OSPN
2017-03-06,12.75,12.899999618530273,12.699999809265137,12.699999809265137,12.699999809265137,136200,OSPN
2017-03-07,12.649999618530273,12.930000305175781,12.649999618530273,12.850000381469727,12.850000381469727,177700,OSPN
2017-03-08,12.899999618530273,13.039999961853027,12.699999809265137,12.699999809265137,12.699999809265137,97200,OSPN
2017-03-09,12.75,12.850000381469727,12.399999618530273,12.600000381469727,12.600000381469727,202300,OSPN
2017-03-10,12.699999809265137,13.300000190734863,12.600000381469727,13.100000381469727,13.100000381469727,390000,OSPN
2017-03-13,13.050000190734863,13.300000190734863,13.0,13.100000381469727,13.100000381469727,200500,OSPN
2017-03-14,13.050000190734863,13.25,12.829999923706055,13.100000381469727,13.100000381469727,185000,OSPN
2017-03-15,13.149999618530273,13.25,13.0,13.100000381469727,13.100000381469727,173800,OSPN
2017-03-16,13.149999618530273,13.479999542236328,13.149999618530273,13.449999809265137,13.449999809265137,125300,OSPN
2017-03-17,13.449999809265137,13.579999923706055,13.25,13.550000190734863,13.550000190734863,463300,OSPN
2017-03-20,13.5,13.850000381469727,13.350000381469727,13.350000381469727,13.350000381469727,187200,OSPN
2017-03-21,13.350000381469727,13.600000381469727,12.949999809265137,12.949999809265137,12.949999809265137,181100,OSPN
2017-03-22,12.899999618530273,13.050000190734863,12.75,12.850000381469727,12.850000381469727,157100,OSPN
2017-03-23,12.800000190734863,13.029999732971191,12.65999984741211,12.800000190734863,12.800000190734863,135000,OSPN
2017-03-24,12.800000190734863,13.0,12.75,12.899999618530273,12.899999618530273,119400,OSPN
2017-03-27,12.800000190734863,13.149999618530273,12.649999618530273,13.0,13.0,146000,OSPN
2017-03-28,13.0,13.199999809265137,12.850000381469727,13.149999618530273,13.149999618530273,155200,OSPN
2017-03-29,13.100000381469727,13.199999809265137,13.029999732971191,13.100000381469727,13.100000381469727,143200,OSPN
2017-03-30,13.100000381469727,13.289999961853027,13.050000190734863,13.25,13.25,99500,OSPN
2017-03-31,13.199999809265137,13.550000190734863,13.0,13.5,13.5,260100,OSPN
2017-04-03,13.550000190734863,13.600000381469727,12.899999618530273,12.899999618530273,12.899999618530273,162800,OSPN
2017-04-04,12.899999618530273,13.0,12.800000190734863,12.949999809265137,12.949999809265137,192600,OSPN
2017-04-05,13.0,13.25,12.800000190734863,12.949999809265137,12.949999809265137,255000,OSPN
2017-04-06,12.949999809265137,12.949999809265137,12.600000381469727,12.899999618530273,12.899999618530273,218000,OSPN
2017-04-07,12.850000381469727,12.850000381469727,12.5,12.550000190734863,12.550000190734863,305200,OSPN
2017-04-10,12.550000190734863,12.600000381469727,12.279999732971191,12.399999618530273,12.399999618530273,292600,OSPN
2017-04-11,12.399999618530273,12.5,12.149999618530273,12.329999923706055,12.329999923706055,279100,OSPN
2017-04-12,12.300000190734863,12.380000114440918,12.100000381469727,12.100000381469727,12.100000381469727,263500,OSPN
2017-04-13,12.050000190734863,12.25,12.050000190734863,12.100000381469727,12.100000381469727,191200,OSPN
2017-04-17,12.100000381469727,12.350000381469727,12.100000381469727,12.300000190734863,12.300000190734863,118600,OSPN
2017-04-18,12.25,12.399999618530273,12.130000114440918,12.350000381469727,12.350000381469727,91400,OSPN
2017-04-19,12.399999618530273,12.649999618530273,12.399999618530273,12.550000190734863,12.550000190734863,163400,OSPN
2017-04-20,12.649999618530273,12.699999809265137,12.5,12.699999809265137,12.699999809265137,120200,OSPN
2017-04-21,12.699999809265137,12.899999618530273,12.600000381469727,12.800000190734863,12.800000190734863,170900,OSPN
2017-04-24,13.050000190734863,13.199999809265137,12.949999809265137,13.100000381469727,13.100000381469727,193600,OSPN
2017-04-25,13.25,13.5,13.199999809265137,13.25,13.25,181800,OSPN
2017-04-26,13.149999618530273,13.699999809265137,13.010000228881836,13.649999618530273,13.649999618530273,270300,OSPN
2017-04-27,13.550000190734863,13.75,13.399999618530273,13.600000381469727,13.600000381469727,165600,OSPN
2017-04-28,13.850000381469727,13.850000381469727,12.699999809265137,13.5,13.5,343700,OSPN
2017-05-01,13.5,13.850000381469727,13.449999809265137,13.699999809265137,13.699999809265137,159700,OSPN
2017-05-02,13.800000190734863,14.050000190734863,13.5,13.949999809265137,13.949999809265137,209400,OSPN
2017-05-03,13.800000190734863,14.149999618530273,13.800000190734863,14.100000381469727,14.100000381469727,147800,OSPN
2017-05-04,14.100000381469727,14.5,14.079999923706055,14.449999809265137,14.449999809265137,200400,OSPN
2017-05-05,14.5,14.649999618530273,14.399999618530273,14.550000190734863,14.550000190734863,101600,OSPN
2017-05-08,14.5,14.850000381469727,14.5,14.800000190734863,14.800000190734863,135800,OSPN
2017-05-09,14.850000381469727,14.949999809265137,14.550000190734863,14.600000381469727,14.600000381469727,144000,OSPN
2017-05-10,14.600000381469727,14.649999618530273,14.350000381469727,14.649999618530273,14.649999618530273,130700,OSPN
2017-05-11,14.5,14.579999923706055,14.25,14.350000381469727,14.350000381469727,107100,OSPN
2017-05-12,14.300000190734863,14.449999809265137,14.100000381469727,14.100000381469727,14.100000381469727,131600,OSPN
2017-05-15,14.199999809265137,14.850000381469727,14.149999618530273,14.75,14.75,361700,OSPN
2017-05-16,14.800000190734863,14.819999694824219,14.5,14.600000381469727,14.600000381469727,221600,OSPN
2017-05-17,14.350000381469727,14.449999809265137,14.050000190734863,14.050000190734863,14.050000190734863,173400,OSPN
2017-05-18,14.0,14.100000381469727,13.850000381469727,13.949999809265137,13.949999809265137,137300,OSPN
2017-05-19,13.949999809265137,14.149999618530273,13.899999618530273,13.949999809265137,13.949999809265137,112900,OSPN
2017-05-22,14.050000190734863,14.300000190734863,14.0,14.25,14.25,102000,OSPN
2017-05-23,14.300000190734863,14.5,14.170000076293945,14.25,14.25,92700,OSPN
2017-05-24,14.300000190734863,14.5,14.25,14.399999618530273,14.399999618530273,94100,OSPN
2017-05-25,14.399999618530273,14.399999618530273,13.949999809265137,14.100000381469727,14.100000381469727,151700,OSPN
2017-05-26,14.100000381469727,14.199999809265137,13.84000015258789,14.100000381469727,14.100000381469727,126300,OSPN
2017-05-30,14.100000381469727,14.100000381469727,13.800000190734863,14.0,14.0,124900,OSPN
2017-05-31,13.949999809265137,13.949999809265137,13.600000381469727,13.699999809265137,13.699999809265137,148200,OSPN
2017-06-01,13.699999809265137,14.300000190734863,13.699999809265137,14.25,14.25,120100,OSPN
2017-06-02,14.300000190734863,14.600000381469727,14.25,14.350000381469727,14.350000381469727,130100,OSPN
2017-06-05,14.300000190734863,14.399999618530273,13.899999618530273,14.050000190734863,14.050000190734863,183100,OSPN
2017-06-06,13.899999618530273,14.300000190734863,13.859999656677246,14.25,14.25,173400,OSPN
2017-06-07,14.399999618530273,14.5,14.050000190734863,14.149999618530273,14.149999618530273,192300,OSPN
2017-06-08,14.100000381469727,14.25,14.0,14.199999809265137,14.199999809265137,118000,OSPN
2017-06-09,14.149999618530273,14.399999618530273,13.850000381469727,14.050000190734863,14.050000190734863,141000,OSPN
2017-06-12,14.100000381469727,14.149999618530273,13.850000381469727,14.050000190734863,14.050000190734863,161500,OSPN
2017-06-13,14.0,14.100000381469727,13.75,13.850000381469727,13.850000381469727,131300,OSPN
2017-06-14,13.800000190734863,13.899999618530273,13.550000190734863,13.600000381469727,13.600000381469727,117400,OSPN
2017-06-15,13.600000381469727,13.800000190734863,13.5,13.699999809265137,13.699999809265137,170800,OSPN
2017-06-16,13.600000381469727,13.600000381469727,13.050000190734863,13.100000381469727,13.100000381469727,549400,OSPN
2017-06-19,13.25,13.899999618530273,13.149999618530273,13.899999618530273,13.899999618530273,225900,OSPN
2017-06-20,13.800000190734863,13.850000381469727,13.529999732971191,13.699999809265137,13.699999809265137,132900,OSPN
2017-06-21,13.699999809265137,13.899999618530273,13.600000381469727,13.75,13.75,122400,OSPN
2017-06-22,13.850000381469727,14.050000190734863,13.550000190734863,14.0,14.0,122500,OSPN
2017-06-23,14.050000190734863,14.600000381469727,13.779999732971191,14.149999618530273,14.149999618530273,1159000,OSPN
2017-06-26,14.449999809265137,14.949999809265137,14.300000190734863,14.649999618530273,14.649999618530273,247400,OSPN
2017-06-27,14.550000190734863,14.649999618530273,14.050000190734863,14.149999618530273,14.149999618530273,252500,OSPN
2017-06-28,14.25,14.75,14.100000381469727,14.600000381469727,14.600000381469727,203400,OSPN
2017-06-29,14.449999809265137,14.550000190734863,13.850000381469727,13.949999809265137,13.949999809265137,178700,OSPN
2017-06-30,14.0,14.449999809265137,13.949999809265137,14.350000381469727,14.350000381469727,139300,OSPN
2017-07-03,14.449999809265137,14.449999809265137,13.989999771118164,14.050000190734863,14.050000190734863,61700,OSPN
2017-07-05,14.050000190734863,14.350000381469727,13.899999618530273,14.149999618530273,14.149999618530273,174500,OSPN
2017-07-06,14.0,14.0,13.649999618530273,13.649999618530273,13.649999618530273,141800,OSPN
2017-07-07,13.75,13.949999809265137,13.600000381469727,13.899999618530273,13.899999618530273,145400,OSPN
2017-07-10,13.899999618530273,14.0,13.75,13.800000190734863,13.800000190734863,172800,OSPN
2017-07-11,13.850000381469727,14.149999618530273,13.75,14.050000190734863,14.050000190734863,198900,OSPN
2017-07-12,14.149999618530273,14.199999809265137,13.930000305175781,14.149999618530273,14.149999618530273,97000,OSPN
2017-07-13,14.100000381469727,14.149999618530273,13.760000228881836,14.0,14.0,113900,OSPN
2017-07-14,13.949999809265137,14.109999656677246,13.789999961853027,14.100000381469727,14.100000381469727,147400,OSPN
2017-07-17,14.050000190734863,14.350000381469727,13.850000381469727,14.149999618530273,14.149999618530273,234000,OSPN
2017-07-18,14.050000190734863,14.050000190734863,13.600000381469727,13.75,13.75,208700,OSPN
2017-07-19,13.75,14.0600004196167,13.75,14.0,14.0,177500,OSPN
2017-07-20,14.0,14.199999809265137,13.75,14.149999618530273,14.149999618530273,202500,OSPN
2017-07-21,14.149999618530273,14.199999809265137,13.699999809265137,14.0,14.0,501900,OSPN
2017-07-24,13.949999809265137,14.350000381469727,13.75,14.199999809265137,14.199999809265137,181800,OSPN
2017-07-25,14.399999618530273,14.899999618530273,14.199999809265137,14.600000381469727,14.600000381469727,202200,OSPN
2017-07-26,14.550000190734863,14.600000381469727,14.050000190734863,14.100000381469727,14.100000381469727,122100,OSPN
2017-07-27,14.199999809265137,14.5,14.0,14.25,14.25,214800,OSPN
2017-07-28,14.25,14.350000381469727,13.5,13.75,13.75,282500,OSPN
2017-07-31,13.699999809265137,13.75,13.40999984741211,13.5,13.5,176800,OSPN
2017-08-01,13.600000381469727,13.600000381469727,13.329999923706055,13.5,13.5,112800,OSPN
2017-08-02,13.449999809265137,13.449999809265137,13.130000114440918,13.25,13.25,170500,OSPN
2017-08-03,13.25,13.25,13.039999961853027,13.100000381469727,13.100000381469727,103900,OSPN
2017-08-04,13.100000381469727,13.25,13.050000190734863,13.199999809265137,13.199999809265137,190300,OSPN
2017-08-07,13.149999618530273,13.350000381469727,13.050000190734863,13.199999809265137,13.199999809265137,97100,OSPN
2017-08-08,13.149999618530273,13.279999732971191,12.930000305175781,13.0,13.0,162900,OSPN
2017-08-09,12.899999618530273,13.149999618530273,12.850000381469727,13.0,13.0,228800,OSPN
2017-08-10,12.850000381469727,12.949999809265137,12.600000381469727,12.649999618530273,12.649999618530273,197100,OSPN
2017-08-11,12.649999618530273,12.699999809265137,12.399999618530273,12.399999618530273,12.399999618530273,161200,OSPN
2017-08-14,12.449999809265137,12.680000305175781,12.399999618530273,12.550000190734863,12.550000190734863,170800,OSPN
2017-08-15,12.649999618530273,12.649999618530273,12.279999732971191,12.300000190734863,12.300000190734863,106900,OSPN
2017-08-16,12.300000190734863,12.449999809265137,12.300000190734863,12.399999618530273,12.399999618530273,155300,OSPN
2017-08-17,12.399999618530273,12.699999809265137,12.149999618530273,12.199999809265137,12.199999809265137,170200,OSPN
2017-08-18,12.100000381469727,12.350000381469727,12.100000381469727,12.25,12.25,136700,OSPN
2017-08-21,12.199999809265137,12.449999809265137,11.989999771118164,12.100000381469727,12.100000381469727,292400,OSPN
2017-08-22,12.149999618530273,12.329999923706055,12.050000190734863,12.050000190734863,12.050000190734863,182100,OSPN
2017-08-23,12.0,12.149999618530273,11.850000381469727,12.050000190734863,12.050000190734863,204100,OSPN
2017-08-24,12.0,12.300000190734863,12.0,12.25,12.25,113500,OSPN
2017-08-25,12.25,12.329999923706055,12.050000190734863,12.149999618530273,12.149999618530273,92100,OSPN
2017-08-28,12.149999618530273,12.300000190734863,12.0,12.300000190734863,12.300000190734863,116700,OSPN
2017-08-29,12.100000381469727,12.390000343322754,11.949999809265137,12.149999618530273,12.149999618530273,127900,OSPN
2017-08-30,12.100000381469727,12.399999618530273,12.050000190734863,12.300000190734863,12.300000190734863,122000,OSPN
2017-08-31,12.350000381469727,12.600000381469727,12.300000190734863,12.550000190734863,12.550000190734863,118500,OSPN
2017-09-01,12.600000381469727,12.800000190734863,12.5,12.649999618530273,12.649999618530273,134600,OSPN
2017-09-05,12.600000381469727,12.699999809265137,12.399999618530273,12.600000381469727,12.600000381469727,145300,OSPN
2017-09-06,12.550000190734863,12.600000381469727,12.350000381469727,12.399999618530273,12.399999618530273,80700,OSPN
2017-09-07,12.350000381469727,12.479999542236328,12.229999542236328,12.300000190734863,12.300000190734863,158300,OSPN
2017-09-08,12.300000190734863,12.5,12.25,12.350000381469727,12.350000381469727,162600,OSPN
2017-09-11,12.5,12.649999618530273,12.25,12.350000381469727,12.350000381469727,120100,OSPN
2017-09-12,12.449999809265137,12.449999809265137,12.239999771118164,12.350000381469727,12.350000381469727,125500,OSPN
2017-09-13,12.399999618530273,12.479999542236328,12.180000305175781,12.199999809265137,12.199999809265137,140400,OSPN
2017-09-14,12.199999809265137,12.199999809265137,12.0,12.100000381469727,12.100000381469727,175400,OSPN
2017-09-15,12.100000381469727,12.149999618530273,11.050000190734863,11.050000190734863,11.050000190734863,2378100,OSPN
2017-09-18,11.149999618530273,11.949999809265137,11.109999656677246,11.699999809265137,11.699999809265137,461000,OSPN
2017-09-19,11.800000190734863,11.899999618530273,11.399999618530273,11.449999809265137,11.449999809265137,223800,OSPN
2017-09-20,11.399999618530273,11.5,11.300000190734863,11.350000381469727,11.350000381469727,193500,OSPN
2017-09-21,11.350000381469727,11.529999732971191,11.25,11.300000190734863,11.300000190734863,189900,OSPN
2017-09-22,11.25,11.40999984741211,11.25,11.300000190734863,11.300000190734863,187100,OSPN
2017-09-25,11.25,11.399999618530273,11.199999809265137,11.350000381469727,11.350000381469727,162500,OSPN
2017-09-26,11.449999809265137,11.5,11.25,11.300000190734863,11.300000190734863,236600,OSPN
2017-09-27,11.199999809265137,11.649999618530273,11.199999809265137,11.649999618530273,11.649999618530273,162900,OSPN
2017-09-28,11.550000190734863,11.680000305175781,11.399999618530273,11.550000190734863,11.550000190734863,153600,OSPN
2017-09-29,11.600000381469727,12.100000381469727,11.600000381469727,12.050000190734863,12.050000190734863,216900,OSPN
2017-10-02,12.100000381469727,12.130000114440918,11.949999809265137,12.100000381469727,12.100000381469727,149900,OSPN
2017-10-03,12.149999618530273,12.300000190734863,12.0,12.25,12.25,179800,OSPN
2017-10-04,12.300000190734863,12.350000381469727,12.149999618530273,12.300000190734863,12.300000190734863,138200,OSPN
2017-10-05,12.300000190734863,12.550000190734863,12.199999809265137,12.5,12.5,181500,OSPN
2017-10-06,12.449999809265137,12.600000381469727,12.300000190734863,12.350000381469727,12.350000381469727,221600,OSPN
2017-10-09,12.350000381469727,12.699999809265137,12.350000381469727,12.600000381469727,12.600000381469727,153700,OSPN
2017-10-10,12.649999618530273,12.680000305175781,12.449999809265137,12.550000190734863,12.550000190734863,267100,OSPN
2017-10-11,12.550000190734863,12.649999618530273,12.5,12.5,12.5,129700,OSPN
2017-10-12,12.449999809265137,12.550000190734863,12.350000381469727,12.5,12.5,121100,OSPN
2017-10-13,12.449999809265137,12.5,12.199999809265137,12.350000381469727,12.350000381469727,123700,OSPN
2017-10-16,12.350000381469727,12.399999618530273,12.199999809265137,12.350000381469727,12.350000381469727,126700,OSPN
2017-10-17,12.300000190734863,12.329999923706055,11.710000038146973,11.899999618530273,11.899999618530273,239300,OSPN
2017-10-18,12.0,12.130000114440918,11.899999618530273,12.0,12.0,179400,OSPN
2017-10-19,11.949999809265137,12.149999618530273,11.800000190734863,11.949999809265137,11.949999809265137,129300,OSPN
2017-10-20,12.050000190734863,12.600000381469727,11.949999809265137,12.600000381469727,12.600000381469727,311600,OSPN
2017-10-23,12.600000381469727,12.600000381469727,12.399999618530273,12.449999809265137,12.449999809265137,111600,OSPN
2017-10-24,12.600000381469727,12.600000381469727,12.149999618530273,12.199999809265137,12.199999809265137,129200,OSPN
2017-10-25,12.149999618530273,12.199999809265137,11.8100004196167,12.100000381469727,12.100000381469727,127000,OSPN
2017-10-26,12.100000381469727,12.25,11.949999809265137,12.100000381469727,12.100000381469727,68300,OSPN
2017-10-27,12.75,13.729999542236328,12.75,13.449999809265137,13.449999809265137,510800,OSPN
2017-10-30,13.199999809265137,13.399999618530273,13.050000190734863,13.199999809265137,13.199999809265137,270800,OSPN
2017-10-31,13.350000381469727,13.829999923706055,13.229999542236328,13.600000381469727,13.600000381469727,393700,OSPN
2017-11-01,13.600000381469727,13.649999618530273,13.25,13.449999809265137,13.449999809265137,188800,OSPN
2017-11-02,13.399999618530273,13.800000190734863,13.399999618530273,13.699999809265137,13.699999809265137,218900,OSPN
2017-11-03,13.75,13.75,13.300000190734863,13.449999809265137,13.449999809265137,172100,OSPN
2017-11-06,13.5,13.550000190734863,13.350000381469727,13.449999809265137,13.449999809265137,109600,OSPN
2017-11-07,13.399999618530273,13.449999809265137,13.180000305175781,13.300000190734863,13.300000190734863,126300,OSPN
2017-11-08,13.350000381469727,13.880000114440918,13.199999809265137,13.800000190734863,13.800000190734863,191800,OSPN
2017-11-09,13.649999618530273,13.829999923706055,13.350000381469727,13.449999809265137,13.449999809265137,146300,OSPN
2017-11-10,13.449999809265137,13.550000190734863,13.25,13.300000190734863,13.300000190734863,72600,OSPN
2017-11-13,13.199999809265137,13.550000190734863,13.149999618530273,13.25,13.25,118000,OSPN
2017-11-14,13.100000381469727,13.199999809265137,12.850000381469727,13.0,13.0,113900,OSPN
2017-11-15,12.899999618530273,13.149999618530273,12.800000190734863,12.850000381469727,12.850000381469727,116000,OSPN
2017-11-16,12.949999809265137,13.380000114440918,12.949999809265137,13.199999809265137,13.199999809265137,122200,OSPN
2017-11-17,13.100000381469727,13.199999809265137,12.949999809265137,13.0,13.0,123100,OSPN
2017-11-20,13.050000190734863,13.350000381469727,12.850000381469727,13.25,13.25,139300,OSPN
2017-11-21,13.300000190734863,13.75,13.300000190734863,13.5,13.5,154700,OSPN
2017-11-22,13.5,13.600000381469727,13.350000381469727,13.5,13.5,113600,OSPN
2017-11-24,13.649999618530273,13.649999618530273,13.300000190734863,13.399999618530273,13.399999618530273,61900,OSPN
2017-11-27,13.449999809265137,13.649999618530273,13.300000190734863,13.350000381469727,13.350000381469727,69600,OSPN
2017-11-28,13.350000381469727,13.529999732971191,13.239999771118164,13.5,13.5,135800,OSPN
2017-11-29,13.5,13.600000381469727,13.25,13.300000190734863,13.300000190734863,117600,OSPN
2017-11-30,13.449999809265137,13.5,13.170000076293945,13.399999618530273,13.399999618530273,138300,OSPN
2017-12-01,13.350000381469727,13.350000381469727,12.600000381469727,12.949999809265137,12.949999809265137,153800,OSPN
2017-12-04,13.149999618530273,13.25,12.75,12.75,12.75,205900,OSPN
2017-12-05,12.75,13.180000305175781,12.630000114440918,13.050000190734863,13.050000190734863,340400,OSPN
2017-12-06,12.949999809265137,13.699999809265137,12.850000381469727,13.699999809265137,13.699999809265137,217100,OSPN
2017-12-07,13.699999809265137,13.789999961853027,13.199999809265137,13.5,13.5,295300,OSPN
2017-12-08,13.699999809265137,14.079999923706055,13.380000114440918,13.899999618530273,13.899999618530273,369400,OSPN
2017-12-11,13.949999809265137,14.050000190734863,13.850000381469727,14.0,14.0,220000,OSPN
2017-12-12,14.0,14.149999618530273,13.800000190734863,14.100000381469727,14.100000381469727,279500,OSPN
2017-12-13,14.100000381469727,14.350000381469727,14.050000190734863,14.350000381469727,14.350000381469727,312200,OSPN
2017-12-14,14.300000190734863,14.399999618530273,14.149999618530273,14.199999809265137,14.199999809265137,212100,OSPN
2017-12-15,14.199999809265137,14.380000114440918,14.0,14.350000381469727,14.350000381469727,699800,OSPN
2017-12-18,14.449999809265137,14.5,14.119999885559082,14.199999809265137,14.199999809265137,203800,OSPN
2017-12-19,14.25,14.5,14.100000381469727,14.100000381469727,14.100000381469727,245400,OSPN
2017-12-20,14.149999618530273,14.199999809265137,13.899999618530273,14.050000190734863,14.050000190734863,180000,OSPN
2017-12-21,14.100000381469727,14.449999809265137,13.949999809265137,14.050000190734863,14.050000190734863,291500,OSPN
2017-12-22,14.100000381469727,14.100000381469727,13.850000381469727,14.0,14.0,110200,OSPN
2017-12-26,14.0,14.449999809265137,14.0,14.100000381469727,14.100000381469727,155700,OSPN
2017-12-27,14.199999809265137,14.5,14.0,14.149999618530273,14.149999618530273,162200,OSPN
2017-12-28,14.149999618530273,14.199999809265137,14.0,14.100000381469727,14.100000381469727,96800,OSPN
2017-12-29,14.050000190734863,14.050000190734863,13.880000114440918,13.899999618530273,13.899999618530273,143900,OSPN
2018-01-02,14.050000190734863,14.25,13.949999809265137,14.100000381469727,14.100000381469727,175900,OSPN
2018-01-03,14.050000190734863,14.25,13.949999809265137,14.0,14.0,145300,OSPN
2018-01-04,14.100000381469727,14.350000381469727,14.100000381469727,14.300000190734863,14.300000190734863,204800,OSPN
2018-01-05,14.300000190734863,14.350000381469727,14.050000190734863,14.25,14.25,105500,OSPN
2018-01-08,14.199999809265137,14.350000381469727,13.829999923706055,14.279999732971191,14.279999732971191,135800,OSPN
2018-01-09,14.25,14.399999618530273,14.050000190734863,14.350000381469727,14.350000381469727,129200,OSPN
2018-01-10,14.25,14.300000190734863,14.149999618530273,14.25,14.25,75900,OSPN
2018-01-11,14.25,14.5,14.149999618530273,14.449999809265137,14.449999809265137,180400,OSPN
2018-01-12,14.5,14.550000190734863,14.25,14.350000381469727,14.350000381469727,98100,OSPN
2018-01-16,14.350000381469727,14.5,14.100000381469727,14.300000190734863,14.300000190734863,206800,OSPN
2018-01-17,14.300000190734863,14.399999618530273,14.100000381469727,14.350000381469727,14.350000381469727,129800,OSPN
2018-01-18,14.300000190734863,14.350000381469727,14.0,14.050000190734863,14.050000190734863,194400,OSPN
2018-01-19,14.050000190734863,14.600000381469727,14.0,14.5,14.5,348800,OSPN
2018-01-22,14.449999809265137,14.449999809265137,14.130000114440918,14.399999618530273,14.399999618530273,112000,OSPN
2018-01-23,14.449999809265137,14.649999618530273,14.350000381469727,14.649999618530273,14.649999618530273,189800,OSPN
2018-01-24,14.699999809265137,14.699999809265137,14.25,14.399999618530273,14.399999618530273,123500,OSPN
2018-01-25,14.449999809265137,14.899999618530273,14.300000190734863,14.75,14.75,323600,OSPN
2018-01-26,14.899999618530273,14.949999809265137,14.640000343322754,14.949999809265137,14.949999809265137,126600,OSPN
2018-01-29,14.949999809265137,15.0,14.649999618530273,14.899999618530273,14.899999618530273,132000,OSPN
2018-01-30,14.75,14.850000381469727,14.449999809265137,14.75,14.75,184700,OSPN
2018-01-31,14.850000381469727,14.949999809265137,14.25,14.399999618530273,14.399999618530273,226300,OSPN
2018-02-01,14.300000190734863,14.75,14.25,14.699999809265137,14.699999809265137,235800,OSPN
2018-02-02,14.550000190734863,14.600000381469727,14.210000038146973,14.300000190734863,14.300000190734863,201400,OSPN
2018-02-05,14.350000381469727,14.5,13.75,13.850000381469727,13.850000381469727,244300,OSPN
2018-02-06,13.550000190734863,13.890000343322754,13.390000343322754,13.649999618530273,13.649999618530273,191900,OSPN
2018-02-07,13.649999618530273,13.779999732971191,13.600000381469727,13.699999809265137,13.699999809265137,146000,OSPN
2018-02-08,13.699999809265137,13.850000381469727,13.399999618530273,13.399999618530273,13.399999618530273,136400,OSPN
2018-02-09,13.550000190734863,13.850000381469727,13.100000381469727,13.649999618530273,13.649999618530273,293800,OSPN
2018-02-12,13.550000190734863,13.779999732971191,13.399999618530273,13.5,13.5,238300,OSPN
2018-02-13,13.399999618530273,13.75,13.399999618530273,13.75,13.75,173700,OSPN
2018-02-14,13.600000381469727,13.800000190734863,13.550000190734863,13.699999809265137,13.699999809265137,152200,OSPN
2018-02-15,13.800000190734863,13.899999618530273,13.550000190734863,13.899999618530273,13.899999618530273,82900,OSPN
2018-02-16,13.800000190734863,14.050000190734863,13.75,13.850000381469727,13.850000381469727,116200,OSPN
2018-02-20,13.850000381469727,13.949999809265137,13.75,13.949999809265137,13.949999809265137,141000,OSPN
2018-02-21,13.899999618530273,14.050000190734863,13.649999618530273,13.800000190734863,13.800000190734863,123500,OSPN
2018-02-22,13.050000190734863,13.149999618530273,11.550000190734863,12.25,12.25,535900,OSPN
2018-02-23,12.199999809265137,12.449999809265137,12.050000190734863,12.399999618530273,12.399999618530273,202800,OSPN
2018-02-26,12.449999809265137,12.600000381469727,12.350000381469727,12.350000381469727,12.350000381469727,243400,OSPN
2018-02-27,12.399999618530273,12.699999809265137,12.300000190734863,12.350000381469727,12.350000381469727,152700,OSPN
2018-02-28,12.399999618530273,12.600000381469727,12.050000190734863,12.050000190734863,12.050000190734863,189200,OSPN
2018-03-01,12.050000190734863,12.300000190734863,12.0,12.100000381469727,12.100000381469727,244200,OSPN
2018-03-02,12.0,12.550000190734863,12.0,12.350000381469727,12.350000381469727,244100,OSPN
2018-03-05,12.25,12.649999618530273,12.25,12.550000190734863,12.550000190734863,162200,OSPN
2018-03-06,12.699999809265137,12.90999984741211,12.550000190734863,12.649999618530273,12.649999618530273,311800,OSPN
2018-03-07,12.649999618530273,12.949999809265137,12.649999618530273,12.850000381469727,12.850000381469727,156800,OSPN
2018-03-08,12.899999618530273,13.079999923706055,12.850000381469727,13.0,13.0,139200,OSPN
2018-03-09,13.100000381469727,13.25,12.949999809265137,13.149999618530273,13.149999618530273,154300,OSPN
2018-03-12,13.100000381469727,13.680000305175781,13.100000381469727,13.600000381469727,13.600000381469727,242700,OSPN
2018-03-13,13.100000381469727,13.699999809265137,13.100000381469727,13.649999618530273,13.649999618530273,244900,OSPN
2018-03-14,13.699999809265137,13.779999732971191,13.550000190734863,13.649999618530273,13.649999618530273,159600,OSPN
2018-03-15,13.699999809265137,13.779999732971191,13.5600004196167,13.75,13.75,117800,OSPN
2018-03-16,13.699999809265137,13.800000190734863,13.550000190734863,13.75,13.75,551400,OSPN
2018-03-19,13.600000381469727,13.699999809265137,13.449999809265137,13.550000190734863,13.550000190734863,174300,OSPN
2018-03-20,13.5,13.550000190734863,13.149999618530273,13.25,13.25,134200,OSPN
2018-03-21,13.300000190734863,13.449999809265137,13.199999809265137,13.350000381469727,13.350000381469727,142400,OSPN
2018-03-22,13.25,13.449999809265137,12.949999809265137,13.0,13.0,109000,OSPN
2018-03-23,12.899999618530273,12.899999618530273,12.800000190734863,12.850000381469727,12.850000381469727,182700,OSPN
2018-03-26,13.050000190734863,13.350000381469727,13.0,13.25,13.25,121100,OSPN
2018-03-27,13.25,13.5,12.800000190734863,12.850000381469727,12.850000381469727,113600,OSPN
2018-03-28,12.899999618530273,12.949999809265137,12.5,12.600000381469727,12.600000381469727,171100,OSPN
2018-03-29,12.600000381469727,12.949999809265137,12.600000381469727,12.949999809265137,12.949999809265137,470500,OSPN
2018-04-02,12.850000381469727,12.850000381469727,12.5,12.600000381469727,12.600000381469727,116400,OSPN
2018-04-03,12.649999618530273,12.649999618530273,12.449999809265137,12.600000381469727,12.600000381469727,134300,OSPN
2018-04-04,12.449999809265137,12.850000381469727,12.399999618530273,12.75,12.75,119800,OSPN
2018-04-05,12.850000381469727,13.050000190734863,12.75,12.850000381469727,12.850000381469727,99200,OSPN
2018-04-06,12.800000190734863,13.029999732971191,12.680000305175781,12.800000190734863,12.800000190734863,97700,OSPN
2018-04-09,12.850000381469727,12.850000381469727,12.550000190734863,12.649999618530273,12.649999618530273,109800,OSPN
2018-04-10,12.75,12.899999618530273,12.550000190734863,12.800000190734863,12.800000190734863,148800,OSPN
2018-04-11,12.699999809265137,12.899999618530273,12.649999618530273,12.800000190734863,12.800000190734863,183300,OSPN
2018-04-12,12.899999618530273,13.050000190734863,12.75,13.0,13.0,95200,OSPN
2018-04-13,13.0,13.100000381469727,12.899999618530273,12.949999809265137,12.949999809265137,83000,OSPN
2018-04-16,13.100000381469727,13.699999809265137,13.069999694824219,13.449999809265137,13.449999809265137,210500,OSPN
2018-04-17,13.449999809265137,13.949999809265137,13.449999809265137,13.949999809265137,13.949999809265137,209200,OSPN
2018-04-18,13.949999809265137,14.800000190734863,13.850000381469727,14.75,14.75,292700,OSPN
2018-04-19,14.75,15.199999809265137,14.699999809265137,15.149999618530273,15.149999618530273,341800,OSPN
2018-04-20,15.050000190734863,15.399999618530273,14.899999618530273,15.149999618530273,15.149999618530273,595600,OSPN
2018-04-23,15.149999618530273,15.260000228881836,14.930000305175781,15.149999618530273,15.149999618530273,208700,OSPN
2018-04-24,15.25,15.399999618530273,15.100000381469727,15.199999809265137,15.199999809265137,278400,OSPN
2018-04-25,15.199999809265137,15.600000381469727,15.050000190734863,15.5,15.5,302300,OSPN
2018-04-26,15.600000381469727,15.75,15.399999618530273,15.449999809265137,15.449999809265137,121500,OSPN
2018-04-27,15.5,15.5,15.149999618530273,15.300000190734863,15.300000190734863,261900,OSPN
2018-04-30,15.350000381469727,15.600000381469727,15.300000190734863,15.5,15.5,168900,OSPN
2018-05-01,15.449999809265137,15.699999809265137,15.449999809265137,15.649999618530273,15.649999618530273,121600,OSPN
2018-05-02,15.649999618530273,16.0,15.550000190734863,15.850000381469727,15.850000381469727,181800,OSPN
2018-05-03,15.850000381469727,16.0,15.800000190734863,15.899999618530273,15.899999618530273,161900,OSPN
2018-05-04,15.800000190734863,16.299999237060547,15.510000228881836,16.0,16.0,208500,OSPN
2018-05-07,16.100000381469727,16.399999618530273,15.850000381469727,16.350000381469727,16.350000381469727,160700,OSPN
2018-05-08,16.25,16.850000381469727,16.25,16.75,16.75,367400,OSPN
2018-05-09,18.149999618530273,19.799999237060547,18.149999618530273,19.600000381469727,19.600000381469727,1096600,OSPN
2018-05-10,19.75,20.649999618530273,19.700000762939453,20.649999618530273,20.649999618530273,761600,OSPN
2018-05-11,20.700000762939453,20.75,20.049999237060547,20.399999618530273,20.399999618530273,454000,OSPN
2018-05-14,20.649999618530273,20.700000762939453,20.0,20.350000381469727,20.350000381469727,372800,OSPN
2018-05-15,20.299999237060547,20.8799991607666,19.950000762939453,20.799999237060547,20.799999237060547,292700,OSPN
2018-05-16,20.799999237060547,20.799999237060547,19.25,20.149999618530273,20.149999618530273,542700,OSPN
2018-05-17,19.950000762939453,20.450000762939453,19.600000381469727,20.350000381469727,20.350000381469727,278700,OSPN
2018-05-18,20.399999618530273,20.399999618530273,19.850000381469727,20.0,20.0,270400,OSPN
2018-05-21,20.0,20.229999542236328,19.75,20.049999237060547,20.049999237060547,186500,OSPN
2018-05-22,20.0,20.350000381469727,19.799999237060547,19.950000762939453,19.950000762939453,189600,OSPN
2018-05-23,19.899999618530273,20.399999618530273,19.700000762939453,20.25,20.25,258500,OSPN
2018-05-24,20.200000762939453,20.299999237060547,19.799999237060547,20.149999618530273,20.149999618530273,185000,OSPN
2018-05-25,20.0,20.649999618530273,19.950000762939453,20.600000381469727,20.600000381469727,272000,OSPN
2018-05-29,20.5,20.700000762939453,20.25,20.700000762939453,20.700000762939453,256500,OSPN
2018-05-30,20.799999237060547,22.299999237060547,20.799999237060547,21.799999237060547,21.799999237060547,776300,OSPN
2018-05-31,22.0,22.25,21.600000381469727,21.649999618530273,21.649999618530273,398700,OSPN
2018-06-01,21.700000762939453,22.100000381469727,21.100000381469727,21.799999237060547,21.799999237060547,282400,OSPN
2018-06-04,23.149999618530273,25.450000762939453,21.850000381469727,23.149999618530273,23.149999618530273,241000,OSPN
2018-06-05,23.149999618530273,23.350000381469727,20.100000381469727,21.649999618530273,21.649999618530273,379300,OSPN
2018-06-06,21.649999618530273,22.5,20.700000762939453,21.850000381469727,21.850000381469727,325900,OSPN
2018-06-07,21.649999618530273,21.649999618530273,20.600000381469727,20.850000381469727,20.850000381469727,212200,OSPN
2018-06-08,20.799999237060547,21.299999237060547,20.450000762939453,21.149999618530273,21.149999618530273,194300,OSPN
2018-06-11,21.299999237060547,21.5,20.299999237060547,20.549999237060547,20.549999237060547,226000,OSPN
2018-06-12,20.5,20.899999618530273,20.450000762939453,20.850000381469727,20.850000381469727,193100,OSPN
2018-06-13,20.799999237060547,21.0,20.450000762939453,20.850000381469727,20.850000381469727,168900,OSPN
2018-06-14,20.799999237060547,21.100000381469727,20.649999618530273,21.049999237060547,21.049999237060547,184400,OSPN
2018-06-15,20.899999618530273,21.100000381469727,20.649999618530273,20.649999618530273,20.649999618530273,516400,OSPN
2018-06-18,20.5,20.799999237060547,20.059999465942383,20.75,20.75,289400,OSPN
2018-06-19,20.700000762939453,20.799999237060547,20.200000762939453,20.700000762939453,20.700000762939453,135300,OSPN
2018-06-20,20.75,20.850000381469727,20.450000762939453,20.799999237060547,20.799999237060547,191600,OSPN
2018-06-21,20.850000381469727,20.850000381469727,20.079999923706055,20.649999618530273,20.649999618530273,244300,OSPN
2018-06-22,20.799999237060547,20.799999237060547,20.149999618530273,20.450000762939453,20.450000762939453,893900,OSPN
2018-06-25,20.299999237060547,20.299999237060547,19.549999237060547,19.799999237060547,19.799999237060547,242400,OSPN
2018-06-26,19.850000381469727,20.350000381469727,19.799999237060547,20.049999237060547,20.049999237060547,124400,OSPN
2018-06-27,20.100000381469727,20.200000762939453,19.399999618530273,19.450000762939453,19.450000762939453,173700,OSPN
2018-06-28,19.299999237060547,20.450000762939453,19.299999237060547,20.200000762939453,20.200000762939453,230900,OSPN
2018-06-29,20.200000762939453,20.200000762939453,19.450000762939453,19.649999618530273,19.649999618530273,186700,OSPN
2018-07-02,19.649999618530273,20.350000381469727,19.649999618530273,20.350000381469727,20.350000381469727,163700,OSPN
2018-07-03,20.5,20.5,20.100000381469727,20.149999618530273,20.149999618530273,52300,OSPN
2018-07-05,20.100000381469727,20.5,20.020000457763672,20.5,20.5,113000,OSPN
2018-07-06,20.450000762939453,20.75,20.299999237060547,20.700000762939453,20.700000762939453,153600,OSPN
2018-07-09,20.75,20.799999237060547,20.5,20.649999618530273,20.649999618530273,112600,OSPN
2018-07-10,20.75,20.75,20.100000381469727,20.399999618530273,20.399999618530273,90400,OSPN
2018-07-11,20.350000381469727,20.649999618530273,20.100000381469727,20.200000762939453,20.200000762939453,96300,OSPN
2018-07-12,20.25,20.899999618530273,20.25,20.850000381469727,20.850000381469727,99500,OSPN
2018-07-13,20.799999237060547,20.899999618530273,20.399999618530273,20.600000381469727,20.600000381469727,104200,OSPN
2018-07-16,20.600000381469727,20.600000381469727,20.0,20.25,20.25,177700,OSPN
2018-07-17,20.149999618530273,20.5,20.049999237060547,20.149999618530273,20.149999618530273,126300,OSPN
2018-07-18,20.049999237060547,20.299999237060547,19.75,20.100000381469727,20.100000381469727,111800,OSPN
2018-07-19,20.100000381469727,20.350000381469727,19.950000762939453,20.149999618530273,20.149999618530273,113900,OSPN
2018-07-20,20.25,20.799999237060547,20.049999237060547,20.600000381469727,20.600000381469727,533400,OSPN
2018-07-23,20.5,20.850000381469727,20.25,20.75,20.75,173300,OSPN
2018-07-24,20.700000762939453,20.850000381469727,19.899999618530273,20.0,20.0,246400,OSPN
2018-07-25,20.0,20.5,19.950000762939453,20.399999618530273,20.399999618530273,133200,OSPN
2018-07-26,20.399999618530273,20.649999618530273,19.979999542236328,20.5,20.5,242100,OSPN
2018-07-27,20.799999237060547,20.799999237060547,18.149999618530273,18.549999237060547,18.549999237060547,664200,OSPN
2018-07-30,18.350000381469727,18.350000381469727,16.75,17.020000457763672,17.020000457763672,566500,OSPN
2018-07-31,17.049999237060547,17.200000762939453,16.200000762939453,16.299999237060547,16.299999237060547,584800,OSPN
2018-08-01,16.100000381469727,17.299999237060547,16.100000381469727,17.25,17.25,463600,OSPN
2018-08-02,17.200000762939453,18.100000381469727,17.09000015258789,17.549999237060547,17.549999237060547,325000,OSPN
2018-08-03,17.5,17.520000457763672,17.049999237060547,17.299999237060547,17.299999237060547,265200,OSPN
2018-08-06,17.299999237060547,17.399999618530273,17.0,17.25,17.25,209100,OSPN
2018-08-07,17.299999237060547,17.450000762939453,17.0,17.049999237060547,17.049999237060547,209100,OSPN
2018-08-08,17.149999618530273,17.299999237060547,17.0,17.149999618530273,17.149999618530273,125800,OSPN
2018-08-09,17.25,17.450000762939453,16.600000381469727,16.700000762939453,16.700000762939453,234000,OSPN
2018-08-10,16.450000762939453,17.399999618530273,16.450000762939453,17.299999237060547,17.299999237060547,258000,OSPN
2018-08-13,17.350000381469727,17.700000762939453,17.1299991607666,17.299999237060547,17.299999237060547,177200,OSPN
2018-08-14,17.299999237060547,17.700000762939453,17.25,17.649999618530273,17.649999618530273,113000,OSPN
2018-08-15,17.649999618530273,17.950000762939453,17.450000762939453,17.700000762939453,17.700000762939453,127400,OSPN
2018-08-16,17.75,17.850000381469727,17.5,17.649999618530273,17.649999618530273,119000,OSPN
2018-08-17,17.549999237060547,17.950000762939453,17.399999618530273,17.700000762939453,17.700000762939453,205100,OSPN
2018-08-20,17.850000381469727,17.950000762939453,17.5,17.700000762939453,17.700000762939453,126000,OSPN
2018-08-21,17.799999237060547,18.1299991607666,17.799999237060547,18.049999237060547,18.049999237060547,158500,OSPN
2018-08-22,17.950000762939453,18.25,17.850000381469727,18.049999237060547,18.049999237060547,184900,OSPN
2018-08-23,18.149999618530273,18.299999237060547,17.979999542236328,18.200000762939453,18.200000762939453,78800,OSPN
2018-08-24,18.149999618530273,18.5,18.149999618530273,18.399999618530273,18.399999618530273,95700,OSPN
2018-08-27,18.450000762939453,18.450000762939453,18.100000381469727,18.399999618530273,18.399999618530273,111700,OSPN
2018-08-28,18.5,18.600000381469727,18.200000762939453,18.399999618530273,18.399999618530273,71800,OSPN
2018-08-29,18.399999618530273,18.600000381469727,18.229999542236328,18.450000762939453,18.450000762939453,80800,OSPN
2018-08-30,18.5,18.549999237060547,18.0,18.450000762939453,18.450000762939453,130500,OSPN
2018-08-31,18.350000381469727,18.799999237060547,18.25,18.75,18.75,154800,OSPN
2018-09-04,18.700000762939453,19.0,18.549999237060547,19.0,19.0,113200,OSPN
2018-09-05,18.950000762939453,18.950000762939453,17.649999618530273,17.75,17.75,265800,OSPN
2018-09-06,17.75,17.799999237060547,17.299999237060547,17.450000762939453,17.450000762939453,208000,OSPN
2018-09-07,17.450000762939453,17.850000381469727,17.010000228881836,17.850000381469727,17.850000381469727,114700,OSPN
2018-09-10,17.850000381469727,18.450000762939453,17.729999542236328,18.049999237060547,18.049999237060547,75300,OSPN
2018-09-11,18.0,18.579999923706055,17.850000381469727,18.5,18.5,132900,OSPN
2018-09-12,18.450000762939453,18.549999237060547,18.100000381469727,18.25,18.25,121700,OSPN
2018-09-13,18.350000381469727,18.5,18.049999237060547,18.450000762939453,18.450000762939453,196300,OSPN
2018-09-14,18.350000381469727,18.600000381469727,18.25,18.5,18.5,112200,OSPN
2018-09-17,18.450000762939453,18.600000381469727,17.950000762939453,18.100000381469727,18.100000381469727,172400,OSPN
2018-09-18,18.25,18.399999618530273,18.200000762939453,18.25,18.25,297200,OSPN
2018-09-19,18.200000762939453,18.350000381469727,17.850000381469727,18.200000762939453,18.200000762939453,198600,OSPN
2018-09-20,18.25,18.299999237060547,18.0,18.100000381469727,18.100000381469727,150600,OSPN
2018-09-21,18.0,18.350000381469727,17.950000762939453,18.299999237060547,18.299999237060547,853900,OSPN
2018-09-24,18.200000762939453,18.549999237060547,18.100000381469727,18.5,18.5,244200,OSPN
2018-09-25,18.700000762939453,19.5,18.610000610351562,19.399999618530273,19.399999618530273,351600,OSPN
2018-09-26,19.450000762939453,19.5,19.200000762939453,19.299999237060547,19.299999237060547,142400,OSPN
2018-09-27,19.200000762939453,19.350000381469727,18.850000381469727,19.0,19.0,115300,OSPN
2018-09-28,19.0,19.100000381469727,18.850000381469727,19.049999237060547,19.049999237060547,199700,OSPN
2018-10-01,19.149999618530273,19.149999618530273,18.799999237060547,18.989999771118164,18.989999771118164,233200,OSPN
2018-10-02,19.0,19.049999237060547,18.899999618530273,18.969999313354492,18.969999313354492,230000,OSPN
2018-10-03,19.030000686645508,19.350000381469727,18.84000015258789,19.079999923706055,19.079999923706055,203200,OSPN
2018-10-04,19.100000381469727,19.100000381469727,18.889999389648438,19.0,19.0,228700,OSPN
2018-10-05,19.030000686645508,19.100000381469727,18.899999618530273,19.0,19.0,307700,OSPN
2018-10-08,18.93000030517578,18.950000762939453,18.079999923706055,18.200000762939453,18.200000762939453,222800,OSPN
2018-10-09,18.170000076293945,18.450000762939453,17.540000915527344,17.739999771118164,17.739999771118164,197700,OSPN
2018-10-10,17.670000076293945,17.739999771118164,16.93000030517578,17.010000228881836,17.010000228881836,280800,OSPN
2018-10-11,16.799999237060547,17.31999969482422,16.440000534057617,16.450000762939453,16.450000762939453,199600,OSPN
2018-10-12,16.6299991607666,17.219999313354492,16.600000381469727,16.93000030517578,16.93000030517578,229100,OSPN
2018-10-15,16.899999618530273,17.1299991607666,16.40999984741211,16.850000381469727,16.850000381469727,191300,OSPN
2018-10-16,16.989999771118164,17.709999084472656,16.860000610351562,17.649999618530273,17.649999618530273,206400,OSPN
2018-10-17,17.6299991607666,17.889999389648438,17.450000762939453,17.84000015258789,17.84000015258789,112300,OSPN
2018-10-18,17.709999084472656,18.15999984741211,17.59000015258789,18.0,18.0,172400,OSPN
2018-10-19,17.969999313354492,18.049999237060547,17.600000381469727,17.809999465942383,17.809999465942383,269000,OSPN
2018-10-22,17.850000381469727,18.299999237060547,17.84000015258789,18.1200008392334,18.1200008392334,226800,OSPN
2018-10-23,17.899999618530273,18.149999618530273,17.549999237060547,17.979999542236328,17.979999542236328,144500,OSPN
2018-10-24,17.950000762939453,18.100000381469727,17.170000076293945,17.200000762939453,17.200000762939453,165000,OSPN
2018-10-25,17.31999969482422,17.670000076293945,16.920000076293945,17.139999389648438,17.139999389648438,210500,OSPN
2018-10-26,16.709999084472656,17.110000610351562,16.3700008392334,17.020000457763672,17.020000457763672,160300,OSPN
2018-10-29,17.389999389648438,17.739999771118164,16.530000686645508,16.829999923706055,16.829999923706055,171600,OSPN
2018-10-30,16.790000915527344,16.969999313354492,16.209999084472656,16.719999313354492,16.719999313354492,242700,OSPN
2018-10-31,16.049999237060547,16.100000381469727,13.770000457763672,14.680000305175781,14.680000305175781,1122700,OSPN
2018-11-01,14.630000114440918,15.460000038146973,13.920000076293945,15.34000015258789,15.34000015258789,534500,OSPN
2018-11-02,15.329999923706055,15.720000267028809,15.020000457763672,15.399999618530273,15.399999618530273,336000,OSPN
2018-11-05,16.59000015258789,16.59000015258789,15.239999771118164,15.84000015258789,15.84000015258789,319200,OSPN
2018-11-06,15.789999961853027,16.010000228881836,15.640000343322754,15.850000381469727,15.850000381469727,200300,OSPN
2018-11-07,15.850000381469727,16.829999923706055,15.600000381469727,16.770000457763672,16.770000457763672,210800,OSPN
2018-11-08,16.809999465942383,17.1200008392334,16.450000762939453,16.8700008392334,16.8700008392334,338000,OSPN
2018-11-09,16.799999237060547,16.799999237060547,16.239999771118164,16.31999969482422,16.31999969482422,206000,OSPN
2018-11-12,16.75,16.75,15.979999542236328,16.100000381469727,16.100000381469727,205800,OSPN
2018-11-13,16.200000762939453,16.399999618530273,16.010000228881836,16.299999237060547,16.299999237060547,165600,OSPN
2018-11-14,16.389999389648438,16.760000228881836,16.1299991607666,16.34000015258789,16.34000015258789,144200,OSPN
2018-11-15,16.190000534057617,17.139999389648438,16.1299991607666,17.110000610351562,17.110000610351562,188500,OSPN
2018-11-16,16.8799991607666,17.1299991607666,16.559999465942383,17.040000915527344,17.040000915527344,182800,OSPN
2018-11-19,16.8799991607666,17.0,16.020000457763672,16.190000534057617,16.190000534057617,500300,OSPN
2018-11-20,15.800000190734863,15.970000267028809,15.420000076293945,15.800000190734863,15.800000190734863,348000,OSPN
2018-11-21,16.0,16.360000610351562,15.800000190734863,16.079999923706055,16.079999923706055,112600,OSPN
2018-11-23,15.850000381469727,16.610000610351562,15.829999923706055,16.3700008392334,16.3700008392334,72200,OSPN
2018-11-26,16.6299991607666,16.649999618530273,16.15999984741211,16.239999771118164,16.239999771118164,159100,OSPN
2018-11-27,16.149999618530273,16.299999237060547,15.989999771118164,16.100000381469727,16.100000381469727,101100,OSPN
2018-11-28,16.09000015258789,16.700000762939453,15.84000015258789,16.68000030517578,16.68000030517578,157300,OSPN
2018-11-29,16.65999984741211,16.8700008392334,16.309999465942383,16.649999618530273,16.649999618530273,93600,OSPN
2018-11-30,16.729999542236328,17.06999969482422,16.3799991607666,16.969999313354492,16.969999313354492,183900,OSPN
2018-12-03,17.200000762939453,17.68000030517578,16.459999084472656,17.09000015258789,17.09000015258789,158300,OSPN
2018-12-04,16.940000534057617,17.0,16.200000762939453,16.299999237060547,16.299999237060547,178500,OSPN
2018-12-06,15.899999618530273,16.540000915527344,15.899999618530273,16.43000030517578,16.43000030517578,162200,OSPN
2018-12-07,16.420000076293945,16.420000076293945,15.649999618530273,15.680000305175781,15.680000305175781,174000,OSPN
2018-12-10,15.65999984741211,16.149999618530273,15.510000228881836,15.949999809265137,15.949999809265137,246200,OSPN
2018-12-11,16.09000015258789,16.350000381469727,15.819999694824219,15.930000305175781,15.930000305175781,87400,OSPN
2018-12-12,16.1299991607666,16.450000762939453,15.739999771118164,16.010000228881836,16.010000228881836,303900,OSPN
2018-12-13,16.170000076293945,16.280000686645508,15.819999694824219,15.930000305175781,15.930000305175781,196500,OSPN
2018-12-14,15.699999809265137,15.90999984741211,15.399999618530273,15.420000076293945,15.420000076293945,139300,OSPN
2018-12-17,15.289999961853027,15.289999961853027,13.75,13.8100004196167,13.8100004196167,236600,OSPN
2018-12-18,14.010000228881836,14.220000267028809,13.539999961853027,13.65999984741211,13.65999984741211,192100,OSPN
2018-12-19,13.640000343322754,14.220000267028809,13.40999984741211,13.949999809265137,13.949999809265137,250100,OSPN
2018-12-20,13.90999984741211,13.979999542236328,13.25,13.449999809265137,13.449999809265137,192900,OSPN
2018-12-21,13.329999923706055,13.329999923706055,12.239999771118164,12.279999732971191,12.279999732971191,1235600,OSPN
2018-12-24,11.890000343322754,12.5600004196167,11.40999984741211,12.210000038146973,12.210000038146973,156900,OSPN
2018-12-26,12.369999885559082,13.199999809265137,12.300000190734863,13.170000076293945,13.170000076293945,369700,OSPN
2018-12-27,12.90999984741211,13.1899995803833,12.609999656677246,13.180000305175781,13.180000305175781,157200,OSPN
2018-12-28,13.1899995803833,13.770000457763672,12.779999732971191,13.079999923706055,13.079999923706055,153700,OSPN
2018-12-31,13.210000038146973,13.210000038146973,12.770000457763672,12.949999809265137,12.949999809265137,141900,OSPN
2019-01-02,12.670000076293945,13.010000228881836,12.670000076293945,12.890000343322754,12.890000343322754,236900,OSPN
2019-01-03,12.90999984741211,12.989999771118164,12.399999618530273,12.399999618530273,12.399999618530273,180100,OSPN
2019-01-04,12.65999984741211,13.270000457763672,12.420000076293945,12.899999618530273,12.899999618530273,371200,OSPN
2019-01-07,12.90999984741211,13.279999732971191,12.829999923706055,12.90999984741211,12.90999984741211,243700,OSPN
2019-01-08,13.079999923706055,13.930000305175781,13.010000228881836,13.850000381469727,13.850000381469727,235000,OSPN
2019-01-09,14.0,14.260000228881836,13.670000076293945,14.149999618530273,14.149999618530273,148700,OSPN
2019-01-10,14.010000228881836,14.380000114440918,13.920000076293945,14.170000076293945,14.170000076293945,113900,OSPN
2019-01-11,14.039999961853027,14.239999771118164,13.770000457763672,13.779999732971191,13.779999732971191,132000,OSPN
2019-01-14,13.670000076293945,14.029999732971191,13.670000076293945,13.710000038146973,13.710000038146973,168800,OSPN
2019-01-15,13.760000228881836,13.920000076293945,13.609999656677246,13.779999732971191,13.779999732971191,148100,OSPN
2019-01-16,13.8100004196167,14.34000015258789,13.720000267028809,14.270000457763672,14.270000457763672,183000,OSPN
2019-01-17,14.109999656677246,14.319999694824219,13.869999885559082,14.25,14.25,202900,OSPN
2019-01-18,14.279999732971191,14.729999542236328,14.039999961853027,14.380000114440918,14.380000114440918,545500,OSPN
2019-01-22,14.229999542236328,14.479999542236328,13.65999984741211,13.75,13.75,177300,OSPN
2019-01-23,13.819999694824219,14.0600004196167,13.390000343322754,13.449999809265137,13.449999809265137,130800,OSPN
2019-01-24,13.420000076293945,13.739999771118164,13.329999923706055,13.5,13.5,292400,OSPN
2019-01-25,13.649999618530273,13.739999771118164,13.350000381469727,13.670000076293945,13.670000076293945,219100,OSPN
2019-01-28,13.510000228881836,14.050000190734863,13.510000228881836,13.920000076293945,13.920000076293945,149700,OSPN
2019-01-29,13.979999542236328,14.149999618530273,13.75,14.09000015258789,14.09000015258789,143300,OSPN
2019-01-30,14.1899995803833,14.350000381469727,13.800000190734863,14.319999694824219,14.319999694824219,141700,OSPN
2019-01-31,14.399999618530273,14.850000381469727,14.390000343322754,14.59000015258789,14.59000015258789,269300,OSPN
2019-02-01,14.630000114440918,14.9399995803833,14.470000267028809,14.739999771118164,14.739999771118164,254500,OSPN
2019-02-04,14.760000228881836,15.0600004196167,14.720000267028809,14.779999732971191,14.779999732971191,96700,OSPN
2019-02-05,14.869999885559082,15.789999961853027,14.869999885559082,15.729999542236328,15.729999542236328,189100,OSPN
2019-02-06,15.680000305175781,15.859999656677246,15.430000305175781,15.59000015258789,15.59000015258789,108600,OSPN
2019-02-07,15.4399995803833,15.4399995803833,14.9399995803833,15.069999694824219,15.069999694824219,76000,OSPN
2019-02-08,14.920000076293945,15.210000038146973,14.869999885559082,15.199999809265137,15.199999809265137,99600,OSPN
2019-02-11,15.279999732971191,15.399999618530273,15.109999656677246,15.359999656677246,15.359999656677246,70500,OSPN
2019-02-12,15.390000343322754,15.710000038146973,15.390000343322754,15.640000343322754,15.640000343322754,92300,OSPN
2019-02-13,15.640000343322754,15.670000076293945,15.4399995803833,15.510000228881836,15.510000228881836,88100,OSPN
2019-02-14,15.430000305175781,15.970000267028809,15.420000076293945,15.890000343322754,15.890000343322754,127400,OSPN
2019-02-15,16.0,16.350000381469727,15.880000114440918,16.149999618530273,16.149999618530273,222400,OSPN
2019-02-19,16.1200008392334,16.780000686645508,16.030000686645508,16.770000457763672,16.770000457763672,470400,OSPN
2019-02-20,20.510000228881836,21.3700008392334,19.049999237060547,19.31999969482422,19.31999969482422,1948300,OSPN
2019-02-21,19.450000762939453,20.559999465942383,19.219999313354492,20.0,20.0,598600,OSPN
2019-02-22,19.899999618530273,20.700000762939453,19.729999542236328,20.219999313354492,20.219999313354492,665400,OSPN
2019-02-25,20.40999984741211,21.06999969482422,20.350000381469727,21.06999969482422,21.06999969482422,467000,OSPN
2019-02-26,20.979999542236328,21.399999618530273,20.809999465942383,21.280000686645508,21.280000686645508,560500,OSPN
2019-02-27,21.280000686645508,21.610000610351562,21.0,21.549999237060547,21.549999237060547,284300,OSPN
2019-02-28,21.549999237060547,21.600000381469727,21.040000915527344,21.299999237060547,21.299999237060547,360400,OSPN
2019-03-01,21.510000228881836,21.610000610351562,21.190000534057617,21.350000381469727,21.350000381469727,357500,OSPN
2019-03-04,21.399999618530273,21.5,20.110000610351562,20.459999084472656,20.459999084472656,307500,OSPN
2019-03-05,20.389999389648438,20.5,20.059999465942383,20.350000381469727,20.350000381469727,171900,OSPN
2019-03-06,20.299999237060547,20.299999237060547,19.59000015258789,19.81999969482422,19.81999969482422,187300,OSPN
2019-03-07,19.690000534057617,19.81999969482422,19.209999084472656,19.420000076293945,19.420000076293945,162500,OSPN
2019-03-08,19.299999237060547,19.84000015258789,19.010000228881836,19.6200008392334,19.6200008392334,193700,OSPN
2019-03-11,19.799999237060547,20.100000381469727,19.5,20.079999923706055,20.079999923706055,301500,OSPN
2019-03-12,20.139999389648438,20.299999237060547,19.8700008392334,20.190000534057617,20.190000534057617,204300,OSPN
2019-03-13,20.270000457763672,20.399999618530273,19.959999084472656,20.040000915527344,20.040000915527344,183200,OSPN
2019-03-14,20.0,20.030000686645508,19.700000762939453,19.93000030517578,19.93000030517578,170100,OSPN
2019-03-15,19.920000076293945,20.149999618530273,19.59000015258789,19.809999465942383,19.809999465942383,628500,OSPN
2019-03-18,19.799999237060547,20.489999771118164,19.799999237060547,20.350000381469727,20.350000381469727,205700,OSPN
2019-03-19,20.479999542236328,20.489999771118164,20.079999923706055,20.209999084472656,20.209999084472656,134300,OSPN
2019-03-20,20.100000381469727,20.719999313354492,19.920000076293945,20.25,20.25,180100,OSPN
2019-03-21,20.200000762939453,20.350000381469727,19.90999984741211,20.049999237060547,20.049999237060547,248600,OSPN
2019-03-22,19.850000381469727,19.860000610351562,18.649999618530273,18.790000915527344,18.790000915527344,221900,OSPN
2019-03-25,18.709999084472656,19.399999618530273,18.520000457763672,19.270000457763672,19.270000457763672,213800,OSPN
2019-03-26,19.469999313354492,19.549999237060547,19.190000534057617,19.309999465942383,19.309999465942383,146800,OSPN
2019-03-27,19.239999771118164,19.43000030517578,19.079999923706055,19.260000228881836,19.260000228881836,230100,OSPN
2019-03-28,19.360000610351562,19.829999923706055,19.34000015258789,19.690000534057617,19.690000534057617,150300,OSPN
2019-03-29,19.729999542236328,19.829999923706055,19.200000762939453,19.219999313354492,19.219999313354492,239000,OSPN
2019-04-01,19.059999465942383,19.56999969482422,18.979999542236328,19.219999313354492,19.219999313354492,215100,OSPN
2019-04-02,19.170000076293945,19.270000457763672,18.690000534057617,18.899999618530273,18.899999618530273,225200,OSPN
2019-04-03,19.0,19.420000076293945,18.889999389648438,19.40999984741211,19.40999984741211,215900,OSPN
2019-04-04,19.420000076293945,19.420000076293945,18.350000381469727,18.5,18.5,121200,OSPN
2019-04-05,18.719999313354492,18.899999618530273,18.670000076293945,18.719999313354492,18.719999313354492,141600,OSPN
2019-04-08,18.639999389648438,18.700000762939453,18.3700008392334,18.610000610351562,18.610000610351562,122600,OSPN
2019-04-09,18.540000915527344,18.860000610351562,18.540000915527344,18.690000534057617,18.690000534057617,169500,OSPN
2019-04-10,18.700000762939453,18.969999313354492,18.600000381469727,18.799999237060547,18.799999237060547,156100,OSPN
2019-04-11,18.81999969482422,18.81999969482422,18.200000762939453,18.40999984741211,18.40999984741211,141900,OSPN
2019-04-12,18.459999084472656,18.459999084472656,18.1299991607666,18.190000534057617,18.190000534057617,102600,OSPN
2019-04-15,18.200000762939453,18.389999389648438,17.709999084472656,17.940000534057617,17.940000534057617,179400,OSPN
2019-04-16,18.010000228881836,18.010000228881836,17.559999465942383,17.690000534057617,17.690000534057617,163200,OSPN
2019-04-17,17.729999542236328,17.729999542236328,16.709999084472656,16.84000015258789,16.84000015258789,271200,OSPN
2019-04-18,16.739999771118164,17.030000686645508,16.229999542236328,16.809999465942383,16.809999465942383,658700,OSPN
2019-04-22,16.75,17.209999084472656,16.600000381469727,17.18000030517578,17.18000030517578,122500,OSPN
2019-04-23,17.200000762939453,17.700000762939453,17.100000381469727,17.600000381469727,17.600000381469727,210100,OSPN
2019-04-24,17.68000030517578,18.700000762939453,17.459999084472656,18.270000457763672,18.270000457763672,700900,OSPN
2019-04-25,18.450000762939453,19.09000015258789,18.290000915527344,18.899999618530273,18.899999618530273,297200,OSPN
2019-04-26,19.1200008392334,19.43000030517578,18.950000762939453,19.260000228881836,19.260000228881836,224900,OSPN
2019-04-29,19.3799991607666,19.950000762939453,19.260000228881836,19.31999969482422,19.31999969482422,356700,OSPN
2019-04-30,19.280000686645508,19.40999984741211,18.469999313354492,18.540000915527344,18.540000915527344,206900,OSPN
2019-05-01,18.65999984741211,18.670000076293945,17.979999542236328,18.280000686645508,18.280000686645508,312700,OSPN
2019-05-02,18.229999542236328,18.56999969482422,17.90999984741211,18.1299991607666,18.1299991607666,147700,OSPN
2019-05-03,18.18000030517578,18.649999618530273,18.0,18.579999923706055,18.579999923706055,172700,OSPN
2019-05-06,18.1200008392334,18.6200008392334,18.020000457763672,18.5,18.5,128800,OSPN
2019-05-07,18.350000381469727,18.40999984741211,17.59000015258789,17.860000610351562,17.860000610351562,383500,OSPN
2019-05-08,16.389999389648438,16.43000030517578,14.75,15.420000076293945,15.420000076293945,894700,OSPN
2019-05-09,15.420000076293945,15.479999542236328,15.199999809265137,15.279999732971191,15.279999732971191,469300,OSPN
2019-05-10,15.100000381469727,15.350000381469727,14.819999694824219,15.0,15.0,492100,OSPN
2019-05-13,14.640000343322754,14.869999885559082,14.229999542236328,14.25,14.25,277200,OSPN
2019-05-14,14.380000114440918,14.529999732971191,14.270000457763672,14.380000114440918,14.380000114440918,230100,OSPN
2019-05-15,14.279999732971191,14.75,14.279999732971191,14.430000305175781,14.430000305175781,175000,OSPN
2019-05-16,14.460000038146973,14.949999809265137,14.449999809265137,14.779999732971191,14.779999732971191,290100,OSPN
2019-05-17,14.5600004196167,14.779999732971191,14.010000228881836,14.149999618530273,14.149999618530273,256500,OSPN
2019-05-20,14.050000190734863,14.260000228881836,13.789999961853027,14.170000076293945,14.170000076293945,178500,OSPN
2019-05-21,14.239999771118164,14.380000114440918,14.0600004196167,14.140000343322754,14.140000343322754,126700,OSPN
2019-05-22,14.130000114440918,14.15999984741211,13.960000038146973,14.109999656677246,14.109999656677246,184300,OSPN
2019-05-23,13.899999618530273,14.010000228881836,13.489999771118164,13.630000114440918,13.630000114440918,210400,OSPN
2019-05-24,13.75,13.989999771118164,13.670000076293945,13.930000305175781,13.930000305175781,270300,OSPN
2019-05-28,13.920000076293945,14.300000190734863,13.890000343322754,13.890000343322754,13.890000343322754,156300,OSPN
2019-05-29,13.920000076293945,14.1899995803833,13.640000343322754,14.050000190734863,14.050000190734863,178900,OSPN
2019-05-30,14.09000015258789,14.149999618530273,13.819999694824219,14.119999885559082,14.119999885559082,208600,OSPN
2019-05-31,13.989999771118164,14.260000228881836,13.649999618530273,13.949999809265137,13.949999809265137,262000,OSPN
2019-06-03,14.0,14.09000015258789,13.170000076293945,13.460000038146973,13.460000038146973,432800,OSPN
2019-06-04,13.649999618530273,13.649999618530273,13.270000457763672,13.579999923706055,13.579999923706055,194700,OSPN
2019-06-05,13.65999984741211,14.010000228881836,13.619999885559082,13.859999656677246,13.859999656677246,151800,OSPN
2019-06-06,13.850000381469727,14.0,13.569999694824219,13.979999542236328,13.979999542236328,201300,OSPN
2019-06-07,14.029999732971191,14.350000381469727,13.9399995803833,14.09000015258789,14.09000015258789,299600,OSPN
2019-06-10,14.220000267028809,14.489999771118164,13.4399995803833,14.319999694824219,14.319999694824219,257800,OSPN
2019-06-11,14.460000038146973,14.5,13.850000381469727,14.210000038146973,14.210000038146973,355600,OSPN
2019-06-12,14.210000038146973,14.319999694824219,13.5600004196167,13.6899995803833,13.6899995803833,203300,OSPN
2019-06-13,13.75,14.25,13.720000267028809,14.229999542236328,14.229999542236328,189700,OSPN
2019-06-14,14.1899995803833,14.390000343322754,14.079999923706055,14.130000114440918,14.130000114440918,150200,OSPN
2019-06-17,14.239999771118164,14.479999542236328,14.170000076293945,14.25,14.25,342900,OSPN
2019-06-18,14.399999618530273,14.760000228881836,14.390000343322754,14.449999809265137,14.449999809265137,307300,OSPN
2019-06-19,14.600000381469727,14.600000381469727,14.300000190734863,14.510000228881836,14.510000228881836,146200,OSPN
2019-06-20,14.630000114440918,14.720000267028809,14.319999694824219,14.489999771118164,14.489999771118164,114400,OSPN
2019-06-21,14.430000305175781,14.550000190734863,14.109999656677246,14.319999694824219,14.319999694824219,425000,OSPN
2019-06-24,14.3100004196167,14.470000267028809,14.050000190734863,14.1899995803833,14.1899995803833,151800,OSPN
2019-06-25,14.180000305175781,14.239999771118164,13.6899995803833,13.819999694824219,13.819999694824219,195500,OSPN
2019-06-26,14.109999656677246,14.239999771118164,13.279999732971191,13.399999618530273,13.399999618530273,349200,OSPN
2019-06-27,13.399999618530273,14.279999732971191,13.300000190734863,14.25,14.25,269800,OSPN
2019-06-28,14.329999923706055,14.34000015258789,14.0600004196167,14.170000076293945,14.170000076293945,606000,OSPN
2019-07-01,14.270000457763672,14.4399995803833,13.59000015258789,14.0,14.0,284100,OSPN
2019-07-02,13.9399995803833,14.029999732971191,13.520000457763672,13.529999732971191,13.529999732971191,269900,OSPN
2019-07-03,13.5,13.869999885559082,13.380000114440918,13.75,13.75,101600,OSPN
2019-07-05,13.649999618530273,13.779999732971191,13.529999732971191,13.770000457763672,13.770000457763672,160400,OSPN
2019-07-08,13.739999771118164,13.789999961853027,13.579999923706055,13.729999542236328,13.729999542236328,112100,OSPN
2019-07-09,13.6899995803833,14.1899995803833,13.6899995803833,14.15999984741211,14.15999984741211,186300,OSPN
2019-07-10,14.260000228881836,14.380000114440918,14.050000190734863,14.260000228881836,14.260000228881836,110300,OSPN
2019-07-11,14.220000267028809,14.520000457763672,14.119999885559082,14.34000015258789,14.34000015258789,117200,OSPN
2019-07-12,14.430000305175781,15.229999542236328,14.270000457763672,15.180000305175781,15.180000305175781,309500,OSPN
2019-07-15,15.180000305175781,15.260000228881836,14.890000343322754,15.1899995803833,15.1899995803833,142500,OSPN
2019-07-16,15.170000076293945,15.789999961853027,14.289999961853027,15.720000267028809,15.720000267028809,241400,OSPN
2019-07-17,15.680000305175781,15.890000343322754,15.399999618530273,15.779999732971191,15.779999732971191,237600,OSPN
2019-07-18,15.729999542236328,15.899999618530273,15.630000114440918,15.869999885559082,15.869999885559082,236100,OSPN
2019-07-19,15.899999618530273,16.239999771118164,15.329999923706055,15.359999656677246,15.359999656677246,384800,OSPN
2019-07-22,15.5,15.640000343322754,14.989999771118164,15.0,15.0,183400,OSPN
2019-07-23,15.109999656677246,15.279999732971191,14.770000457763672,14.979999542236328,14.979999542236328,162800,OSPN
2019-07-24,14.880000114440918,15.970000267028809,14.880000114440918,15.899999618530273,15.899999618530273,212000,OSPN
2019-07-25,15.899999618530273,15.9399995803833,15.680000305175781,15.869999885559082,15.869999885559082,189100,OSPN
2019-07-26,13.40999984741211,15.359999656677246,13.130000114440918,14.970000267028809,14.970000267028809,352700,OSPN
2019-07-29,15.15999984741211,15.15999984741211,14.380000114440918,14.9399995803833,14.9399995803833,251600,OSPN
2019-07-30,14.779999732971191,15.09000015258789,14.489999771118164,14.520000457763672,14.520000457763672,207700,OSPN
2019-07-31,14.5,15.25,14.5,14.619999885559082,14.619999885559082,239100,OSPN
2019-08-01,14.619999885559082,14.989999771118164,14.449999809265137,14.59000015258789,14.59000015258789,153200,OSPN
2019-08-02,14.420000076293945,14.520000457763672,13.760000228881836,14.010000228881836,14.010000228881836,136900,OSPN
2019-08-05,13.680000305175781,13.729999542236328,13.010000228881836,13.09000015258789,13.09000015258789,479700,OSPN
2019-08-06,13.25,13.880000114440918,13.020000457763672,13.529999732971191,13.529999732971191,374700,OSPN
2019-08-07,13.319999694824219,13.579999923706055,13.149999618530273,13.470000267028809,13.470000267028809,104200,OSPN
2019-08-08,13.609999656677246,13.819999694824219,13.5,13.619999885559082,13.619999885559082,109300,OSPN
2019-08-09,13.520000457763672,13.680000305175781,13.199999809265137,13.279999732971191,13.279999732971191,140300,OSPN
2019-08-12,13.1899995803833,13.380000114440918,13.020000457763672,13.220000267028809,13.220000267028809,83000,OSPN
2019-08-13,13.220000267028809,13.630000114440918,13.220000267028809,13.420000076293945,13.420000076293945,81700,OSPN
2019-08-14,13.180000305175781,13.180000305175781,12.8100004196167,13.029999732971191,13.029999732971191,100000,OSPN
2019-08-15,13.0,13.140000343322754,12.890000343322754,12.949999809265137,12.949999809265137,112900,OSPN
2019-08-16,13.100000381469727,13.479999542236328,13.100000381469727,13.449999809265137,13.449999809265137,96400,OSPN
2019-08-19,13.59000015258789,13.869999885559082,13.5,13.510000228881836,13.510000228881836,136400,OSPN
2019-08-20,13.489999771118164,13.949999809265137,13.390000343322754,13.739999771118164,13.739999771118164,113900,OSPN
2019-08-21,13.890000343322754,14.079999923706055,13.75,13.90999984741211,13.90999984741211,98300,OSPN
2019-08-22,13.960000038146973,13.960000038146973,13.59000015258789,13.779999732971191,13.779999732971191,85200,OSPN
2019-08-23,13.770000457763672,14.149999618530273,13.4399995803833,13.479999542236328,13.479999542236328,145500,OSPN
2019-08-26,13.5600004196167,13.640000343322754,13.300000190734863,13.470000267028809,13.470000267028809,88900,OSPN
2019-08-27,13.569999694824219,13.569999694824219,12.949999809265137,13.109999656677246,13.109999656677246,249500,OSPN
2019-08-28,13.0600004196167,13.319999694824219,12.850000381469727,13.1899995803833,13.1899995803833,123300,OSPN
2019-08-29,13.399999618530273,13.729999542236328,13.399999618530273,13.649999618530273,13.649999618530273,62800,OSPN
2019-08-30,13.699999809265137,13.979999542236328,13.430000305175781,13.5,13.5,85000,OSPN
2019-09-03,13.380000114440918,13.680000305175781,13.210000038146973,13.520000457763672,13.520000457763672,114100,OSPN
2019-09-04,13.710000038146973,13.850000381469727,13.609999656677246,13.819999694824219,13.819999694824219,101500,OSPN
2019-09-05,14.119999885559082,15.220000267028809,13.899999618530273,14.880000114440918,14.880000114440918,201700,OSPN
2019-09-06,14.920000076293945,15.149999618530273,14.819999694824219,14.869999885559082,14.869999885559082,95800,OSPN
2019-09-09,14.9399995803833,15.520000457763672,14.8100004196167,15.430000305175781,15.430000305175781,133300,OSPN
2019-09-10,15.390000343322754,15.970000267028809,15.130000114440918,15.789999961853027,15.789999961853027,167100,OSPN
2019-09-11,15.869999885559082,16.510000228881836,15.869999885559082,16.469999313354492,16.469999313354492,240800,OSPN
2019-09-12,16.34000015258789,16.739999771118164,16.190000534057617,16.59000015258789,16.59000015258789,212600,OSPN
2019-09-13,16.5,16.729999542236328,16.350000381469727,16.389999389648438,16.389999389648438,142500,OSPN
2019-09-16,16.329999923706055,17.110000610351562,16.329999923706055,16.68000030517578,16.68000030517578,253000,OSPN
2019-09-17,16.579999923706055,16.579999923706055,16.170000076293945,16.389999389648438,16.389999389648438,108900,OSPN
2019-09-18,16.329999923706055,16.440000534057617,15.550000190734863,15.899999618530273,15.899999618530273,190200,OSPN
2019-09-19,15.90999984741211,16.1299991607666,15.5,15.609999656677246,15.609999656677246,96900,OSPN
2019-09-20,15.59000015258789,15.789999961853027,14.859999656677246,14.899999618530273,14.899999618530273,491600,OSPN
2019-09-23,15.0,15.260000228881836,14.859999656677246,15.15999984741211,15.15999984741211,132000,OSPN
2019-09-24,15.220000267028809,15.220000267028809,14.210000038146973,14.34000015258789,14.34000015258789,147600,OSPN
2019-09-25,14.350000381469727,14.529999732971191,13.90999984741211,14.420000076293945,14.420000076293945,228400,OSPN
2019-09-26,14.380000114440918,14.430000305175781,14.09000015258789,14.3100004196167,14.3100004196167,87500,OSPN
2019-09-27,14.289999961853027,14.470000267028809,14.069999694824219,14.390000343322754,14.390000343322754,113000,OSPN
2019-09-30,14.369999885559082,14.670000076293945,14.170000076293945,14.5,14.5,104300,OSPN
2019-10-01,14.619999885559082,14.779999732971191,14.15999984741211,14.270000457763672,14.270000457763672,73300,OSPN
2019-10-02,14.119999885559082,14.170000076293945,13.829999923706055,14.130000114440918,14.130000114440918,104100,OSPN
2019-10-03,13.970000267028809,14.380000114440918,13.75,14.359999656677246,14.359999656677246,126100,OSPN
2019-10-04,14.359999656677246,14.609999656677246,14.25,14.489999771118164,14.489999771118164,70400,OSPN
2019-10-07,14.449999809265137,14.75,14.449999809265137,14.5600004196167,14.5600004196167,78200,OSPN
2019-10-08,14.59000015258789,14.600000381469727,14.069999694824219,14.210000038146973,14.210000038146973,99800,OSPN
2019-10-09,14.359999656677246,14.630000114440918,14.1899995803833,14.539999961853027,14.539999961853027,87100,OSPN
2019-10-10,14.569999694824219,14.619999885559082,14.199999809265137,14.270000457763672,14.270000457763672,89700,OSPN
2019-10-11,14.550000190734863,15.069999694824219,14.550000190734863,14.609999656677246,14.609999656677246,103700,OSPN
2019-10-14,14.539999961853027,14.65999984741211,14.210000038146973,14.5,14.5,63800,OSPN
2019-10-15,14.460000038146973,14.75,14.460000038146973,14.729999542236328,14.729999542236328,91300,OSPN
2019-10-16,14.609999656677246,14.649999618530273,14.260000228881836,14.520000457763672,14.520000457763672,87800,OSPN
2019-10-17,14.600000381469727,14.930000305175781,14.5600004196167,14.890000343322754,14.890000343322754,103400,OSPN
2019-10-18,14.75,14.819999694824219,14.100000381469727,14.729999542236328,14.729999542236328,160100,OSPN
2019-10-21,14.970000267028809,15.460000038146973,14.970000267028809,15.289999961853027,15.289999961853027,89200,OSPN
2019-10-22,15.239999771118164,15.710000038146973,15.229999542236328,15.630000114440918,15.630000114440918,114400,OSPN
2019-10-23,15.609999656677246,15.8100004196167,15.489999771118164,15.640000343322754,15.640000343322754,80000,OSPN
2019-10-24,15.779999732971191,15.899999618530273,15.619999885559082,15.890000343322754,15.890000343322754,108800,OSPN
2019-10-25,15.850000381469727,16.15999984741211,15.739999771118164,15.760000228881836,15.760000228881836,193900,OSPN
2019-10-28,15.880000114440918,15.90999984741211,15.260000228881836,15.479999542236328,15.479999542236328,174500,OSPN
2019-10-29,15.479999542236328,15.899999618530273,15.359999656677246,15.829999923706055,15.829999923706055,304300,OSPN
2019-10-30,19.190000534057617,19.549999237060547,18.25,19.43000030517578,19.43000030517578,2045800,OSPN
2019-10-31,19.350000381469727,19.6299991607666,18.690000534057617,18.709999084472656,18.709999084472656,752900,OSPN
2019-11-01,18.399999618530273,18.770000457763672,18.030000686645508,18.700000762939453,18.700000762939453,490500,OSPN
2019-11-04,18.889999389648438,19.799999237060547,18.799999237060547,19.739999771118164,19.739999771118164,762100,OSPN
2019-11-05,19.780000686645508,19.899999618530273,19.25,19.65999984741211,19.65999984741211,356900,OSPN
2019-11-06,19.649999618530273,19.649999618530273,18.989999771118164,19.0,19.0,229800,OSPN
2019-11-07,19.280000686645508,19.290000915527344,18.600000381469727,18.850000381469727,18.850000381469727,235900,OSPN
2019-11-08,18.770000457763672,19.219999313354492,18.649999618530273,19.0,19.0,131700,OSPN
2019-11-11,19.0,19.170000076293945,18.68000030517578,18.809999465942383,18.809999465942383,145900,OSPN
2019-11-12,18.81999969482422,18.940000534057617,18.479999542236328,18.690000534057617,18.690000534057617,124700,OSPN
2019-11-13,18.600000381469727,18.600000381469727,18.1200008392334,18.270000457763672,18.270000457763672,140500,OSPN
2019-11-14,18.18000030517578,18.229999542236328,17.790000915527344,17.8799991607666,17.8799991607666,157100,OSPN
2019-11-15,18.040000915527344,18.229999542236328,17.920000076293945,18.030000686645508,18.030000686645508,255100,OSPN
2019-11-18,18.0,18.420000076293945,17.780000686645508,18.420000076293945,18.420000076293945,147500,OSPN
2019-11-19,18.5,18.770000457763672,18.350000381469727,18.670000076293945,18.670000076293945,258600,OSPN
2019-11-20,18.520000457763672,18.649999618530273,18.079999923706055,18.299999237060547,18.299999237060547,170400,OSPN
2019-11-21,18.110000610351562,18.3799991607666,18.020000457763672,18.1200008392334,18.1200008392334,134600,OSPN
2019-11-22,18.200000762939453,18.34000015258789,17.84000015258789,17.84000015258789,17.84000015258789,111700,OSPN
2019-11-25,17.940000534057617,18.219999313354492,17.59000015258789,18.09000015258789,18.09000015258789,169100,OSPN
2019-11-26,17.510000228881836,18.25,17.510000228881836,18.239999771118164,18.239999771118164,166000,OSPN
2019-11-27,18.229999542236328,18.989999771118164,18.170000076293945,18.600000381469727,18.600000381469727,186800,OSPN
2019-11-29,18.5,18.700000762939453,18.3799991607666,18.649999618530273,18.649999618530273,95900,OSPN
2019-12-02,18.709999084472656,18.709999084472656,17.56999969482422,17.889999389648438,17.889999389648438,210100,OSPN
2019-12-03,17.610000610351562,18.299999237060547,17.5,18.25,18.25,198100,OSPN
2019-12-04,18.25,18.559999465942383,17.229999542236328,17.690000534057617,17.690000534057617,254100,OSPN
2019-12-05,17.690000534057617,17.93000030517578,17.450000762939453,17.520000457763672,17.520000457763672,200500,OSPN
2019-12-06,17.700000762939453,17.940000534057617,17.309999465942383,17.329999923706055,17.329999923706055,245900,OSPN
2019-12-09,17.200000762939453,17.329999923706055,16.959999084472656,17.139999389648438,17.139999389648438,261100,OSPN
2019-12-10,17.010000228881836,17.139999389648438,16.459999084472656,17.139999389648438,17.139999389648438,391100,OSPN
2019-12-11,17.100000381469727,17.100000381469727,16.56999969482422,16.6299991607666,16.6299991607666,162900,OSPN
2019-12-12,16.510000228881836,17.139999389648438,16.399999618530273,16.979999542236328,16.979999542236328,160300,OSPN
2019-12-13,16.989999771118164,17.360000610351562,16.780000686645508,16.93000030517578,16.93000030517578,238100,OSPN
2019-12-16,17.020000457763672,17.479999542236328,16.959999084472656,17.030000686645508,17.030000686645508,146800,OSPN
2019-12-17,17.030000686645508,17.360000610351562,16.84000015258789,17.290000915527344,17.290000915527344,148900,OSPN
2019-12-18,17.209999084472656,17.959999084472656,17.209999084472656,17.920000076293945,17.920000076293945,208700,OSPN
2019-12-19,17.969999313354492,18.40999984741211,17.760000228881836,18.34000015258789,18.34000015258789,204100,OSPN
2019-12-20,18.3799991607666,18.440000534057617,17.399999618530273,18.15999984741211,18.15999984741211,1050200,OSPN
2019-12-23,18.260000228881836,18.270000457763672,17.639999389648438,17.65999984741211,17.65999984741211,139700,OSPN
2019-12-24,17.670000076293945,17.670000076293945,17.43000030517578,17.520000457763672,17.520000457763672,41500,OSPN
2019-12-26,17.5,17.6200008392334,17.329999923706055,17.3700008392334,17.3700008392334,83600,OSPN
2019-12-27,17.40999984741211,17.40999984741211,16.959999084472656,17.15999984741211,17.15999984741211,87600,OSPN
2019-12-30,17.200000762939453,17.280000686645508,16.8700008392334,17.149999618530273,17.149999618530273,114000,OSPN
2019-12-31,17.1299991607666,17.43000030517578,17.059999465942383,17.1200008392334,17.1200008392334,159400,OSPN
2020-01-02,17.260000228881836,17.549999237060547,17.139999389648438,17.5,17.5,136000,OSPN
2020-01-03,17.229999542236328,17.510000228881836,17.190000534057617,17.389999389648438,17.389999389648438,151800,OSPN
2020-01-06,17.190000534057617,17.90999984741211,17.110000610351562,17.90999984741211,17.90999984741211,228800,OSPN
2020-01-07,17.760000228881836,18.489999771118164,17.489999771118164,18.459999084472656,18.459999084472656,254600,OSPN
2020-01-08,18.420000076293945,18.8700008392334,18.309999465942383,18.6200008392334,18.6200008392334,212300,OSPN
2020-01-09,18.700000762939453,18.84000015258789,18.239999771118164,18.270000457763672,18.270000457763672,322900,OSPN
2020-01-10,18.350000381469727,18.360000610351562,17.709999084472656,17.940000534057617,17.940000534057617,283500,OSPN
2020-01-13,18.0,19.040000915527344,17.8700008392334,18.860000610351562,18.860000610351562,189100,OSPN
2020-01-14,18.81999969482422,19.940000534057617,18.360000610351562,19.790000915527344,19.790000915527344,382500,OSPN
2020-01-15,19.670000076293945,20.530000686645508,19.649999618530273,20.079999923706055,20.079999923706055,410800,OSPN
2020-01-16,20.290000915527344,20.399999618530273,20.079999923706055,20.389999389648438,20.389999389648438,267700,OSPN
2020-01-17,20.360000610351562,20.489999771118164,19.950000762939453,20.049999237060547,20.049999237060547,619100,OSPN
2020-01-21,19.920000076293945,19.920000076293945,18.850000381469727,18.969999313354492,18.969999313354492,323500,OSPN
2020-01-22,19.100000381469727,19.5,18.850000381469727,18.959999084472656,18.959999084472656,287700,OSPN
2020-01-23,18.8799991607666,19.260000228881836,18.709999084472656,19.059999465942383,19.059999465942383,209000,OSPN
2020-01-24,19.079999923706055,19.170000076293945,18.700000762939453,18.770000457763672,18.770000457763672,213600,OSPN
2020-01-27,18.219999313354492,18.440000534057617,17.979999542236328,17.989999771118164,17.989999771118164,214000,OSPN
2020-01-28,18.190000534057617,18.450000762939453,17.139999389648438,17.219999313354492,17.219999313354492,304400,OSPN
2020-01-29,17.219999313354492,17.610000610351562,17.09000015258789,17.15999984741211,17.15999984741211,280200,OSPN
2020-01-30,16.979999542236328,17.229999542236328,16.43000030517578,16.719999313354492,16.719999313354492,217600,OSPN
2020-01-31,16.6200008392334,16.979999542236328,16.540000915527344,16.6200008392334,16.6200008392334,216000,OSPN
2020-02-03,16.729999542236328,16.809999465942383,16.31999969482422,16.75,16.75,164800,OSPN
2020-02-04,16.920000076293945,17.309999465942383,16.75,17.260000228881836,17.260000228881836,138600,OSPN
2020-02-05,17.420000076293945,17.530000686645508,16.81999969482422,17.260000228881836,17.260000228881836,177700,OSPN
2020-02-06,17.260000228881836,17.389999389648438,16.899999618530273,17.110000610351562,17.110000610351562,162800,OSPN
2020-02-07,17.040000915527344,17.219999313354492,16.84000015258789,17.209999084472656,17.209999084472656,128600,OSPN
2020-02-10,17.18000030517578,17.350000381469727,17.049999237060547,17.25,17.25,119400,OSPN
2020-02-11,17.3700008392334,17.760000228881836,17.110000610351562,17.719999313354492,17.719999313354492,198300,OSPN
2020-02-12,17.829999923706055,17.969999313354492,17.579999923706055,17.959999084472656,17.959999084472656,175900,OSPN
2020-02-13,17.860000610351562,18.260000228881836,17.84000015258789,17.979999542236328,17.979999542236328,159800,OSPN
2020-02-14,18.010000228881836,18.479999542236328,17.93000030517578,18.239999771118164,18.239999771118164,142000,OSPN
2020-02-18,18.200000762939453,18.309999465942383,18.0,18.270000457763672,18.270000457763672,99700,OSPN
2020-02-19,18.360000610351562,18.959999084472656,18.360000610351562,18.799999237060547,18.799999237060547,156200,OSPN
2020-02-20,18.75,19.329999923706055,18.75,19.09000015258789,19.09000015258789,178300,OSPN
2020-02-21,19.040000915527344,19.049999237060547,18.700000762939453,18.959999084472656,18.959999084472656,168500,OSPN
2020-02-24,18.139999389648438,18.190000534057617,17.670000076293945,17.93000030517578,17.93000030517578,137100,OSPN
2020-02-25,17.8799991607666,17.979999542236328,16.829999923706055,16.860000610351562,16.860000610351562,225600,OSPN
2020-02-26,16.860000610351562,17.149999618530273,16.3799991607666,16.559999465942383,16.559999465942383,267800,OSPN
2020-02-27,16.149999618530273,16.90999984741211,15.760000228881836,16.360000610351562,16.360000610351562,330200,OSPN
2020-02-28,15.930000305175781,16.549999237060547,15.850000381469727,16.510000228881836,16.510000228881836,257100,OSPN
2020-03-02,16.489999771118164,16.790000915527344,15.970000267028809,16.739999771118164,16.739999771118164,207400,OSPN
2020-03-03,16.799999237060547,17.049999237060547,16.110000610351562,16.360000610351562,16.360000610351562,186900,OSPN
2020-03-04,17.049999237060547,18.8799991607666,16.989999771118164,18.5,18.5,436300,OSPN
2020-03-05,17.799999237060547,18.18000030517578,15.880000114440918,16.209999084472656,16.209999084472656,229500,OSPN
2020-03-06,15.960000038146973,16.450000762939453,15.079999923706055,15.239999771118164,15.239999771118164,258000,OSPN
2020-03-09,14.100000381469727,14.569999694824219,13.520000457763672,13.819999694824219,13.819999694824219,372900,OSPN
2020-03-10,14.5600004196167,14.5600004196167,13.569999694824219,13.920000076293945,13.920000076293945,224400,OSPN
2020-03-11,13.699999809265137,14.510000228881836,13.59000015258789,14.359999656677246,14.359999656677246,254400,OSPN
2020-03-12,13.229999542236328,13.899999618530273,12.489999771118164,12.489999771118164,12.489999771118164,440700,OSPN
2020-03-13,13.289999961853027,13.350000381469727,12.25,12.899999618530273,12.899999618530273,273200,OSPN
2020-03-16,11.600000381469727,12.100000381469727,10.880000114440918,10.949999809265137,10.949999809265137,196400,OSPN
2020-03-17,11.1899995803833,12.550000190734863,11.0600004196167,12.359999656677246,12.359999656677246,343900,OSPN
2020-03-18,11.630000114440918,12.619999885559082,11.470000267028809,12.40999984741211,12.40999984741211,333400,OSPN
2020-03-19,12.430000305175781,14.59000015258789,12.149999618530273,13.609999656677246,13.609999656677246,278500,OSPN
2020-03-20,13.489999771118164,14.779999732971191,13.069999694824219,14.229999542236328,14.229999542236328,405400,OSPN
2020-03-23,14.319999694824219,15.369999885559082,13.989999771118164,15.149999618530273,15.149999618530273,333100,OSPN
2020-03-24,15.430000305175781,16.350000381469727,15.010000228881836,15.90999984741211,15.90999984741211,224700,OSPN
2020-03-25,15.729999542236328,16.760000228881836,15.199999809265137,15.539999961853027,15.539999961853027,267500,OSPN
2020-03-26,15.529999732971191,17.149999618530273,15.4399995803833,17.049999237060547,17.049999237060547,324800,OSPN
2020-03-27,16.290000915527344,16.770000457763672,14.869999885559082,16.3700008392334,16.3700008392334,399700,OSPN
2020-03-30,16.440000534057617,18.049999237060547,16.440000534057617,17.469999313354492,17.469999313354492,389800,OSPN
2020-03-31,17.309999465942383,18.149999618530273,17.309999465942383,18.149999618530273,18.149999618530273,325500,OSPN
2020-04-01,17.610000610351562,18.020000457763672,16.969999313354492,17.920000076293945,17.920000076293945,233500,OSPN
2020-04-02,17.729999542236328,18.25,16.6200008392334,17.489999771118164,17.489999771118164,238100,OSPN
2020-04-03,17.399999618530273,17.43000030517578,16.260000228881836,16.670000076293945,16.670000076293945,157900,OSPN
2020-04-06,17.209999084472656,17.850000381469727,17.15999984741211,17.600000381469727,17.600000381469727,254500,OSPN
2020-04-07,17.889999389648438,17.979999542236328,16.549999237060547,16.81999969482422,16.81999969482422,291200,OSPN
2020-04-08,16.829999923706055,17.420000076293945,16.59000015258789,17.040000915527344,17.040000915527344,222400,OSPN
2020-04-09,17.329999923706055,17.3799991607666,15.399999618530273,15.59000015258789,15.59000015258789,253100,OSPN
2020-04-13,15.399999618530273,15.510000228881836,14.630000114440918,15.149999618530273,15.149999618530273,275800,OSPN
2020-04-14,15.479999542236328,15.9399995803833,15.1899995803833,15.40999984741211,15.40999984741211,285600,OSPN
2020-04-15,14.859999656677246,15.180000305175781,14.319999694824219,14.890000343322754,14.890000343322754,353100,OSPN
2020-04-16,15.0,15.550000190734863,14.460000038146973,15.529999732971191,15.529999732971191,284500,OSPN
2020-04-17,15.8100004196167,15.989999771118164,15.039999961853027,15.609999656677246,15.609999656677246,1010300,OSPN
2020-04-20,15.210000038146973,17.110000610351562,15.210000038146973,16.799999237060547,16.799999237060547,263200,OSPN
2020-04-21,16.5,16.760000228881836,15.5,15.989999771118164,15.989999771118164,185100,OSPN
2020-04-22,16.420000076293945,16.59000015258789,16.06999969482422,16.40999984741211,16.40999984741211,298800,OSPN
2020-04-23,16.399999618530273,17.020000457763672,16.309999465942383,16.34000015258789,16.34000015258789,124400,OSPN
2020-04-24,16.329999923706055,17.149999618530273,16.299999237060547,16.68000030517578,16.68000030517578,164600,OSPN
2020-04-27,16.639999389648438,17.639999389648438,16.639999389648438,17.440000534057617,17.440000534057617,187800,OSPN
2020-04-28,17.709999084472656,17.899999618530273,16.969999313354492,17.25,17.25,172400,OSPN
2020-04-29,17.760000228881836,17.940000534057617,17.329999923706055,17.540000915527344,17.540000915527344,313700,OSPN
2020-04-30,17.3799991607666,17.43000030517578,16.56999969482422,16.799999237060547,16.799999237060547,185700,OSPN
2020-05-01,16.479999542236328,16.59000015258789,15.449999809265137,15.920000076293945,15.920000076293945,242300,OSPN
2020-05-04,15.869999885559082,16.469999313354492,15.649999618530273,16.200000762939453,16.200000762939453,180100,OSPN
2020-05-05,16.389999389648438,16.799999237060547,16.170000076293945,16.459999084472656,16.459999084472656,249100,OSPN
2020-05-06,17.940000534057617,19.690000534057617,17.799999237060547,19.049999237060547,19.049999237060547,429100,OSPN
2020-05-07,19.229999542236328,19.950000762939453,18.979999542236328,19.200000762939453,19.200000762939453,467000,OSPN
2020-05-08,19.360000610351562,19.8799991607666,19.020000457763672,19.489999771118164,19.489999771118164,918800,OSPN
2020-05-11,19.329999923706055,19.329999923706055,18.639999389648438,18.959999084472656,18.959999084472656,374600,OSPN
2020-05-12,19.040000915527344,19.270000457763672,18.59000015258789,18.6299991607666,18.6299991607666,532200,OSPN
2020-05-13,18.670000076293945,18.950000762939453,17.219999313354492,17.440000534057617,17.440000534057617,180000,OSPN
2020-05-14,17.079999923706055,17.329999923706055,16.610000610351562,17.15999984741211,17.15999984741211,219900,OSPN
2020-05-15,17.209999084472656,18.040000915527344,17.1299991607666,17.889999389648438,17.889999389648438,277600,OSPN
2020-05-18,18.350000381469727,19.0,17.93000030517578,18.219999313354492,18.219999313354492,312300,OSPN
2020-05-19,18.5,18.860000610351562,18.110000610351562,18.15999984741211,18.15999984741211,236500,OSPN
2020-05-20,18.350000381469727,18.709999084472656,17.989999771118164,18.229999542236328,18.229999542236328,218000,OSPN
2020-05-21,18.280000686645508,18.6299991607666,18.06999969482422,18.56999969482422,18.56999969482422,213100,OSPN
2020-05-22,18.709999084472656,19.59000015258789,18.700000762939453,19.489999771118164,19.489999771118164,293700,OSPN
2020-05-26,19.739999771118164,20.149999618530273,19.389999389648438,20.110000610351562,20.110000610351562,534300,OSPN
2020-05-27,20.0,20.739999771118164,19.31999969482422,20.219999313354492,20.219999313354492,455200,OSPN
2020-05-28,20.219999313354492,20.899999618530273,19.889999389648438,19.979999542236328,19.979999542236328,395100,OSPN
2020-05-29,19.90999984741211,20.469999313354492,19.799999237060547,20.31999969482422,20.31999969482422,414300,OSPN
2020-06-01,20.31999969482422,21.739999771118164,20.299999237060547,20.940000534057617,20.940000534057617,430000,OSPN
2020-06-02,21.0,21.68000030517578,20.5,21.670000076293945,21.670000076293945,269600,OSPN
2020-06-03,22.0,22.739999771118164,21.010000228881836,21.31999969482422,21.31999969482422,700700,OSPN
2020-06-04,21.170000076293945,21.520000457763672,20.229999542236328,20.469999313354492,20.469999313354492,417100,OSPN
2020-06-05,20.739999771118164,21.40999984741211,20.530000686645508,21.219999313354492,21.219999313354492,562700,OSPN
2020-06-08,21.34000015258789,22.049999237060547,21.040000915527344,22.0,22.0,280100,OSPN
2020-06-09,21.84000015258789,22.489999771118164,21.56999969482422,22.459999084472656,22.459999084472656,319700,OSPN
2020-06-10,22.540000915527344,22.649999618530273,21.56999969482422,21.770000457763672,21.770000457763672,187000,OSPN
2020-06-11,21.25,22.190000534057617,21.030000686645508,21.969999313354492,21.969999313354492,584200,OSPN
2020-06-12,22.5,22.709999084472656,21.84000015258789,22.100000381469727,22.100000381469727,832600,OSPN
2020-06-15,21.760000228881836,22.739999771118164,21.1200008392334,22.709999084472656,22.709999084472656,271400,OSPN
2020-06-16,22.799999237060547,24.239999771118164,22.780000686645508,24.049999237060547,24.049999237060547,434800,OSPN
2020-06-17,24.229999542236328,24.639999389648438,23.8799991607666,23.920000076293945,23.920000076293945,452700,OSPN
2020-06-18,24.149999618530273,25.0,23.920000076293945,24.959999084472656,24.959999084472656,586200,OSPN
2020-06-19,25.0,25.75,24.079999923706055,24.299999237060547,24.299999237060547,906900,OSPN
2020-06-22,24.170000076293945,25.040000915527344,24.059999465942383,25.010000228881836,25.010000228881836,377200,OSPN
2020-06-23,25.170000076293945,25.790000915527344,25.079999923706055,25.520000457763672,25.520000457763672,496200,OSPN
2020-06-24,25.600000381469727,25.950000762939453,25.200000762939453,25.860000610351562,25.860000610351562,378200,OSPN
2020-06-25,25.860000610351562,26.969999313354492,25.860000610351562,26.940000534057617,26.940000534057617,434200,OSPN
2020-06-26,26.940000534057617,27.239999771118164,26.3799991607666,26.75,26.75,877200,OSPN
2020-06-29,26.790000915527344,27.09000015258789,26.43000030517578,26.979999542236328,26.979999542236328,352500,OSPN
2020-06-30,26.989999771118164,28.290000915527344,26.860000610351562,27.93000030517578,27.93000030517578,549000,OSPN
2020-07-01,28.030000686645508,28.200000762939453,26.799999237060547,27.100000381469727,27.100000381469727,317000,OSPN
2020-07-02,27.420000076293945,28.56999969482422,27.399999618530273,27.790000915527344,27.790000915527344,414300,OSPN
2020-07-06,27.989999771118164,28.440000534057617,27.760000228881836,28.190000534057617,28.190000534057617,542700,OSPN
2020-07-07,28.139999389648438,28.420000076293945,27.760000228881836,27.780000686645508,27.780000686645508,331000,OSPN
2020-07-08,27.829999923706055,28.56999969482422,27.829999923706055,28.479999542236328,28.479999542236328,336700,OSPN
2020-07-09,28.530000686645508,29.09000015258789,28.260000228881836,28.829999923706055,28.829999923706055,307500,OSPN
2020-07-10,28.8799991607666,29.479999542236328,28.690000534057617,28.799999237060547,28.799999237060547,314500,OSPN
2020-07-13,29.0,29.0,27.110000610351562,27.170000076293945,27.170000076293945,479900,OSPN
2020-07-14,27.049999237060547,27.6299991607666,26.200000762939453,27.360000610351562,27.360000610351562,372100,OSPN
2020-07-15,27.610000610351562,27.93000030517578,27.139999389648438,27.360000610351562,27.360000610351562,268200,OSPN
2020-07-16,27.049999237060547,27.049999237060547,26.100000381469727,26.719999313354492,26.719999313354492,300500,OSPN
2020-07-17,26.739999771118164,27.690000534057617,26.540000915527344,27.43000030517578,27.43000030517578,572200,OSPN
2020-07-20,27.5,29.450000762939453,27.5,29.25,29.25,293100,OSPN
2020-07-21,29.479999542236328,29.700000762939453,28.989999771118164,29.260000228881836,29.260000228881836,200100,OSPN
2020-07-22,29.200000762939453,29.3799991607666,28.860000610351562,28.959999084472656,28.959999084472656,339700,OSPN
2020-07-23,28.8700008392334,29.459999084472656,28.3799991607666,28.729999542236328,28.729999542236328,264100,OSPN
2020-07-24,28.469999313354492,28.469999313354492,27.309999465942383,28.290000915527344,28.290000915527344,186300,OSPN
2020-07-27,28.299999237060547,29.90999984741211,28.299999237060547,29.739999771118164,29.739999771118164,234200,OSPN
2020-07-28,29.540000915527344,29.81999969482422,29.06999969482422,29.209999084472656,29.209999084472656,962000,OSPN
2020-07-29,29.520000457763672,30.90999984741211,29.520000457763672,30.739999771118164,30.739999771118164,498000,OSPN
2020-07-30,30.43000030517578,30.889999389648438,29.899999618530273,30.8700008392334,30.8700008392334,211200,OSPN
2020-07-31,30.950000762939453,31.360000610351562,30.559999465942383,31.139999389648438,31.139999389648438,348100,OSPN
2020-08-03,31.479999542236328,33.33000183105469,31.479999542236328,32.959999084472656,32.959999084472656,440800,OSPN
2020-08-04,32.310001373291016,32.970001220703125,31.959999084472656,32.5,32.5,479400,OSPN
2020-08-05,32.0,32.43000030517578,30.34000015258789,30.790000915527344,30.790000915527344,820300,OSPN
2020-08-06,30.920000076293945,31.899999618530273,30.149999618530273,30.979999542236328,30.979999542236328,284500,OSPN
2020-08-07,30.729999542236328,30.84000015258789,29.559999465942383,30.149999618530273,30.149999618530273,286300,OSPN
2020-08-10,30.290000915527344,30.530000686645508,29.639999389648438,29.90999984741211,29.90999984741211,400700,OSPN
2020-08-11,30.020000457763672,31.639999389648438,29.899999618530273,31.200000762939453,31.200000762939453,496100,OSPN
2020-08-12,22.010000228881836,22.8700008392334,18.40999984741211,18.84000015258789,18.84000015258789,5983100,OSPN
2020-08-13,18.649999618530273,19.450000762939453,18.059999465942383,18.899999618530273,18.899999618530273,1957100,OSPN
2020-08-14,19.06999969482422,19.459999084472656,18.739999771118164,18.979999542236328,18.979999542236328,896000,OSPN
2020-08-17,19.06999969482422,19.709999084472656,18.799999237060547,19.31999969482422,19.31999969482422,1082900,OSPN
2020-08-18,19.399999618530273,20.829999923706055,19.329999923706055,20.780000686645508,20.780000686645508,1004900,OSPN
2020-08-19,20.790000915527344,21.329999923706055,20.15999984741211,20.520000457763672,20.520000457763672,714400,OSPN
2020-08-20,20.459999084472656,20.639999389648438,19.809999465942383,20.549999237060547,20.549999237060547,339200,OSPN
2020-08-21,20.5,21.06999969482422,20.209999084472656,21.040000915527344,21.040000915527344,472600,OSPN
2020-08-24,21.200000762939453,21.309999465942383,20.209999084472656,20.420000076293945,20.420000076293945,395300,OSPN
2020-08-25,20.420000076293945,21.709999084472656,20.209999084472656,21.510000228881836,21.510000228881836,525500,OSPN
2020-08-26,21.510000228881836,22.739999771118164,21.43000030517578,22.489999771118164,22.489999771118164,569400,OSPN
2020-08-27,22.6299991607666,22.6299991607666,20.989999771118164,21.399999618530273,21.399999618530273,382900,OSPN
2020-08-28,21.5,21.790000915527344,21.3700008392334,21.56999969482422,21.56999969482422,188300,OSPN
2020-08-31,21.579999923706055,21.65999984741211,20.979999542236328,21.549999237060547,21.549999237060547,330300,OSPN
2020-09-01,21.729999542236328,22.59000015258789,21.639999389648438,22.389999389648438,22.389999389648438,300600,OSPN
2020-09-02,22.600000381469727,22.799999237060547,21.770000457763672,22.209999084472656,22.209999084472656,272300,OSPN
2020-09-03,21.940000534057617,21.940000534057617,20.6200008392334,20.90999984741211,20.90999984741211,322500,OSPN
2020-09-04,20.989999771118164,20.989999771118164,19.239999771118164,20.1299991607666,20.1299991607666,665500,OSPN
2020-09-08,19.8799991607666,20.40999984741211,19.530000686645508,20.15999984741211,20.15999984741211,476000,OSPN
2020-09-09,20.399999618530273,21.09000015258789,20.399999618530273,20.780000686645508,20.780000686645508,225100,OSPN
2020-09-10,21.1299991607666,21.3799991607666,20.56999969482422,20.649999618530273,20.649999618530273,348900,OSPN
2020-09-11,20.8700008392334,21.049999237060547,20.1200008392334,20.309999465942383,20.309999465942383,234900,OSPN
2020-09-14,20.799999237060547,21.34000015258789,20.760000228881836,20.959999084472656,20.959999084472656,412600,OSPN
2020-09-15,21.299999237060547,21.549999237060547,20.690000534057617,20.790000915527344,20.790000915527344,289200,OSPN
2020-09-16,20.979999542236328,21.149999618530273,20.690000534057617,20.90999984741211,20.90999984741211,237100,OSPN
2020-09-17,20.559999465942383,21.270000457763672,20.149999618530273,21.18000030517578,21.18000030517578,283700,OSPN
2020-09-18,21.489999771118164,22.799999237060547,21.15999984741211,22.700000762939453,22.700000762939453,1309000,OSPN
2020-09-21,22.389999389648438,22.579999923706055,20.979999542236328,21.6200008392334,21.6200008392334,440500,OSPN
2020-09-22,21.81999969482422,21.81999969482422,21.010000228881836,21.639999389648438,21.639999389648438,274100,OSPN
2020-09-23,21.770000457763672,21.8700008392334,20.84000015258789,20.90999984741211,20.90999984741211,334500,OSPN
2020-09-24,20.81999969482422,21.040000915527344,20.059999465942383,20.25,20.25,233100,OSPN
2020-09-25,20.360000610351562,20.90999984741211,20.190000534057617,20.760000228881836,20.760000228881836,178100,OSPN
2020-09-28,21.110000610351562,21.760000228881836,20.979999542236328,21.709999084472656,21.709999084472656,463900,OSPN
2020-09-29,21.709999084472656,22.0,21.030000686645508,21.440000534057617,21.440000534057617,344900,OSPN
2020-09-30,21.440000534057617,21.510000228881836,20.75,20.959999084472656,20.959999084472656,219700,OSPN
2020-10-01,21.350000381469727,21.5,21.030000686645508,21.389999389648438,21.389999389648438,228100,OSPN
2020-10-02,21.030000686645508,21.700000762939453,21.020000457763672,21.43000030517578,21.43000030517578,169100,OSPN
2020-10-05,21.75,22.59000015258789,21.729999542236328,22.510000228881836,22.510000228881836,242100,OSPN
2020-10-06,22.549999237060547,23.68000030517578,22.549999237060547,23.100000381469727,23.100000381469727,291700,OSPN
2020-10-07,23.43000030517578,23.75,23.219999313354492,23.420000076293945,23.420000076293945,234300,OSPN
2020-10-08,23.90999984741211,24.6200008392334,23.469999313354492,24.479999542236328,24.479999542236328,357000,OSPN
2020-10-09,24.520000457763672,25.15999984741211,24.489999771118164,24.860000610351562,24.860000610351562,132800,OSPN
2020-10-12,25.389999389648438,26.6299991607666,24.940000534057617,26.540000915527344,26.540000915527344,444500,OSPN
2020-10-13,26.059999465942383,26.8700008392334,26.010000228881836,26.600000381469727,26.600000381469727,315000,OSPN
2020-10-14,27.0,27.010000228881836,25.959999084472656,26.280000686645508,26.280000686645508,295400,OSPN
2020-10-15,26.0,26.469999313354492,25.200000762939453,25.899999618530273,25.899999618530273,312300,OSPN
2020-10-16,25.899999618530273,26.469999313354492,25.06999969482422,25.209999084472656,25.209999084472656,800900,OSPN
2020-10-19,25.34000015258789,25.8700008392334,25.059999465942383,25.219999313354492,25.219999313354492,304100,OSPN
2020-10-20,25.440000534057617,25.559999465942383,24.639999389648438,24.860000610351562,24.860000610351562,333700,OSPN
2020-10-21,24.889999389648438,25.309999465942383,24.31999969482422,24.34000015258789,24.34000015258789,175100,OSPN
2020-10-22,24.520000457763672,24.829999923706055,23.799999237060547,23.93000030517578,23.93000030517578,462700,OSPN
2020-10-23,24.18000030517578,24.450000762939453,23.440000534057617,23.780000686645508,23.780000686645508,311500,OSPN
2020-10-26,23.559999465942383,24.100000381469727,22.690000534057617,23.280000686645508,23.280000686645508,203800,OSPN
2020-10-27,23.34000015258789,23.969999313354492,23.34000015258789,23.709999084472656,23.709999084472656,295600,OSPN
2020-10-28,23.260000228881836,23.489999771118164,22.760000228881836,22.940000534057617,22.940000534057617,208100,OSPN
2020-10-29,23.110000610351562,23.43000030517578,22.579999923706055,23.149999618530273,23.149999618530273,189200,OSPN
2020-10-30,22.8700008392334,22.950000762939453,21.639999389648438,21.93000030517578,21.93000030517578,275100,OSPN
2020-11-02,22.149999618530273,22.600000381469727,21.829999923706055,22.510000228881836,22.510000228881836,267400,OSPN
2020-11-03,19.059999465942383,19.489999771118164,17.850000381469727,18.200000762939453,18.200000762939453,1389300,OSPN
2020-11-04,18.139999389648438,19.84000015258789,18.110000610351562,19.530000686645508,19.530000686645508,526900,OSPN
2020-11-05,19.739999771118164,20.0,18.950000762939453,19.389999389648438,19.389999389648438,747400,OSPN
2020-11-06,19.350000381469727,19.6299991607666,18.969999313354492,19.059999465942383,19.059999465942383,367700,OSPN
2020-11-09,19.360000610351562,20.190000534057617,18.760000228881836,18.809999465942383,18.809999465942383,689300,OSPN
2020-11-10,18.81999969482422,19.59000015258789,18.579999923706055,19.170000076293945,19.170000076293945,500200,OSPN
2020-11-11,19.25,19.3700008392334,18.81999969482422,19.190000534057617,19.190000534057617,357400,OSPN
2020-11-12,19.299999237060547,19.690000534057617,18.93000030517578,19.049999237060547,19.049999237060547,206300,OSPN
2020-11-13,19.270000457763672,19.389999389648438,18.649999618530273,18.899999618530273,18.899999618530273,257700,OSPN
2020-11-16,19.059999465942383,19.25,18.5,18.969999313354492,18.969999313354492,402700,OSPN
2020-11-17,19.049999237060547,19.350000381469727,18.899999618530273,19.030000686645508,19.030000686645508,383200,OSPN
2020-11-18,19.1200008392334,19.389999389648438,18.5,18.520000457763672,18.520000457763672,312400,OSPN
2020-11-19,18.530000686645508,19.360000610351562,18.43000030517578,19.260000228881836,19.260000228881836,157400,OSPN
2020-11-20,19.010000228881836,19.709999084472656,18.969999313354492,19.329999923706055,19.329999923706055,318400,OSPN
2020-11-23,19.540000915527344,19.540000915527344,18.920000076293945,18.979999542236328,18.979999542236328,160700,OSPN
2020-11-24,19.15999984741211,19.3700008392334,18.8799991607666,19.200000762939453,19.200000762939453,158600,OSPN
2020-11-25,19.239999771118164,19.8700008392334,19.110000610351562,19.6200008392334,19.6200008392334,216200,OSPN
2020-11-27,19.709999084472656,20.3700008392334,19.6299991607666,20.290000915527344,20.290000915527344,113300,OSPN
2020-11-30,20.25,20.600000381469727,19.510000228881836,19.780000686645508,19.780000686645508,332200,OSPN
2020-12-01,20.1200008392334,20.40999984741211,19.81999969482422,20.209999084472656,20.209999084472656,311200,OSPN
2020-12-02,20.020000457763672,20.389999389648438,19.739999771118164,20.309999465942383,20.309999465942383,131900,OSPN
2020-12-03,20.450000762939453,21.1299991607666,20.450000762939453,21.059999465942383,21.059999465942383,150600,OSPN
2020-12-04,21.049999237060547,21.450000762939453,20.899999618530273,21.40999984741211,21.40999984741211,124500,OSPN
2020-12-07,21.489999771118164,21.770000457763672,21.0,21.360000610351562,21.360000610351562,155600,OSPN
2020-12-08,21.610000610351562,21.700000762939453,20.979999542236328,21.010000228881836,21.010000228881836,259100,OSPN
2020-12-09,20.940000534057617,20.979999542236328,19.700000762939453,19.989999771118164,19.989999771118164,181100,OSPN
2020-12-10,19.899999618530273,20.809999465942383,19.6200008392334,20.649999618530273,20.649999618530273,105800,OSPN
2020-12-11,20.549999237060547,20.81999969482422,20.270000457763672,20.450000762939453,20.450000762939453,132600,OSPN
2020-12-14,20.479999542236328,20.690000534057617,19.93000030517578,20.360000610351562,20.360000610351562,256300,OSPN
2020-12-15,20.40999984741211,20.799999237060547,19.899999618530273,20.790000915527344,20.790000915527344,419200,OSPN
2020-12-16,20.8799991607666,21.190000534057617,19.969999313354492,20.350000381469727,20.350000381469727,223100,OSPN
2020-12-17,20.579999923706055,21.030000686645508,20.34000015258789,20.649999618530273,20.649999618530273,245700,OSPN
2020-12-18,20.809999465942383,21.739999771118164,20.0,21.700000762939453,21.700000762939453,835800,OSPN
2020-12-21,21.670000076293945,21.780000686645508,20.829999923706055,21.510000228881836,21.510000228881836,276200,OSPN
2020-12-22,21.420000076293945,22.270000457763672,21.420000076293945,22.200000762939453,22.200000762939453,219300,OSPN
2020-12-23,22.299999237060547,22.350000381469727,21.389999389648438,21.5,21.5,176000,OSPN
2020-12-24,21.600000381469727,21.770000457763672,21.0,21.299999237060547,21.299999237060547,80000,OSPN
2020-12-28,21.479999542236328,21.510000228881836,20.889999389648438,20.920000076293945,20.920000076293945,144200,OSPN
2020-12-29,21.06999969482422,21.31999969482422,20.25,20.799999237060547,20.799999237060547,188000,OSPN
2020-12-30,20.829999923706055,21.09000015258789,20.299999237060547,20.639999389648438,20.639999389648438,238300,OSPN
2020-12-31,20.600000381469727,20.959999084472656,20.280000686645508,20.68000030517578,20.68000030517578,128100,OSPN
2021-01-04,20.8799991607666,21.559999465942383,20.5,21.43000030517578,21.43000030517578,413200,OSPN
2021-01-05,21.479999542236328,22.3799991607666,21.479999542236328,22.299999237060547,22.299999237060547,221800,OSPN
2021-01-06,22.209999084472656,23.690000534057617,21.459999084472656,23.079999923706055,23.079999923706055,543900,OSPN
2021-01-07,23.18000030517578,23.860000610351562,22.889999389648438,23.719999313354492,23.719999313354492,292800,OSPN
2021-01-08,23.8700008392334,24.190000534057617,23.329999923706055,23.530000686645508,23.530000686645508,318700,OSPN
2021-01-11,23.43000030517578,23.43000030517578,22.1299991607666,22.329999923706055,22.329999923706055,190300,OSPN
2021-01-12,22.440000534057617,22.850000381469727,21.93000030517578,22.709999084472656,22.709999084472656,261100,OSPN
2021-01-13,22.649999618530273,22.690000534057617,21.760000228881836,21.889999389648438,21.889999389648438,275900,OSPN
2021-01-14,21.93000030517578,23.479999542236328,21.93000030517578,23.18000030517578,23.18000030517578,248300,OSPN
2021-01-15,23.040000915527344,23.280000686645508,22.56999969482422,22.920000076293945,22.920000076293945,382100,OSPN
2021-01-19,23.229999542236328,24.3799991607666,22.989999771118164,24.290000915527344,24.290000915527344,282600,OSPN
2021-01-20,24.610000610351562,24.93000030517578,24.0,24.799999237060547,24.799999237060547,312900,OSPN
2021-01-21,24.940000534057617,24.940000534057617,24.010000228881836,24.420000076293945,24.420000076293945,221900,OSPN
2021-01-22,24.110000610351562,24.65999984741211,23.889999389648438,24.639999389648438,24.639999389648438,177900,OSPN
2021-01-25,24.719999313354492,25.149999618530273,23.639999389648438,24.309999465942383,24.309999465942383,270100,OSPN
2021-01-26,24.3700008392334,24.3700008392334,23.239999771118164,23.979999542236328,23.979999542236328,325100,OSPN
2021-01-27,23.690000534057617,23.989999771118164,23.030000686645508,23.649999618530273,23.649999618530273,198400,OSPN
2021-01-28,23.68000030517578,24.170000076293945,22.899999618530273,23.959999084472656,23.959999084472656,210700,OSPN
2021-01-29,23.93000030517578,23.950000762939453,22.90999984741211,23.31999969482422,23.31999969482422,270700,OSPN
2021-02-01,23.6200008392334,23.889999389648438,23.1200008392334,23.3700008392334,23.3700008392334,316100,OSPN
2021-02-02,23.709999084472656,24.729999542236328,23.520000457763672,24.610000610351562,24.610000610351562,231200,OSPN
2021-02-03,24.760000228881836,24.84000015258789,23.950000762939453,24.030000686645508,24.030000686645508,181000,OSPN
2021-02-04,24.190000534057617,24.84000015258789,23.56999969482422,23.989999771118164,23.989999771118164,468300,OSPN
2021-02-05,24.110000610351562,25.06999969482422,24.020000457763672,24.969999313354492,24.969999313354492,423500,OSPN
2021-02-08,25.25,25.34000015258789,23.989999771118164,24.6299991607666,24.6299991607666,319600,OSPN
2021-02-09,24.530000686645508,25.59000015258789,24.530000686645508,25.59000015258789,25.59000015258789,349400,OSPN
2021-02-10,25.84000015258789,25.889999389648438,25.020000457763672,25.6299991607666,25.6299991607666,156300,OSPN
2021-02-11,25.8700008392334,25.8700008392334,24.770000457763672,25.43000030517578,25.43000030517578,181000,OSPN
2021-02-12,25.420000076293945,25.799999237060547,25.190000534057617,25.719999313354492,25.719999313354492,135200,OSPN
2021-02-16,25.899999618530273,25.950000762939453,25.200000762939453,25.809999465942383,25.809999465942383,163000,OSPN
2021-02-17,25.559999465942383,25.81999969482422,24.8799991607666,25.780000686645508,25.780000686645508,187300,OSPN
2021-02-18,25.510000228881836,25.93000030517578,24.75,25.809999465942383,25.809999465942383,187600,OSPN
2021-02-19,25.610000610351562,26.350000381469727,25.190000534057617,25.84000015258789,25.84000015258789,219600,OSPN
2021-02-22,25.450000762939453,25.950000762939453,25.040000915527344,25.270000457763672,25.270000457763672,303000,OSPN
2021-02-23,24.989999771118164,25.06999969482422,23.6200008392334,24.670000076293945,24.670000076293945,367900,OSPN
2021-02-24,24.0,24.399999618530273,22.1299991607666,24.030000686645508,24.030000686645508,519900,OSPN
2021-02-25,23.889999389648438,25.110000610351562,23.760000228881836,24.079999923706055,24.079999923706055,349700,OSPN
2021-02-26,23.959999084472656,24.25,23.030000686645508,23.360000610351562,23.360000610351562,429800,OSPN
2021-03-01,23.899999618530273,25.299999237060547,23.360000610351562,25.229999542236328,25.229999542236328,337000,OSPN
2021-03-02,25.280000686645508,25.8700008392334,24.809999465942383,25.420000076293945,25.420000076293945,256300,OSPN
2021-03-03,25.469999313354492,25.56999969482422,24.700000762939453,25.170000076293945,25.170000076293945,296700,OSPN
2021-03-04,25.1299991607666,25.649999618530273,24.110000610351562,24.68000030517578,24.68000030517578,395800,OSPN
2021-03-05,25.020000457763672,25.450000762939453,23.90999984741211,25.200000762939453,25.200000762939453,340900,OSPN
2021-03-08,25.270000457763672,25.40999984741211,23.81999969482422,24.0,24.0,234800,OSPN
2021-03-09,24.530000686645508,26.989999771118164,24.530000686645508,26.440000534057617,26.440000534057617,377500,OSPN
2021-03-10,26.68000030517578,27.18000030517578,25.770000457763672,26.270000457763672,26.270000457763672,225100,OSPN
2021-03-11,26.860000610351562,26.940000534057617,26.479999542236328,26.770000457763672,26.770000457763672,134000,OSPN
2021-03-12,26.59000015258789,26.59000015258789,25.809999465942383,26.059999465942383,26.059999465942383,240900,OSPN
2021-03-15,25.93000030517578,26.100000381469727,24.200000762939453,25.420000076293945,25.420000076293945,270300,OSPN
2021-03-16,25.43000030517578,26.06999969482422,25.0,25.31999969482422,25.31999969482422,146900,OSPN
2021-03-17,24.950000762939453,25.760000228881836,24.760000228881836,25.579999923706055,25.579999923706055,201200,OSPN
2021-03-18,25.420000076293945,26.420000076293945,25.0,25.670000076293945,25.670000076293945,199200,OSPN
2021-03-19,25.600000381469727,26.34000015258789,24.440000534057617,25.8700008392334,25.8700008392334,1003400,OSPN
2021-03-22,26.25,26.25,25.5,25.690000534057617,25.690000534057617,110800,OSPN
2021-03-23,25.6299991607666,26.110000610351562,25.360000610351562,25.670000076293945,25.670000076293945,140200,OSPN
2021-03-24,25.75,25.75,24.579999923706055,24.600000381469727,24.600000381469727,174800,OSPN
2021-03-25,24.420000076293945,24.59000015258789,23.780000686645508,24.270000457763672,24.270000457763672,204800,OSPN
2021-03-26,24.440000534057617,25.06999969482422,24.209999084472656,25.06999969482422,25.06999969482422,192500,OSPN
2021-03-29,25.0,25.360000610351562,23.729999542236328,23.799999237060547,23.799999237060547,251700,OSPN
2021-03-30,23.579999923706055,23.709999084472656,22.670000076293945,22.780000686645508,22.780000686645508,236100,OSPN
2021-03-31,23.670000076293945,24.690000534057617,23.40999984741211,24.5,24.5,340000,OSPN
2021-04-01,24.780000686645508,25.610000610351562,24.780000686645508,25.610000610351562,25.610000610351562,123000,OSPN
2021-04-05,25.350000381469727,26.190000534057617,25.350000381469727,25.799999237060547,25.799999237060547,103000,OSPN
2021-04-06,25.899999618530273,26.979999542236328,25.8799991607666,26.489999771118164,26.489999771118164,180900,OSPN
2021-04-07,26.34000015258789,26.34000015258789,25.260000228881836,25.3700008392334,25.3700008392334,105500,OSPN
2021-04-08,25.799999237060547,26.360000610351562,25.3799991607666,26.200000762939453,26.200000762939453,117500,OSPN
2021-04-09,26.170000076293945,26.170000076293945,25.670000076293945,25.920000076293945,25.920000076293945,96800,OSPN
2021-04-12,25.959999084472656,26.049999237060547,24.799999237060547,25.739999771118164,25.739999771118164,243000,OSPN
2021-04-13,25.850000381469727,27.09000015258789,25.739999771118164,26.920000076293945,26.920000076293945,195500,OSPN
2021-04-14,27.049999237060547,27.420000076293945,26.350000381469727,26.459999084472656,26.459999084472656,148300,OSPN
2021-04-15,27.510000228881836,28.0,26.940000534057617,27.809999465942383,27.809999465942383,219300,OSPN
2021-04-16,28.049999237060547,28.360000610351562,27.010000228881836,28.190000534057617,28.190000534057617,240300,OSPN
2021-04-19,27.889999389648438,28.229999542236328,26.8799991607666,27.190000534057617,27.190000534057617,105700,OSPN
2021-04-20,27.0,27.149999618530273,26.649999618530273,26.8700008392334,26.8700008392334,154000,OSPN
2021-04-21,26.860000610351562,27.65999984741211,26.760000228881836,27.600000381469727,27.600000381469727,90200,OSPN
2021-04-22,27.579999923706055,28.31999969482422,27.479999542236328,27.920000076293945,27.920000076293945,106900,OSPN
2021-04-23,27.600000381469727,28.610000610351562,27.5,28.010000228881836,28.010000228881836,143000,OSPN
2021-04-26,28.09000015258789,29.030000686645508,27.469999313354492,28.969999313354492,28.969999313354492,146000,OSPN
2021-04-27,29.139999389648438,29.170000076293945,28.1200008392334,28.450000762939453,28.450000762939453,128100,OSPN
2021-04-28,28.579999923706055,28.579999923706055,27.420000076293945,27.5,27.5,255100,OSPN
2021-04-29,27.700000762939453,27.93000030517578,27.100000381469727,27.25,27.25,144800,OSPN
2021-04-30,26.920000076293945,27.459999084472656,26.770000457763672,26.809999465942383,26.809999465942383,159900,OSPN
2021-05-03,27.100000381469727,27.100000381469727,26.290000915527344,26.31999969482422,26.31999969482422,359800,OSPN
2021-05-04,25.350000381469727,26.170000076293945,24.809999465942383,25.139999389648438,25.139999389648438,258700,OSPN
2021-05-05,25.190000534057617,26.639999389648438,24.31999969482422,25.639999389648438,25.639999389648438,271200,OSPN
2021-05-06,25.43000030517578,25.739999771118164,24.8799991607666,25.530000686645508,25.530000686645508,222200,OSPN
2021-05-07,25.989999771118164,26.31999969482422,24.8700008392334,25.68000030517578,25.68000030517578,103800,OSPN
2021-05-10,25.600000381469727,26.059999465942383,24.5,24.739999771118164,24.739999771118164,170000,OSPN
2021-05-11,24.040000915527344,25.139999389648438,23.540000915527344,24.860000610351562,24.860000610351562,122000,OSPN
2021-05-12,24.420000076293945,24.790000915527344,24.06999969482422,24.329999923706055,24.329999923706055,171500,OSPN
2021-05-13,24.600000381469727,24.940000534057617,24.09000015258789,24.479999542236328,24.479999542236328,237800,OSPN
2021-05-14,24.940000534057617,25.34000015258789,24.479999542236328,25.329999923706055,25.329999923706055,148300,OSPN
2021-05-17,25.270000457763672,25.510000228881836,24.770000457763672,24.8700008392334,24.8700008392334,184000,OSPN
2021-05-18,25.040000915527344,25.739999771118164,25.0,25.360000610351562,25.360000610351562,122400,OSPN
2021-05-19,24.799999237060547,25.25,23.649999618530273,24.510000228881836,24.510000228881836,177100,OSPN
2021-05-20,24.559999465942383,25.440000534057617,24.559999465942383,25.1299991607666,25.1299991607666,158900,OSPN
2021-05-21,25.479999542236328,25.639999389648438,25.0,25.18000030517578,25.18000030517578,137000,OSPN
2021-05-24,25.3700008392334,26.0,25.3700008392334,25.729999542236328,25.729999542236328,112200,OSPN
2021-05-25,25.799999237060547,26.239999771118164,25.700000762939453,25.790000915527344,25.790000915527344,128600,OSPN
2021-05-26,25.940000534057617,26.389999389648438,25.940000534057617,26.06999969482422,26.06999969482422,95500,OSPN
2021-05-27,26.1200008392334,26.3700008392334,25.329999923706055,26.040000915527344,26.040000915527344,246800,OSPN
2021-05-28,26.299999237060547,26.479999542236328,25.280000686645508,26.149999618530273,26.149999618530273,79800,OSPN
2021-06-01,26.1200008392334,26.6200008392334,26.0,26.360000610351562,26.360000610351562,175100,OSPN
2021-06-02,26.5,26.5,25.81999969482422,25.920000076293945,25.920000076293945,174700,OSPN
2021-06-03,25.729999542236328,26.489999771118164,25.06999969482422,25.3700008392334,25.3700008392334,141900,OSPN
2021-06-04,25.479999542236328,26.290000915527344,25.3700008392334,25.540000915527344,25.540000915527344,96600,OSPN
2021-06-07,25.459999084472656,26.190000534057617,25.450000762939453,26.010000228881836,26.010000228881836,103800,OSPN
2021-06-08,26.270000457763672,26.799999237060547,25.350000381469727,25.90999984741211,25.90999984741211,442700,OSPN
2021-06-09,26.079999923706055,26.700000762939453,25.850000381469727,25.959999084472656,25.959999084472656,168400,OSPN
2021-06-10,25.8799991607666,26.149999618530273,25.280000686645508,25.799999237060547,25.799999237060547,106000,OSPN
2021-06-11,25.68000030517578,26.399999618530273,25.639999389648438,26.260000228881836,26.260000228881836,146200,OSPN
2021-06-14,26.270000457763672,26.709999084472656,26.049999237060547,26.170000076293945,26.170000076293945,230900,OSPN
2021-06-15,26.18000030517578,26.229999542236328,25.170000076293945,25.350000381469727,25.350000381469727,294000,OSPN
2021-06-16,25.190000534057617,26.059999465942383,25.010000228881836,25.860000610351562,25.860000610351562,141700,OSPN
2021-06-17,25.780000686645508,27.15999984741211,25.18000030517578,26.959999084472656,26.959999084472656,200900,OSPN
2021-06-18,26.59000015258789,27.299999237060547,26.030000686645508,26.040000915527344,26.040000915527344,751600,OSPN
2021-06-21,26.06999969482422,26.209999084472656,25.600000381469727,26.020000457763672,26.020000457763672,163900,OSPN
2021-06-22,26.0,26.270000457763672,25.780000686645508,26.229999542236328,26.229999542236328,97900,OSPN
2021-06-23,26.209999084472656,26.459999084472656,25.920000076293945,26.290000915527344,26.290000915527344,74900,OSPN
2021-06-24,26.43000030517578,26.799999237060547,26.3799991607666,26.65999984741211,26.65999984741211,66500,OSPN
2021-06-25,26.639999389648438,26.809999465942383,26.049999237060547,26.18000030517578,26.18000030517578,226500,OSPN
2021-06-28,26.239999771118164,26.43000030517578,25.809999465942383,26.260000228881836,26.260000228881836,178200,OSPN
2021-06-29,26.270000457763672,26.729999542236328,26.049999237060547,26.110000610351562,26.110000610351562,94600,OSPN
2021-06-30,25.979999542236328,26.040000915527344,25.520000457763672,25.540000915527344,25.540000915527344,141000,OSPN
2021-07-01,25.399999618530273,25.719999313354492,25.18000030517578,25.260000228881836,25.260000228881836,193400,OSPN
2021-07-02,25.479999542236328,25.479999542236328,24.860000610351562,25.059999465942383,25.059999465942383,110500,OSPN
2021-07-06,25.149999618530273,25.450000762939453,24.75,25.209999084472656,25.209999084472656,129200,OSPN
2021-07-07,25.31999969482422,25.420000076293945,24.520000457763672,24.899999618530273,24.899999618530273,118700,OSPN
2021-07-08,25.3700008392334,25.3700008392334,24.229999542236328,24.989999771118164,24.989999771118164,122200,OSPN
2021-07-09,25.040000915527344,25.6299991607666,24.770000457763672,25.549999237060547,25.549999237060547,89100,OSPN
2021-07-12,25.549999237060547,25.65999984741211,24.459999084472656,24.579999923706055,24.579999923706055,129300,OSPN
2021-07-13,24.469999313354492,24.780000686645508,24.229999542236328,24.290000915527344,24.290000915527344,101600,OSPN
2021-07-14,24.540000915527344,24.59000015258789,23.850000381469727,23.889999389648438,23.889999389648438,85600,OSPN
2021-07-15,23.780000686645508,23.950000762939453,23.280000686645508,23.649999618530273,23.649999618530273,88200,OSPN
2021-07-16,23.899999618530273,24.34000015258789,23.450000762939453,23.549999237060547,23.549999237060547,111900,OSPN
2021-07-19,23.190000534057617,23.940000534057617,23.010000228881836,23.649999618530273,23.649999618530273,123300,OSPN
2021-07-20,23.8700008392334,24.709999084472656,23.729999542236328,24.25,24.25,172700,OSPN
2021-07-21,24.139999389648438,24.700000762939453,24.139999389648438,24.700000762939453,24.700000762939453,76300,OSPN
2021-07-22,24.6200008392334,24.979999542236328,24.110000610351562,24.440000534057617,24.440000534057617,89700,OSPN
2021-07-23,24.389999389648438,24.610000610351562,24.15999984741211,24.56999969482422,24.56999969482422,106500,OSPN
2021-07-26,24.5,25.0,24.360000610351562,24.479999542236328,24.479999542236328,90600,OSPN
2021-07-27,24.469999313354492,24.540000915527344,23.899999618530273,24.299999237060547,24.299999237060547,92100,OSPN
2021-07-28,24.3700008392334,25.110000610351562,24.3700008392334,24.940000534057617,24.940000534057617,79600,OSPN
2021-07-29,25.049999237060547,25.260000228881836,24.90999984741211,25.1299991607666,25.1299991607666,60400,OSPN
2021-07-30,25.0,25.110000610351562,24.459999084472656,24.670000076293945,24.670000076293945,124100,OSPN
2021-08-02,24.690000534057617,25.1299991607666,24.68000030517578,24.8799991607666,24.8799991607666,108100,OSPN
2021-08-03,24.989999771118164,25.459999084472656,24.649999618530273,25.25,25.25,147800,OSPN
2021-08-04,25.290000915527344,25.5,24.649999618530273,24.920000076293945,24.920000076293945,104000,OSPN
2021-08-05,20.350000381469727,20.719999313354492,18.329999923706055,18.90999984741211,18.90999984741211,1387400,OSPN
2021-08-06,19.34000015258789,19.389999389648438,18.6299991607666,18.65999984741211,18.65999984741211,565800,OSPN
2021-08-09,18.75,19.1200008392334,18.479999542236328,19.030000686645508,19.030000686645508,678200,OSPN
2021-08-10,18.809999465942383,19.799999237060547,18.559999465942383,19.610000610351562,19.610000610351562,561800,OSPN
2021-08-11,19.59000015258789,20.139999389648438,19.469999313354492,20.020000457763672,20.020000457763672,388700,OSPN
2021-08-12,20.700000762939453,20.989999771118164,20.350000381469727,20.829999923706055,20.829999923706055,458100,OSPN
2021-08-13,20.829999923706055,20.920000076293945,20.229999542236328,20.40999984741211,20.40999984741211,233900,OSPN
2021-08-16,20.399999618530273,20.450000762939453,19.209999084472656,19.219999313354492,19.219999313354492,209500,OSPN
2021-08-17,18.979999542236328,19.34000015258789,18.8700008392334,19.1200008392334,19.1200008392334,142300,OSPN
2021-08-18,19.1200008392334,19.329999923706055,18.770000457763672,18.81999969482422,18.81999969482422,166000,OSPN
2021-08-19,18.610000610351562,19.030000686645508,18.31999969482422,18.360000610351562,18.360000610351562,198800,OSPN
2021-08-20,18.270000457763672,18.43000030517578,17.950000762939453,18.059999465942383,18.059999465942383,345900,OSPN
2021-08-23,18.170000076293945,18.959999084472656,18.0,18.889999389648438,18.889999389648438,226200,OSPN
2021-08-24,19.229999542236328,19.5,18.989999771118164,19.280000686645508,19.280000686645508,169100,OSPN
2021-08-25,19.170000076293945,19.59000015258789,19.15999984741211,19.260000228881836,19.260000228881836,123200,OSPN
2021-08-26,19.1299991607666,19.299999237060547,18.729999542236328,18.760000228881836,18.760000228881836,188800,OSPN
2021-08-27,18.770000457763672,19.459999084472656,18.770000457763672,19.399999618530273,19.399999618530273,326100,OSPN
2021-08-30,19.450000762939453,19.739999771118164,18.989999771118164,19.110000610351562,19.110000610351562,128000,OSPN
2021-08-31,19.020000457763672,19.489999771118164,18.84000015258789,19.270000457763672,19.270000457763672,124600,OSPN
2021-09-01,19.299999237060547,19.459999084472656,18.709999084472656,18.93000030517578,18.93000030517578,302900,OSPN
2021-09-02,18.989999771118164,19.139999389648438,18.3799991607666,19.09000015258789,19.09000015258789,501800,OSPN
2021-09-03,19.1200008392334,19.579999923706055,18.899999618530273,19.479999542236328,19.479999542236328,474000,OSPN
2021-09-07,19.520000457763672,19.709999084472656,18.6299991607666,18.770000457763672,18.770000457763672,208700,OSPN
2021-09-08,18.770000457763672,18.920000076293945,18.489999771118164,18.549999237060547,18.549999237060547,158600,OSPN
2021-09-09,18.479999542236328,19.479999542236328,18.3700008392334,19.329999923706055,19.329999923706055,229600,OSPN
2021-09-10,19.389999389648438,19.389999389648438,18.81999969482422,19.030000686645508,19.030000686645508,209400,OSPN
2021-09-13,19.219999313354492,20.90999984741211,19.18000030517578,19.989999771118164,19.989999771118164,772500,OSPN
2021-09-14,20.020000457763672,20.920000076293945,19.8700008392334,20.40999984741211,20.40999984741211,536300,OSPN
2021-09-15,20.3799991607666,20.540000915527344,19.969999313354492,20.440000534057617,20.440000534057617,301800,OSPN
2021-09-16,20.25,20.389999389648438,19.639999389648438,19.639999389648438,19.639999389648438,565300,OSPN
2021-09-17,19.520000457763672,20.350000381469727,19.389999389648438,19.670000076293945,19.670000076293945,2546400,OSPN
2021-09-20,19.350000381469727,19.40999984741211,17.889999389648438,18.200000762939453,18.200000762939453,345700,OSPN
2021-09-21,18.3799991607666,18.809999465942383,18.270000457763672,18.600000381469727,18.600000381469727,203100,OSPN
2021-09-22,18.729999542236328,18.75,18.350000381469727,18.68000030517578,18.68000030517578,155900,OSPN
2021-09-23,18.719999313354492,18.84000015258789,18.440000534057617,18.770000457763672,18.770000457763672,214200,OSPN
2021-09-24,18.700000762939453,19.0,18.65999984741211,18.850000381469727,18.850000381469727,125300,OSPN
2021-09-27,18.739999771118164,18.93000030517578,18.420000076293945,18.649999618530273,18.649999618530273,154000,OSPN
2021-09-28,18.5,18.6200008392334,17.770000457763672,17.860000610351562,17.860000610351562,199500,OSPN
2021-09-29,17.950000762939453,19.639999389648438,17.8799991607666,18.760000228881836,18.760000228881836,517500,OSPN
2021-09-30,18.8700008392334,19.329999923706055,18.700000762939453,18.780000686645508,18.780000686645508,186100,OSPN
2021-10-01,18.959999084472656,19.5,18.6299991607666,19.40999984741211,19.40999984741211,334000,OSPN
2021-10-04,19.209999084472656,19.610000610351562,18.709999084472656,18.979999542236328,18.979999542236328,227000,OSPN
2021-10-05,19.0,19.329999923706055,18.68000030517578,18.899999618530273,18.899999618530273,157500,OSPN
2021-10-06,18.65999984741211,19.309999465942383,18.65999984741211,19.270000457763672,19.270000457763672,584200,OSPN
2021-10-07,19.540000915527344,19.899999618530273,19.520000457763672,19.690000534057617,19.690000534057617,191900,OSPN
2021-10-08,19.649999618530273,19.959999084472656,19.510000228881836,19.719999313354492,19.719999313354492,160700,OSPN
2021-10-11,19.510000228881836,19.760000228881836,19.350000381469727,19.3700008392334,19.3700008392334,133200,OSPN
2021-10-12,19.440000534057617,19.889999389648438,19.40999984741211,19.81999969482422,19.81999969482422,88400,OSPN
2021-10-13,20.0,20.290000915527344,18.8799991607666,20.270000457763672,20.270000457763672,99200,OSPN
2021-10-14,20.6200008392334,20.760000228881836,20.09000015258789,20.309999465942383,20.309999465942383,146000,OSPN
2021-10-15,20.579999923706055,20.6299991607666,20.239999771118164,20.290000915527344,20.290000915527344,186600,OSPN
2021-10-18,20.219999313354492,20.559999465942383,20.110000610351562,20.5,20.5,99600,OSPN
2021-10-19,20.649999618530273,21.059999465942383,20.59000015258789,20.739999771118164,20.739999771118164,115800,OSPN
2021-10-20,20.549999237060547,20.920000076293945,20.450000762939453,20.639999389648438,20.639999389648438,111300,OSPN
2021-10-21,20.43000030517578,21.209999084472656,20.43000030517578,21.15999984741211,21.15999984741211,91800,OSPN
2021-10-22,21.200000762939453,21.200000762939453,20.56999969482422,20.610000610351562,20.610000610351562,109200,OSPN
2021-10-25,20.530000686645508,21.34000015258789,20.459999084472656,20.889999389648438,20.889999389648438,111100,OSPN
2021-10-26,20.940000534057617,20.940000534057617,20.469999313354492,20.510000228881836,20.510000228881836,71900,OSPN
2021-10-27,20.43000030517578,20.709999084472656,19.979999542236328,20.100000381469727,20.100000381469727,70000,OSPN
2021-10-28,20.219999313354492,20.75,20.219999313354492,20.40999984741211,20.40999984741211,94200,OSPN
2021-10-29,20.280000686645508,20.5,20.18000030517578,20.420000076293945,20.420000076293945,80100,OSPN
2021-11-01,20.440000534057617,20.690000534057617,20.09000015258789,20.600000381469727,20.600000381469727,155300,OSPN
2021-11-02,20.549999237060547,20.600000381469727,19.950000762939453,20.420000076293945,20.420000076293945,119600,OSPN
2021-11-03,20.93000030517578,21.600000381469727,20.469999313354492,21.299999237060547,21.299999237060547,363800,OSPN
2021-11-04,21.520000457763672,21.56999969482422,21.0,21.100000381469727,21.100000381469727,146100,OSPN
2021-11-05,21.149999618530273,21.450000762939453,21.020000457763672,21.1299991607666,21.1299991607666,171800,OSPN
2021-11-08,21.170000076293945,21.440000534057617,21.020000457763672,21.1299991607666,21.1299991607666,91100,OSPN
2021-11-09,21.149999618530273,21.18000030517578,20.459999084472656,21.049999237060547,21.049999237060547,97500,OSPN
2021-11-10,20.969999313354492,21.0,20.299999237060547,20.479999542236328,20.479999542236328,85100,OSPN
2021-11-11,20.540000915527344,20.540000915527344,19.969999313354492,19.979999542236328,19.979999542236328,120000,OSPN
2021-11-12,20.059999465942383,20.059999465942383,19.489999771118164,19.540000915527344,19.540000915527344,188700,OSPN
2021-11-15,19.670000076293945,19.670000076293945,18.8799991607666,19.3799991607666,19.3799991607666,286600,OSPN
2021-11-16,19.030000686645508,19.350000381469727,18.969999313354492,19.059999465942383,19.059999465942383,242800,OSPN
2021-11-17,18.969999313354492,19.040000915527344,18.579999923706055,18.979999542236328,18.979999542236328,248400,OSPN
2021-11-18,18.989999771118164,19.170000076293945,18.34000015258789,18.479999542236328,18.479999542236328,149900,OSPN
2021-11-19,18.559999465942383,19.06999969482422,18.34000015258789,18.43000030517578,18.43000030517578,178300,OSPN
2021-11-22,18.5,18.559999465942383,17.920000076293945,17.979999542236328,17.979999542236328,149100,OSPN
2021-11-23,17.829999923706055,17.940000534057617,17.209999084472656,17.260000228881836,17.260000228881836,301400,OSPN
2021-11-24,17.149999618530273,17.75,17.0,17.649999618530273,17.649999618530273,109700,OSPN
2021-11-26,17.209999084472656,17.5,16.690000534057617,16.899999618530273,16.899999618530273,158300,OSPN
2021-11-29,17.020000457763672,17.079999923706055,16.739999771118164,16.799999237060547,16.799999237060547,159100,OSPN
2021-11-30,16.940000534057617,17.520000457763672,16.940000534057617,17.09000015258789,17.09000015258789,264300,OSPN
2021-12-01,17.489999771118164,17.559999465942383,16.690000534057617,16.739999771118164,16.739999771118164,147000,OSPN
2021-12-02,16.649999618530273,17.1299991607666,16.5,17.09000015258789,17.09000015258789,187200,OSPN
2021-12-03,17.100000381469727,17.100000381469727,16.280000686645508,16.420000076293945,16.420000076293945,170600,OSPN
2021-12-06,16.5,16.770000457763672,16.100000381469727,16.450000762939453,16.450000762939453,189500,OSPN
2021-12-07,16.799999237060547,17.190000534057617,16.540000915527344,16.850000381469727,16.850000381469727,145300,OSPN
2021-12-08,16.899999618530273,17.149999618530273,16.690000534057617,16.979999542236328,16.979999542236328,99300,OSPN
2021-12-09,16.809999465942383,17.030000686645508,16.260000228881836,16.5,16.5,182400,OSPN
2021-12-10,16.59000015258789,16.59000015258789,15.920000076293945,16.030000686645508,16.030000686645508,140300,OSPN
2021-12-13,16.149999618530273,16.93000030517578,15.9399995803833,16.799999237060547,16.799999237060547,265700,OSPN
2021-12-14,16.489999771118164,16.969999313354492,15.949999809265137,16.459999084472656,16.459999084472656,298700,OSPN
2021-12-15,16.440000534057617,16.84000015258789,15.859999656677246,16.760000228881836,16.760000228881836,197500,OSPN
2021-12-16,16.93000030517578,16.93000030517578,16.15999984741211,16.309999465942383,16.309999465942383,311200,OSPN
2021-12-17,16.100000381469727,16.850000381469727,15.880000114440918,16.5,16.5,1820000,OSPN
2021-12-20,16.40999984741211,16.59000015258789,15.59000015258789,15.859999656677246,15.859999656677246,269000,OSPN
2021-12-21,16.1200008392334,16.6200008392334,15.729999542236328,16.56999969482422,16.56999969482422,176800,OSPN
2021-12-22,16.579999923706055,16.700000762939453,16.149999618530273,16.549999237060547,16.549999237060547,152500,OSPN
2021-12-23,16.559999465942383,17.049999237060547,16.389999389648438,16.93000030517578,16.93000030517578,180700,OSPN
2021-12-27,17.040000915527344,17.280000686645508,16.920000076293945,17.110000610351562,17.110000610351562,141200,OSPN
2021-12-28,16.8799991607666,17.059999465942383,16.709999084472656,17.010000228881836,17.010000228881836,127300,OSPN
2021-12-29,17.0,17.219999313354492,16.809999465942383,17.149999618530273,17.149999618530273,91700,OSPN
2021-12-30,17.229999542236328,17.299999237060547,16.959999084472656,17.049999237060547,17.049999237060547,126100,OSPN
