Date,Open,High,Low,Close,Adj Close,Volume,ticker
2007-01-03,38.70000076293945,38.75,37.56999969482422,38.0099983215332,24.330310821533203,821100,NFG
2007-01-04,38.0,38.099998474121094,37.470001220703125,37.65999984741211,24.106271743774414,531100,NFG
2007-01-05,37.470001220703125,37.4900016784668,36.939998626708984,37.2599983215332,23.8502197265625,398000,NFG
2007-01-08,37.400001525878906,37.619998931884766,37.16999816894531,37.58000183105469,24.055065155029297,448200,NFG
2007-01-09,37.58000183105469,37.59000015258789,37.13999938964844,37.540000915527344,24.029464721679688,329600,NFG
2007-01-10,37.45000076293945,37.5,37.0,37.400001525878906,23.939851760864258,408300,NFG
2007-01-11,37.5,38.02000045776367,37.45000076293945,37.7599983215332,24.1702823638916,411500,NFG
2007-01-12,37.68000030517578,38.04999923706055,37.68000030517578,37.9900016784668,24.317502975463867,321400,NFG
2007-01-16,38.0,38.630001068115234,38.0,38.540000915527344,24.669559478759766,682300,NFG
2007-01-17,38.599998474121094,39.04999923706055,38.59000015258789,39.029998779296875,24.983213424682617,543800,NFG
2007-01-18,38.93000030517578,39.2599983215332,38.66999816894531,38.70000076293945,24.771982192993164,553100,NFG
2007-01-19,38.70000076293945,38.939998626708984,38.59000015258789,38.810001373291016,24.842391967773438,627100,NFG
2007-01-22,38.84000015258789,38.90999984741211,38.689998626708984,38.810001373291016,24.842391967773438,394000,NFG
2007-01-23,38.86000061035156,39.77000045776367,38.709999084472656,39.47999954223633,25.271265029907227,964900,NFG
2007-01-24,39.38999938964844,39.84000015258789,39.36000061035156,39.83000183105469,25.49530029296875,341700,NFG
2007-01-25,39.779998779296875,39.83000183105469,39.58000183105469,39.68000030517578,25.399280548095703,533200,NFG
2007-01-26,39.72999954223633,39.9900016784668,39.540000915527344,39.869998931884766,25.520891189575195,365900,NFG
2007-01-29,39.81999969482422,40.08000183105469,39.81999969482422,40.0099983215332,25.610517501831055,527900,NFG
2007-01-30,40.09000015258789,40.939998626708984,40.0,40.88999938964844,26.173805236816406,628500,NFG
2007-01-31,40.7400016784668,40.77000045776367,40.29999923706055,40.689998626708984,26.045787811279297,644700,NFG
2007-02-01,40.709999084472656,40.9900016784668,40.599998474121094,40.88999938964844,26.173805236816406,750200,NFG
2007-02-02,40.9900016784668,41.04999923706055,40.689998626708984,41.040000915527344,26.269826889038086,754100,NFG
2007-02-05,41.06999969482422,41.56999969482422,40.720001220703125,40.9900016784668,26.237808227539062,430900,NFG
2007-02-06,41.130001068115234,43.790000915527344,41.060001373291016,43.16999816894531,27.633237838745117,1707900,NFG
2007-02-07,43.099998474121094,43.25,42.709999084472656,43.0,27.524417877197266,1063200,NFG
2007-02-08,42.84000015258789,43.29999923706055,42.619998931884766,43.209999084472656,27.658836364746094,700300,NFG
2007-02-09,43.20000076293945,43.2599983215332,42.650001525878906,43.0099983215332,27.530818939208984,554000,NFG
2007-02-12,43.0099983215332,43.189998626708984,42.45000076293945,42.61000061035156,27.274782180786133,594400,NFG
2007-02-13,42.650001525878906,42.959999084472656,42.459999084472656,42.77000045776367,27.377197265625,580800,NFG
2007-02-14,42.77000045776367,42.810001373291016,42.34000015258789,42.45000076293945,27.172372817993164,986100,NFG
2007-02-15,42.36000061035156,42.38999938964844,42.0,42.31999969482422,27.08914566040039,546500,NFG
2007-02-16,42.33000183105469,42.38999938964844,41.95000076293945,42.099998474121094,26.948314666748047,524400,NFG
2007-02-20,42.04999923706055,42.25,41.86000061035156,42.220001220703125,27.025142669677734,306900,NFG
2007-02-21,42.060001373291016,42.369998931884766,41.9900016784668,42.18000030517578,26.999544143676758,334400,NFG
2007-02-22,42.11000061035156,42.400001525878906,41.90999984741211,42.09000015258789,26.94192123413086,759200,NFG
2007-02-23,42.02000045776367,42.369998931884766,41.93000030517578,42.18000030517578,26.999544143676758,609900,NFG
2007-02-26,42.4900016784668,42.91999816894531,42.45000076293945,42.7599983215332,27.37080192565918,910300,NFG
2007-02-27,42.349998474121094,42.75,41.790000915527344,42.15999984741211,26.986736297607422,681900,NFG
2007-02-28,42.16999816894531,42.33000183105469,41.7599983215332,41.790000915527344,26.74989891052246,644900,NFG
2007-03-01,41.61000061035156,42.36000061035156,41.18000030517578,41.97999954223633,26.871511459350586,593000,NFG
2007-03-02,41.97999954223633,42.06999969482422,41.31999969482422,41.40999984741211,26.506656646728516,533600,NFG
2007-03-05,41.20000076293945,41.400001525878906,40.81999969482422,40.900001525878906,26.180206298828125,585400,NFG
2007-03-06,41.04999923706055,41.5099983215332,41.040000915527344,41.34000015258789,26.461851119995117,424100,NFG
2007-03-07,41.2400016784668,41.59000015258789,41.06999969482422,41.15999984741211,26.346622467041016,601300,NFG
2007-03-08,41.380001068115234,41.56999969482422,41.130001068115234,41.220001220703125,26.385032653808594,638900,NFG
2007-03-09,41.439998626708984,41.5099983215332,41.04999923706055,41.22999954223633,26.39143943786621,635400,NFG
2007-03-12,41.220001220703125,41.41999816894531,40.97999954223633,41.22999954223633,26.39143943786621,765500,NFG
2007-03-13,41.029998779296875,41.290000915527344,40.84000015258789,40.939998626708984,26.205806732177734,820000,NFG
2007-03-14,41.0,41.16999816894531,40.459999084472656,41.099998474121094,26.30821990966797,884600,NFG
2007-03-15,41.02000045776367,41.59000015258789,41.02000045776367,41.529998779296875,26.58347511291504,589500,NFG
2007-03-16,41.560001373291016,41.68000030517578,41.040000915527344,41.16999816894531,26.353025436401367,396300,NFG
2007-03-19,41.36000061035156,41.720001220703125,41.279998779296875,41.599998474121094,26.628284454345703,219100,NFG
2007-03-20,41.4900016784668,42.189998626708984,41.470001220703125,42.189998626708984,27.005937576293945,286900,NFG
2007-03-21,42.31999969482422,42.88999938964844,42.15999984741211,42.65999984741211,27.30679702758789,389000,NFG
2007-03-22,42.61000061035156,43.41999816894531,42.61000061035156,43.380001068115234,27.767658233642578,674000,NFG
2007-03-23,43.529998779296875,43.599998474121094,43.13999938964844,43.209999084472656,27.658836364746094,395200,NFG
2007-03-26,43.220001220703125,43.540000915527344,43.119998931884766,43.540000915527344,27.870079040527344,298800,NFG
2007-03-27,43.400001525878906,43.400001525878906,43.029998779296875,43.130001068115234,27.60763168334961,275200,NFG
2007-03-28,42.849998474121094,43.290000915527344,42.75,42.970001220703125,27.697874069213867,464000,NFG
2007-03-29,43.119998931884766,43.349998474121094,42.790000915527344,43.150001525878906,27.81389808654785,391000,NFG
2007-03-30,43.189998626708984,43.4900016784668,42.779998779296875,43.2599983215332,27.884809494018555,443800,NFG
2007-04-02,43.279998779296875,44.38999938964844,43.279998779296875,44.13999938964844,28.452043533325195,562900,NFG
2007-04-03,44.130001068115234,44.29999923706055,43.63999938964844,44.15999984741211,28.464937210083008,398200,NFG
2007-04-04,44.16999816894531,45.060001373291016,44.13999938964844,45.060001373291016,29.045053482055664,673100,NFG
2007-04-05,44.97999954223633,45.630001068115234,44.54999923706055,45.599998474121094,29.393136978149414,784600,NFG
2007-04-09,45.58000183105469,47.11000061035156,45.5,46.61000061035156,30.04418182373047,1186900,NFG
2007-04-10,46.52000045776367,46.869998931884766,46.18000030517578,46.68000030517578,30.089292526245117,528900,NFG
2007-04-11,46.7599983215332,46.7599983215332,46.27000045776367,46.369998931884766,29.88947105407715,455600,NFG
2007-04-12,46.279998779296875,46.369998931884766,45.79999923706055,46.27000045776367,29.82500648498535,506500,NFG
2007-04-13,46.38999938964844,46.38999938964844,46.0099983215332,46.06999969482422,29.696086883544922,323000,NFG
2007-04-16,46.25,46.310001373291016,45.880001068115234,46.09000015258789,29.708982467651367,415900,NFG
2007-04-17,46.02000045776367,46.2599983215332,45.81999969482422,46.150001525878906,29.747655868530273,462900,NFG
2007-04-18,45.959999084472656,46.9900016784668,45.63999938964844,46.0099983215332,29.657424926757812,618400,NFG
2007-04-19,45.7599983215332,45.88999938964844,45.40999984741211,45.72999954223633,29.476943969726562,362500,NFG
2007-04-20,44.849998474121094,46.189998626708984,44.849998474121094,46.189998626708984,29.7734375,782300,NFG
2007-04-23,45.290000915527344,46.599998474121094,45.290000915527344,46.43000030517578,29.928136825561523,670600,NFG
2007-04-24,46.34000015258789,46.560001373291016,46.22999954223633,46.5,29.973270416259766,311300,NFG
2007-04-25,46.599998474121094,47.439998626708984,46.599998474121094,47.36000061035156,30.527612686157227,373100,NFG
2007-04-26,47.38999938964844,47.689998626708984,46.9900016784668,47.560001373291016,30.65654182434082,543300,NFG
2007-04-27,47.56999969482422,47.869998931884766,47.18000030517578,47.7599983215332,30.78543472290039,432700,NFG
2007-04-30,47.689998626708984,47.75,47.0,47.0099983215332,30.302003860473633,300800,NFG
2007-05-01,46.90999984741211,47.189998626708984,46.689998626708984,46.9900016784668,30.289121627807617,489300,NFG
2007-05-02,46.86000061035156,47.47999954223633,46.79999923706055,47.459999084472656,30.592069625854492,399000,NFG
2007-05-03,47.439998626708984,47.5099983215332,47.11000061035156,47.380001068115234,30.540508270263672,342000,NFG
2007-05-04,47.380001068115234,47.650001525878906,47.099998474121094,47.4900016784668,30.61139678955078,348100,NFG
2007-05-07,47.369998931884766,47.63999938964844,47.20000076293945,47.439998626708984,30.579172134399414,335000,NFG
2007-05-08,46.849998474121094,47.25,46.470001220703125,47.15999984741211,30.398698806762695,304100,NFG
2007-05-09,47.0099983215332,47.15999984741211,46.77000045776367,47.04999923706055,30.327783584594727,378000,NFG
2007-05-10,46.79999923706055,46.93000030517578,46.119998931884766,46.130001068115234,29.73477554321289,321200,NFG
2007-05-11,46.25,46.380001068115234,46.029998779296875,46.290000915527344,29.83789825439453,478600,NFG
2007-05-14,46.220001220703125,46.720001220703125,46.08000183105469,46.33000183105469,29.863698959350586,327500,NFG
2007-05-15,46.2400016784668,46.91999816894531,46.2400016784668,46.33000183105469,29.863698959350586,350600,NFG
2007-05-16,46.33000183105469,46.47999954223633,46.08000183105469,46.2400016784668,29.80568504333496,339600,NFG
2007-05-17,46.22999954223633,46.470001220703125,46.060001373291016,46.2599983215332,29.81855583190918,338400,NFG
2007-05-18,46.31999969482422,46.599998474121094,46.119998931884766,46.25,29.812114715576172,451300,NFG
2007-05-21,46.279998779296875,47.060001373291016,46.27000045776367,46.79999923706055,30.166650772094727,559300,NFG
2007-05-22,46.75,47.59000015258789,46.75,46.81999969482422,30.179534912109375,640900,NFG
2007-05-23,46.75,47.130001068115234,46.13999938964844,46.22999954223633,29.799236297607422,404300,NFG
2007-05-24,46.13999938964844,46.41999816894531,45.11000061035156,45.209999084472656,29.141746520996094,710000,NFG
2007-05-25,45.400001525878906,45.650001525878906,44.90999984741211,45.220001220703125,29.14820671081543,324700,NFG
2007-05-29,45.22999954223633,45.84000015258789,45.15999984741211,45.45000076293945,29.29646110534668,381500,NFG
2007-05-30,45.13999938964844,45.97999954223633,45.13999938964844,45.97999954223633,29.63807487487793,781400,NFG
2007-05-31,46.029998779296875,46.15999984741211,45.41999816894531,45.560001373291016,29.367351531982422,658700,NFG
2007-06-01,45.86000061035156,46.06999969482422,45.560001373291016,45.63999938964844,29.418907165527344,470200,NFG
2007-06-04,45.470001220703125,46.400001525878906,45.470001220703125,46.279998779296875,29.83146095275879,478100,NFG
2007-06-05,46.04999923706055,46.58000183105469,45.709999084472656,46.5099983215332,29.979705810546875,684400,NFG
2007-06-06,46.849998474121094,46.939998626708984,45.63999938964844,45.68000030517578,29.444704055786133,652200,NFG
2007-06-07,45.63999938964844,45.84000015258789,44.119998931884766,44.119998931884766,28.439149856567383,757300,NFG
2007-06-08,44.130001068115234,44.34000015258789,43.470001220703125,43.95000076293945,28.329565048217773,646900,NFG
2007-06-11,43.880001068115234,44.369998931884766,43.779998779296875,44.2599983215332,28.529396057128906,545200,NFG
2007-06-12,44.2599983215332,44.369998931884766,43.66999816894531,43.75,28.200658798217773,451900,NFG
2007-06-13,43.75,44.31999969482422,43.75,44.18000030517578,28.477828979492188,527300,NFG
2007-06-14,44.16999816894531,45.11000061035156,44.16999816894531,45.0099983215332,29.012840270996094,440000,NFG
2007-06-15,45.220001220703125,46.0099983215332,45.220001220703125,45.599998474121094,29.393136978149414,507100,NFG
2007-06-18,45.779998779296875,45.810001373291016,45.209999084472656,45.29999923706055,29.199756622314453,348300,NFG
2007-06-19,45.18000030517578,45.189998626708984,44.79999923706055,44.959999084472656,28.980606079101562,342500,NFG
2007-06-20,45.0,45.349998474121094,44.130001068115234,44.13999938964844,28.452043533325195,444300,NFG
2007-06-21,44.119998931884766,45.029998779296875,43.880001068115234,44.70000076293945,28.813018798828125,627800,NFG
2007-06-22,44.4900016784668,44.849998474121094,44.119998931884766,44.560001373291016,28.722766876220703,779800,NFG
2007-06-25,44.56999969482422,44.81999969482422,44.029998779296875,44.029998779296875,28.381141662597656,643400,NFG
2007-06-26,44.22999954223633,44.27000045776367,43.5099983215332,43.599998474121094,28.10396385192871,626200,NFG
2007-06-27,43.25,43.2599983215332,42.75,43.20000076293945,28.04553985595703,939000,NFG
2007-06-28,43.290000915527344,43.529998779296875,42.75,42.90999984741211,27.857271194458008,1070100,NFG
2007-06-29,42.93000030517578,43.47999954223633,42.86000061035156,43.310001373291016,28.116962432861328,778700,NFG
2007-07-02,43.61000061035156,44.40999984741211,43.61000061035156,43.959999084472656,28.5389404296875,809000,NFG
2007-07-03,43.900001525878906,43.95000076293945,43.310001373291016,43.540000915527344,28.266273498535156,400600,NFG
2007-07-05,43.54999923706055,43.93000030517578,43.290000915527344,43.56999969482422,28.285741806030273,594100,NFG
2007-07-06,43.4900016784668,43.79999923706055,43.189998626708984,43.65999984741211,28.344175338745117,321100,NFG
2007-07-09,43.810001373291016,44.16999816894531,43.709999084472656,44.029998779296875,28.584379196166992,339800,NFG
2007-07-10,43.84000015258789,44.11000061035156,43.4900016784668,43.65999984741211,28.344175338745117,679900,NFG
2007-07-11,43.79999923706055,44.27000045776367,43.4900016784668,44.08000183105469,28.616838455200195,626800,NFG
2007-07-12,44.34000015258789,44.75,44.15999984741211,44.54999923706055,28.92195701599121,438600,NFG
2007-07-13,44.5,44.9900016784668,44.43000030517578,44.75,29.051801681518555,271700,NFG
2007-07-16,44.709999084472656,44.75,44.15999984741211,44.20000076293945,28.694734573364258,548200,NFG
2007-07-17,44.20000076293945,44.90999984741211,44.0,44.029998779296875,28.584379196166992,695300,NFG
2007-07-18,43.90999984741211,44.72999954223633,43.88999938964844,44.70000076293945,29.019350051879883,727600,NFG
2007-07-19,45.029998779296875,46.040000915527344,44.88999938964844,45.959999084472656,29.83734130859375,647700,NFG
2007-07-20,45.959999084472656,46.720001220703125,45.900001525878906,46.0,29.86330795288086,890300,NFG
2007-07-23,46.099998474121094,46.470001220703125,46.0,46.0,29.86330795288086,505500,NFG
2007-07-24,46.02000045776367,46.02000045776367,44.380001068115234,44.630001068115234,28.973901748657227,511700,NFG
2007-07-25,44.93000030517578,45.470001220703125,44.40999984741211,45.130001068115234,29.298492431640625,671500,NFG
2007-07-26,45.0,45.34000015258789,43.9900016784668,44.5,28.88950538635254,1009000,NFG
2007-07-27,44.150001525878906,44.5,43.5,43.59000015258789,28.298728942871094,1318500,NFG
2007-07-30,43.72999954223633,44.5,43.52000045776367,44.20000076293945,28.694734573364258,669600,NFG
2007-07-31,44.470001220703125,44.83000183105469,43.27000045776367,43.349998474121094,28.142913818359375,1074300,NFG
2007-08-01,43.38999938964844,44.0,42.91999816894531,43.869998931884766,28.48050308227539,646200,NFG
2007-08-02,43.86000061035156,44.439998626708984,43.4900016784668,44.36000061035156,28.798608779907227,800800,NFG
2007-08-03,44.560001373291016,45.65999984741211,43.77000045776367,43.900001525878906,28.49997329711914,1202600,NFG
2007-08-06,44.06999969482422,44.220001220703125,41.25,43.709999084472656,28.37663459777832,1257000,NFG
2007-08-07,43.5,44.7599983215332,43.18000030517578,44.4900016784668,28.883010864257812,793400,NFG
2007-08-08,44.369998931884766,45.97999954223633,44.0099983215332,45.2400016784668,29.36990737915039,1035100,NFG
2007-08-09,44.5099983215332,46.02000045776367,43.959999084472656,43.97999954223633,28.551923751831055,1017700,NFG
2007-08-10,44.279998779296875,44.5,43.470001220703125,44.22999954223633,28.71422004699707,950500,NFG
2007-08-13,44.45000076293945,44.5,43.5,43.650001525878906,28.33768653869629,565200,NFG
2007-08-14,43.65999984741211,44.150001525878906,42.970001220703125,42.97999954223633,27.902711868286133,726600,NFG
2007-08-15,42.959999084472656,43.56999969482422,42.279998779296875,42.439998626708984,27.552146911621094,595600,NFG
2007-08-16,42.0,42.93000030517578,40.95000076293945,42.619998931884766,27.66899299621582,1236100,NFG
2007-08-17,43.0,43.5,42.38999938964844,43.25,28.0780029296875,713400,NFG
2007-08-20,43.25,43.5,42.31999969482422,43.02000045776367,27.92867660522461,491000,NFG
2007-08-21,42.779998779296875,43.439998626708984,42.720001220703125,43.130001068115234,28.00008773803711,429600,NFG
2007-08-22,43.369998931884766,44.08000183105469,43.27000045776367,44.0099983215332,28.571392059326172,466400,NFG
2007-08-23,44.220001220703125,44.70000076293945,43.970001220703125,44.560001373291016,28.928451538085938,600900,NFG
2007-08-24,44.41999816894531,45.0,44.36000061035156,45.0,29.214107513427734,232100,NFG
2007-08-27,45.0,45.0,44.119998931884766,44.2400016784668,28.72071075439453,233300,NFG
2007-08-28,44.02000045776367,44.220001220703125,43.0,43.11000061035156,27.987110137939453,500200,NFG
2007-08-29,43.45000076293945,44.36000061035156,43.45000076293945,44.349998474121094,28.7921085357666,316500,NFG
2007-08-30,43.900001525878906,44.900001525878906,43.900001525878906,44.15999984741211,28.66877555847168,552500,NFG
2007-08-31,44.5,44.790000915527344,44.11000061035156,44.34000015258789,28.78562355041504,308600,NFG
2007-09-04,44.380001068115234,44.970001220703125,44.06999969482422,44.560001373291016,28.928451538085938,419600,NFG
2007-09-05,44.29999923706055,44.59000015258789,43.880001068115234,44.279998779296875,28.746675491333008,458500,NFG
2007-09-06,44.470001220703125,44.77000045776367,44.18000030517578,44.470001220703125,28.87001609802246,416600,NFG
2007-09-07,43.9900016784668,44.2400016784668,43.5099983215332,43.72999954223633,28.38962173461914,409100,NFG
2007-09-10,43.900001525878906,43.95000076293945,43.20000076293945,43.41999816894531,28.188358306884766,513800,NFG
2007-09-11,43.59000015258789,43.84000015258789,43.27000045776367,43.5,28.240293502807617,411400,NFG
2007-09-12,43.470001220703125,44.400001525878906,43.459999084472656,44.2400016784668,28.72071075439453,365400,NFG
2007-09-13,44.5,44.630001068115234,43.93000030517578,44.189998626708984,28.68824005126953,315700,NFG
2007-09-14,43.72999954223633,44.310001373291016,43.709999084472656,44.099998474121094,28.62981414794922,316900,NFG
2007-09-17,44.0,44.43000030517578,43.849998474121094,44.25,28.727197647094727,417800,NFG
2007-09-18,44.45000076293945,45.650001525878906,44.349998474121094,45.400001525878906,29.47378158569336,731100,NFG
2007-09-19,45.400001525878906,45.91999816894531,45.34000015258789,45.45000076293945,29.506254196166992,634400,NFG
2007-09-20,45.439998626708984,45.7400016784668,45.15999984741211,45.349998474121094,29.441322326660156,438400,NFG
2007-09-21,45.56999969482422,45.56999969482422,45.08000183105469,45.41999816894531,29.486772537231445,668800,NFG
2007-09-24,45.43000030517578,45.5099983215332,45.20000076293945,45.41999816894531,29.486772537231445,368700,NFG
2007-09-25,45.20000076293945,45.4900016784668,45.09000015258789,45.459999084472656,29.51274299621582,437700,NFG
2007-09-26,45.5,46.0,45.400001525878906,45.849998474121094,29.970294952392578,430100,NFG
2007-09-27,46.099998474121094,46.790000915527344,45.959999084472656,46.52000045776367,30.408266067504883,476900,NFG
2007-09-28,46.61000061035156,47.0,46.400001525878906,46.810001373291016,30.59781265258789,374700,NFG
2007-10-01,46.86000061035156,47.439998626708984,46.70000076293945,47.380001068115234,30.970401763916016,436500,NFG
2007-10-02,47.439998626708984,47.54999923706055,46.630001068115234,47.459999084472656,31.022687911987305,442200,NFG
2007-10-03,47.279998779296875,47.77000045776367,46.9900016784668,47.68000030517578,31.166501998901367,381600,NFG
2007-10-04,47.849998474121094,47.86000061035156,47.34000015258789,47.63999938964844,31.140352249145508,252600,NFG
2007-10-05,47.880001068115234,48.0,47.40999984741211,47.58000183105469,31.101139068603516,385400,NFG
2007-10-08,47.41999816894531,47.689998626708984,47.150001525878906,47.20000076293945,30.852733612060547,240500,NFG
2007-10-09,47.369998931884766,48.47999954223633,47.310001373291016,48.47999954223633,31.689424514770508,350900,NFG
2007-10-10,48.47999954223633,48.709999084472656,48.04999923706055,48.59000015258789,31.761327743530273,470100,NFG
2007-10-11,48.70000076293945,49.290000915527344,48.5099983215332,48.900001525878906,31.963960647583008,424500,NFG
2007-10-12,48.400001525878906,48.599998474121094,46.56999969482422,46.81999969482422,30.60434913635254,966400,NFG
2007-10-15,46.7400016784668,47.189998626708984,45.959999084472656,46.81999969482422,30.60434913635254,664600,NFG
2007-10-16,46.91999816894531,47.18000030517578,46.439998626708984,46.86000061035156,30.630495071411133,484900,NFG
2007-10-17,47.0099983215332,47.0099983215332,46.25,46.849998474121094,30.62395477294922,604900,NFG
2007-10-18,46.7599983215332,47.150001525878906,46.540000915527344,47.0099983215332,30.728540420532227,756100,NFG
2007-10-19,46.81999969482422,46.900001525878906,46.02000045776367,46.02000045776367,30.0814208984375,1072900,NFG
2007-10-22,45.439998626708984,46.369998931884766,45.369998931884766,45.72999954223633,29.891870498657227,458900,NFG
2007-10-23,45.849998474121094,46.18000030517578,45.41999816894531,45.849998474121094,29.970294952392578,561700,NFG
2007-10-24,45.63999938964844,46.20000076293945,45.20000076293945,46.150001525878906,30.166391372680664,561600,NFG
2007-10-25,46.2599983215332,46.68000030517578,45.95000076293945,46.599998474121094,30.460533142089844,699000,NFG
2007-10-26,46.97999954223633,47.18000030517578,46.65999984741211,46.91999816894531,30.669713973999023,413400,NFG
2007-10-29,47.02000045776367,47.369998931884766,46.81999969482422,47.25,30.88541603088379,408200,NFG
2007-10-30,47.209999084472656,47.790000915527344,47.06999969482422,47.209999084472656,30.859272003173828,267100,NFG
2007-10-31,47.349998474121094,48.5,47.2400016784668,48.4900016784668,31.69595718383789,532300,NFG
2007-11-01,47.900001525878906,48.470001220703125,47.310001373291016,47.939998626708984,31.336456298828125,535100,NFG
2007-11-02,48.0,48.779998779296875,47.619998931884766,48.72999954223633,31.852846145629883,979700,NFG
2007-11-05,48.61000061035156,48.66999816894531,47.93000030517578,48.31999969482422,31.584840774536133,389300,NFG
2007-11-06,48.38999938964844,49.060001373291016,48.060001373291016,48.97999954223633,32.01626205444336,309100,NFG
2007-11-07,48.47999954223633,48.689998626708984,47.29999923706055,47.29999923706055,30.91810417175293,482700,NFG
2007-11-08,47.54999923706055,48.33000183105469,47.29999923706055,48.220001220703125,31.519479751586914,458400,NFG
2007-11-09,48.439998626708984,48.439998626708984,46.7400016784668,46.849998474121094,30.62395477294922,629500,NFG
2007-11-12,46.900001525878906,46.97999954223633,45.630001068115234,45.75,29.904937744140625,578800,NFG
2007-11-13,45.970001220703125,47.0099983215332,45.91999816894531,46.869998931884766,30.63702392578125,545800,NFG
2007-11-14,47.189998626708984,47.43000030517578,46.279998779296875,46.33000183105469,30.28406524658203,487300,NFG
2007-11-15,46.18000030517578,47.04999923706055,46.11000061035156,46.81999969482422,30.60434913635254,537700,NFG
2007-11-16,47.33000183105469,47.33000183105469,46.290000915527344,46.7400016784668,30.552043914794922,593800,NFG
2007-11-19,46.4900016784668,47.20000076293945,46.4900016784668,46.65999984741211,30.499753952026367,391100,NFG
2007-11-20,46.560001373291016,47.20000076293945,46.36000061035156,46.560001373291016,30.43439483642578,638800,NFG
2007-11-21,46.400001525878906,47.20000076293945,46.400001525878906,46.79999923706055,30.59128189086914,679100,NFG
2007-11-23,47.0,47.380001068115234,46.790000915527344,47.02000045776367,30.735071182250977,207900,NFG
2007-11-26,46.90999984741211,47.58000183105469,46.41999816894531,46.54999923706055,30.42784881591797,418600,NFG
2007-11-27,46.58000183105469,47.209999084472656,46.34000015258789,47.04999923706055,30.754684448242188,888300,NFG
2007-11-28,47.2400016784668,47.88999938964844,46.9900016784668,47.810001373291016,31.2514591217041,646600,NFG
2007-11-29,47.70000076293945,48.38999938964844,47.45000076293945,48.04999923706055,31.408349990844727,436800,NFG
2007-11-30,48.150001525878906,48.15999984741211,47.25,47.650001525878906,31.146888732910156,459600,NFG
2007-12-03,47.349998474121094,48.279998779296875,47.349998474121094,47.97999954223633,31.362581253051758,326400,NFG
2007-12-04,47.720001220703125,48.36000061035156,47.45000076293945,48.119998931884766,31.45410919189453,343300,NFG
2007-12-05,48.599998474121094,48.709999084472656,48.099998474121094,48.310001373291016,31.578310012817383,402400,NFG
2007-12-06,48.150001525878906,49.04999923706055,48.150001525878906,48.939998626708984,31.99010467529297,885400,NFG
2007-12-07,49.150001525878906,49.47999954223633,48.77000045776367,49.0,32.029327392578125,1747500,NFG
2007-12-10,49.0,49.779998779296875,48.810001373291016,49.75,32.51956558227539,960100,NFG
2007-12-11,49.959999084472656,50.290000915527344,48.7400016784668,48.779998779296875,31.885526657104492,452000,NFG
2007-12-12,48.52000045776367,49.290000915527344,48.380001068115234,48.7400016784668,31.859375,787700,NFG
2007-12-13,48.61000061035156,48.86000061035156,47.97999954223633,48.86000061035156,31.93781280517578,533200,NFG
2007-12-14,48.29999923706055,48.689998626708984,47.9900016784668,48.060001373291016,31.414888381958008,547700,NFG
2007-12-17,47.93000030517578,48.0,47.459999084472656,47.540000915527344,31.074987411499023,546000,NFG
2007-12-18,47.88999938964844,47.88999938964844,47.189998626708984,47.619998931884766,31.127281188964844,512200,NFG
2007-12-19,47.61000061035156,48.040000915527344,47.54999923706055,47.84000015258789,31.271085739135742,398100,NFG
2007-12-20,48.0,48.130001068115234,47.27000045776367,47.70000076293945,31.179569244384766,371800,NFG
2007-12-21,48.15999984741211,48.15999984741211,47.439998626708984,47.68000030517578,31.166501998901367,788000,NFG
2007-12-24,47.79999923706055,48.38999938964844,47.5,48.310001373291016,31.578310012817383,121000,NFG
2007-12-26,48.189998626708984,48.189998626708984,47.58000183105469,47.709999084472656,31.18610382080078,292700,NFG
2007-12-27,47.45000076293945,47.619998931884766,46.86000061035156,46.93000030517578,30.876882553100586,325300,NFG
2007-12-28,47.040000915527344,47.34000015258789,46.849998474121094,47.060001373291016,30.962411880493164,304600,NFG
2007-12-31,47.04999923706055,47.22999954223633,46.560001373291016,46.68000030517578,30.71238899230957,382300,NFG
2008-01-02,46.560001373291016,46.779998779296875,46.2599983215332,46.560001373291016,30.633440017700195,833300,NFG
2008-01-03,46.54999923706055,46.900001525878906,46.29999923706055,46.33000183105469,30.48212242126465,716900,NFG
2008-01-04,46.0,46.18000030517578,45.77000045776367,45.90999984741211,30.20578956604004,568400,NFG
2008-01-07,46.11000061035156,46.15999984741211,45.47999954223633,45.93000030517578,30.21894073486328,721500,NFG
2008-01-08,46.0099983215332,46.7599983215332,45.52000045776367,45.52000045776367,29.949182510375977,788400,NFG
2008-01-09,45.439998626708984,45.869998931884766,45.220001220703125,45.779998779296875,30.120258331298828,944600,NFG
2008-01-10,45.68000030517578,46.13999938964844,45.45000076293945,45.939998626708984,30.225522994995117,565700,NFG
2008-01-11,45.56999969482422,45.84000015258789,45.310001373291016,45.56999969482422,29.982088088989258,511500,NFG
2008-01-14,45.84000015258789,46.189998626708984,45.47999954223633,45.630001068115234,30.021554946899414,302100,NFG
2008-01-15,45.5,45.709999084472656,44.77000045776367,45.02000045776367,29.620208740234375,705400,NFG
2008-01-16,45.0,45.06999969482422,43.25,43.2599983215332,28.462255477905273,1304000,NFG
2008-01-17,43.27000045776367,43.40999984741211,41.66999816894531,41.66999816894531,27.4161434173584,1219100,NFG
2008-01-18,41.720001220703125,41.83000183105469,40.45000076293945,40.720001220703125,26.791105270385742,1093900,NFG
2008-01-22,39.060001373291016,39.81999969482422,38.040000915527344,39.54999923706055,26.02132225036621,1359900,NFG
2008-01-23,38.66999816894531,41.22999954223633,38.66999816894531,41.16999816894531,27.08716583251953,1807600,NFG
2008-01-24,41.459999084472656,41.79999923706055,41.09000015258789,41.349998474121094,27.205608367919922,1047400,NFG
2008-01-25,42.0,42.66999816894531,41.310001373291016,41.43000030517578,27.258237838745117,1094300,NFG
2008-01-28,41.36000061035156,42.15999984741211,41.349998474121094,42.040000915527344,27.65957260131836,621500,NFG
2008-01-29,42.2599983215332,42.45000076293945,42.0,42.20000076293945,27.764850616455078,614600,NFG
2008-01-30,42.369998931884766,43.0,42.119998931884766,42.41999816894531,27.909587860107422,787000,NFG
2008-01-31,42.18000030517578,43.31999969482422,42.09000015258789,43.11000061035156,28.363561630249023,1161900,NFG
2008-02-01,43.2599983215332,43.540000915527344,42.88999938964844,43.540000915527344,28.6464786529541,852600,NFG
2008-02-04,43.36000061035156,44.209999084472656,43.09000015258789,43.90999984741211,28.889909744262695,622400,NFG
2008-02-05,43.209999084472656,43.5,42.349998474121094,42.349998474121094,27.86353302001953,568300,NFG
2008-02-06,42.4900016784668,42.75,41.939998626708984,42.060001373291016,27.6727352142334,579100,NFG
2008-02-07,41.61000061035156,42.84000015258789,41.560001373291016,42.5,27.962217330932617,600600,NFG
2008-02-08,44.04999923706055,46.88999938964844,44.04999923706055,46.0,30.264995574951172,1806100,NFG
2008-02-11,46.119998931884766,46.119998931884766,45.540000915527344,46.02000045776367,30.278146743774414,847500,NFG
2008-02-12,46.15999984741211,46.40999984741211,45.209999084472656,45.459999084472656,29.909709930419922,852800,NFG
2008-02-13,45.849998474121094,46.86000061035156,45.63999938964844,46.86000061035156,30.83081817626953,669800,NFG
2008-02-14,46.83000183105469,47.16999816894531,46.16999816894531,46.2599983215332,30.436054229736328,457200,NFG
2008-02-15,46.20000076293945,46.279998779296875,45.619998931884766,46.0,30.264995574951172,418800,NFG
2008-02-19,46.400001525878906,47.349998474121094,46.400001525878906,47.130001068115234,31.00846290588379,590700,NFG
2008-02-20,47.0,47.810001373291016,46.93000030517578,47.599998474121094,31.31769561767578,571400,NFG
2008-02-21,47.779998779296875,47.97999954223633,47.2400016784668,47.279998779296875,31.107154846191406,583100,NFG
2008-02-22,47.400001525878906,47.959999084472656,46.88999938964844,47.86000061035156,31.488758087158203,585700,NFG
2008-02-25,47.900001525878906,48.540000915527344,47.720001220703125,48.45000076293945,31.876934051513672,920300,NFG
2008-02-26,48.349998474121094,48.65999984741211,48.189998626708984,48.61000061035156,31.982202529907227,576000,NFG
2008-02-27,48.29999923706055,48.70000076293945,47.7400016784668,47.970001220703125,31.561134338378906,616900,NFG
2008-02-28,47.779998779296875,48.380001068115234,47.75,48.04999923706055,31.613758087158203,374900,NFG
2008-02-29,47.54999923706055,47.93000030517578,46.9900016784668,47.04999923706055,30.955812454223633,677400,NFG
2008-03-03,47.0,48.02000045776367,46.93000030517578,47.58000183105469,31.304536819458008,533000,NFG
2008-03-04,47.189998626708984,47.880001068115234,46.61000061035156,47.2400016784668,31.08083724975586,894200,NFG
2008-03-05,47.5,48.779998779296875,47.279998779296875,48.599998474121094,31.975624084472656,950500,NFG
2008-03-06,48.349998474121094,48.72999954223633,47.54999923706055,47.61000061035156,31.324277877807617,601600,NFG
2008-03-07,47.279998779296875,48.400001525878906,47.0,48.0099983215332,31.587446212768555,1065500,NFG
2008-03-10,47.9900016784668,47.9900016784668,46.66999816894531,46.790000915527344,30.784770965576172,668300,NFG
2008-03-11,47.77000045776367,47.86000061035156,46.61000061035156,47.04999923706055,30.955812454223633,761800,NFG
2008-03-12,47.099998474121094,47.5,46.83000183105469,46.869998931884766,30.837404251098633,649800,NFG
2008-03-13,46.38999938964844,47.11000061035156,46.060001373291016,47.0,30.922927856445312,788600,NFG
2008-03-14,47.290000915527344,47.290000915527344,46.2400016784668,46.689998626708984,30.71896743774414,867000,NFG
2008-03-17,45.88999938964844,46.5,45.650001525878906,46.040000915527344,30.29130744934082,761700,NFG
2008-03-18,46.720001220703125,47.59000015258789,46.5,47.529998779296875,31.271636962890625,664300,NFG
2008-03-19,47.290000915527344,47.95000076293945,46.040000915527344,46.040000915527344,30.29130744934082,905000,NFG
2008-03-20,45.959999084472656,46.209999084472656,44.27000045776367,45.61000061035156,30.00840187072754,843300,NFG
2008-03-24,45.9900016784668,46.880001068115234,45.9900016784668,46.29999923706055,30.462373733520508,732600,NFG
2008-03-25,46.220001220703125,47.119998931884766,46.220001220703125,46.869998931884766,30.837404251098633,521300,NFG
2008-03-26,46.75,47.400001525878906,46.70000076293945,46.970001220703125,30.903194427490234,671900,NFG
2008-03-27,46.880001068115234,47.34000015258789,46.810001373291016,46.83000183105469,31.015779495239258,543900,NFG
2008-03-28,46.86000061035156,47.2599983215332,46.630001068115234,46.810001373291016,31.002527236938477,439000,NFG
2008-03-31,46.599998474121094,47.290000915527344,46.459999084472656,47.209999084472656,31.2674617767334,659000,NFG
2008-04-01,47.40999984741211,47.70000076293945,47.0,47.70000076293945,31.59199333190918,388700,NFG
2008-04-02,47.630001068115234,48.34000015258789,47.470001220703125,48.29999923706055,31.9893741607666,584800,NFG
2008-04-03,48.06999969482422,48.5,47.56999969482422,47.619998931884766,31.539003372192383,505800,NFG
2008-04-04,47.79999923706055,48.349998474121094,47.75,47.97999954223633,31.777429580688477,489100,NFG
2008-04-07,48.22999954223633,48.84000015258789,48.099998474121094,48.529998779296875,32.14170837402344,445900,NFG
2008-04-08,48.54999923706055,50.689998626708984,48.47999954223633,50.54999923706055,33.47956848144531,762000,NFG
2008-04-09,50.7599983215332,51.27000045776367,49.93000030517578,49.97999954223633,33.10204315185547,744600,NFG
2008-04-10,49.880001068115234,50.29999923706055,49.540000915527344,49.66999816894531,32.896728515625,480000,NFG
2008-04-11,49.25,49.54999923706055,48.849998474121094,49.040000915527344,32.47947311401367,566600,NFG
2008-04-14,48.939998626708984,49.54999923706055,48.939998626708984,49.369998931884766,32.69804382324219,460900,NFG
2008-04-15,49.75,50.93000030517578,49.70000076293945,50.72999954223633,33.59877395629883,599900,NFG
2008-04-16,50.9900016784668,52.630001068115234,50.810001373291016,52.560001373291016,34.81080627441406,703200,NFG
2008-04-17,52.459999084472656,52.5,51.400001525878906,51.58000183105469,34.1617546081543,355200,NFG
2008-04-18,52.22999954223633,52.59000015258789,51.900001525878906,52.52000045776367,34.78431701660156,387100,NFG
2008-04-21,52.29999923706055,52.529998779296875,51.70000076293945,52.08000183105469,34.492889404296875,341700,NFG
2008-04-22,51.88999938964844,52.08000183105469,51.45000076293945,51.650001525878906,34.208106994628906,236200,NFG
2008-04-23,51.68000030517578,52.2400016784668,51.40999984741211,52.08000183105469,34.492889404296875,411500,NFG
2008-04-24,52.20000076293945,52.779998779296875,51.66999816894531,52.33000183105469,34.65847396850586,602800,NFG
2008-04-25,52.40999984741211,52.470001220703125,51.93000030517578,52.349998474121094,34.671722412109375,343600,NFG
2008-04-28,52.47999954223633,53.349998474121094,52.45000076293945,52.529998779296875,34.79094314575195,417700,NFG
2008-04-29,52.33000183105469,52.380001068115234,51.310001373291016,51.380001068115234,34.02928161621094,399300,NFG
2008-04-30,51.56999969482422,51.9900016784668,50.72999954223633,51.18000030517578,33.89682388305664,429000,NFG
2008-05-01,51.400001525878906,51.72999954223633,50.560001373291016,51.0,33.777610778808594,559200,NFG
2008-05-02,52.36000061035156,54.56999969482422,51.599998474121094,53.88999938964844,35.69166946411133,1656500,NFG
2008-05-05,54.029998779296875,54.93000030517578,53.650001525878906,54.779998779296875,36.28111267089844,770200,NFG
2008-05-06,54.58000183105469,55.869998931884766,54.529998779296875,55.45000076293945,36.7248649597168,543300,NFG
2008-05-07,55.439998626708984,56.400001525878906,55.2599983215332,55.599998474121094,36.8242073059082,441600,NFG
2008-05-08,55.91999816894531,55.91999816894531,55.209999084472656,55.810001373291016,36.963294982910156,413700,NFG
2008-05-09,55.79999923706055,55.79999923706055,55.06999969482422,55.61000061035156,36.830833435058594,295800,NFG
2008-05-12,55.599998474121094,56.61000061035156,55.29999923706055,56.5,37.420284271240234,420100,NFG
2008-05-13,56.40999984741211,57.16999816894531,56.099998474121094,57.04999923706055,37.784549713134766,284500,NFG
2008-05-14,57.11000061035156,57.31999969482422,56.68000030517578,56.77000045776367,37.59910202026367,254000,NFG
2008-05-15,57.02000045776367,57.83000183105469,56.900001525878906,57.40999984741211,38.02297592163086,445900,NFG
2008-05-16,58.540000915527344,58.86000061035156,58.09000015258789,58.79999923706055,38.94358825683594,422200,NFG
2008-05-19,58.939998626708984,59.130001068115234,58.189998626708984,58.470001220703125,38.72502517700195,242700,NFG
2008-05-20,58.31999969482422,59.400001525878906,58.31999969482422,58.7400016784668,38.90384292602539,301600,NFG
2008-05-21,59.939998626708984,63.709999084472656,59.720001220703125,61.93000030517578,41.0166130065918,2028000,NFG
2008-05-22,61.95000076293945,61.95000076293945,60.83000183105469,61.29999923706055,40.5993537902832,655300,NFG
2008-05-23,61.22999954223633,61.81999969482422,60.060001373291016,60.15999984741211,39.84432601928711,489600,NFG
2008-05-27,60.279998779296875,61.31999969482422,60.279998779296875,60.93000030517578,40.354286193847656,412700,NFG
2008-05-28,61.209999084472656,61.27000045776367,60.349998474121094,61.130001068115234,40.486751556396484,295800,NFG
2008-05-29,61.13999938964844,61.4900016784668,60.52000045776367,60.560001373291016,40.109249114990234,350200,NFG
2008-05-30,60.5,61.52000045776367,60.060001373291016,60.310001373291016,39.94367599487305,1744900,NFG
2008-06-02,60.060001373291016,60.29999923706055,58.5,59.099998474121094,39.14227294921875,1008000,NFG
2008-06-03,59.16999816894531,59.459999084472656,58.59000015258789,59.029998779296875,39.09592056274414,836300,NFG
2008-06-04,58.72999954223633,59.290000915527344,58.34000015258789,58.66999816894531,38.857479095458984,507500,NFG
2008-06-05,58.720001220703125,59.66999816894531,58.369998931884766,59.65999984741211,39.513160705566406,724400,NFG
2008-06-06,59.68000030517578,60.560001373291016,58.970001220703125,58.970001220703125,39.05617141723633,553800,NFG
2008-06-09,58.959999084472656,59.91999816894531,58.959999084472656,59.43000030517578,39.36083984375,1000600,NFG
2008-06-10,59.150001525878906,59.220001220703125,58.439998626708984,59.060001373291016,39.11580276489258,443500,NFG
2008-06-11,59.08000183105469,59.41999816894531,58.560001373291016,58.66999816894531,38.857479095458984,496900,NFG
2008-06-12,58.86000061035156,58.86000061035156,57.93000030517578,58.310001373291016,38.61906051635742,325500,NFG
2008-06-13,58.61000061035156,59.02000045776367,57.38999938964844,57.84000015258789,38.30778121948242,531100,NFG
2008-06-16,57.7599983215332,58.630001068115234,57.599998474121094,58.59000015258789,38.804500579833984,381200,NFG
2008-06-17,58.63999938964844,59.15999984741211,58.630001068115234,58.88999938964844,39.003196716308594,363400,NFG
2008-06-18,58.709999084472656,59.33000183105469,58.70000076293945,59.0,39.07604217529297,468200,NFG
2008-06-19,58.93000030517578,59.29999923706055,58.060001373291016,58.29999923706055,38.612430572509766,395000,NFG
2008-06-20,58.27000045776367,59.279998779296875,57.63999938964844,57.70000076293945,38.21506118774414,947300,NFG
2008-06-23,58.040000915527344,59.29999923706055,57.880001068115234,58.9900016784668,39.06942367553711,519200,NFG
2008-06-24,58.83000183105469,58.9900016784668,58.20000076293945,58.29999923706055,38.612430572509766,498600,NFG
2008-06-25,58.310001373291016,58.68000030517578,57.20000076293945,58.099998474121094,38.47998046875,504900,NFG
2008-06-26,57.41999816894531,58.34000015258789,56.88999938964844,57.7400016784668,38.4566535949707,525000,NFG
2008-06-27,57.849998474121094,58.439998626708984,57.84000015258789,58.119998931884766,38.70975875854492,678700,NFG
2008-06-30,58.29999923706055,59.79999923706055,58.20000076293945,59.47999954223633,39.61555480957031,670500,NFG
2008-07-01,58.959999084472656,59.880001068115234,58.369998931884766,59.630001068115234,39.7154655456543,586500,NFG
2008-07-02,59.72999954223633,60.36000061035156,58.63999938964844,58.86000061035156,39.20262145996094,598700,NFG
2008-07-03,58.790000915527344,58.849998474121094,56.79999923706055,57.619998931884766,38.376747131347656,510100,NFG
2008-07-07,57.68000030517578,57.849998474121094,55.66999816894531,56.459999084472656,37.60415267944336,730400,NFG
2008-07-08,56.279998779296875,56.41999816894531,54.20000076293945,55.52000045776367,36.97807312011719,698100,NFG
2008-07-09,55.65999984741211,56.88999938964844,55.279998779296875,56.5,37.630775451660156,610300,NFG
2008-07-10,56.560001373291016,57.130001068115234,55.970001220703125,56.56999969482422,37.677398681640625,440800,NFG
2008-07-11,56.33000183105469,57.84000015258789,56.119998931884766,57.38999938964844,38.22356033325195,730700,NFG
2008-07-14,57.810001373291016,58.45000076293945,57.68000030517578,58.099998474121094,38.696434020996094,546300,NFG
2008-07-15,57.68000030517578,57.900001525878906,56.2599983215332,56.5,37.630775451660156,557300,NFG
2008-07-16,56.560001373291016,56.91999816894531,54.22999954223633,54.56999969482422,36.34532165527344,609800,NFG
2008-07-17,54.68000030517578,54.79999923706055,52.09000015258789,52.45000076293945,34.93336486816406,786800,NFG
2008-07-18,52.130001068115234,53.40999984741211,51.310001373291016,52.29999923706055,34.83345031738281,1060900,NFG
2008-07-21,52.369998931884766,53.439998626708984,51.900001525878906,53.290000915527344,35.49281311035156,463800,NFG
2008-07-22,53.029998779296875,53.650001525878906,51.470001220703125,51.63999938964844,34.39386749267578,776600,NFG
2008-07-23,51.52000045776367,51.9900016784668,50.709999084472656,50.959999084472656,33.94096755981445,658600,NFG
2008-07-24,50.9900016784668,51.959999084472656,49.959999084472656,50.630001068115234,33.72116470336914,486000,NFG
2008-07-25,50.630001068115234,51.27000045776367,49.40999984741211,49.54999923706055,33.00185775756836,774900,NFG
2008-07-28,49.560001373291016,50.380001068115234,49.20000076293945,50.119998931884766,33.381500244140625,573600,NFG
2008-07-29,49.9900016784668,50.099998474121094,48.70000076293945,49.52000045776367,32.981895446777344,542600,NFG
2008-07-30,49.560001373291016,50.63999938964844,49.20000076293945,50.5,33.63459014892578,683000,NFG
2008-07-31,50.290000915527344,50.63999938964844,49.27000045776367,49.790000915527344,33.16171646118164,572800,NFG
2008-08-01,50.029998779296875,50.650001525878906,48.849998474121094,48.880001068115234,32.55562210083008,569400,NFG
2008-08-04,48.790000915527344,49.09000015258789,47.27000045776367,47.70000076293945,31.76970100402832,586800,NFG
2008-08-05,47.970001220703125,48.72999954223633,47.18000030517578,48.65999984741211,32.40909194946289,886500,NFG
2008-08-06,48.70000076293945,50.040000915527344,48.70000076293945,49.939998626708984,33.26161575317383,722500,NFG
2008-08-07,49.779998779296875,50.720001220703125,49.310001373291016,50.08000183105469,33.3548583984375,785200,NFG
2008-08-08,48.13999938964844,48.810001373291016,45.68000030517578,46.45000076293945,30.937170028686523,1824300,NFG
2008-08-11,46.54999923706055,47.29999923706055,46.04999923706055,47.20000076293945,31.436676025390625,1230600,NFG
2008-08-12,47.29999923706055,47.91999816894531,47.150001525878906,47.650001525878906,31.736412048339844,724900,NFG
2008-08-13,47.720001220703125,48.38999938964844,46.9900016784668,48.2599983215332,32.142669677734375,604000,NFG
2008-08-14,47.90999984741211,48.040000915527344,47.02000045776367,47.470001220703125,31.616512298583984,466900,NFG
2008-08-15,47.47999954223633,47.88999938964844,47.040000915527344,47.439998626708984,31.596519470214844,515800,NFG
2008-08-18,47.5,48.02000045776367,46.88999938964844,46.91999816894531,31.250205993652344,640800,NFG
2008-08-19,46.91999816894531,47.900001525878906,46.91999816894531,47.790000915527344,31.829647064208984,353100,NFG
2008-08-20,47.810001373291016,48.22999954223633,47.290000915527344,47.689998626708984,31.763042449951172,627200,NFG
2008-08-21,47.61000061035156,48.459999084472656,47.4900016784668,48.22999954223633,32.122711181640625,817600,NFG
2008-08-22,48.18000030517578,48.45000076293945,47.52000045776367,48.060001373291016,32.00947189331055,522400,NFG
2008-08-25,47.83000183105469,48.16999816894531,46.93000030517578,47.060001373291016,31.343442916870117,485000,NFG
2008-08-26,47.0099983215332,47.86000061035156,47.0,47.18000030517578,31.42336654663086,791500,NFG
2008-08-27,47.5099983215332,48.18000030517578,47.400001525878906,47.7599983215332,31.80965232849121,459600,NFG
2008-08-28,48.0099983215332,48.290000915527344,46.9900016784668,47.95000076293945,31.936227798461914,286400,NFG
2008-08-29,48.029998779296875,48.22999954223633,47.0099983215332,47.310001373291016,31.50994110107422,327900,NFG
2008-09-02,47.150001525878906,47.150001525878906,45.75,46.130001068115234,30.724031448364258,608600,NFG
2008-09-03,45.7599983215332,46.650001525878906,45.45000076293945,45.86000061035156,30.544204711914062,734600,NFG
2008-09-04,45.9900016784668,46.31999969482422,44.86000061035156,45.68000030517578,30.4243221282959,802300,NFG
2008-09-05,45.72999954223633,45.97999954223633,43.86000061035156,45.29999923706055,30.17122459411621,1107200,NFG
2008-09-08,46.0099983215332,46.099998474121094,45.0,45.560001373291016,30.344390869140625,706500,NFG
2008-09-09,45.15999984741211,45.2599983215332,43.08000183105469,43.08000183105469,28.692630767822266,1035500,NFG
2008-09-10,43.29999923706055,44.58000183105469,42.790000915527344,44.25,29.471899032592773,1165600,NFG
2008-09-11,43.97999954223633,45.02000045776367,43.189998626708984,44.7599983215332,29.811569213867188,828000,NFG
2008-09-12,44.33000183105469,46.849998474121094,44.33000183105469,46.5,30.97046661376953,684600,NFG
2008-09-15,44.97999954223633,46.09000015258789,43.779998779296875,45.02000045776367,29.984737396240234,1170900,NFG
2008-09-16,43.97999954223633,45.86000061035156,42.970001220703125,45.689998626708984,30.430986404418945,1533600,NFG
2008-09-17,45.41999816894531,45.970001220703125,43.81999969482422,45.25,30.1379337310791,1478500,NFG
2008-09-18,45.619998931884766,47.34000015258789,44.86000061035156,46.90999984741211,31.243549346923828,1242300,NFG
2008-09-19,47.599998474121094,50.20000076293945,47.5099983215332,48.25,32.13602066040039,1140400,NFG
2008-09-22,48.54999923706055,48.599998474121094,46.33000183105469,46.54999923706055,31.00377082824707,789000,NFG
2008-09-23,46.52000045776367,47.290000915527344,45.29999923706055,45.619998931884766,30.384347915649414,888000,NFG
2008-09-24,45.75,46.31999969482422,44.70000076293945,44.95000076293945,29.938135147094727,867100,NFG
2008-09-25,44.97999954223633,45.54999923706055,44.54999923706055,44.900001525878906,29.904815673828125,934100,NFG
2008-09-26,44.040000915527344,44.61000061035156,43.349998474121094,44.56999969482422,29.90144920349121,631400,NFG
2008-09-29,43.54999923706055,43.93000030517578,39.15999984741211,39.75,26.66778564453125,925200,NFG
2008-09-30,40.349998474121094,42.18000030517578,39.650001525878906,42.18000030517578,28.298038482666016,865700,NFG
2008-10-01,41.65999984741211,41.9900016784668,40.84000015258789,41.65999984741211,27.949180603027344,569300,NFG
2008-10-02,41.16999816894531,41.459999084472656,39.5099983215332,39.540000915527344,26.526897430419922,709300,NFG
2008-10-03,39.709999084472656,41.9900016784668,39.470001220703125,40.029998779296875,26.855634689331055,1254400,NFG
2008-10-06,39.0,39.0,35.08000183105469,37.849998474121094,25.393096923828125,1535200,NFG
2008-10-07,38.40999984741211,39.189998626708984,36.040000915527344,36.08000183105469,24.205623626708984,1273200,NFG
2008-10-08,35.34000015258789,37.02000045776367,33.65999984741211,35.61000061035156,23.89031219482422,1525700,NFG
2008-10-09,35.72999954223633,36.61000061035156,31.649999618530273,31.649999618530273,21.23359489440918,976700,NFG
2008-10-10,30.239999771118164,31.030000686645508,27.06999969482422,29.299999237060547,19.657005310058594,1635900,NFG
2008-10-13,30.40999984741211,34.459999084472656,30.020000457763672,34.459999084472656,23.118789672851562,820400,NFG
2008-10-14,35.5,36.540000915527344,32.349998474121094,34.029998779296875,22.830297470092773,1026400,NFG
2008-10-15,33.5,33.5099983215332,30.84000015258789,31.299999237060547,20.998781204223633,956800,NFG
2008-10-16,31.549999237060547,33.36000061035156,29.81999969482422,33.25,22.30701446533203,1019000,NFG
2008-10-17,32.90999984741211,35.56999969482422,32.2400016784668,34.040000915527344,22.837011337280273,1473600,NFG
2008-10-20,34.849998474121094,37.470001220703125,34.68000030517578,37.310001373291016,25.03081512451172,777500,NFG
2008-10-21,36.72999954223633,37.970001220703125,36.0,36.5,24.487403869628906,662200,NFG
2008-10-22,35.439998626708984,35.599998474121094,33.13999938964844,34.09000015258789,22.870563507080078,593200,NFG
2008-10-23,34.470001220703125,36.189998626708984,32.779998779296875,34.34000015258789,23.038286209106445,1215200,NFG
2008-10-24,32.0099983215332,33.91999816894531,31.56999969482422,33.41999816894531,22.421064376831055,1080900,NFG
2008-10-27,33.130001068115234,33.66999816894531,31.459999084472656,31.459999084472656,21.106117248535156,624300,NFG
2008-10-28,32.25,33.720001220703125,30.600000381469727,33.689998626708984,22.602209091186523,1031500,NFG
2008-10-29,34.11000061035156,35.529998779296875,33.7400016784668,34.439998626708984,23.10537338256836,1210600,NFG
2008-10-30,35.0099983215332,36.5,33.75,36.439998626708984,24.447153091430664,936200,NFG
2008-10-31,36.20000076293945,36.689998626708984,35.20000076293945,36.189998626708984,24.27942657470703,754000,NFG
2008-11-03,35.810001373291016,36.54999923706055,35.29999923706055,35.47999954223633,23.803089141845703,525100,NFG
2008-11-04,36.459999084472656,37.349998474121094,35.95000076293945,36.599998474121094,24.554485321044922,718900,NFG
2008-11-05,36.08000183105469,36.91999816894531,35.470001220703125,35.72999954223633,23.9708194732666,474100,NFG
2008-11-06,35.5099983215332,35.790000915527344,33.060001373291016,33.27000045776367,22.32042694091797,453500,NFG
2008-11-07,33.279998779296875,34.119998931884766,31.790000915527344,32.689998626708984,21.931318283081055,1074900,NFG
2008-11-10,33.22999954223633,33.939998626708984,32.220001220703125,33.099998474121094,22.20637321472168,816800,NFG
2008-11-11,32.70000076293945,32.709999084472656,31.5,31.93000030517578,21.421445846557617,480700,NFG
2008-11-12,31.280000686645508,31.329999923706055,29.170000076293945,29.56999969482422,19.838144302368164,738100,NFG
2008-11-13,29.639999389648438,32.7599983215332,28.969999313354492,32.7599983215332,21.97827911376953,806900,NFG
2008-11-14,32.36000061035156,33.2599983215332,31.1200008392334,31.959999084472656,21.441566467285156,660400,NFG
2008-11-17,31.65999984741211,32.88999938964844,31.190000534057617,31.889999389648438,21.39460563659668,623700,NFG
2008-11-18,31.959999084472656,32.689998626708984,30.729999542236328,32.22999954223633,21.622709274291992,637600,NFG
2008-11-19,32.150001525878906,33.0,30.110000610351562,30.1200008392334,20.20713233947754,697600,NFG
2008-11-20,29.8700008392334,29.959999084472656,27.010000228881836,27.209999084472656,18.25484848022461,940600,NFG
2008-11-21,27.709999084472656,30.350000381469727,27.43000030517578,30.350000381469727,20.36143684387207,924900,NFG
2008-11-24,30.68000030517578,32.5,30.0,31.940000534057617,21.428152084350586,674500,NFG
2008-11-25,32.22999954223633,32.54999923706055,30.940000534057617,32.220001220703125,21.616004943847656,706100,NFG
2008-11-26,31.489999771118164,32.5,31.0,32.290000915527344,21.662960052490234,770500,NFG
2008-11-28,32.18000030517578,32.529998779296875,31.1200008392334,32.529998779296875,21.823972702026367,343700,NFG
2008-12-01,31.649999618530273,32.0,29.3700008392334,29.479999542236328,19.77776336669922,787700,NFG
2008-12-02,29.8700008392334,30.520000457763672,29.280000686645508,30.459999084472656,20.435232162475586,546900,NFG
2008-12-03,29.8799991607666,30.700000762939453,29.030000686645508,30.579999923706055,20.515737533569336,605700,NFG
2008-12-04,30.389999389648438,30.43000030517578,27.40999984741211,28.170000076293945,18.89890480041504,642500,NFG
2008-12-05,27.719999313354492,29.170000076293945,26.829999923706055,29.100000381469727,19.522830963134766,803900,NFG
2008-12-08,29.600000381469727,30.8799991607666,29.579999923706055,29.989999771118164,20.119918823242188,919700,NFG
2008-12-09,30.190000534057617,30.899999618530273,29.270000457763672,29.829999923706055,20.012577056884766,765700,NFG
2008-12-10,30.309999465942383,31.219999313354492,30.049999237060547,31.139999389648438,20.891443252563477,747500,NFG
2008-12-11,29.65999984741211,31.90999984741211,29.520000457763672,30.170000076293945,20.240676879882812,551900,NFG
2008-12-12,29.68000030517578,30.610000610351562,28.920000076293945,30.389999389648438,20.38827896118164,494300,NFG
2008-12-15,30.56999969482422,31.309999465942383,29.440000534057617,30.040000915527344,20.15346908569336,499000,NFG
2008-12-16,30.239999771118164,31.3799991607666,30.149999618530273,31.299999237060547,20.998781204223633,516900,NFG
2008-12-17,30.8799991607666,31.489999771118164,30.549999237060547,31.09000015258789,20.857894897460938,536500,NFG
2008-12-18,31.25,31.34000015258789,30.06999969482422,30.520000457763672,20.47549057006836,696500,NFG
2008-12-19,30.670000076293945,31.25,29.780000686645508,30.1299991607666,20.213844299316406,987400,NFG
2008-12-22,30.010000228881836,30.6299991607666,29.1299991607666,29.649999618530273,19.891817092895508,604900,NFG
2008-12-23,30.0,30.239999771118164,29.040000915527344,29.239999771118164,19.616750717163086,503300,NFG
2008-12-24,29.110000610351562,29.489999771118164,28.770000457763672,29.489999771118164,19.784473419189453,192000,NFG
2008-12-26,29.549999237060547,29.850000381469727,29.079999923706055,29.850000381469727,20.025999069213867,233300,NFG
2008-12-29,29.739999771118164,30.0,29.209999084472656,29.700000762939453,20.144691467285156,441100,NFG
2008-12-30,30.0,30.530000686645508,29.59000015258789,30.489999771118164,20.680532455444336,426200,NFG
2008-12-31,30.56999969482422,31.440000534057617,30.360000610351562,31.329999923706055,21.25027847290039,319600,NFG
2009-01-02,31.420000076293945,32.52000045776367,31.260000228881836,32.36000061035156,21.948898315429688,245200,NFG
2009-01-05,32.2599983215332,32.7599983215332,31.959999084472656,32.7400016784668,22.206640243530273,455300,NFG
2009-01-06,33.2400016784668,33.41999816894531,32.2599983215332,32.45000076293945,22.00994110107422,529000,NFG
2009-01-07,32.18000030517578,32.18000030517578,30.90999984741211,31.139999389648438,21.12140655517578,362500,NFG
2009-01-08,30.799999237060547,31.6200008392334,30.450000762939453,31.600000381469727,21.433408737182617,549600,NFG
2009-01-09,31.579999923706055,31.579999923706055,30.309999465942383,30.709999084472656,20.82974624633789,394200,NFG
2009-01-12,30.639999389648438,30.860000610351562,29.700000762939453,30.0,20.34817886352539,352300,NFG
2009-01-13,29.899999618530273,30.149999618530273,29.43000030517578,29.90999984741211,20.287126541137695,610600,NFG
2009-01-14,29.6200008392334,29.739999771118164,28.399999618530273,28.65999984741211,19.439289093017578,548600,NFG
2009-01-15,28.770000457763672,28.770000457763672,27.25,28.40999984741211,19.269716262817383,923800,NFG
2009-01-16,28.65999984741211,29.530000686645508,28.530000686645508,29.110000610351562,19.7445068359375,699700,NFG
2009-01-20,28.93000030517578,29.549999237060547,27.760000228881836,27.899999618530273,18.923805236816406,614400,NFG
2009-01-21,28.139999389648438,29.290000915527344,27.809999465942383,29.190000534057617,19.798770904541016,834200,NFG
2009-01-22,28.940000534057617,29.010000228881836,28.0,28.6299991607666,19.418941497802734,635300,NFG
2009-01-23,28.200000762939453,29.299999237060547,27.8799991607666,29.200000762939453,19.805561065673828,434900,NFG
2009-01-26,29.3799991607666,30.43000030517578,29.3799991607666,30.1299991607666,20.436351776123047,490800,NFG
2009-01-27,30.1200008392334,30.90999984741211,29.809999465942383,30.579999923706055,20.74156951904297,347700,NFG
2009-01-28,30.940000534057617,31.260000228881836,30.700000762939453,31.110000610351562,21.101057052612305,394100,NFG
2009-01-29,30.719999313354492,31.040000915527344,30.100000381469727,30.3700008392334,20.599132537841797,377000,NFG
2009-01-30,30.649999618530273,31.030000686645508,29.729999542236328,29.959999084472656,20.32103729248047,498900,NFG
2009-02-02,29.639999389648438,30.420000076293945,29.389999389648438,30.25,20.517742156982422,629300,NFG
2009-02-03,30.579999923706055,31.110000610351562,30.1299991607666,30.850000381469727,20.924705505371094,628400,NFG
2009-02-04,30.93000030517578,31.469999313354492,30.639999389648438,31.040000915527344,21.053579330444336,432600,NFG
2009-02-05,30.950000762939453,31.829999923706055,30.56999969482422,31.6200008392334,21.446975708007812,550900,NFG
2009-02-06,32.459999084472656,33.95000076293945,31.950000762939453,33.459999084472656,22.694992065429688,879800,NFG
2009-02-09,33.310001373291016,33.7400016784668,32.75,33.560001373291016,22.7628231048584,642700,NFG
2009-02-10,33.72999954223633,34.34000015258789,32.91999816894531,33.06999969482422,22.430469512939453,731100,NFG
2009-02-11,33.150001525878906,33.529998779296875,32.52000045776367,32.84000015258789,22.27446746826172,521200,NFG
2009-02-12,32.619998931884766,33.43000030517578,32.11000061035156,33.34000015258789,22.613603591918945,495000,NFG
2009-02-13,33.290000915527344,33.880001068115234,33.18000030517578,33.459999084472656,22.694992065429688,470400,NFG
2009-02-17,32.43000030517578,32.709999084472656,31.950000762939453,32.08000183105469,21.75898551940918,751800,NFG
2009-02-18,32.45000076293945,32.45000076293945,31.860000610351562,32.130001068115234,21.792898178100586,888400,NFG
2009-02-19,32.58000183105469,32.88999938964844,32.25,32.34000015258789,21.935327529907227,525300,NFG
2009-02-20,31.690000534057617,32.56999969482422,31.09000015258789,31.84000015258789,21.59619140625,818400,NFG
2009-02-23,32.189998626708984,32.439998626708984,30.579999923706055,30.670000076293945,20.8026180267334,569600,NFG
2009-02-24,30.850000381469727,31.719999313354492,30.459999084472656,31.579999923706055,21.41983985900879,631900,NFG
2009-02-25,31.3700008392334,31.709999084472656,30.829999923706055,31.170000076293945,21.141746520996094,538800,NFG
2009-02-26,31.450000762939453,31.8700008392334,30.6299991607666,30.700000762939453,20.822965621948242,476400,NFG
2009-02-27,29.889999389648438,31.34000015258789,29.520000457763672,30.309999465942383,20.558435440063477,587600,NFG
2009-03-02,29.68000030517578,29.899999618530273,28.270000457763672,28.43000030517578,19.283283233642578,554500,NFG
2009-03-03,28.760000228881836,28.889999389648438,27.610000610351562,27.850000381469727,18.889888763427734,586600,NFG
2009-03-04,26.989999771118164,29.09000015258789,26.989999771118164,28.639999389648438,19.42572021484375,548100,NFG
2009-03-05,28.139999389648438,28.34000015258789,27.190000534057617,27.420000076293945,18.598230361938477,471800,NFG
2009-03-06,27.579999923706055,28.59000015258789,26.670000076293945,27.1299991607666,18.401531219482422,666500,NFG
2009-03-09,26.959999084472656,27.690000534057617,26.690000534057617,27.059999465942383,18.35405158996582,414600,NFG
2009-03-10,27.350000381469727,28.020000457763672,27.190000534057617,27.93000030517578,18.94415283203125,511000,NFG
2009-03-11,27.979999542236328,28.1299991607666,27.059999465942383,27.389999389648438,18.577878952026367,479200,NFG
2009-03-12,27.229999542236328,27.899999618530273,26.719999313354492,27.760000228881836,18.828840255737305,651400,NFG
2009-03-13,27.979999542236328,28.280000686645508,27.729999542236328,28.25,19.161195755004883,483000,NFG
2009-03-16,28.420000076293945,29.209999084472656,28.170000076293945,28.540000915527344,19.357900619506836,440900,NFG
2009-03-17,28.829999923706055,29.200000762939453,28.0,29.200000762939453,19.805561065673828,512100,NFG
2009-03-18,29.200000762939453,29.84000015258789,28.209999084472656,29.559999465942383,20.049734115600586,510000,NFG
2009-03-19,30.190000534057617,30.93000030517578,29.690000534057617,30.639999389648438,20.782270431518555,529300,NFG
2009-03-20,30.84000015258789,31.100000381469727,29.979999542236328,30.049999237060547,20.38208770751953,524200,NFG
2009-03-23,30.6299991607666,31.59000015258789,30.520000457763672,31.579999923706055,21.41983985900879,536100,NFG
2009-03-24,31.440000534057617,31.479999542236328,30.700000762939453,30.829999923706055,20.911142349243164,466700,NFG
2009-03-25,30.979999542236328,31.690000534057617,30.719999313354492,31.469999313354492,21.345232009887695,520300,NFG
2009-03-26,31.829999923706055,32.75,31.790000915527344,32.75,22.213424682617188,841400,NFG
2009-03-27,32.25,32.4900016784668,31.8799991607666,32.11000061035156,21.99763298034668,643200,NFG
2009-03-30,31.3700008392334,31.489999771118164,30.34000015258789,30.780000686645508,21.08647918701172,819300,NFG
2009-03-31,31.010000228881836,31.170000076293945,30.56999969482422,30.670000076293945,21.011119842529297,445600,NFG
2009-04-01,30.209999084472656,31.149999618530273,29.829999923706055,31.0,21.237197875976562,634800,NFG
2009-04-02,31.549999237060547,32.38999938964844,31.239999771118164,31.639999389648438,21.675640106201172,473400,NFG
2009-04-03,31.540000915527344,31.8700008392334,31.270000457763672,31.780000686645508,21.771549224853516,306400,NFG
2009-04-06,31.43000030517578,31.81999969482422,30.600000381469727,31.1200008392334,21.31941032409668,364900,NFG
2009-04-07,30.770000457763672,31.469999313354492,30.65999984741211,31.1200008392334,21.31941032409668,389300,NFG
2009-04-08,31.34000015258789,31.43000030517578,30.65999984741211,31.309999465942383,21.449569702148438,256000,NFG
2009-04-09,32.130001068115234,32.349998474121094,31.31999969482422,31.729999542236328,21.737300872802734,318700,NFG
2009-04-13,31.56999969482422,31.799999237060547,31.110000610351562,31.709999084472656,21.723594665527344,234200,NFG
2009-04-14,31.239999771118164,31.670000076293945,30.790000915527344,31.219999313354492,21.387914657592773,290700,NFG
2009-04-15,31.3700008392334,32.06999969482422,31.299999237060547,32.04999923706055,21.956525802612305,424800,NFG
2009-04-16,32.33000183105469,32.65999984741211,31.969999313354492,32.349998474121094,22.162044525146484,382900,NFG
2009-04-17,32.33000183105469,32.650001525878906,32.130001068115234,32.56999969482422,22.312755584716797,315600,NFG
2009-04-20,32.04999923706055,32.290000915527344,31.40999984741211,31.479999542236328,21.56603240966797,302800,NFG
2009-04-21,31.440000534057617,32.380001068115234,31.440000534057617,32.27000045776367,22.107242584228516,275800,NFG
2009-04-22,32.040000915527344,32.29999923706055,31.709999084472656,31.739999771118164,21.744150161743164,290600,NFG
2009-04-23,31.90999984741211,31.979999542236328,31.309999465942383,31.75,21.751001358032227,314300,NFG
2009-04-24,32.2400016784668,32.380001068115234,31.690000534057617,32.22999954223633,22.079835891723633,280800,NFG
2009-04-27,31.959999084472656,32.970001220703125,31.959999084472656,32.70000076293945,22.401823043823242,454000,NFG
2009-04-28,32.5099983215332,33.20000076293945,32.310001373291016,32.72999954223633,22.422367095947266,399100,NFG
2009-04-29,33.060001373291016,33.65999984741211,32.810001373291016,33.09000015258789,22.66900062561035,304600,NFG
2009-04-30,33.369998931884766,34.16999816894531,32.689998626708984,32.709999084472656,22.408672332763672,460700,NFG
2009-05-01,32.61000061035156,33.290000915527344,32.16999816894531,33.22999954223633,22.76490020751953,717900,NFG
2009-05-04,33.27000045776367,34.279998779296875,33.18000030517578,34.2599983215332,23.470523834228516,577600,NFG
2009-05-05,34.16999816894531,34.34000015258789,33.0,33.34000015258789,22.840259552001953,363500,NFG
2009-05-06,33.75,33.95000076293945,32.779998779296875,33.150001525878906,22.710107803344727,624900,NFG
2009-05-07,33.2599983215332,33.619998931884766,32.56999969482422,32.72999954223633,22.422367095947266,441700,NFG
2009-05-08,33.18000030517578,33.560001373291016,32.959999084472656,33.0,22.60733985900879,600000,NFG
2009-05-11,32.54999923706055,32.959999084472656,32.5,32.630001068115234,22.35386085510254,304200,NFG
2009-05-12,32.849998474121094,33.02000045776367,32.31999969482422,32.5,22.264808654785156,268400,NFG
2009-05-13,32.189998626708984,32.599998474121094,31.450000762939453,31.469999313354492,21.559179306030273,355700,NFG
2009-05-14,31.559999465942383,31.719999313354492,31.100000381469727,31.6299991607666,21.668792724609375,370500,NFG
2009-05-15,31.479999542236328,31.479999542236328,30.559999465942383,30.809999465942383,21.107036590576172,271100,NFG
2009-05-18,31.09000015258789,31.3700008392334,30.829999923706055,31.309999465942383,21.449569702148438,287800,NFG
2009-05-19,31.219999313354492,32.040000915527344,31.1299991607666,31.850000381469727,21.81951141357422,500600,NFG
2009-05-20,32.16999816894531,32.95000076293945,32.13999938964844,32.540000915527344,22.292205810546875,651800,NFG
2009-05-21,32.33000183105469,32.34000015258789,31.489999771118164,31.75,21.751001358032227,345800,NFG
2009-05-22,31.780000686645508,32.18000030517578,31.59000015258789,31.6299991607666,21.668792724609375,216000,NFG
2009-05-26,31.270000457763672,32.779998779296875,31.100000381469727,32.54999923706055,22.299060821533203,338300,NFG
2009-05-27,32.59000015258789,32.7400016784668,31.639999389648438,31.670000076293945,21.696197509765625,346600,NFG
2009-05-28,31.90999984741211,33.09000015258789,31.520000457763672,33.0,22.60733985900879,921100,NFG
2009-05-29,33.22999954223633,33.59000015258789,32.61000061035156,33.529998779296875,22.970415115356445,472900,NFG
2009-06-01,33.939998626708984,34.900001525878906,33.939998626708984,34.83000183105469,23.86102294921875,424300,NFG
2009-06-02,34.560001373291016,35.13999938964844,34.45000076293945,34.7400016784668,23.799365997314453,503800,NFG
2009-06-03,34.560001373291016,34.68000030517578,33.09000015258789,33.470001220703125,22.929323196411133,411800,NFG
2009-06-04,33.70000076293945,33.88999938964844,33.40999984741211,33.650001525878906,23.05263328552246,493500,NFG
2009-06-05,34.119998931884766,34.33000183105469,33.45000076293945,34.33000183105469,23.518478393554688,726700,NFG
2009-06-08,34.2400016784668,34.47999954223633,33.619998931884766,34.279998779296875,23.484235763549805,339900,NFG
2009-06-09,34.5099983215332,34.650001525878906,34.25,34.4900016784668,23.62809944152832,534900,NFG
2009-06-10,34.779998779296875,34.970001220703125,34.369998931884766,34.93000030517578,23.929529190063477,431500,NFG
2009-06-11,34.970001220703125,36.029998779296875,34.83000183105469,35.66999816894531,24.436479568481445,371400,NFG
2009-06-12,35.43000030517578,35.689998626708984,34.93000030517578,35.68000030517578,24.443328857421875,395600,NFG
2009-06-15,35.31999969482422,35.31999969482422,34.29999923706055,34.68000030517578,23.758255004882812,472200,NFG
2009-06-16,34.93000030517578,35.65999984741211,34.720001220703125,35.56999969482422,24.367969512939453,1002100,NFG
2009-06-17,35.43000030517578,36.38999938964844,35.220001220703125,36.189998626708984,24.792722702026367,958100,NFG
2009-06-18,36.25,37.279998779296875,36.060001373291016,37.25,25.518884658813477,847200,NFG
2009-06-19,37.13999938964844,37.61000061035156,35.86000061035156,36.369998931884766,24.916017532348633,975800,NFG
2009-06-22,36.029998779296875,36.209999084472656,34.72999954223633,35.0,23.977481842041016,675000,NFG
2009-06-23,35.119998931884766,35.20000076293945,34.5,34.689998626708984,23.76511001586914,604800,NFG
2009-06-24,34.84000015258789,35.0,34.310001373291016,34.470001220703125,23.614397048950195,414200,NFG
2009-06-25,34.400001525878906,35.959999084472656,34.13999938964844,35.900001525878906,24.594043731689453,671200,NFG
2009-06-26,35.66999816894531,35.810001373291016,34.91999816894531,35.7400016784668,24.71507453918457,1077500,NFG
2009-06-29,35.91999816894531,36.34000015258789,35.619998931884766,36.02000045776367,24.908687591552734,413400,NFG
2009-06-30,36.150001525878906,36.439998626708984,35.52000045776367,36.08000183105469,24.950176239013672,601800,NFG
2009-07-01,36.369998931884766,36.970001220703125,36.369998931884766,36.599998474121094,25.309768676757812,339200,NFG
2009-07-02,36.040000915527344,36.119998931884766,35.0,35.150001525878906,24.30706787109375,358000,NFG
2009-07-06,35.060001373291016,35.060001373291016,34.31999969482422,34.900001525878906,24.13418197631836,390400,NFG
2009-07-07,34.880001068115234,35.029998779296875,34.220001220703125,34.52000045776367,23.871402740478516,487600,NFG
2009-07-08,34.5,34.91999816894531,33.77000045776367,34.060001373291016,23.553308486938477,368000,NFG
2009-07-09,34.47999954223633,34.880001068115234,34.0,34.619998931884766,23.9405460357666,319200,NFG
2009-07-10,34.349998474121094,34.939998626708984,34.209999084472656,34.790000915527344,24.058107376098633,332000,NFG
2009-07-13,34.970001220703125,35.459999084472656,34.560001373291016,35.40999984741211,24.486862182617188,452900,NFG
2009-07-14,35.09000015258789,36.08000183105469,35.08000183105469,36.08000183105469,24.950176239013672,369800,NFG
2009-07-15,36.369998931884766,37.439998626708984,36.369998931884766,37.40999984741211,25.869909286499023,644600,NFG
2009-07-16,37.52000045776367,38.36000061035156,37.18000030517578,38.189998626708984,26.40929412841797,663800,NFG
2009-07-17,38.59000015258789,39.099998474121094,37.9900016784668,38.63999938964844,26.720476150512695,766400,NFG
2009-07-20,37.91999816894531,39.279998779296875,37.91999816894531,39.099998474121094,27.03858184814453,456700,NFG
2009-07-21,39.209999084472656,39.66999816894531,38.90999984741211,39.470001220703125,27.29445457458496,319500,NFG
2009-07-22,39.130001068115234,39.869998931884766,39.02000045776367,39.68000030517578,27.439668655395508,303200,NFG
2009-07-23,39.630001068115234,40.869998931884766,39.630001068115234,40.130001068115234,27.750850677490234,615300,NFG
2009-07-24,40.209999084472656,40.77000045776367,39.97999954223633,40.77000045776367,28.193422317504883,235000,NFG
2009-07-27,40.77000045776367,40.880001068115234,40.400001525878906,40.84000015258789,28.24183464050293,228400,NFG
2009-07-28,40.59000015258789,40.86000061035156,40.0099983215332,40.5,28.0067195892334,283300,NFG
2009-07-29,40.150001525878906,40.38999938964844,39.70000076293945,40.27000045776367,27.84766960144043,357200,NFG
2009-07-30,40.61000061035156,41.099998474121094,40.0,40.40999984741211,27.944486618041992,288300,NFG
2009-07-31,40.25,41.04999923706055,40.0,40.58000183105469,28.06203269958496,299300,NFG
2009-08-03,40.72999954223633,41.54999923706055,40.43000030517578,41.310001373291016,28.56685447692871,309700,NFG
2009-08-04,41.22999954223633,41.70000076293945,40.83000183105469,41.560001373291016,28.7397403717041,311000,NFG
2009-08-05,41.529998779296875,41.59000015258789,40.459999084472656,40.63999938964844,28.103530883789062,296500,NFG
2009-08-06,40.84000015258789,40.970001220703125,40.150001525878906,40.630001068115234,28.096614837646484,342900,NFG
2009-08-07,40.75,45.709999084472656,40.75,44.709999084472656,30.918033599853516,1286400,NFG
2009-08-10,44.90999984741211,45.79999923706055,44.59000015258789,45.16999816894531,31.236125946044922,533000,NFG
2009-08-11,44.720001220703125,44.970001220703125,43.93000030517578,44.16999816894531,30.54460334777832,582900,NFG
2009-08-12,44.029998779296875,45.40999984741211,44.029998779296875,45.040000915527344,31.146240234375,354200,NFG
2009-08-13,45.45000076293945,45.70000076293945,44.15999984741211,44.9900016784668,31.111665725708008,210300,NFG
2009-08-14,45.06999969482422,45.290000915527344,44.13999938964844,44.619998931884766,30.85578155517578,262500,NFG
2009-08-17,43.939998626708984,44.34000015258789,43.43000030517578,43.66999816894531,30.198841094970703,308300,NFG
2009-08-18,43.91999816894531,44.099998474121094,43.47999954223633,43.97999954223633,30.41322898864746,281700,NFG
2009-08-19,43.31999969482422,45.04999923706055,43.279998779296875,44.630001068115234,30.862703323364258,401100,NFG
2009-08-20,44.38999938964844,45.88999938964844,44.38999938964844,45.88999938964844,31.734024047851562,565700,NFG
2009-08-21,46.099998474121094,46.529998779296875,45.77000045776367,46.4900016784668,32.14893341064453,597000,NFG
2009-08-24,46.72999954223633,47.13999938964844,46.380001068115234,46.650001525878906,32.25958251953125,230100,NFG
2009-08-25,46.900001525878906,46.95000076293945,45.90999984741211,45.9900016784668,31.803184509277344,310400,NFG
2009-08-26,46.060001373291016,46.529998779296875,45.45000076293945,45.97999954223633,31.7962646484375,304700,NFG
2009-08-27,44.43000030517578,45.36000061035156,44.06999969482422,45.13999938964844,31.21539306640625,429400,NFG
2009-08-28,45.56999969482422,45.58000183105469,44.65999984741211,45.56999969482422,31.512737274169922,714600,NFG
2009-08-31,45.06999969482422,45.2400016784668,43.88999938964844,44.689998626708984,30.904193878173828,497300,NFG
2009-09-01,44.560001373291016,44.58000183105469,43.31999969482422,43.470001220703125,30.060535430908203,557300,NFG
2009-09-02,43.27000045776367,43.95000076293945,43.08000183105469,43.72999954223633,30.240337371826172,417200,NFG
2009-09-03,44.06999969482422,44.220001220703125,42.939998626708984,43.52000045776367,30.095117568969727,316400,NFG
2009-09-04,43.61000061035156,44.33000183105469,43.349998474121094,44.220001220703125,30.579177856445312,218600,NFG
2009-09-08,44.689998626708984,45.08000183105469,44.599998474121094,44.869998931884766,31.028661727905273,425500,NFG
2009-09-09,44.939998626708984,45.220001220703125,44.63999938964844,44.83000183105469,31.00101089477539,175400,NFG
2009-09-10,44.68000030517578,44.970001220703125,44.279998779296875,44.970001220703125,31.097824096679688,226000,NFG
2009-09-11,44.93000030517578,45.869998931884766,44.790000915527344,45.18000030517578,31.2430477142334,340000,NFG
2009-09-14,44.7400016784668,45.63999938964844,44.59000015258789,45.63999938964844,31.561147689819336,320500,NFG
2009-09-15,45.56999969482422,46.380001068115234,45.56999969482422,46.2599983215332,31.989885330200195,260900,NFG
2009-09-16,46.40999984741211,47.4900016784668,46.06999969482422,47.04999923706055,32.53619384765625,444800,NFG
2009-09-17,46.84000015258789,48.06999969482422,46.84000015258789,47.83000183105469,33.07558822631836,424600,NFG
2009-09-18,47.959999084472656,48.29999923706055,47.599998474121094,47.81999969482422,33.068660736083984,353600,NFG
2009-09-21,45.81999969482422,47.08000183105469,45.43000030517578,47.0,32.50160598754883,514500,NFG
2009-09-22,47.08000183105469,47.880001068115234,46.880001068115234,47.79999923706055,33.054847717285156,411300,NFG
2009-09-23,47.959999084472656,48.150001525878906,47.2400016784668,47.2400016784668,32.66757583618164,342700,NFG
2009-09-24,47.43000030517578,47.650001525878906,46.290000915527344,46.400001525878906,32.086708068847656,341400,NFG
2009-09-25,46.029998779296875,46.38999938964844,45.56999969482422,46.029998779296875,31.830835342407227,295400,NFG
2009-09-28,46.08000183105469,46.75,45.83000183105469,46.4900016784668,32.38462448120117,241900,NFG
2009-09-29,46.61000061035156,46.869998931884766,46.040000915527344,46.31999969482422,32.26622009277344,297400,NFG
2009-09-30,46.5,46.560001373291016,45.310001373291016,45.810001373291016,31.910951614379883,427600,NFG
2009-10-01,45.59000015258789,45.779998779296875,44.4900016784668,44.54999923706055,31.03323745727539,262800,NFG
2009-10-02,44.06999969482422,45.029998779296875,43.619998931884766,44.560001373291016,31.040203094482422,331800,NFG
2009-10-05,44.59000015258789,45.61000061035156,44.33000183105469,45.43000030517578,31.646255493164062,290400,NFG
2009-10-06,45.7400016784668,46.70000076293945,45.7400016784668,46.619998931884766,32.47519302368164,281700,NFG
2009-10-07,46.650001525878906,46.7599983215332,46.29999923706055,46.619998931884766,32.47519302368164,208400,NFG
2009-10-08,46.95000076293945,47.84000015258789,46.70000076293945,47.810001373291016,33.304141998291016,375800,NFG
2009-10-09,47.66999816894531,47.72999954223633,47.290000915527344,47.400001525878906,33.0185432434082,259300,NFG
2009-10-12,47.869998931884766,48.16999816894531,47.66999816894531,47.79999923706055,33.297176361083984,296000,NFG
2009-10-13,47.810001373291016,48.04999923706055,46.959999084472656,47.369998931884766,32.99764633178711,283500,NFG
2009-10-14,47.93000030517578,48.11000061035156,47.09000015258789,48.08000183105469,33.492225646972656,317800,NFG
2009-10-15,47.93000030517578,49.11000061035156,47.849998474121094,49.04999923706055,34.167911529541016,416000,NFG
2009-10-16,48.83000183105469,49.150001525878906,48.119998931884766,48.310001373291016,33.65243148803711,488200,NFG
2009-10-19,48.22999954223633,49.15999984741211,47.810001373291016,49.0099983215332,34.14004898071289,395900,NFG
2009-10-20,48.93000030517578,49.060001373291016,48.470001220703125,48.93000030517578,34.08432388305664,356200,NFG
2009-10-21,48.88999938964844,49.720001220703125,48.40999984741211,48.459999084472656,33.756919860839844,446100,NFG
2009-10-22,48.29999923706055,48.880001068115234,47.470001220703125,48.040000915527344,33.46435546875,382400,NFG
2009-10-23,48.189998626708984,48.45000076293945,46.959999084472656,47.25,32.91403579711914,193500,NFG
2009-10-26,47.40999984741211,48.20000076293945,46.369998931884766,46.40999984741211,32.32890319824219,309400,NFG
2009-10-27,46.689998626708984,47.22999954223633,46.369998931884766,46.41999816894531,32.33586502075195,327500,NFG
2009-10-28,47.04999923706055,47.689998626708984,46.0,46.0,32.04330062866211,501700,NFG
2009-10-29,46.33000183105469,47.459999084472656,46.029998779296875,47.34000015258789,32.97673797607422,421800,NFG
2009-10-30,46.9900016784668,47.209999084472656,45.25,45.34000015258789,31.58355140686035,310400,NFG
2009-11-02,45.65999984741211,45.939998626708984,44.93000030517578,45.40999984741211,31.63232421875,235700,NFG
2009-11-03,45.209999084472656,45.63999938964844,44.90999984741211,45.560001373291016,31.73681640625,221600,NFG
2009-11-04,45.9900016784668,46.68000030517578,45.59000015258789,46.189998626708984,32.17564392089844,438300,NFG
2009-11-05,46.369998931884766,47.5099983215332,46.220001220703125,47.470001220703125,33.067298889160156,278000,NFG
2009-11-06,46.959999084472656,47.900001525878906,45.93000030517578,46.66999816894531,32.51002502441406,446800,NFG
2009-11-09,47.15999984741211,48.06999969482422,47.02000045776367,48.0099983215332,33.44345474243164,266400,NFG
2009-11-10,47.7599983215332,47.869998931884766,47.290000915527344,47.54999923706055,33.123023986816406,434400,NFG
2009-11-11,47.869998931884766,47.869998931884766,46.95000076293945,47.209999084472656,32.88618087768555,241800,NFG
2009-11-12,47.33000183105469,47.439998626708984,45.880001068115234,45.91999816894531,31.987573623657227,287000,NFG
2009-11-13,46.029998779296875,46.61000061035156,45.790000915527344,46.54999923706055,32.426429748535156,249700,NFG
2009-11-16,46.970001220703125,47.45000076293945,46.779998779296875,47.36000061035156,32.99066162109375,248100,NFG
2009-11-17,47.95000076293945,49.4900016784668,47.95000076293945,49.27000045776367,34.3211555480957,603500,NFG
2009-11-18,49.68000030517578,50.20000076293945,48.95000076293945,49.029998779296875,34.153987884521484,344800,NFG
2009-11-19,48.61000061035156,48.790000915527344,47.220001220703125,47.5,33.08820343017578,445400,NFG
2009-11-20,47.41999816894531,47.41999816894531,46.810001373291016,46.970001220703125,32.718997955322266,379700,NFG
2009-11-23,48.0,48.369998931884766,47.369998931884766,47.529998779296875,33.10908889770508,304000,NFG
2009-11-24,47.650001525878906,47.779998779296875,47.040000915527344,47.68000030517578,33.21358108520508,246400,NFG
2009-11-25,47.540000915527344,48.09000015258789,47.540000915527344,47.849998474121094,33.332000732421875,290100,NFG
2009-11-27,46.709999084472656,47.290000915527344,46.2599983215332,46.86000061035156,32.64236831665039,125500,NFG
2009-11-30,46.65999984741211,46.90999984741211,46.0,46.83000183105469,32.621463775634766,339300,NFG
2009-12-01,47.2599983215332,47.790000915527344,47.2599983215332,47.66999816894531,33.206607818603516,363600,NFG
2009-12-02,47.7599983215332,48.189998626708984,47.70000076293945,47.869998931884766,33.34592819213867,282300,NFG
2009-12-03,48.0099983215332,48.41999816894531,47.56999969482422,47.599998474121094,33.15785217285156,326900,NFG
2009-12-04,47.97999954223633,48.38999938964844,47.15999984741211,47.54999923706055,33.123023986816406,333500,NFG
2009-12-07,47.4900016784668,48.22999954223633,47.4900016784668,48.150001525878906,33.540977478027344,670900,NFG
2009-12-08,47.75,47.869998931884766,47.0099983215332,47.119998931884766,32.823490142822266,768900,NFG
2009-12-09,47.119998931884766,47.15999984741211,45.900001525878906,46.47999954223633,32.377681732177734,532400,NFG
2009-12-10,46.79999923706055,47.189998626708984,46.25,46.619998931884766,32.47519302368164,496000,NFG
2009-12-11,46.810001373291016,47.599998474121094,46.65999984741211,47.58000183105469,33.143917083740234,308200,NFG
2009-12-14,48.0,49.560001373291016,48.0,49.40999984741211,34.41868591308594,747000,NFG
2009-12-15,49.47999954223633,49.56999969482422,48.790000915527344,49.439998626708984,34.439579010009766,670700,NFG
2009-12-16,49.630001068115234,49.75,49.43000030517578,49.72999954223633,34.6415901184082,455400,NFG
2009-12-17,49.470001220703125,49.65999984741211,49.119998931884766,49.2599983215332,34.31418228149414,235800,NFG
2009-12-18,49.52000045776367,49.79999923706055,49.13999938964844,49.380001068115234,34.397796630859375,539000,NFG
2009-12-21,49.66999816894531,50.290000915527344,49.65999984741211,50.0,34.82968521118164,434000,NFG
2009-12-22,50.220001220703125,50.83000183105469,49.75,50.65999984741211,35.28942108154297,565700,NFG
2009-12-23,50.779998779296875,51.34000015258789,50.54999923706055,51.08000183105469,35.58198547363281,251000,NFG
2009-12-24,51.33000183105469,51.33000183105469,50.810001373291016,51.09000015258789,35.588966369628906,136100,NFG
2009-12-28,51.54999923706055,51.66999816894531,51.2599983215332,51.63999938964844,35.97208023071289,309900,NFG
2009-12-29,51.5099983215332,52.0,51.36000061035156,51.439998626708984,36.06675338745117,263500,NFG
2009-12-30,51.029998779296875,51.33000183105469,50.650001525878906,50.849998474121094,35.6530647277832,296500,NFG
2009-12-31,50.869998931884766,51.189998626708984,50.0,50.0,35.05710220336914,226100,NFG
2010-01-04,50.349998474121094,50.86000061035156,50.31999969482422,50.65999984741211,35.519840240478516,384900,NFG
2010-01-05,50.45000076293945,50.95000076293945,50.290000915527344,50.95000076293945,35.72318649291992,360300,NFG
2010-01-06,50.16999816894531,51.470001220703125,50.13999938964844,51.060001373291016,35.80031967163086,315800,NFG
2010-01-07,51.11000061035156,51.189998626708984,50.27000045776367,50.7599983215332,35.58995819091797,277000,NFG
2010-01-08,50.70000076293945,51.09000015258789,50.45000076293945,51.09000015258789,35.821346282958984,174400,NFG
2010-01-11,51.34000015258789,51.93000030517578,51.04999923706055,51.88999938964844,36.38224411010742,359000,NFG
2010-01-12,51.709999084472656,51.91999816894531,50.84000015258789,51.130001068115234,35.849388122558594,270600,NFG
2010-01-13,51.119998931884766,51.400001525878906,50.68000030517578,51.380001068115234,36.02468490600586,165900,NFG
2010-01-14,51.09000015258789,51.29999923706055,50.939998626708984,51.029998779296875,35.779266357421875,224400,NFG
2010-01-15,51.150001525878906,51.400001525878906,50.5,51.0,35.75824737548828,320800,NFG
2010-01-19,51.09000015258789,51.83000183105469,51.09000015258789,51.83000183105469,36.34019088745117,260500,NFG
2010-01-20,51.599998474121094,51.83000183105469,51.0,51.77000045776367,36.298118591308594,327800,NFG
2010-01-21,51.90999984741211,52.0,50.4900016784668,51.09000015258789,35.821346282958984,329400,NFG
2010-01-22,51.189998626708984,51.189998626708984,49.83000183105469,49.900001525878906,34.98698806762695,340300,NFG
2010-01-25,50.13999938964844,51.099998474121094,50.13999938964844,50.86000061035156,35.66007995605469,287600,NFG
2010-01-26,50.68000030517578,51.290000915527344,50.16999816894531,50.7400016784668,35.57594680786133,215100,NFG
2010-01-27,50.810001373291016,50.869998931884766,48.790000915527344,48.90999984741211,34.29286193847656,931600,NFG
2010-01-28,48.9900016784668,49.25,47.83000183105469,47.95000076293945,33.6197509765625,483400,NFG
2010-01-29,48.150001525878906,48.650001525878906,46.91999816894531,46.91999816894531,32.8975715637207,497000,NFG
2010-02-01,47.150001525878906,47.810001373291016,47.150001525878906,47.7599983215332,33.486549377441406,375500,NFG
2010-02-02,47.7400016784668,48.63999938964844,47.5099983215332,48.58000183105469,34.06147766113281,274400,NFG
2010-02-03,48.2599983215332,48.54999923706055,48.08000183105469,48.18000030517578,33.7810173034668,203000,NFG
2010-02-04,47.5,47.81999969482422,47.0099983215332,47.060001373291016,32.995758056640625,391400,NFG
2010-02-05,46.72999954223633,47.04999923706055,45.63999938964844,46.619998931884766,32.68723678588867,455400,NFG
2010-02-08,46.470001220703125,46.81999969482422,45.7599983215332,46.130001068115234,32.34366989135742,355900,NFG
2010-02-09,46.68000030517578,47.2400016784668,46.16999816894531,46.790000915527344,32.80643081665039,297100,NFG
2010-02-10,46.810001373291016,46.83000183105469,46.04999923706055,46.38999938964844,32.52598571777344,185300,NFG
2010-02-11,46.439998626708984,47.04999923706055,46.11000061035156,46.9900016784668,32.9466552734375,159800,NFG
2010-02-12,46.52000045776367,47.459999084472656,46.25,47.459999084472656,33.27621078491211,245200,NFG
2010-02-16,47.959999084472656,48.7599983215332,47.77000045776367,48.68000030517578,34.131595611572266,220500,NFG
2010-02-17,49.04999923706055,49.72999954223633,48.95000076293945,49.72999954223633,34.86779022216797,319800,NFG
2010-02-18,49.869998931884766,49.97999954223633,49.400001525878906,49.93000030517578,35.008018493652344,237400,NFG
2010-02-19,49.880001068115234,51.02000045776367,49.7400016784668,50.84000015258789,35.64604949951172,393700,NFG
2010-02-22,50.97999954223633,51.04999923706055,50.16999816894531,50.41999816894531,35.35158157348633,435300,NFG
2010-02-23,50.20000076293945,50.33000183105469,49.349998474121094,49.459999084472656,34.67848587036133,210000,NFG
2010-02-24,49.40999984741211,49.849998474121094,49.150001525878906,49.58000183105469,34.76261901855469,273100,NFG
2010-02-25,49.209999084472656,50.29999923706055,48.93000030517578,50.189998626708984,35.19031524658203,553000,NFG
2010-02-26,50.18000030517578,50.2599983215332,49.66999816894531,49.7400016784668,34.87480545043945,451200,NFG
2010-03-01,50.0,51.33000183105469,49.709999084472656,51.08000183105469,35.8143196105957,577300,NFG
2010-03-02,51.130001068115234,51.70000076293945,50.95000076293945,51.29999923706055,35.968570709228516,496000,NFG
2010-03-03,51.380001068115234,51.689998626708984,51.0,51.2599983215332,35.9405403137207,367300,NFG
2010-03-04,51.41999816894531,51.540000915527344,50.66999816894531,50.779998779296875,35.60398483276367,424500,NFG
2010-03-05,50.97999954223633,51.45000076293945,50.83000183105469,51.18000030517578,35.88445281982422,260600,NFG
2010-03-08,51.2400016784668,51.810001373291016,51.11000061035156,51.529998779296875,36.12983322143555,437500,NFG
2010-03-09,51.4900016784668,52.040000915527344,51.41999816894531,52.0,36.45937728881836,509800,NFG
2010-03-10,51.880001068115234,52.29999923706055,51.810001373291016,52.220001220703125,36.61363220214844,390700,NFG
2010-03-11,52.08000183105469,52.25,51.95000076293945,52.25,36.634666442871094,154800,NFG
2010-03-12,52.2599983215332,52.41999816894531,51.689998626708984,52.2400016784668,36.62765121459961,282000,NFG
2010-03-15,52.20000076293945,52.20000076293945,51.060001373291016,51.529998779296875,36.12983322143555,285800,NFG
2010-03-16,51.5099983215332,52.02000045776367,51.2400016784668,52.02000045776367,36.47340393066406,250300,NFG
2010-03-17,52.02000045776367,52.47999954223633,51.58000183105469,51.72999954223633,36.270076751708984,316800,NFG
2010-03-18,51.58000183105469,51.810001373291016,51.25,51.400001525878906,36.038700103759766,326200,NFG
2010-03-19,50.7599983215332,51.5,50.459999084472656,50.7599983215332,35.58995819091797,483600,NFG
2010-03-22,50.2400016784668,51.2400016784668,50.08000183105469,51.220001220703125,35.91249465942383,323900,NFG
2010-03-23,51.220001220703125,52.439998626708984,51.220001220703125,52.38999938964844,36.732826232910156,509100,NFG
2010-03-24,52.279998779296875,52.40999984741211,51.869998931884766,52.0,36.45937728881836,253300,NFG
2010-03-25,52.439998626708984,52.439998626708984,51.15999984741211,51.15999984741211,35.870426177978516,273200,NFG
2010-03-26,51.400001525878906,51.400001525878906,50.41999816894531,50.72999954223633,35.568931579589844,356300,NFG
2010-03-29,50.65999984741211,51.459999084472656,50.40999984741211,51.27000045776367,36.18650817871094,297400,NFG
2010-03-30,51.349998474121094,51.4900016784668,50.79999923706055,51.060001373291016,36.03828811645508,242900,NFG
2010-03-31,51.060001373291016,51.119998931884766,50.47999954223633,50.54999923706055,35.67832946777344,313400,NFG
2010-04-01,50.81999969482422,51.16999816894531,50.599998474121094,51.119998931884766,36.08064270019531,279100,NFG
2010-04-05,51.33000183105469,52.099998474121094,51.20000076293945,52.099998474121094,36.77231979370117,227900,NFG
2010-04-06,51.9900016784668,52.470001220703125,51.619998931884766,52.310001373291016,36.9205436706543,194900,NFG
2010-04-07,52.099998474121094,52.20000076293945,51.66999816894531,52.13999938964844,36.80055618286133,276000,NFG
2010-04-08,51.84000015258789,51.84000015258789,50.709999084472656,51.29999923706055,36.20768356323242,310100,NFG
2010-04-09,51.65999984741211,53.439998626708984,51.619998931884766,53.29999923706055,37.61927795410156,621100,NFG
2010-04-12,53.459999084472656,53.459999084472656,52.470001220703125,52.75,37.2310905456543,364300,NFG
2010-04-13,52.5099983215332,52.66999816894531,52.06999969482422,52.5099983215332,37.06169891357422,181700,NFG
2010-04-14,52.75,53.470001220703125,52.40999984741211,53.349998474121094,37.65456771850586,315100,NFG
2010-04-15,53.38999938964844,53.86000061035156,53.220001220703125,53.72999954223633,37.92278289794922,252700,NFG
2010-04-16,53.5099983215332,53.5099983215332,51.97999954223633,52.650001525878906,37.16051483154297,521300,NFG
2010-04-19,52.279998779296875,52.869998931884766,52.119998931884766,52.540000915527344,37.0828742980957,379700,NFG
2010-04-20,52.61000061035156,52.79999923706055,51.31999969482422,52.75,37.2310905456543,1472700,NFG
2010-04-21,52.709999084472656,52.720001220703125,52.34000015258789,52.56999969482422,37.10405731201172,183100,NFG
2010-04-22,52.11000061035156,53.11000061035156,51.959999084472656,53.099998474121094,37.47813034057617,306500,NFG
2010-04-23,53.18000030517578,54.400001525878906,52.959999084472656,54.31999969482422,38.339210510253906,358800,NFG
2010-04-26,54.29999923706055,54.41999816894531,53.54999923706055,53.68000030517578,37.887481689453125,227500,NFG
2010-04-27,53.33000183105469,53.77000045776367,52.18000030517578,52.189998626708984,36.83584976196289,278400,NFG
2010-04-28,52.31999969482422,52.880001068115234,52.13999938964844,52.66999816894531,37.17463684082031,277300,NFG
2010-04-29,52.959999084472656,53.220001220703125,52.16999816894531,52.34000015258789,36.94171142578125,339700,NFG
2010-04-30,52.2400016784668,52.91999816894531,52.0099983215332,52.02000045776367,36.71586227416992,247700,NFG
2010-05-03,52.849998474121094,53.810001373291016,52.5099983215332,53.689998626708984,37.89454650878906,347200,NFG
2010-05-04,53.22999954223633,53.29999923706055,52.16999816894531,52.560001373291016,37.09698486328125,311500,NFG
2010-05-05,52.31999969482422,52.56999969482422,50.95000076293945,51.08000183105469,36.05240249633789,462100,NFG
2010-05-06,50.970001220703125,51.459999084472656,46.119998931884766,49.459999084472656,34.90901565551758,905500,NFG
2010-05-07,49.029998779296875,49.59000015258789,47.25,47.369998931884766,33.43389129638672,995600,NFG
2010-05-10,49.16999816894531,51.09000015258789,49.0,51.02000045776367,36.01005554199219,723200,NFG
2010-05-11,50.45000076293945,52.16999816894531,50.15999984741211,51.29999923706055,36.20768356323242,388400,NFG
2010-05-12,51.54999923706055,53.0,51.25,52.59000015258789,37.11815643310547,357200,NFG
2010-05-13,52.439998626708984,52.900001525878906,52.0099983215332,52.380001068115234,36.9699592590332,310900,NFG
2010-05-14,51.95000076293945,52.349998474121094,51.0,51.470001220703125,36.32767105102539,394200,NFG
2010-05-17,51.77000045776367,52.0,49.88999938964844,50.95000076293945,35.96065139770508,416000,NFG
2010-05-18,51.63999938964844,52.06999969482422,50.189998626708984,50.529998779296875,35.664207458496094,357900,NFG
2010-05-19,50.40999984741211,50.5,49.11000061035156,49.77000045776367,35.127811431884766,425500,NFG
2010-05-20,48.95000076293945,49.099998474121094,47.27000045776367,47.34000015258789,33.41270446777344,633500,NFG
2010-05-21,46.45000076293945,47.90999984741211,46.209999084472656,47.349998474121094,33.41977310180664,454900,NFG
2010-05-24,47.310001373291016,47.619998931884766,46.380001068115234,46.4900016784668,32.812774658203125,355200,NFG
2010-05-25,45.290000915527344,46.7400016784668,44.27000045776367,46.72999954223633,32.9821662902832,630200,NFG
2010-05-26,47.06999969482422,47.72999954223633,46.20000076293945,46.2599983215332,32.65043258666992,757000,NFG
2010-05-27,47.16999816894531,48.16999816894531,47.16999816894531,48.130001068115234,33.97028732299805,401500,NFG
2010-05-28,48.459999084472656,49.290000915527344,48.15999984741211,48.599998474121094,34.30201721191406,521500,NFG
2010-06-01,48.369998931884766,48.68000030517578,47.150001525878906,47.18000030517578,33.29977798461914,521200,NFG
2010-06-02,47.310001373291016,48.84000015258789,47.0,48.84000015258789,34.471412658691406,459600,NFG
2010-06-03,48.779998779296875,50.33000183105469,48.72999954223633,50.20000076293945,35.431312561035156,756600,NFG
2010-06-04,49.08000183105469,49.93000030517578,46.5099983215332,46.630001068115234,32.911590576171875,1971100,NFG
2010-06-07,46.900001525878906,47.560001373291016,46.02000045776367,46.119998931884766,32.5516242980957,794300,NFG
2010-06-08,46.09000015258789,46.779998779296875,44.779998779296875,46.70000076293945,32.960975646972656,780700,NFG
2010-06-09,47.099998474121094,48.029998779296875,46.599998474121094,47.29999923706055,33.38446807861328,849000,NFG
2010-06-10,48.18000030517578,49.279998779296875,48.16999816894531,49.18000030517578,34.71138000488281,501700,NFG
2010-06-11,48.56999969482422,50.0099983215332,48.209999084472656,49.9900016784668,35.283077239990234,587400,NFG
2010-06-14,50.560001373291016,51.43000030517578,50.40999984741211,50.61000061035156,35.72068786621094,455900,NFG
2010-06-15,50.83000183105469,51.939998626708984,50.790000915527344,51.91999816894531,36.64527893066406,514500,NFG
2010-06-16,51.43000030517578,51.880001068115234,51.349998474121094,51.529998779296875,36.37002182006836,337600,NFG
2010-06-17,51.93000030517578,51.97999954223633,51.150001525878906,51.56999969482422,36.398258209228516,357700,NFG
2010-06-18,51.540000915527344,51.7400016784668,51.18000030517578,51.7400016784668,36.51823425292969,353300,NFG
2010-06-21,52.45000076293945,52.72999954223633,51.0099983215332,51.290000915527344,36.200626373291016,391700,NFG
2010-06-22,51.27000045776367,51.81999969482422,49.349998474121094,49.540000915527344,34.9654655456543,552000,NFG
2010-06-23,49.58000183105469,49.58000183105469,48.369998931884766,48.58000183105469,34.28790283203125,413300,NFG
2010-06-24,48.13999938964844,48.61000061035156,47.459999084472656,47.58000183105469,33.58210372924805,539300,NFG
2010-06-25,47.529998779296875,48.369998931884766,47.290000915527344,48.04999923706055,33.913818359375,450100,NFG
2010-06-28,47.95000076293945,47.95000076293945,47.209999084472656,47.369998931884766,33.67567825317383,257600,NFG
2010-06-29,46.7599983215332,46.7599983215332,45.56999969482422,46.060001373291016,32.74437713623047,545900,NFG
2010-06-30,46.09000015258789,46.900001525878906,45.77000045776367,45.880001068115234,32.61642837524414,520500,NFG
2010-07-01,45.790000915527344,45.790000915527344,44.310001373291016,44.81999969482422,31.862865447998047,541900,NFG
2010-07-02,44.97999954223633,45.2400016784668,44.349998474121094,44.58000183105469,31.692237854003906,348500,NFG
2010-07-06,45.52000045776367,46.290000915527344,44.66999816894531,45.119998931884766,32.07612991333008,582600,NFG
2010-07-07,45.31999969482422,46.68000030517578,45.31999969482422,46.63999938964844,33.15671157836914,463100,NFG
2010-07-08,47.02000045776367,47.22999954223633,46.470001220703125,47.18000030517578,33.54059600830078,302200,NFG
2010-07-09,47.099998474121094,47.56999969482422,47.099998474121094,47.5099983215332,33.77519607543945,177000,NFG
2010-07-12,47.36000061035156,47.63999938964844,46.88999938964844,46.970001220703125,33.391319274902344,210300,NFG
2010-07-13,47.540000915527344,48.290000915527344,47.5,48.130001068115234,34.21596908569336,295100,NFG
2010-07-14,48.09000015258789,48.369998931884766,47.43000030517578,47.810001373291016,33.98847198486328,283500,NFG
2010-07-15,47.9900016784668,48.470001220703125,47.540000915527344,48.400001525878906,34.40790939331055,377700,NFG
2010-07-16,48.13999938964844,48.150001525878906,46.7400016784668,46.810001373291016,33.27756881713867,291800,NFG
2010-07-19,46.880001068115234,47.95000076293945,46.61000061035156,47.20000076293945,33.554813385009766,184200,NFG
2010-07-20,46.47999954223633,48.65999984741211,46.47999954223633,48.65999984741211,34.592742919921875,364600,NFG
2010-07-21,48.91999816894531,49.06999969482422,47.400001525878906,47.689998626708984,33.90315246582031,268200,NFG
2010-07-22,48.290000915527344,49.40999984741211,48.290000915527344,48.95000076293945,34.79890823364258,332500,NFG
2010-07-23,48.650001525878906,49.09000015258789,48.25,48.91999816894531,34.77757263183594,334600,NFG
2010-07-26,49.11000061035156,49.959999084472656,48.97999954223633,49.90999984741211,35.48136520385742,273000,NFG
2010-07-27,50.150001525878906,50.2400016784668,48.939998626708984,49.20000076293945,34.97663497924805,400900,NFG
2010-07-28,48.970001220703125,49.22999954223633,48.459999084472656,48.7400016784668,34.64961624145508,238000,NFG
2010-07-29,49.119998931884766,49.209999084472656,47.7400016784668,48.400001525878906,34.40790939331055,243900,NFG
2010-07-30,47.68000030517578,48.599998474121094,47.65999984741211,48.04999923706055,34.159088134765625,373900,NFG
2010-08-02,49.0099983215332,49.27000045776367,48.599998474121094,48.88999938964844,34.75624084472656,357500,NFG
2010-08-03,48.75,49.45000076293945,48.4900016784668,48.900001525878906,34.763362884521484,282900,NFG
2010-08-04,48.7400016784668,49.209999084472656,48.59000015258789,49.16999816894531,34.95531463623047,224000,NFG
2010-08-05,48.91999816894531,50.16999816894531,48.880001068115234,49.86000061035156,35.44582748413086,302900,NFG
2010-08-06,49.11000061035156,50.560001373291016,49.02000045776367,50.2400016784668,35.715972900390625,375500,NFG
2010-08-09,50.38999938964844,50.869998931884766,50.029998779296875,50.189998626708984,35.68043518066406,270500,NFG
2010-08-10,49.45000076293945,49.9900016784668,48.880001068115234,49.150001525878906,34.94108581542969,414600,NFG
2010-08-11,48.20000076293945,48.22999954223633,47.290000915527344,47.349998474121094,33.66147232055664,376700,NFG
2010-08-12,46.540000915527344,46.88999938964844,46.25,46.43000030517578,33.007408142089844,479100,NFG
2010-08-13,46.43000030517578,46.77000045776367,46.029998779296875,46.06999969482422,32.751487731933594,437000,NFG
2010-08-16,45.88999938964844,45.959999084472656,45.02000045776367,45.380001068115234,32.26095962524414,622000,NFG
2010-08-17,45.900001525878906,46.5099983215332,45.650001525878906,45.959999084472656,32.67327880859375,440900,NFG
2010-08-18,45.75,46.33000183105469,45.0,46.0099983215332,32.70883560180664,516300,NFG
2010-08-19,45.81999969482422,45.869998931884766,45.0,45.25,32.168540954589844,408900,NFG
2010-08-20,45.0,45.130001068115234,43.95000076293945,44.43000030517578,31.585603713989258,740600,NFG
2010-08-23,44.619998931884766,45.060001373291016,44.33000183105469,44.38999938964844,31.557161331176758,280700,NFG
2010-08-24,43.7599983215332,44.150001525878906,43.25,43.599998474121094,30.995546340942383,333300,NFG
2010-08-25,43.38999938964844,43.95000076293945,42.83000183105469,43.790000915527344,31.13062286376953,301000,NFG
2010-08-26,43.970001220703125,44.09000015258789,43.13999938964844,43.369998931884766,30.832048416137695,285800,NFG
2010-08-27,43.68000030517578,44.54999923706055,43.099998474121094,44.459999084472656,31.60693359375,227600,NFG
2010-08-30,44.279998779296875,44.59000015258789,43.56999969482422,43.66999816894531,31.045316696166992,368900,NFG
2010-08-31,43.25,43.66999816894531,42.900001525878906,42.97999954223633,30.55480194091797,515900,NFG
2010-09-01,43.810001373291016,44.81999969482422,43.59000015258789,44.65999984741211,31.749113082885742,366200,NFG
2010-09-02,44.56999969482422,44.68000030517578,44.060001373291016,44.5,31.635360717773438,291400,NFG
2010-09-03,44.97999954223633,45.41999816894531,44.5099983215332,44.709999084472656,31.784656524658203,852000,NFG
2010-09-07,44.61000061035156,44.66999816894531,44.13999938964844,44.189998626708984,31.41498565673828,638800,NFG
2010-09-08,44.470001220703125,44.7599983215332,44.20000076293945,44.599998474121094,31.70646095275879,816400,NFG
2010-09-09,45.060001373291016,45.41999816894531,44.75,45.029998779296875,32.01213836669922,451900,NFG
2010-09-10,45.25,45.38999938964844,44.88999938964844,45.209999084472656,32.140106201171875,410700,NFG
2010-09-13,45.630001068115234,45.709999084472656,45.150001525878906,45.400001525878906,32.27518081665039,361700,NFG
2010-09-14,45.2400016784668,46.09000015258789,45.2400016784668,45.650001525878906,32.45289611816406,411900,NFG
2010-09-15,45.56999969482422,45.900001525878906,45.029998779296875,45.7400016784668,32.51689529418945,322300,NFG
2010-09-16,45.650001525878906,45.970001220703125,45.33000183105469,45.689998626708984,32.48134994506836,266800,NFG
2010-09-17,45.869998931884766,46.029998779296875,45.130001068115234,45.279998779296875,32.18987274169922,421500,NFG
2010-09-20,45.529998779296875,46.18000030517578,45.31999969482422,46.11000061035156,32.779930114746094,221000,NFG
2010-09-21,45.900001525878906,46.540000915527344,45.779998779296875,45.86000061035156,32.60219955444336,515100,NFG
2010-09-22,45.79999923706055,49.540000915527344,45.56999969482422,49.0099983215332,34.8415641784668,2647600,NFG
2010-09-23,48.779998779296875,51.849998474121094,48.779998779296875,51.04999923706055,36.29180908203125,1761400,NFG
2010-09-24,51.58000183105469,52.290000915527344,51.4900016784668,52.290000915527344,37.17333221435547,771000,NFG
2010-09-27,52.08000183105469,52.22999954223633,51.31999969482422,51.81999969482422,36.83920669555664,542400,NFG
2010-09-28,51.689998626708984,51.790000915527344,50.7599983215332,51.310001373291016,36.72111892700195,427400,NFG
2010-09-29,51.150001525878906,52.18000030517578,51.04999923706055,51.459999084472656,36.828468322753906,654400,NFG
2010-09-30,51.63999938964844,52.099998474121094,51.2599983215332,51.810001373291016,37.07895278930664,567000,NFG
2010-10-01,52.04999923706055,52.560001373291016,51.689998626708984,52.47999954223633,37.55845642089844,455900,NFG
2010-10-04,52.290000915527344,52.4900016784668,51.65999984741211,52.04999923706055,37.25071334838867,582400,NFG
2010-10-05,52.540000915527344,53.16999816894531,52.2599983215332,53.09000015258789,37.99500274658203,458600,NFG
2010-10-06,52.84000015258789,53.2400016784668,52.41999816894531,52.81999969482422,37.80179214477539,315400,NFG
2010-10-07,52.849998474121094,53.54999923706055,52.63999938964844,53.4900016784668,38.28128433227539,524400,NFG
2010-10-08,53.54999923706055,54.7400016784668,53.060001373291016,54.540000915527344,39.03274154663086,552300,NFG
2010-10-11,54.93000030517578,55.84000015258789,54.52000045776367,55.15999984741211,39.47645950317383,541200,NFG
2010-10-12,55.08000183105469,55.099998474121094,54.349998474121094,54.650001525878906,39.11146926879883,757300,NFG
2010-10-13,54.86000061035156,55.2400016784668,54.849998474121094,54.86000061035156,39.26176071166992,732800,NFG
2010-10-14,54.7400016784668,55.04999923706055,54.58000183105469,54.7599983215332,39.19019317626953,716800,NFG
2010-10-15,54.91999816894531,55.20000076293945,54.599998474121094,54.79999923706055,39.21882247924805,888300,NFG
2010-10-18,54.88999938964844,55.119998931884766,54.689998626708984,55.119998931884766,39.44782638549805,324600,NFG
2010-10-19,54.66999816894531,55.0,53.630001068115234,54.040000915527344,38.67491149902344,293900,NFG
2010-10-20,54.2400016784668,54.7400016784668,54.15999984741211,54.29999923706055,38.86097717285156,537700,NFG
2010-10-21,54.459999084472656,54.65999984741211,53.439998626708984,54.099998474121094,38.717838287353516,293500,NFG
2010-10-22,54.150001525878906,54.7400016784668,53.95000076293945,54.70000076293945,39.147254943847656,1091200,NFG
2010-10-25,55.130001068115234,55.5,54.38999938964844,54.45000076293945,38.96833419799805,329300,NFG
2010-10-26,54.220001220703125,54.38999938964844,53.900001525878906,53.91999816894531,38.589027404785156,306700,NFG
2010-10-27,53.439998626708984,54.11000061035156,53.220001220703125,54.04999923706055,38.68207931518555,305200,NFG
2010-10-28,54.33000183105469,54.619998931884766,53.72999954223633,54.529998779296875,39.02558517456055,359000,NFG
2010-10-29,54.41999816894531,55.400001525878906,54.2599983215332,55.18000030517578,39.49077224731445,657600,NFG
2010-11-01,55.43000030517578,56.5099983215332,55.33000183105469,56.150001525878906,40.184974670410156,863600,NFG
2010-11-02,56.599998474121094,56.9900016784668,56.52000045776367,56.81999969482422,40.66447448730469,348100,NFG
2010-11-03,56.939998626708984,57.09000015258789,56.36000061035156,56.810001373291016,40.65730667114258,380000,NFG
2010-11-04,57.5,58.0,57.15999984741211,57.83000183105469,41.387306213378906,507300,NFG
2010-11-05,57.97999954223633,57.97999954223633,56.86000061035156,57.15999984741211,40.90779495239258,644100,NFG
2010-11-08,57.0,57.880001068115234,56.790000915527344,57.790000915527344,41.35867691040039,437700,NFG
2010-11-09,58.779998779296875,61.220001220703125,58.779998779296875,60.849998474121094,43.548622131347656,1242500,NFG
2010-11-10,60.75,61.650001525878906,60.540000915527344,61.06999969482422,43.706085205078125,904600,NFG
2010-11-11,60.689998626708984,62.540000915527344,60.560001373291016,62.540000915527344,44.758113861083984,701800,NFG
2010-11-12,62.15999984741211,62.61000061035156,61.650001525878906,62.439998626708984,44.68655014038086,540000,NFG
2010-11-15,62.65999984741211,62.93000030517578,62.400001525878906,62.630001068115234,44.82252883911133,550800,NFG
2010-11-16,62.22999954223633,62.22999954223633,60.36000061035156,60.599998474121094,43.36971664428711,541900,NFG
2010-11-17,60.77000045776367,61.29999923706055,60.27000045776367,61.16999816894531,43.77764892578125,435700,NFG
2010-11-18,61.72999954223633,63.5099983215332,61.630001068115234,63.36000061035156,45.34496307373047,563800,NFG
2010-11-19,63.0,63.02000045776367,62.41999816894531,62.9900016784668,45.08016586303711,651200,NFG
2010-11-22,62.54999923706055,64.05000305175781,62.29999923706055,63.95000076293945,45.7672119140625,541400,NFG
2010-11-23,63.47999954223633,63.47999954223633,62.20000076293945,62.290000915527344,44.57919692993164,370900,NFG
2010-11-24,62.349998474121094,63.47999954223633,62.349998474121094,63.310001373291016,45.309181213378906,443800,NFG
2010-11-26,62.880001068115234,63.150001525878906,62.52000045776367,62.63999938964844,44.829673767089844,215800,NFG
2010-11-29,62.380001068115234,62.97999954223633,61.52000045776367,62.81999969482422,44.95850372314453,575300,NFG
2010-11-30,62.5099983215332,63.459999084472656,62.439998626708984,63.36000061035156,45.34496307373047,426200,NFG
2010-12-01,64.01000213623047,65.08999633789062,64.01000213623047,64.94000244140625,46.47572708129883,666200,NFG
2010-12-02,65.25,66.5199966430664,65.22000122070312,66.37999725341797,47.50629425048828,1004700,NFG
2010-12-03,66.0999984741211,66.0999984741211,64.54000091552734,65.29000091552734,46.7262077331543,706100,NFG
2010-12-06,65.30000305175781,65.69000244140625,64.37000274658203,64.44999694824219,46.12504196166992,478900,NFG
2010-12-07,65.20999908447266,65.33999633789062,63.79999923706055,64.2699966430664,45.99623107910156,1492800,NFG
2010-12-08,64.41000366210938,65.23999786376953,64.31999969482422,64.98999786376953,46.511505126953125,629600,NFG
2010-12-09,65.30000305175781,65.54000091552734,64.13999938964844,64.87999725341797,46.432777404785156,350400,NFG
2010-12-10,64.94000244140625,65.4000015258789,64.73999786376953,65.3499984741211,46.76914978027344,503000,NFG
2010-12-13,65.25,65.81999969482422,65.25,65.52999877929688,46.89797592163086,411200,NFG
2010-12-14,65.55000305175781,65.70999908447266,64.11000061035156,64.26000213623047,45.98907470703125,528700,NFG
2010-12-15,64.19999694824219,64.66999816894531,63.90999984741211,64.01000213623047,45.810150146484375,410300,NFG
2010-12-16,63.9900016784668,63.9900016784668,63.380001068115234,63.54999923706055,45.48093032836914,513200,NFG
2010-12-17,63.439998626708984,63.88999938964844,63.36000061035156,63.689998626708984,45.58114242553711,795200,NFG
2010-12-20,63.77000045776367,64.12999725341797,63.599998474121094,63.689998626708984,45.58114242553711,394300,NFG
2010-12-21,63.869998931884766,64.4800033569336,63.779998779296875,64.26000213623047,45.98907470703125,321000,NFG
2010-12-22,64.23999786376953,64.8499984741211,64.19000244140625,64.83999633789062,46.404144287109375,245200,NFG
2010-12-23,64.66000366210938,64.81999969482422,64.06999969482422,64.20999908447266,45.95328903198242,196700,NFG
2010-12-27,64.16000366210938,64.4800033569336,63.88999938964844,64.37999725341797,46.074951171875,115000,NFG
2010-12-28,64.44000244140625,64.69000244140625,64.0999984741211,64.48999786376953,46.1536750793457,188500,NFG
2010-12-29,64.22000122070312,65.30999755859375,64.22000122070312,65.19000244140625,46.90557861328125,274000,NFG
2010-12-30,65.25,65.48999786376953,65.0199966430664,65.3499984741211,47.020694732666016,234700,NFG
2010-12-31,65.18000030517578,66.05999755859375,65.13999938964844,65.62000274658203,47.21498107910156,319300,NFG
2011-01-03,66.08999633789062,66.77999877929688,65.91000366210938,66.52999877929688,47.86974334716797,307400,NFG
2011-01-04,66.66999816894531,67.41000366210938,66.38999938964844,67.19999694824219,48.35181427001953,663500,NFG
2011-01-05,66.95999908447266,67.5199966430664,66.6500015258789,67.36000061035156,48.46693801879883,510700,NFG
2011-01-06,67.63999938964844,68.98999786376953,67.56999969482422,68.79000091552734,49.49585723876953,796800,NFG
2011-01-07,68.95999908447266,69.4800033569336,67.9800033569336,68.38999938964844,49.208045959472656,681000,NFG
2011-01-10,68.19000244140625,69.20999908447266,67.8499984741211,68.87999725341797,49.56061553955078,536100,NFG
2011-01-11,68.9800033569336,69.54000091552734,68.80999755859375,68.83999633789062,49.531829833984375,464800,NFG
2011-01-12,69.08000183105469,69.55000305175781,69.05999755859375,69.4000015258789,49.93477249145508,357300,NFG
2011-01-13,69.2699966430664,69.30000305175781,68.7300033569336,69.12000274658203,49.73329544067383,329400,NFG
2011-01-14,69.08000183105469,69.86000061035156,68.93000030517578,69.8499984741211,50.2585334777832,441400,NFG
2011-01-18,69.47000122070312,70.55000305175781,69.47000122070312,70.51000213623047,50.73344039916992,546300,NFG
2011-01-19,70.38999938964844,70.87000274658203,69.27999877929688,69.44999694824219,49.970726013183594,478500,NFG
2011-01-20,68.3499984741211,68.3499984741211,66.19000244140625,66.80999755859375,48.07120132446289,968600,NFG
2011-01-21,67.2699966430664,67.76000213623047,66.41000366210938,67.44999694824219,48.531700134277344,526000,NFG
2011-01-24,67.47000122070312,68.5999984741211,67.41000366210938,68.33000183105469,49.16487121582031,321300,NFG
2011-01-25,68.16999816894531,68.76000213623047,67.83000183105469,68.13999938964844,49.02814865112305,318700,NFG
2011-01-26,68.2300033569336,68.5999984741211,68.04000091552734,68.37999725341797,49.20083999633789,450700,NFG
2011-01-27,68.19999694824219,68.80000305175781,67.98999786376953,68.02999877929688,48.94901657104492,516100,NFG
2011-01-28,68.04000091552734,68.83999633789062,67.41000366210938,67.83000183105469,48.805118560791016,365200,NFG
2011-01-31,67.9800033569336,68.97000122070312,67.97000122070312,68.33999633789062,49.17205810546875,787700,NFG
2011-02-01,68.2300033569336,69.87999725341797,68.2300033569336,69.8499984741211,50.2585334777832,575000,NFG
2011-02-02,69.51000213623047,71.0,69.37999725341797,70.6500015258789,50.83415603637695,768600,NFG
2011-02-03,70.54000091552734,71.41999816894531,70.5199966430664,70.77999877929688,50.92769241333008,867900,NFG
2011-02-04,70.83999633789062,71.12000274658203,68.0199966430664,69.55000305175781,50.042694091796875,758400,NFG
2011-02-07,69.62000274658203,71.36000061035156,69.47000122070312,71.31999969482422,51.31624221801758,603100,NFG
2011-02-08,71.20999908447266,71.36000061035156,70.4800033569336,71.19999694824219,51.22989273071289,492900,NFG
2011-02-09,70.73999786376953,71.12999725341797,69.87000274658203,69.97000122070312,50.344886779785156,431900,NFG
2011-02-10,69.5199966430664,70.80999755859375,68.97000122070312,70.27999877929688,50.567935943603516,643300,NFG
2011-02-11,70.2699966430664,70.43000030517578,69.56999969482422,70.22000122070312,50.52476119995117,387100,NFG
2011-02-14,70.26000213623047,70.6500015258789,70.22000122070312,70.36000061035156,50.625492095947266,235600,NFG
2011-02-15,70.05000305175781,70.48999786376953,69.88999938964844,70.18000030517578,50.49599838256836,231700,NFG
2011-02-16,70.33999633789062,70.87000274658203,70.25,70.43000030517578,50.67585754394531,267400,NFG
2011-02-17,70.44999694824219,71.19999694824219,70.44999694824219,70.88999938964844,51.00684356689453,334300,NFG
2011-02-18,71.0,71.48999786376953,70.76000213623047,71.45999908447266,51.41697692871094,221300,NFG
2011-02-22,71.0,72.05999755859375,70.9000015258789,71.79000091552734,51.654415130615234,502700,NFG
2011-02-23,71.66999816894531,72.27999877929688,71.41000366210938,72.19000244140625,51.94221878051758,732100,NFG
2011-02-24,72.02999877929688,72.29000091552734,71.52999877929688,71.73999786376953,51.61843490600586,433400,NFG
2011-02-25,71.83000183105469,72.75,71.44000244140625,72.68000030517578,52.2947998046875,618400,NFG
2011-02-28,72.7300033569336,73.16000366210938,72.45999908447266,72.9000015258789,52.45307540893555,398800,NFG
2011-03-01,73.0199966430664,73.2699966430664,72.02999877929688,72.16000366210938,51.92063903808594,546200,NFG
2011-03-02,71.98999786376953,72.48999786376953,71.80000305175781,72.31999969482422,52.03574752807617,355600,NFG
2011-03-03,72.72000122070312,73.41999816894531,72.51000213623047,73.2699966430664,52.71930694580078,575200,NFG
2011-03-04,73.4000015258789,73.66999816894531,72.13999938964844,72.68000030517578,52.2947998046875,466300,NFG
2011-03-07,72.94999694824219,73.04000091552734,71.29000091552734,71.33000183105469,51.32344436645508,790000,NFG
2011-03-08,71.56999969482422,71.94999694824219,71.2699966430664,71.51000213623047,51.45295333862305,389400,NFG
2011-03-09,71.33000183105469,71.87999725341797,71.0,71.66999816894531,51.56808090209961,319300,NFG
2011-03-10,70.87999725341797,71.08999633789062,67.25,67.27999877929688,48.40937423706055,1080100,NFG
2011-03-11,66.79000091552734,69.0199966430664,66.79000091552734,68.91999816894531,49.58940124511719,551900,NFG
2011-03-14,68.33999633789062,68.7300033569336,67.72000122070312,68.41000366210938,49.22242736816406,329700,NFG
2011-03-15,66.06999969482422,67.72000122070312,65.80000305175781,67.0,48.207916259765625,527200,NFG
2011-03-16,66.9000015258789,68.25,66.81999969482422,67.58999633789062,48.63241958618164,611300,NFG
2011-03-17,68.4000015258789,69.5199966430664,67.95999908447266,69.33999633789062,49.89159393310547,475400,NFG
2011-03-18,69.88999938964844,70.48999786376953,69.30000305175781,69.4000015258789,49.93477249145508,369400,NFG
2011-03-21,70.30999755859375,71.80000305175781,70.05999755859375,70.97000122070312,51.06440734863281,508100,NFG
2011-03-22,71.12999725341797,71.62000274658203,71.0,71.31999969482422,51.31624221801758,346800,NFG
2011-03-23,71.29000091552734,71.33999633789062,70.19999694824219,70.91999816894531,51.02845001220703,200800,NFG
2011-03-24,71.12999725341797,71.98999786376953,70.3499984741211,71.87000274658203,51.71196746826172,328800,NFG
2011-03-25,71.95999908447266,73.11000061035156,71.5999984741211,72.97000122070312,52.503448486328125,538700,NFG
2011-03-28,73.0199966430664,73.4800033569336,71.52999877929688,71.5999984741211,51.51770782470703,439300,NFG
2011-03-29,71.27999877929688,71.41999816894531,70.58999633789062,70.9800033569336,51.318870544433594,437200,NFG
2011-03-30,71.38999938964844,73.48999786376953,71.31999969482422,73.43000030517578,53.090240478515625,640200,NFG
2011-03-31,73.18000030517578,74.0,73.18000030517578,74.0,53.502349853515625,463400,NFG
2011-04-01,74.0,75.33999633789062,73.8499984741211,75.30999755859375,54.449493408203125,970100,NFG
2011-04-04,75.30999755859375,75.75,75.25,75.4000015258789,54.514556884765625,651600,NFG
2011-04-05,75.23999786376953,75.75,74.69000244140625,75.4000015258789,54.514556884765625,313700,NFG
2011-04-06,75.6500015258789,75.70999908447266,74.68000030517578,74.94999694824219,54.189212799072266,491100,NFG
2011-04-07,74.75,75.06999969482422,73.94999694824219,74.62000274658203,53.95060348510742,287400,NFG
2011-04-08,74.9000015258789,75.16000366210938,73.80000305175781,74.38999938964844,53.784332275390625,202400,NFG
2011-04-11,74.5199966430664,74.83999633789062,73.70999908447266,74.05999755859375,53.54574203491211,451000,NFG
2011-04-12,73.4800033569336,73.62999725341797,70.52999877929688,70.7300033569336,51.13813018798828,704200,NFG
2011-04-13,71.05000305175781,71.97000122070312,70.41000366210938,71.44999694824219,51.658695220947266,669100,NFG
2011-04-14,70.88999938964844,71.43000030517578,70.30000305175781,70.94000244140625,51.28996658325195,517100,NFG
2011-04-15,71.1500015258789,71.9000015258789,70.4000015258789,71.38999938964844,51.61531448364258,629900,NFG
2011-04-18,70.54000091552734,70.54000091552734,69.25,70.16000366210938,50.72602081298828,546000,NFG
2011-04-19,70.37999725341797,71.16999816894531,70.25,71.08999633789062,51.39840316772461,300900,NFG
2011-04-20,72.16000366210938,73.41999816894531,72.1500015258789,73.26000213623047,52.967350006103516,271200,NFG
2011-04-21,73.75,73.75,72.9000015258789,72.91999816894531,52.72150421142578,222200,NFG
2011-04-25,72.88999938964844,73.27999877929688,72.62999725341797,72.93000030517578,52.72871398925781,256700,NFG
2011-04-26,73.13999938964844,73.80000305175781,73.08000183105469,73.44999694824219,53.10468673706055,389000,NFG
2011-04-27,73.7699966430664,73.7699966430664,72.58000183105469,73.01000213623047,52.78657531738281,405900,NFG
2011-04-28,72.77999877929688,73.08999633789062,72.55000305175781,72.87000274658203,52.68536376953125,337400,NFG
2011-04-29,73.0199966430664,73.55000305175781,73.0199966430664,73.30000305175781,52.99626159667969,366000,NFG
2011-05-02,73.5999984741211,73.81999969482422,72.12000274658203,72.25,52.237091064453125,406100,NFG
2011-05-03,71.56999969482422,72.41999816894531,70.48999786376953,71.11000061035156,51.41286087036133,545000,NFG
2011-05-04,71.08000183105469,71.23999786376953,69.79000091552734,70.02999877929688,50.63203048706055,565200,NFG
2011-05-05,69.33000183105469,70.0,68.55000305175781,69.0,49.88733673095703,524800,NFG
2011-05-06,69.86000061035156,72.61000061035156,69.86000061035156,70.95999908447266,51.304420471191406,570200,NFG
2011-05-09,71.61000061035156,74.33000183105469,71.61000061035156,73.4800033569336,53.12641906738281,773500,NFG
2011-05-10,73.44000244140625,74.76000213623047,73.36000061035156,74.4000015258789,53.79157257080078,442100,NFG
2011-05-11,74.1500015258789,74.4000015258789,72.29000091552734,72.87000274658203,52.68536376953125,253700,NFG
2011-05-12,72.55999755859375,72.98999786376953,71.19999694824219,71.58000183105469,51.752685546875,609000,NFG
2011-05-13,71.66999816894531,71.79000091552734,70.26000213623047,70.66999816894531,51.094757080078125,499300,NFG
2011-05-16,70.41000366210938,70.76000213623047,69.16999816894531,69.30999755859375,50.1114616394043,660900,NFG
2011-05-17,69.02999877929688,69.16999816894531,67.16000366210938,68.26000213623047,49.3523063659668,1240500,NFG
2011-05-18,68.4000015258789,69.16999816894531,67.76000213623047,68.86000061035156,49.78611755371094,865300,NFG
2011-05-19,69.19000244140625,69.69999694824219,68.0,68.5999984741211,49.59812927246094,418200,NFG
2011-05-20,68.4000015258789,69.54000091552734,67.91999816894531,69.05999755859375,49.93070983886719,304300,NFG
2011-05-23,67.87000274658203,68.4000015258789,67.7300033569336,67.9800033569336,49.149879455566406,374700,NFG
2011-05-24,68.33000183105469,69.44999694824219,68.33000183105469,68.8499984741211,49.77886962890625,472600,NFG
2011-05-25,68.45999908447266,70.26000213623047,68.4000015258789,70.0999984741211,50.682647705078125,364900,NFG
2011-05-26,69.80999755859375,70.06999969482422,69.11000061035156,69.9000015258789,50.538028717041016,308600,NFG
2011-05-27,70.16000366210938,71.0,70.02999877929688,70.75,51.152591705322266,237200,NFG
2011-05-31,71.69999694824219,72.0999984741211,70.8499984741211,72.04000091552734,52.08526611328125,500900,NFG
2011-06-01,71.70999908447266,72.37000274658203,69.08000183105469,69.16000366210938,50.00300598144531,577000,NFG
2011-06-02,69.30000305175781,69.41999816894531,67.44999694824219,68.18000030517578,49.294464111328125,553800,NFG
2011-06-03,67.16999816894531,69.29000091552734,67.02999877929688,68.83000183105469,49.76442337036133,418800,NFG
2011-06-06,68.75,68.91000366210938,67.29000091552734,67.36000061035156,48.70160675048828,362000,NFG
2011-06-07,67.91000366210938,68.36000061035156,67.2300033569336,67.66000366210938,48.91851043701172,364900,NFG
2011-06-08,67.6500015258789,68.38999938964844,67.56999969482422,67.91999816894531,49.10647964477539,293300,NFG
2011-06-09,68.16999816894531,68.30000305175781,67.16999816894531,67.2300033569336,48.60762023925781,777700,NFG
2011-06-10,67.05000305175781,67.5999984741211,67.0,67.16000366210938,48.557010650634766,565900,NFG
2011-06-13,67.4000015258789,67.70999908447266,66.38999938964844,67.22000122070312,48.60039520263672,529300,NFG
2011-06-14,67.97000122070312,68.4800033569336,67.44000244140625,68.06999969482422,49.214935302734375,518100,NFG
2011-06-15,67.52999877929688,68.5,67.30999755859375,67.63999938964844,48.90403366088867,554400,NFG
2011-06-16,67.7300033569336,69.20999908447266,67.66000366210938,68.93000030517578,49.83672332763672,830900,NFG
2011-06-17,69.41000366210938,70.2699966430664,69.02999877929688,69.87000274658203,50.516353607177734,760800,NFG
2011-06-20,69.48999786376953,69.72000122070312,68.68000030517578,69.0199966430664,49.90179443359375,504800,NFG
2011-06-21,69.55000305175781,70.93000030517578,69.11000061035156,70.80999755859375,51.19596862792969,421600,NFG
2011-06-22,70.41999816894531,71.0199966430664,70.22000122070312,70.5199966430664,50.986289978027344,464200,NFG
2011-06-23,69.52999877929688,70.23999786376953,68.56999969482422,70.11000061035156,50.68985366821289,375100,NFG
2011-06-24,70.1500015258789,70.7300033569336,69.51000213623047,69.95999908447266,50.58140563964844,959900,NFG
2011-06-27,69.75,70.8499984741211,69.45999908447266,69.9000015258789,50.538028717041016,462700,NFG
2011-06-28,70.0999984741211,72.05000305175781,69.95999908447266,71.93000030517578,52.27119827270508,512400,NFG
2011-06-29,72.20999908447266,72.83000183105469,71.7699966430664,72.69000244140625,52.823490142822266,435400,NFG
2011-06-30,73.0,73.3499984741211,72.66999816894531,72.80000305175781,52.9034423828125,299200,NFG
2011-07-01,72.91000366210938,74.31999969482422,72.81999969482422,74.27999877929688,53.97893524169922,326500,NFG
2011-07-05,74.20999908447266,75.05000305175781,73.98999786376953,74.52999877929688,54.160606384277344,412400,NFG
2011-07-06,74.45999908447266,75.38999938964844,74.12000274658203,75.37999725341797,54.77831268310547,481900,NFG
2011-07-07,75.86000061035156,75.9800033569336,72.9000015258789,73.0,53.04875183105469,705400,NFG
2011-07-08,72.16000366210938,72.48999786376953,71.66000366210938,71.93000030517578,52.27119827270508,489400,NFG
2011-07-11,71.08000183105469,71.20999908447266,70.13999938964844,70.83999633789062,51.479095458984375,516800,NFG
2011-07-12,70.52999877929688,71.69000244140625,70.43000030517578,70.9800033569336,51.58082962036133,496100,NFG
2011-07-13,71.2300033569336,71.83000183105469,70.69999694824219,70.81999969482422,51.464576721191406,407100,NFG
2011-07-14,71.58000183105469,72.04000091552734,69.47000122070312,69.62000274658203,50.5925407409668,550500,NFG
2011-07-15,70.0999984741211,71.54000091552734,70.0999984741211,70.51000213623047,51.239288330078125,1060000,NFG
2011-07-18,70.27999877929688,70.55000305175781,69.44999694824219,70.48999786376953,51.22476577758789,460600,NFG
2011-07-19,71.08000183105469,72.38999938964844,71.08000183105469,72.25,52.50374221801758,334900,NFG
2011-07-20,72.30999755859375,72.45999908447266,71.31999969482422,71.66999816894531,52.08226013183594,348400,NFG
2011-07-21,72.1500015258789,73.11000061035156,71.80000305175781,72.69999694824219,52.83076095581055,229600,NFG
2011-07-22,72.7699966430664,73.95999908447266,72.5,73.69999694824219,53.55745315551758,388900,NFG
2011-07-25,72.80999755859375,74.58999633789062,72.76000213623047,73.81999969482422,53.6446418762207,535900,NFG
2011-07-26,73.70999908447266,74.1500015258789,73.54000091552734,73.73999786376953,53.58652114868164,427200,NFG
2011-07-27,73.62000274658203,74.0199966430664,72.44999694824219,73.05000305175781,53.08510971069336,808500,NFG
2011-07-28,73.0199966430664,73.61000061035156,72.5199966430664,72.72000122070312,52.84531021118164,517000,NFG
2011-07-29,71.88999938964844,73.04000091552734,71.41000366210938,72.37999725341797,52.598228454589844,265000,NFG
2011-08-01,73.22000122070312,73.75,71.80999755859375,72.33000183105469,52.56187438964844,448400,NFG
2011-08-02,71.88999938964844,72.80000305175781,70.05999755859375,70.12999725341797,50.963157653808594,480000,NFG
2011-08-03,70.05999755859375,70.38999938964844,68.47000122070312,69.98999786376953,50.86141586303711,383400,NFG
2011-08-04,69.0,69.12999725341797,62.970001220703125,63.279998779296875,45.98528289794922,995300,NFG
2011-08-05,63.91999816894531,65.08000183105469,53.099998474121094,58.47999954223633,42.49715042114258,3276700,NFG
2011-08-08,56.63999938964844,57.400001525878906,53.869998931884766,53.88999938964844,39.16161346435547,1019500,NFG
2011-08-09,54.869998931884766,58.09000015258789,53.13999938964844,58.02000045776367,42.16287612915039,947700,NFG
2011-08-10,56.650001525878906,58.970001220703125,56.130001068115234,56.380001068115234,40.97108459472656,685000,NFG
2011-08-11,56.65999984741211,59.83000183105469,56.310001373291016,59.06999969482422,42.9258918762207,421100,NFG
2011-08-12,59.709999084472656,60.099998474121094,58.400001525878906,58.880001068115234,42.78782653808594,319900,NFG
2011-08-15,59.529998779296875,61.34000015258789,59.5099983215332,61.0,44.32842254638672,407500,NFG
2011-08-16,60.20000076293945,60.91999816894531,59.61000061035156,60.310001373291016,43.82699966430664,591600,NFG
2011-08-17,60.779998779296875,61.31999969482422,60.06999969482422,60.310001373291016,43.82699966430664,452900,NFG
2011-08-18,58.61000061035156,58.79999923706055,55.77000045776367,56.36000061035156,40.956573486328125,632400,NFG
2011-08-19,55.810001373291016,57.18000030517578,55.220001220703125,55.31999969482422,40.2007942199707,501500,NFG
2011-08-22,56.86000061035156,56.86000061035156,54.459999084472656,54.86000061035156,39.86651611328125,501700,NFG
2011-08-23,54.650001525878906,56.63999938964844,54.529998779296875,56.63999938964844,41.16002655029297,567300,NFG
2011-08-24,56.47999954223633,58.2400016784668,56.33000183105469,58.040000915527344,42.17741394042969,385900,NFG
2011-08-25,58.5099983215332,58.95000076293945,56.18000030517578,56.810001373291016,41.283573150634766,572000,NFG
2011-08-26,56.380001068115234,58.130001068115234,55.0,58.029998779296875,42.170143127441406,410600,NFG
2011-08-29,59.220001220703125,61.279998779296875,59.20000076293945,61.18000030517578,44.459224700927734,443900,NFG
2011-08-30,60.900001525878906,61.90999984741211,60.7400016784668,61.209999084472656,44.48102951049805,374000,NFG
2011-08-31,61.560001373291016,62.849998474121094,60.81999969482422,61.349998474121094,44.582763671875,509400,NFG
2011-09-01,61.720001220703125,62.81999969482422,61.56999969482422,61.93000030517578,45.004249572753906,457800,NFG
2011-09-02,60.40999984741211,61.45000076293945,60.25,60.31999969482422,43.834266662597656,340700,NFG
2011-09-06,58.86000061035156,60.130001068115234,58.16999816894531,60.0,43.60173034667969,426100,NFG
2011-09-07,60.95000076293945,62.130001068115234,60.75,62.130001068115234,45.149593353271484,616400,NFG
2011-09-08,61.79999923706055,63.22999954223633,61.41999816894531,62.75,45.60014724731445,1113000,NFG
2011-09-09,61.959999084472656,62.04999923706055,58.04999923706055,58.099998474121094,42.221012115478516,1162900,NFG
2011-09-12,57.31999969482422,57.9900016784668,56.279998779296875,57.380001068115234,41.697776794433594,708000,NFG
2011-09-13,57.77000045776367,58.880001068115234,57.29999923706055,58.619998931884766,42.598873138427734,516500,NFG
2011-09-14,59.060001373291016,60.290000915527344,58.06999969482422,59.65999984741211,43.35464859008789,384300,NFG
2011-09-15,60.150001525878906,60.220001220703125,58.68000030517578,59.06999969482422,42.9258918762207,453300,NFG
2011-09-16,59.459999084472656,60.43000030517578,58.72999954223633,59.09000015258789,42.940433502197266,761300,NFG
2011-09-19,57.900001525878906,58.540000915527344,57.15999984741211,58.09000015258789,42.213741302490234,752800,NFG
2011-09-20,58.529998779296875,58.54999923706055,56.16999816894531,56.25,40.876617431640625,1133800,NFG
2011-09-21,56.459999084472656,57.5,55.130001068115234,55.13999938964844,40.06999969482422,680600,NFG
2011-09-22,53.849998474121094,56.04999923706055,50.470001220703125,51.849998474121094,37.67915344238281,1054400,NFG
2011-09-23,51.7400016784668,52.400001525878906,50.779998779296875,51.720001220703125,37.58469009399414,979900,NFG
2011-09-26,52.13999938964844,52.970001220703125,50.5,52.86000061035156,38.41312026977539,831900,NFG
2011-09-27,53.869998931884766,54.459999084472656,52.849998474121094,53.22999954223633,38.6820068359375,415300,NFG
2011-09-28,52.970001220703125,53.2400016784668,50.22999954223633,50.310001373291016,36.805503845214844,502000,NFG
2011-09-29,51.66999816894531,51.66999816894531,49.90999984741211,51.18000030517578,37.44197463989258,460000,NFG
2011-09-30,50.11000061035156,50.68000030517578,48.66999816894531,48.68000030517578,35.613059997558594,732800,NFG
2011-10-03,48.52000045776367,49.09000015258789,46.150001525878906,46.18000030517578,33.78411865234375,1070200,NFG
2011-10-04,45.72999954223633,48.02000045776367,44.5099983215332,47.86000061035156,35.01314926147461,893800,NFG
2011-10-05,48.150001525878906,49.86000061035156,46.91999816894531,49.599998474121094,36.28609085083008,613800,NFG
2011-10-06,49.439998626708984,51.540000915527344,49.119998931884766,51.290000915527344,37.52245330810547,486600,NFG
2011-10-07,52.650001525878906,53.459999084472656,51.630001068115234,51.91999816894531,37.98333740234375,958700,NFG
2011-10-10,53.2599983215332,54.5,52.91999816894531,53.68000030517578,39.27092361450195,678000,NFG
2011-10-11,53.11000061035156,54.0,52.58000183105469,52.9900016784668,38.766117095947266,511800,NFG
2011-10-12,53.61000061035156,54.290000915527344,52.9900016784668,53.06999969482422,38.824649810791016,495900,NFG
2011-10-13,52.5,54.880001068115234,52.18000030517578,54.58000183105469,39.92932891845703,743400,NFG
2011-10-14,55.47999954223633,55.599998474121094,54.099998474121094,55.150001525878906,40.34632873535156,520400,NFG
2011-10-17,54.9900016784668,56.18000030517578,54.849998474121094,55.56999969482422,40.65360641479492,734000,NFG
2011-10-18,55.63999938964844,57.459999084472656,54.65999984741211,56.90999984741211,41.63389587402344,759400,NFG
2011-10-19,56.630001068115234,57.54999923706055,56.209999084472656,56.439998626708984,41.290069580078125,682900,NFG
2011-10-20,56.29999923706055,56.880001068115234,55.0,56.470001220703125,41.31201934814453,385700,NFG
2011-10-21,57.189998626708984,58.2599983215332,57.189998626708984,58.20000076293945,42.57763671875,568500,NFG
2011-10-24,58.27000045776367,60.029998779296875,58.09000015258789,59.58000183105469,43.58720397949219,793900,NFG
2011-10-25,59.189998626708984,59.439998626708984,57.939998626708984,58.209999084472656,42.584957122802734,609600,NFG
2011-10-26,58.939998626708984,59.5,57.880001068115234,59.09000015258789,43.22873306274414,541300,NFG
2011-10-27,61.0,64.11000061035156,60.79999923706055,63.58000183105469,46.51350784301758,1170300,NFG
2011-10-28,62.790000915527344,63.439998626708984,62.529998779296875,62.709999084472656,45.877037048339844,382300,NFG
2011-10-31,61.43000030517578,62.45000076293945,60.79999923706055,61.290000915527344,44.838191986083984,436700,NFG
2011-11-01,59.09000015258789,62.2400016784668,58.119998931884766,60.7599983215332,44.45045852661133,1618800,NFG
2011-11-02,61.88999938964844,62.369998931884766,60.7400016784668,61.20000076293945,44.772342681884766,530500,NFG
2011-11-03,61.970001220703125,64.19000244140625,61.41999816894531,63.58000183105469,46.51350784301758,452300,NFG
2011-11-04,63.25,63.25,60.290000915527344,61.119998931884766,44.713829040527344,737600,NFG
2011-11-07,61.40999984741211,61.70000076293945,59.560001373291016,60.77000045776367,44.45777893066406,514500,NFG
2011-11-08,60.97999954223633,60.97999954223633,59.86000061035156,60.63999938964844,44.362674713134766,695600,NFG
2011-11-09,58.93000030517578,59.54999923706055,58.150001525878906,58.400001525878906,42.72394943237305,487700,NFG
2011-11-10,59.34000015258789,59.599998474121094,57.81999969482422,58.470001220703125,42.775150299072266,623600,NFG
2011-11-11,59.20000076293945,59.709999084472656,58.970001220703125,59.189998626708984,43.30188751220703,338900,NFG
2011-11-14,58.900001525878906,59.43000030517578,58.220001220703125,59.27000045776367,43.360416412353516,440700,NFG
2011-11-15,59.40999984741211,60.209999084472656,58.939998626708984,59.84000015258789,43.77740478515625,275400,NFG
2011-11-16,59.369998931884766,60.31999969482422,58.869998931884766,59.16999816894531,43.28725814819336,418600,NFG
2011-11-17,59.0,59.779998779296875,58.400001525878906,58.709999084472656,42.95073318481445,424300,NFG
2011-11-18,59.099998474121094,59.13999938964844,58.2400016784668,58.790000915527344,43.00925827026367,223600,NFG
2011-11-21,57.7400016784668,58.15999984741211,55.56999969482422,56.61000061035156,41.4144401550293,530300,NFG
2011-11-22,56.33000183105469,57.02000045776367,55.540000915527344,55.91999816894531,40.909645080566406,647500,NFG
2011-11-23,55.4900016784668,55.5,53.43000030517578,53.7400016784668,39.31481170654297,476100,NFG
2011-11-25,53.65999984741211,54.15999984741211,53.43000030517578,53.65999984741211,39.256290435791016,142500,NFG
2011-11-28,55.45000076293945,55.86000061035156,54.029998779296875,54.5099983215332,39.87812423706055,429500,NFG
2011-11-29,54.720001220703125,56.47999954223633,54.720001220703125,56.209999084472656,41.121803283691406,538700,NFG
2011-11-30,59.08000183105469,59.08000183105469,57.2599983215332,57.95000076293945,42.39473342895508,529700,NFG
2011-12-01,57.68000030517578,59.0,57.599998474121094,58.02000045776367,42.44594955444336,340100,NFG
2011-12-02,58.630001068115234,59.13999938964844,58.06999969482422,58.7599983215332,42.98731994628906,407800,NFG
2011-12-05,59.58000183105469,60.13999938964844,58.70000076293945,59.130001068115234,43.25799560546875,462000,NFG
2011-12-06,57.040000915527344,59.849998474121094,56.91999816894531,59.380001068115234,43.440887451171875,535200,NFG
2011-12-07,58.810001373291016,59.59000015258789,58.25,59.540000915527344,43.55793762207031,715200,NFG
2011-12-08,58.81999969482422,59.209999084472656,57.84000015258789,58.029998779296875,42.453269958496094,608500,NFG
2011-12-09,58.150001525878906,59.75,57.970001220703125,59.65999984741211,43.64573287963867,469200,NFG
2011-12-12,58.84000015258789,59.060001373291016,57.099998474121094,57.779998779296875,42.27037048339844,359300,NFG
2011-12-13,58.25,58.97999954223633,56.380001068115234,56.81999969482422,41.568058013916016,392800,NFG
2011-12-14,56.66999816894531,56.66999816894531,54.90999984741211,54.90999984741211,40.170753479003906,379300,NFG
2011-12-15,55.31999969482422,56.11000061035156,55.11000061035156,55.529998779296875,40.624332427978516,325100,NFG
2011-12-16,55.689998626708984,56.369998931884766,55.04999923706055,55.439998626708984,40.558494567871094,628800,NFG
2011-12-19,55.900001525878906,56.2400016784668,53.939998626708984,54.029998779296875,39.52695846557617,350000,NFG
2011-12-20,55.119998931884766,56.5099983215332,55.029998779296875,56.040000915527344,40.997432708740234,290100,NFG
2011-12-21,55.58000183105469,56.02000045776367,54.560001373291016,55.220001220703125,40.39753341674805,647300,NFG
2011-12-22,55.189998626708984,55.91999816894531,54.810001373291016,55.2400016784668,40.41217803955078,491000,NFG
2011-12-23,55.310001373291016,56.0099983215332,55.310001373291016,55.90999984741211,40.902320861816406,233000,NFG
2011-12-27,55.68000030517578,56.650001525878906,55.40999984741211,56.459999084472656,41.304683685302734,185100,NFG
2011-12-28,56.060001373291016,56.34000015258789,55.16999816894531,55.220001220703125,40.65315628051758,252900,NFG
2011-12-29,53.220001220703125,56.25,53.220001220703125,56.15999984741211,41.345191955566406,261500,NFG
2011-12-30,56.209999084472656,56.47999954223633,55.56999969482422,55.58000183105469,40.91819763183594,298400,NFG
2012-01-03,56.63999938964844,56.970001220703125,55.68000030517578,55.75,41.04332733154297,386200,NFG
2012-01-04,55.58000183105469,55.70000076293945,54.709999084472656,55.209999084472656,40.64579772949219,463000,NFG
2012-01-05,54.880001068115234,55.2599983215332,54.29999923706055,54.61000061035156,40.204063415527344,458500,NFG
2012-01-06,54.5,54.79999923706055,52.810001373291016,53.20000076293945,39.166019439697266,735200,NFG
2012-01-09,53.529998779296875,53.529998779296875,52.470001220703125,53.11000061035156,39.099754333496094,330400,NFG
2012-01-10,53.61000061035156,54.20000076293945,53.2400016784668,53.7400016784668,39.56357192993164,561200,NFG
2012-01-11,53.459999084472656,53.56999969482422,50.209999084472656,50.33000183105469,37.053123474121094,845200,NFG
2012-01-12,50.25,50.290000915527344,48.70000076293945,48.72999954223633,35.875186920166016,955400,NFG
2012-01-13,48.27000045776367,49.349998474121094,48.02000045776367,49.349998474121094,36.331634521484375,793800,NFG
2012-01-17,49.709999084472656,49.9900016784668,48.7599983215332,49.029998779296875,36.09605026245117,536300,NFG
2012-01-18,49.029998779296875,50.27000045776367,48.810001373291016,50.27000045776367,37.008949279785156,454200,NFG
2012-01-19,50.33000183105469,50.380001068115234,48.29999923706055,48.43000030517578,35.654327392578125,813200,NFG
2012-01-20,48.560001373291016,48.970001220703125,48.25,48.75,35.88991928100586,391600,NFG
2012-01-23,48.939998626708984,51.130001068115234,48.86000061035156,50.310001373291016,37.038387298583984,585900,NFG
2012-01-24,50.08000183105469,50.47999954223633,49.61000061035156,50.33000183105469,37.053123474121094,481400,NFG
2012-01-25,50.349998474121094,52.02000045776367,49.68000030517578,51.939998626708984,38.238399505615234,608900,NFG
2012-01-26,52.33000183105469,52.33000183105469,50.599998474121094,50.7400016784668,37.3549690246582,505300,NFG
2012-01-27,50.650001525878906,50.7400016784668,49.93000030517578,50.560001373291016,37.222450256347656,415200,NFG
2012-01-30,50.20000076293945,50.59000015258789,49.02000045776367,50.2400016784668,36.986854553222656,405600,NFG
2012-01-31,50.56999969482422,50.970001220703125,50.0,50.279998779296875,37.01629638671875,573500,NFG
2012-02-01,50.81999969482422,50.90999984741211,50.150001525878906,50.79999923706055,37.39912033081055,443900,NFG
2012-02-02,50.86000061035156,51.540000915527344,50.220001220703125,50.369998931884766,37.08256912231445,526500,NFG
2012-02-03,50.310001373291016,51.15999984741211,49.75,50.130001068115234,36.90587615966797,1027200,NFG
2012-02-06,49.81999969482422,50.25,49.81999969482422,50.18000030517578,36.942684173583984,715100,NFG
2012-02-07,50.099998474121094,50.130001068115234,49.40999984741211,49.630001068115234,36.53778839111328,590600,NFG
2012-02-08,49.68000030517578,49.91999816894531,48.869998931884766,49.22999954223633,36.24330139160156,453900,NFG
2012-02-09,49.25,49.459999084472656,48.43000030517578,48.5,35.70586395263672,733000,NFG
2012-02-10,48.040000915527344,48.310001373291016,47.58000183105469,47.880001068115234,35.249420166015625,673100,NFG
2012-02-13,48.369998931884766,48.7599983215332,47.38999938964844,47.650001525878906,35.08008575439453,562700,NFG
2012-02-14,47.619998931884766,47.709999084472656,47.220001220703125,47.58000183105469,35.028564453125,958800,NFG
2012-02-15,47.77000045776367,47.880001068115234,46.9900016784668,47.189998626708984,34.741432189941406,644800,NFG
2012-02-16,47.279998779296875,47.619998931884766,46.849998474121094,47.380001068115234,34.881309509277344,1271500,NFG
2012-02-17,47.650001525878906,48.88999938964844,47.540000915527344,48.689998626708984,35.84574890136719,1178100,NFG
2012-02-21,49.06999969482422,49.220001220703125,48.5099983215332,48.68000030517578,35.8383903503418,499600,NFG
2012-02-22,48.7400016784668,49.11000061035156,48.400001525878906,48.599998474121094,35.77948760986328,405500,NFG
2012-02-23,48.45000076293945,49.939998626708984,48.45000076293945,49.880001068115234,36.721824645996094,784200,NFG
2012-02-24,49.9900016784668,50.63999938964844,49.790000915527344,50.310001373291016,37.038387298583984,599600,NFG
2012-02-27,50.0099983215332,50.70000076293945,49.77000045776367,50.52000045776367,37.1929931640625,782000,NFG
2012-02-28,50.66999816894531,50.75,50.2400016784668,50.599998474121094,37.251895904541016,754400,NFG
2012-02-29,50.77000045776367,50.900001525878906,49.81999969482422,50.33000183105469,37.053123474121094,630500,NFG
2012-03-01,50.400001525878906,50.970001220703125,50.0,50.720001220703125,37.340232849121094,729600,NFG
2012-03-02,50.970001220703125,51.52000045776367,48.88999938964844,49.15999984741211,36.1917610168457,973600,NFG
2012-03-05,49.0,49.060001373291016,48.20000076293945,48.619998931884766,35.79420852661133,761000,NFG
2012-03-06,48.18000030517578,48.2400016784668,47.630001068115234,48.150001525878906,35.44820785522461,762700,NFG
2012-03-07,48.36000061035156,48.75,47.31999969482422,48.75,35.88991928100586,3472100,NFG
2012-03-08,48.86000061035156,50.2599983215332,48.86000061035156,50.130001068115234,36.90587615966797,977000,NFG
2012-03-09,50.36000061035156,51.2599983215332,49.849998474121094,50.900001525878906,37.47277069091797,717400,NFG
2012-03-12,50.900001525878906,51.2599983215332,50.52000045776367,50.65999984741211,37.29607009887695,731700,NFG
2012-03-13,51.060001373291016,51.060001373291016,50.13999938964844,50.880001068115234,37.45804214477539,522300,NFG
2012-03-14,50.810001373291016,51.099998474121094,49.560001373291016,49.70000076293945,36.589324951171875,617000,NFG
2012-03-15,49.79999923706055,49.91999816894531,49.08000183105469,49.310001373291016,36.30219650268555,895900,NFG
2012-03-16,49.279998779296875,50.31999969482422,49.220001220703125,49.9900016784668,36.802818298339844,630400,NFG
2012-03-19,50.029998779296875,50.630001068115234,49.79999923706055,50.099998474121094,36.883792877197266,440800,NFG
2012-03-20,49.869998931884766,49.97999954223633,49.41999816894531,49.52000045776367,36.4567985534668,303000,NFG
2012-03-21,49.650001525878906,49.720001220703125,48.959999084472656,49.279998779296875,36.28010177612305,277000,NFG
2012-03-22,48.970001220703125,49.18000030517578,48.439998626708984,48.77000045776367,35.90464401245117,327600,NFG
2012-03-23,48.869998931884766,49.72999954223633,48.630001068115234,49.439998626708984,36.397884368896484,437100,NFG
2012-03-26,49.900001525878906,50.15999984741211,49.04999923706055,49.369998931884766,36.34636306762695,367800,NFG
2012-03-27,49.470001220703125,49.540000915527344,48.560001373291016,48.689998626708984,35.84574890136719,575600,NFG
2012-03-28,48.5,48.54999923706055,47.54999923706055,47.75,35.411903381347656,353600,NFG
2012-03-29,47.470001220703125,47.90999984741211,46.939998626708984,47.84000015258789,35.47864532470703,422700,NFG
2012-03-30,48.119998931884766,48.45000076293945,47.84000015258789,48.119998931884766,35.68629837036133,373800,NFG
2012-04-02,48.130001068115234,48.650001525878906,47.849998474121094,47.9900016784668,35.58987808227539,436300,NFG
2012-04-03,48.029998779296875,48.68000030517578,48.0,48.68000030517578,36.10160827636719,374500,NFG
2012-04-04,48.25,48.459999084472656,48.0,48.29999923706055,35.819786071777344,433400,NFG
2012-04-05,48.060001373291016,48.16999816894531,46.970001220703125,47.119998931884766,34.9446907043457,549400,NFG
2012-04-09,46.45000076293945,46.7599983215332,46.099998474121094,46.220001220703125,34.277252197265625,607700,NFG
2012-04-10,46.220001220703125,46.220001220703125,44.959999084472656,45.02000045776367,33.38730239868164,1195200,NFG
2012-04-11,45.43000030517578,45.61000061035156,44.2400016784668,44.27000045776367,32.831092834472656,895600,NFG
2012-04-12,44.2400016784668,45.470001220703125,44.18000030517578,45.08000183105469,33.43180465698242,498600,NFG
2012-04-13,45.029998779296875,45.15999984741211,44.189998626708984,44.34000015258789,32.88301467895508,463900,NFG
2012-04-16,44.59000015258789,45.02000045776367,44.45000076293945,44.720001220703125,33.16482925415039,380900,NFG
2012-04-17,45.0,46.040000915527344,44.959999084472656,45.869998931884766,34.017669677734375,668100,NFG
2012-04-18,45.61000061035156,45.79999923706055,44.86000061035156,45.709999084472656,33.899017333984375,551600,NFG
2012-04-19,45.70000076293945,45.9900016784668,44.93000030517578,45.119998931884766,33.46145248413086,528200,NFG
2012-04-20,45.33000183105469,45.90999984741211,45.2599983215332,45.849998474121094,34.002838134765625,413000,NFG
2012-04-23,45.349998474121094,45.349998474121094,44.27000045776367,44.599998474121094,33.075828552246094,784500,NFG
2012-04-24,44.560001373291016,45.63999938964844,44.4900016784668,45.22999954223633,33.54304122924805,339200,NFG
2012-04-25,45.630001068115234,46.2400016784668,45.40999984741211,46.08000183105469,34.17341613769531,463600,NFG
2012-04-26,45.95000076293945,46.630001068115234,45.70000076293945,46.0,34.11410140991211,625100,NFG
2012-04-27,46.18000030517578,46.720001220703125,45.599998474121094,46.540000915527344,34.51455307006836,809600,NFG
2012-04-30,46.40999984741211,47.369998931884766,46.0,47.31999969482422,35.09300231933594,917500,NFG
2012-05-01,47.2599983215332,48.279998779296875,47.189998626708984,47.619998931884766,35.315494537353516,560800,NFG
2012-05-02,47.34000015258789,47.34000015258789,45.939998626708984,46.119998931884766,34.20307540893555,437200,NFG
2012-05-03,46.11000061035156,46.66999816894531,45.560001373291016,45.790000915527344,33.95834732055664,580100,NFG
2012-05-04,46.15999984741211,48.16999816894531,45.41999816894531,46.77000045776367,34.68511962890625,789000,NFG
2012-05-07,45.91999816894531,46.630001068115234,45.439998626708984,46.380001068115234,34.39589309692383,576100,NFG
2012-05-08,46.040000915527344,46.40999984741211,45.34000015258789,46.099998474121094,34.188228607177734,888100,NFG
2012-05-09,45.52000045776367,46.34000015258789,45.18000030517578,46.029998779296875,34.13633346557617,811500,NFG
2012-05-10,46.45000076293945,46.560001373291016,45.650001525878906,45.79999923706055,33.965763092041016,457800,NFG
2012-05-11,45.52000045776367,46.47999954223633,45.52000045776367,45.72999954223633,33.913848876953125,345300,NFG
2012-05-14,45.38999938964844,45.619998931884766,45.11000061035156,45.220001220703125,33.53562545776367,253700,NFG
2012-05-15,45.09000015258789,45.20000076293945,44.099998474121094,44.220001220703125,32.79402160644531,578300,NFG
2012-05-16,44.439998626708984,44.81999969482422,43.90999984741211,43.970001220703125,32.60860824584961,403800,NFG
2012-05-17,43.95000076293945,43.97999954223633,42.810001373291016,42.84000015258789,31.770587921142578,622500,NFG
2012-05-18,43.040000915527344,43.2400016784668,42.72999954223633,42.790000915527344,31.73351287841797,409700,NFG
2012-05-21,42.84000015258789,43.63999938964844,42.52000045776367,43.5099983215332,32.267459869384766,518000,NFG
2012-05-22,43.68000030517578,43.93000030517578,43.38999938964844,43.720001220703125,32.42321014404297,660300,NFG
2012-05-23,43.380001068115234,43.4900016784668,42.25,42.95000076293945,31.852174758911133,566000,NFG
2012-05-24,43.099998474121094,43.470001220703125,42.41999816894531,42.869998931884766,31.792835235595703,608500,NFG
2012-05-25,42.95000076293945,43.459999084472656,42.95000076293945,43.369998931884766,32.16364669799805,422000,NFG
2012-05-29,43.75,44.5,43.619998931884766,44.040000915527344,32.6605110168457,535300,NFG
2012-05-30,43.65999984741211,44.040000915527344,42.540000915527344,42.79999923706055,31.74093246459961,456400,NFG
2012-05-31,42.79999923706055,43.5099983215332,41.97999954223633,43.22999954223633,32.0598258972168,720600,NFG
2012-06-01,42.470001220703125,43.41999816894531,42.40999984741211,43.13999938964844,31.993080139160156,834300,NFG
2012-06-04,43.43000030517578,43.43000030517578,41.56999969482422,42.16999816894531,31.273706436157227,699600,NFG
2012-06-05,41.880001068115234,42.790000915527344,41.880001068115234,42.70000076293945,31.666770935058594,341800,NFG
2012-06-06,43.099998474121094,44.470001220703125,43.029998779296875,44.470001220703125,32.97942352294922,429100,NFG
2012-06-07,44.09000015258789,45.59000015258789,44.09000015258789,44.959999084472656,33.34281539916992,3002300,NFG
2012-06-08,44.86000061035156,45.13999938964844,44.13999938964844,44.970001220703125,33.3502197265625,688100,NFG
2012-06-11,45.310001373291016,45.369998931884766,43.650001525878906,43.720001220703125,32.42321014404297,403700,NFG
2012-06-12,43.90999984741211,44.20000076293945,43.529998779296875,44.18000030517578,32.764347076416016,396300,NFG
2012-06-13,44.09000015258789,44.20000076293945,43.209999084472656,43.40999984741211,32.193302154541016,305200,NFG
2012-06-14,43.52000045776367,44.4900016784668,43.459999084472656,43.90999984741211,32.564109802246094,470100,NFG
2012-06-15,44.18000030517578,44.970001220703125,44.0,44.63999938964844,33.105491638183594,629200,NFG
2012-06-18,44.45000076293945,45.130001068115234,44.34000015258789,44.77000045776367,33.201900482177734,445200,NFG
2012-06-19,44.88999938964844,46.27000045776367,44.88999938964844,45.900001525878906,34.039920806884766,638100,NFG
2012-06-20,45.959999084472656,46.38999938964844,45.810001373291016,46.02000045776367,34.12892150878906,717400,NFG
2012-06-21,46.22999954223633,46.45000076293945,44.2400016784668,44.290000915527344,32.84592819213867,959100,NFG
2012-06-22,44.650001525878906,45.45000076293945,44.31999969482422,45.2599983215332,33.565284729003906,1037800,NFG
2012-06-25,44.369998931884766,44.77000045776367,43.81999969482422,44.18000030517578,32.764347076416016,506600,NFG
2012-06-26,44.220001220703125,45.43000030517578,44.02000045776367,45.310001373291016,33.602378845214844,583700,NFG
2012-06-27,45.33000183105469,47.310001373291016,44.95000076293945,47.189998626708984,35.28081130981445,954200,NFG
2012-06-28,46.7599983215332,47.45000076293945,46.52000045776367,47.45000076293945,35.475189208984375,598300,NFG
2012-06-29,48.41999816894531,48.43000030517578,46.66999816894531,46.97999954223633,35.123802185058594,1016300,NFG
2012-07-02,47.02000045776367,47.36000061035156,46.31999969482422,46.959999084472656,35.10884475708008,559100,NFG
2012-07-03,47.06999969482422,48.0,46.95000076293945,47.970001220703125,35.86396026611328,280400,NFG
2012-07-05,47.68000030517578,48.31999969482422,47.5,47.86000061035156,35.7817268371582,456400,NFG
2012-07-06,47.400001525878906,47.7599983215332,47.060001373291016,47.29999923706055,35.36305618286133,293000,NFG
2012-07-09,47.119998931884766,47.380001068115234,46.45000076293945,46.90999984741211,35.07148361206055,361700,NFG
2012-07-10,47.220001220703125,47.459999084472656,46.0099983215332,46.29999923706055,34.615421295166016,367800,NFG
2012-07-11,46.470001220703125,47.08000183105469,46.099998474121094,46.52000045776367,34.77989196777344,443300,NFG
2012-07-12,46.22999954223633,46.5,45.560001373291016,46.31999969482422,34.630367279052734,395900,NFG
2012-07-13,46.63999938964844,47.849998474121094,46.5099983215332,47.779998779296875,35.7219123840332,552700,NFG
2012-07-16,47.45000076293945,48.29999923706055,47.130001068115234,48.130001068115234,35.983585357666016,743400,NFG
2012-07-17,48.150001525878906,49.27000045776367,47.5099983215332,49.13999938964844,36.73869705200195,930300,NFG
2012-07-18,49.04999923706055,50.06999969482422,48.93000030517578,49.7400016784668,37.1872673034668,625900,NFG
2012-07-19,49.880001068115234,49.95000076293945,49.15999984741211,49.66999816894531,37.13493728637695,437400,NFG
2012-07-20,49.45000076293945,50.279998779296875,49.13999938964844,49.95000076293945,37.34428024291992,2077000,NFG
2012-07-23,49.18000030517578,49.619998931884766,48.880001068115234,49.470001220703125,36.98541259765625,334700,NFG
2012-07-24,49.5,49.59000015258789,48.209999084472656,48.689998626708984,36.402259826660156,320400,NFG
2012-07-25,48.86000061035156,48.88999938964844,48.099998474121094,48.25,36.07330322265625,515100,NFG
2012-07-26,48.40999984741211,48.5,47.790000915527344,48.099998474121094,35.96114730834961,672600,NFG
2012-07-27,48.400001525878906,48.9900016784668,47.95000076293945,48.7599983215332,36.454593658447266,460600,NFG
2012-07-30,48.68000030517578,49.650001525878906,48.61000061035156,49.45000076293945,36.970455169677734,333100,NFG
2012-07-31,49.38999938964844,49.630001068115234,48.75,48.939998626708984,36.589168548583984,399200,NFG
2012-08-01,49.060001373291016,49.84000015258789,48.38999938964844,48.65999984741211,36.379825592041016,307600,NFG
2012-08-02,48.61000061035156,48.65999984741211,47.15999984741211,47.88999938964844,35.80414962768555,351900,NFG
2012-08-03,49.47999954223633,50.880001068115234,49.220001220703125,49.380001068115234,36.91813278198242,801300,NFG
2012-08-06,49.77000045776367,51.16999816894531,49.4900016784668,50.959999084472656,38.09938430786133,568900,NFG
2012-08-07,51.29999923706055,52.790000915527344,51.2400016784668,51.959999084472656,38.84701919555664,582500,NFG
2012-08-08,52.06999969482422,52.20000076293945,51.29999923706055,51.72999954223633,38.6750602722168,242000,NFG
2012-08-09,51.79999923706055,52.150001525878906,51.5099983215332,51.779998779296875,38.712459564208984,320400,NFG
2012-08-10,51.470001220703125,52.029998779296875,51.470001220703125,51.70000076293945,38.65263366699219,547200,NFG
2012-08-13,51.599998474121094,51.81999969482422,50.90999984741211,51.099998474121094,38.20405578613281,433900,NFG
2012-08-14,51.40999984741211,51.5,50.59000015258789,50.75,37.942378997802734,375400,NFG
2012-08-15,50.77000045776367,50.939998626708984,50.59000015258789,50.70000076293945,37.90500259399414,362200,NFG
2012-08-16,50.63999938964844,50.90999984741211,50.63999938964844,50.77000045776367,37.95733642578125,371200,NFG
2012-08-17,50.86000061035156,51.04999923706055,50.439998626708984,50.63999938964844,37.86013412475586,270600,NFG
2012-08-20,50.63999938964844,50.68000030517578,50.310001373291016,50.56999969482422,37.80781555175781,400500,NFG
2012-08-21,50.66999816894531,51.56999969482422,50.41999816894531,50.56999969482422,37.80781555175781,463800,NFG
2012-08-22,50.56999969482422,50.959999084472656,49.790000915527344,50.31999969482422,37.620906829833984,265600,NFG
2012-08-23,50.31999969482422,50.459999084472656,49.0,49.20000076293945,36.78355407714844,314900,NFG
2012-08-24,48.91999816894531,50.18000030517578,48.91999816894531,49.95000076293945,37.34428024291992,272200,NFG
2012-08-27,50.06999969482422,50.939998626708984,49.72999954223633,50.34000015258789,37.635860443115234,343500,NFG
2012-08-28,50.34000015258789,50.7599983215332,50.029998779296875,50.459999084472656,37.72556686401367,244700,NFG
2012-08-29,50.599998474121094,50.790000915527344,50.290000915527344,50.439998626708984,37.71062088012695,207400,NFG
2012-08-30,50.11000061035156,50.43000030517578,49.59000015258789,49.810001373291016,37.239601135253906,192700,NFG
2012-08-31,50.209999084472656,50.209999084472656,49.63999938964844,49.900001525878906,37.3068962097168,177300,NFG
2012-09-04,49.91999816894531,50.970001220703125,49.81999969482422,50.90999984741211,38.0620002746582,341000,NFG
2012-09-05,50.93000030517578,51.189998626708984,50.63999938964844,50.97999954223633,38.114341735839844,252400,NFG
2012-09-06,51.279998779296875,51.560001373291016,51.0,51.470001220703125,38.480682373046875,348900,NFG
2012-09-07,51.560001373291016,51.779998779296875,51.36000061035156,51.439998626708984,38.458255767822266,175000,NFG
2012-09-10,51.5,52.560001373291016,51.439998626708984,52.279998779296875,39.08625793457031,294400,NFG
2012-09-11,52.650001525878906,52.86000061035156,52.36000061035156,52.70000076293945,39.400264739990234,229700,NFG
2012-09-12,52.77000045776367,53.15999984741211,52.2599983215332,52.9900016784668,39.617088317871094,232500,NFG
2012-09-13,53.06999969482422,53.630001068115234,52.540000915527344,53.470001220703125,39.975948333740234,190700,NFG
2012-09-14,53.470001220703125,54.9900016784668,53.33000183105469,54.540000915527344,40.775917053222656,255700,NFG
2012-09-17,54.2400016784668,54.459999084472656,53.31999969482422,53.38999938964844,39.9161262512207,211000,NFG
2012-09-18,53.2400016784668,53.36000061035156,52.560001373291016,52.900001525878906,39.54979705810547,294100,NFG
2012-09-19,52.849998474121094,53.11000061035156,52.5,53.060001373291016,39.669403076171875,192800,NFG
2012-09-20,52.83000183105469,53.33000183105469,52.619998931884766,53.18000030517578,39.759132385253906,175700,NFG
2012-09-21,53.470001220703125,54.13999938964844,53.310001373291016,54.04999923706055,40.40956115722656,574900,NFG
2012-09-24,54.04999923706055,54.38999938964844,53.54999923706055,54.18000030517578,40.50676345825195,253900,NFG
2012-09-25,54.470001220703125,54.470001220703125,53.560001373291016,53.61000061035156,40.08061218261719,301200,NFG
2012-09-26,53.5099983215332,53.5099983215332,52.380001068115234,52.619998931884766,39.610130310058594,514800,NFG
2012-09-27,52.83000183105469,54.47999954223633,52.75,53.79999923706055,40.4984016418457,325500,NFG
2012-09-28,53.459999084472656,54.150001525878906,53.25,54.040000915527344,40.67906188964844,445800,NFG
2012-10-01,54.04999923706055,54.08000183105469,52.709999084472656,52.83000183105469,39.76822280883789,481200,NFG
2012-10-02,52.959999084472656,53.290000915527344,52.869998931884766,53.25,40.084381103515625,276300,NFG
2012-10-03,53.400001525878906,53.65999984741211,52.86000061035156,53.279998779296875,40.106956481933594,301100,NFG
2012-10-04,53.459999084472656,53.84000015258789,52.91999816894531,53.61000061035156,40.355377197265625,294000,NFG
2012-10-05,53.77000045776367,53.77000045776367,52.61000061035156,52.68000030517578,39.655303955078125,296400,NFG
2012-10-08,52.5,52.709999084472656,51.75,52.09000015258789,39.21117401123047,335500,NFG
2012-10-09,52.09000015258789,52.369998931884766,51.189998626708984,51.90999984741211,39.075679779052734,314000,NFG
2012-10-10,51.939998626708984,52.20000076293945,51.150001525878906,51.220001220703125,38.5562744140625,210700,NFG
2012-10-11,51.560001373291016,52.540000915527344,51.369998931884766,52.33000183105469,39.391849517822266,454000,NFG
2012-10-12,52.369998931884766,52.369998931884766,50.77000045776367,50.86000061035156,38.28528594970703,440300,NFG
2012-10-15,51.15999984741211,52.150001525878906,50.810001373291016,52.04999923706055,39.18106460571289,416400,NFG
2012-10-16,52.290000915527344,53.36000061035156,51.93000030517578,52.33000183105469,39.391849517822266,374700,NFG
2012-10-17,52.31999969482422,53.88999938964844,52.11000061035156,53.75,40.46076583862305,455100,NFG
2012-10-18,53.66999816894531,54.290000915527344,53.5099983215332,53.900001525878906,40.57368087768555,337200,NFG
2012-10-19,53.790000915527344,54.209999084472656,52.2400016784668,52.959999084472656,39.86608123779297,1669800,NFG
2012-10-22,52.810001373291016,52.9900016784668,52.29999923706055,52.75,39.7079963684082,266200,NFG
2012-10-23,52.16999816894531,53.209999084472656,51.22999954223633,52.849998474121094,39.78327941894531,384100,NFG
2012-10-24,53.0,53.029998779296875,52.16999816894531,52.529998779296875,39.54240417480469,251900,NFG
2012-10-25,52.790000915527344,52.93000030517578,52.04999923706055,52.900001525878906,39.8209114074707,236600,NFG
2012-10-26,52.95000076293945,53.70000076293945,52.650001525878906,53.43000030517578,40.21987533569336,252800,NFG
2012-10-31,53.38999938964844,53.52000045776367,52.52000045776367,52.70000076293945,39.67035675048828,234900,NFG
2012-11-01,52.83000183105469,54.290000915527344,52.70000076293945,53.790000915527344,40.49087142944336,531600,NFG
2012-11-02,54.470001220703125,55.65999984741211,52.959999084472656,53.0099983215332,39.90372085571289,496700,NFG
2012-11-05,53.06999969482422,53.849998474121094,52.95000076293945,53.65999984741211,40.393009185791016,180000,NFG
2012-11-06,53.900001525878906,54.61000061035156,53.75,54.310001373291016,40.88230895996094,225700,NFG
2012-11-07,53.75,54.25,51.900001525878906,52.75,39.7079963684082,381900,NFG
2012-11-08,53.209999084472656,53.209999084472656,51.93000030517578,51.97999954223633,39.128387451171875,252500,NFG
2012-11-09,51.790000915527344,52.619998931884766,51.279998779296875,51.68000030517578,38.902549743652344,321000,NFG
2012-11-12,51.68000030517578,52.0,51.04999923706055,51.5,38.76706314086914,165300,NFG
2012-11-13,51.189998626708984,52.08000183105469,51.0099983215332,51.41999816894531,38.70683288574219,192600,NFG
2012-11-14,51.630001068115234,51.900001525878906,50.38999938964844,50.560001373291016,38.05946731567383,233400,NFG
2012-11-15,50.439998626708984,50.959999084472656,49.02000045776367,49.099998474121094,36.960426330566406,538800,NFG
2012-11-16,49.04999923706055,50.689998626708984,49.0,50.36000061035156,37.908912658691406,371600,NFG
2012-11-19,50.779998779296875,51.459999084472656,50.779998779296875,51.459999084472656,38.736942291259766,299400,NFG
2012-11-20,51.279998779296875,51.54999923706055,50.84000015258789,51.54999923706055,38.80469512939453,232500,NFG
2012-11-21,51.68000030517578,51.880001068115234,51.279998779296875,51.58000183105469,38.827274322509766,413600,NFG
2012-11-23,51.70000076293945,52.33000183105469,51.689998626708984,52.2400016784668,39.324100494384766,111600,NFG
2012-11-26,51.97999954223633,52.5099983215332,51.63999938964844,51.849998474121094,39.030521392822266,263600,NFG
2012-11-27,51.849998474121094,52.0099983215332,51.56999969482422,51.709999084472656,38.92512512207031,237900,NFG
2012-11-28,51.45000076293945,51.939998626708984,50.900001525878906,51.90999984741211,39.075679779052734,296900,NFG
2012-11-29,52.2400016784668,52.52000045776367,51.86000061035156,52.09000015258789,39.21117401123047,350600,NFG
2012-11-30,52.09000015258789,52.59000015258789,51.7400016784668,52.08000183105469,39.20365524291992,413800,NFG
2012-12-03,52.459999084472656,52.4900016784668,51.720001220703125,52.209999084472656,39.30150604248047,275600,NFG
2012-12-04,52.400001525878906,52.5,51.630001068115234,51.9900016784668,39.13590621948242,189300,NFG
2012-12-05,52.060001373291016,52.54999923706055,51.58000183105469,52.45000076293945,39.48217010498047,226100,NFG
2012-12-06,52.209999084472656,53.06999969482422,52.13999938964844,52.65999984741211,39.64025115966797,252000,NFG
2012-12-07,52.619998931884766,52.97999954223633,52.27000045776367,52.83000183105469,39.76822280883789,213100,NFG
2012-12-10,52.7599983215332,53.77000045776367,52.7599983215332,53.439998626708984,40.22740173339844,460000,NFG
2012-12-11,53.65999984741211,53.84000015258789,52.939998626708984,53.369998931884766,40.174713134765625,287400,NFG
2012-12-12,53.40999984741211,53.720001220703125,53.2599983215332,53.369998931884766,40.174713134765625,268800,NFG
2012-12-13,53.11000061035156,53.349998474121094,52.52000045776367,53.20000076293945,40.322509765625,684200,NFG
2012-12-14,52.939998626708984,53.099998474121094,52.599998474121094,52.77000045776367,39.996585845947266,314200,NFG
2012-12-17,52.880001068115234,53.52000045776367,52.83000183105469,53.400001525878906,40.4741096496582,304500,NFG
2012-12-18,53.470001220703125,53.599998474121094,52.619998931884766,53.290000915527344,40.39072036743164,586000,NFG
2012-12-19,53.400001525878906,53.400001525878906,52.689998626708984,52.77000045776367,39.996585845947266,291700,NFG
2012-12-20,52.88999938964844,53.29999923706055,52.58000183105469,53.15999984741211,40.292179107666016,334900,NFG
2012-12-21,52.90999984741211,52.90999984741211,51.56999969482422,52.09000015258789,39.4811897277832,1053700,NFG
2012-12-24,52.040000915527344,52.040000915527344,51.34000015258789,51.4900016784668,39.026432037353516,175600,NFG
2012-12-26,51.56999969482422,52.06999969482422,50.779998779296875,50.83000183105469,38.52619171142578,195300,NFG
2012-12-27,50.880001068115234,51.029998779296875,49.90999984741211,50.529998779296875,38.298789978027344,237600,NFG
2012-12-28,50.40999984741211,50.790000915527344,49.9900016784668,50.2400016784668,38.079002380371094,283900,NFG
2012-12-31,50.08000183105469,50.880001068115234,49.47999954223633,50.689998626708984,38.42005920410156,269700,NFG
2013-01-02,51.66999816894531,51.880001068115234,50.34000015258789,50.91999816894531,38.594398498535156,712300,NFG
2013-01-03,50.91999816894531,51.61000061035156,50.630001068115234,50.939998626708984,38.60956573486328,390200,NFG
2013-01-04,51.150001525878906,51.34000015258789,50.869998931884766,51.06999969482422,38.70808792114258,377400,NFG
2013-01-07,50.7400016784668,50.7400016784668,49.75,49.84000015258789,37.77582550048828,453400,NFG
2013-01-08,49.66999816894531,50.09000015258789,49.2400016784668,49.5099983215332,37.52570343017578,278800,NFG
2013-01-09,49.4900016784668,49.65999984741211,48.689998626708984,48.900001525878906,37.0633544921875,481600,NFG
2013-01-10,49.11000061035156,49.2599983215332,48.5099983215332,48.689998626708984,36.90419006347656,358700,NFG
2013-01-11,48.95000076293945,49.18000030517578,48.66999816894531,49.099998474121094,37.21493911743164,388700,NFG
2013-01-14,48.970001220703125,49.5099983215332,48.970001220703125,49.400001525878906,37.44231414794922,290500,NFG
2013-01-15,49.099998474121094,49.849998474121094,49.04999923706055,49.84000015258789,37.77582550048828,416200,NFG
2013-01-16,49.84000015258789,49.93000030517578,49.459999084472656,49.779998779296875,37.730350494384766,415100,NFG
2013-01-17,49.93000030517578,50.83000183105469,49.7599983215332,50.689998626708984,38.42005920410156,390600,NFG
2013-01-18,50.779998779296875,51.209999084472656,50.34000015258789,51.209999084472656,38.81420135498047,583100,NFG
2013-01-22,51.880001068115234,53.97999954223633,51.880001068115234,53.7400016784668,40.73179244995117,1160600,NFG
2013-01-23,53.810001373291016,54.290000915527344,53.470001220703125,54.040000915527344,40.959190368652344,1032100,NFG
2013-01-24,53.970001220703125,54.06999969482422,53.2599983215332,53.5,40.54989242553711,377600,NFG
2013-01-25,53.84000015258789,53.880001068115234,52.779998779296875,53.619998931884766,40.640838623046875,458000,NFG
2013-01-28,53.84000015258789,54.31999969482422,53.130001068115234,53.959999084472656,40.89854431152344,393700,NFG
2013-01-29,53.900001525878906,54.54999923706055,53.880001068115234,54.5099983215332,41.315399169921875,442900,NFG
2013-01-30,54.63999938964844,54.900001525878906,54.5,54.630001068115234,41.4063720703125,304100,NFG
2013-01-31,54.54999923706055,54.56999969482422,54.099998474121094,54.400001525878906,41.232032775878906,496300,NFG
2013-02-01,54.59000015258789,55.4900016784668,54.40999984741211,55.400001525878906,41.9899787902832,486200,NFG
2013-02-04,55.04999923706055,55.220001220703125,54.630001068115234,54.63999938964844,41.413944244384766,329200,NFG
2013-02-05,54.72999954223633,55.91999816894531,54.72999954223633,55.65999984741211,42.18705749511719,411500,NFG
2013-02-06,55.45000076293945,56.59000015258789,55.099998474121094,56.349998474121094,42.71002197265625,483200,NFG
2013-02-07,56.27000045776367,56.880001068115234,56.09000015258789,56.880001068115234,43.11174011230469,463800,NFG
2013-02-08,57.0,57.869998931884766,55.630001068115234,56.0099983215332,42.45233154296875,697900,NFG
2013-02-11,56.18000030517578,56.77000045776367,55.880001068115234,56.619998931884766,42.914669036865234,527500,NFG
2013-02-12,56.650001525878906,56.97999954223633,56.4900016784668,56.91999816894531,43.14204406738281,440300,NFG
2013-02-13,57.09000015258789,58.380001068115234,57.0099983215332,58.349998474121094,44.22590637207031,620100,NFG
2013-02-14,58.119998931884766,58.939998626708984,57.900001525878906,58.099998474121094,44.036415100097656,496200,NFG
2013-02-15,58.040000915527344,58.16999816894531,57.59000015258789,57.790000915527344,43.80147171020508,366900,NFG
2013-02-19,57.97999954223633,59.04999923706055,57.849998474121094,58.560001373291016,44.38507080078125,678700,NFG
2013-02-20,58.65999984741211,58.900001525878906,57.70000076293945,57.88999938964844,43.877254486083984,428100,NFG
2013-02-21,57.7599983215332,58.130001068115234,56.66999816894531,57.2599983215332,43.399757385253906,488600,NFG
2013-02-22,57.52000045776367,58.0,57.38999938964844,57.95000076293945,43.9227409362793,349200,NFG
2013-02-25,58.22999954223633,58.2400016784668,56.630001068115234,56.630001068115234,42.9222526550293,494500,NFG
2013-02-26,57.029998779296875,57.31999969482422,56.31999969482422,57.06999969482422,43.2557373046875,375800,NFG
2013-02-27,56.9900016784668,57.90999984741211,56.849998474121094,57.79999923706055,43.80904769897461,373300,NFG
2013-02-28,57.65999984741211,58.68000030517578,57.52000045776367,58.189998626708984,44.10463333129883,412700,NFG
2013-03-01,57.900001525878906,58.459999084472656,56.970001220703125,58.36000061035156,44.23347854614258,661800,NFG
2013-03-04,58.22999954223633,58.68000030517578,58.0099983215332,58.59000015258789,44.40781021118164,416800,NFG
2013-03-05,58.939998626708984,58.970001220703125,58.369998931884766,58.59000015258789,44.40781021118164,417100,NFG
2013-03-06,58.720001220703125,58.77000045776367,58.290000915527344,58.75,44.529083251953125,297300,NFG
2013-03-07,58.709999084472656,59.150001525878906,58.459999084472656,58.939998626708984,44.673095703125,257700,NFG
2013-03-08,59.25,59.2599983215332,58.630001068115234,59.150001525878906,44.83226776123047,281400,NFG
2013-03-11,59.09000015258789,59.61000061035156,58.810001373291016,59.599998474121094,45.173336029052734,227200,NFG
2013-03-12,59.54999923706055,59.9900016784668,59.380001068115234,59.4900016784668,45.08995819091797,465800,NFG
2013-03-13,59.529998779296875,59.72999954223633,58.970001220703125,59.0,44.71857452392578,535800,NFG
2013-03-14,59.18000030517578,59.400001525878906,58.95000076293945,59.16999816894531,44.8474235534668,651300,NFG
2013-03-15,59.18000030517578,60.599998474121094,58.959999084472656,60.029998779296875,45.499263763427734,617700,NFG
2013-03-18,59.400001525878906,59.7400016784668,59.209999084472656,59.439998626708984,45.052059173583984,211300,NFG
2013-03-19,59.56999969482422,59.790000915527344,59.02000045776367,59.58000183105469,45.158180236816406,185700,NFG
2013-03-20,59.84000015258789,60.88999938964844,59.779998779296875,60.779998779296875,46.067710876464844,302300,NFG
2013-03-21,60.5099983215332,61.290000915527344,60.15999984741211,60.41999816894531,45.79485321044922,341000,NFG
2013-03-22,60.66999816894531,60.810001373291016,60.29999923706055,60.33000183105469,45.72663879394531,254500,NFG
2013-03-25,60.4900016784668,61.18000030517578,60.400001525878906,60.619998931884766,45.946434020996094,192000,NFG
2013-03-26,60.5,60.95000076293945,60.060001373291016,60.77000045776367,46.339141845703125,241800,NFG
2013-03-27,60.34000015258789,60.88999938964844,59.959999084472656,60.88999938964844,46.430641174316406,181700,NFG
2013-03-28,60.93000030517578,61.439998626708984,60.66999816894531,61.349998474121094,46.78140640258789,284000,NFG
2013-04-01,61.25,61.25,60.220001220703125,61.060001373291016,46.56027603149414,236600,NFG
2013-04-02,61.0,61.349998474121094,60.56999969482422,61.209999084472656,46.674659729003906,277900,NFG
2013-04-03,60.47999954223633,60.47999954223633,58.11000061035156,58.560001373291016,44.65394592285156,885600,NFG
2013-04-04,58.529998779296875,58.83000183105469,57.939998626708984,58.83000183105469,44.859825134277344,374800,NFG
2013-04-05,58.209999084472656,58.970001220703125,58.0099983215332,58.68000030517578,44.745452880859375,453400,NFG
2013-04-08,58.709999084472656,59.77000045776367,58.459999084472656,59.77000045776367,45.57661056518555,627100,NFG
2013-04-09,59.77000045776367,60.09000015258789,58.9900016784668,59.9900016784668,45.744380950927734,436400,NFG
2013-04-10,60.06999969482422,60.7400016784668,59.88999938964844,60.5,46.13325500488281,813300,NFG
2013-04-11,60.470001220703125,60.880001068115234,60.13999938964844,60.5,46.13325500488281,723500,NFG
2013-04-12,60.2400016784668,60.59000015258789,60.040000915527344,60.2599983215332,45.95024871826172,378600,NFG
2013-04-15,60.2400016784668,60.400001525878906,56.970001220703125,57.290000915527344,43.68552780151367,991700,NFG
2013-04-16,58.0,58.77000045776367,57.59000015258789,58.619998931884766,44.69969940185547,522300,NFG
2013-04-17,58.25,58.41999816894531,56.79999923706055,58.38999938964844,44.524314880371094,732900,NFG
2013-04-18,58.54999923706055,58.939998626708984,57.529998779296875,58.20000076293945,44.379425048828125,595700,NFG
2013-04-19,58.220001220703125,59.36000061035156,58.09000015258789,58.95000076293945,44.951332092285156,1014900,NFG
2013-04-22,59.08000183105469,59.29999923706055,57.97999954223633,59.02000045776367,45.00471115112305,537500,NFG
2013-04-23,59.33000183105469,59.36000061035156,58.380001068115234,58.869998931884766,44.89033126831055,442600,NFG
2013-04-24,59.58000183105469,60.52000045776367,59.38999938964844,60.470001220703125,46.11037826538086,887200,NFG
2013-04-25,60.41999816894531,62.150001525878906,59.150001525878906,61.209999084472656,46.674659729003906,598400,NFG
2013-04-26,61.15999984741211,61.45000076293945,60.7400016784668,61.02000045776367,46.52976608276367,442400,NFG
2013-04-29,61.16999816894531,62.720001220703125,61.0,62.560001373291016,47.70408630371094,778100,NFG
2013-04-30,62.439998626708984,62.72999954223633,62.029998779296875,62.720001220703125,47.826087951660156,378200,NFG
2013-05-01,62.54999923706055,62.61000061035156,61.47999954223633,62.130001068115234,47.37618637084961,1007700,NFG
2013-05-02,62.27000045776367,62.34000015258789,61.75,62.18000030517578,47.4143180847168,766700,NFG
2013-05-03,62.34000015258789,63.2400016784668,61.61000061035156,62.02000045776367,47.29230880737305,477200,NFG
2013-05-06,61.959999084472656,62.22999954223633,61.70000076293945,61.95000076293945,47.238929748535156,566500,NFG
2013-05-07,62.029998779296875,62.349998474121094,61.47999954223633,62.22999954223633,47.45243453979492,374600,NFG
2013-05-08,62.209999084472656,62.380001068115234,61.709999084472656,62.209999084472656,47.43718719482422,569000,NFG
2013-05-09,62.209999084472656,62.56999969482422,61.58000183105469,62.400001525878906,47.58207321166992,842200,NFG
2013-05-10,62.36000061035156,62.709999084472656,61.970001220703125,62.4900016784668,47.65069580078125,266700,NFG
2013-05-13,62.45000076293945,62.5,61.79999923706055,62.20000076293945,47.4295654296875,369200,NFG
2013-05-14,62.25,63.08000183105469,62.11000061035156,62.810001373291016,47.89470672607422,368100,NFG
2013-05-15,62.72999954223633,63.75,62.619998931884766,63.060001373291016,48.08534240722656,337200,NFG
2013-05-16,62.86000061035156,63.290000915527344,62.540000915527344,62.7400016784668,47.84133529663086,268700,NFG
2013-05-17,63.220001220703125,63.93000030517578,62.91999816894531,63.93000030517578,48.748741149902344,370600,NFG
2013-05-20,63.849998474121094,64.37000274658203,63.31999969482422,63.939998626708984,48.756370544433594,339200,NFG
2013-05-21,63.93000030517578,64.3499984741211,63.720001220703125,64.0,48.80213165283203,175400,NFG
2013-05-22,64.05999755859375,64.58000183105469,62.5,62.849998474121094,47.925209045410156,245200,NFG
2013-05-23,62.2599983215332,62.650001525878906,61.38999938964844,62.59000015258789,47.726959228515625,247100,NFG
2013-05-24,62.25,62.36000061035156,61.650001525878906,62.029998779296875,47.29994583129883,228500,NFG
2013-05-28,62.75,63.31999969482422,61.720001220703125,62.16999816894531,47.406700134277344,311400,NFG
2013-05-29,61.84000015258789,62.16999816894531,60.4900016784668,62.040000915527344,47.307552337646484,321500,NFG
2013-05-30,62.08000183105469,62.68000030517578,61.91999816894531,62.13999938964844,47.38380813598633,224700,NFG
2013-05-31,61.83000183105469,62.54999923706055,61.18000030517578,61.20000076293945,46.66703414916992,282600,NFG
2013-06-03,61.34000015258789,61.66999816894531,60.709999084472656,61.25,46.70515823364258,283300,NFG
2013-06-04,61.52000045776367,62.09000015258789,60.29999923706055,60.689998626708984,46.27814483642578,398400,NFG
2013-06-05,60.43000030517578,60.54999923706055,59.720001220703125,59.900001525878906,45.675750732421875,222700,NFG
2013-06-06,59.900001525878906,60.59000015258789,59.650001525878906,60.59000015258789,46.20188522338867,273000,NFG
2013-06-07,60.95000076293945,61.220001220703125,60.349998474121094,60.97999954223633,46.499271392822266,183200,NFG
2013-06-10,61.20000076293945,61.52000045776367,60.63999938964844,61.099998474121094,46.59077453613281,204700,NFG
2013-06-11,60.31999969482422,61.18000030517578,60.09000015258789,60.4900016784668,46.125633239746094,250900,NFG
2013-06-12,60.75,61.0099983215332,59.599998474121094,59.689998626708984,45.515602111816406,134700,NFG
2013-06-13,59.560001373291016,61.2400016784668,59.400001525878906,61.13999938964844,46.62127685546875,192600,NFG
2013-06-14,61.119998931884766,61.66999816894531,61.040000915527344,61.18000030517578,46.65177536010742,180800,NFG
2013-06-17,61.88999938964844,61.88999938964844,61.27000045776367,61.7599983215332,47.09405517578125,272900,NFG
2013-06-18,61.779998779296875,62.220001220703125,61.470001220703125,61.91999816894531,47.21605682373047,168200,NFG
2013-06-19,61.790000915527344,61.959999084472656,60.56999969482422,60.61000061035156,46.21713638305664,209100,NFG
2013-06-20,59.7400016784668,59.7400016784668,58.209999084472656,58.40999984741211,44.53956985473633,619700,NFG
2013-06-21,58.61000061035156,58.91999816894531,57.560001373291016,58.209999084472656,44.387062072753906,652000,NFG
2013-06-24,57.619998931884766,58.810001373291016,56.869998931884766,58.43000030517578,44.554813385009766,406600,NFG
2013-06-25,58.93000030517578,58.93000030517578,57.84000015258789,58.34000015258789,44.4861946105957,462200,NFG
2013-06-26,58.54999923706055,58.95000076293945,58.18000030517578,58.61000061035156,44.981197357177734,247300,NFG
2013-06-27,58.90999984741211,59.56999969482422,58.900001525878906,58.95000076293945,45.24213790893555,228700,NFG
2013-06-28,58.790000915527344,59.34000015258789,57.939998626708984,57.95000076293945,44.47468185424805,488000,NFG
2013-07-01,58.34000015258789,58.439998626708984,57.68000030517578,57.95000076293945,44.47468185424805,292000,NFG
2013-07-02,57.900001525878906,59.25,57.52000045776367,58.869998931884766,45.18074417114258,363300,NFG
2013-07-03,58.9900016784668,59.31999969482422,58.4900016784668,59.2599983215332,45.48006057739258,177400,NFG
2013-07-05,59.2599983215332,60.06999969482422,58.41999816894531,60.060001373291016,46.09403991699219,266900,NFG
2013-07-08,60.45000076293945,61.68000030517578,60.06999969482422,61.18000030517578,46.953590393066406,275800,NFG
2013-07-09,61.56999969482422,62.38999938964844,61.369998931884766,61.95000076293945,47.54454040527344,486800,NFG
2013-07-10,61.939998626708984,62.4900016784668,61.22999954223633,61.97999954223633,47.567562103271484,277000,NFG
2013-07-11,62.75,63.25,61.81999969482422,62.36000061035156,47.85919952392578,331200,NFG
2013-07-12,62.36000061035156,62.47999954223633,61.66999816894531,62.380001068115234,47.87455749511719,277400,NFG
2013-07-15,62.7599983215332,63.349998474121094,62.20000076293945,63.04999923706055,48.38874816894531,445500,NFG
2013-07-16,63.150001525878906,63.150001525878906,61.36000061035156,61.84000015258789,47.46011734008789,404100,NFG
2013-07-17,62.0099983215332,62.380001068115234,61.70000076293945,61.90999984741211,47.513851165771484,288700,NFG
2013-07-18,62.119998931884766,62.95000076293945,61.91999816894531,62.93000030517578,48.2966423034668,245000,NFG
2013-07-19,62.790000915527344,63.529998779296875,62.5099983215332,62.91999816894531,48.28897476196289,698000,NFG
2013-07-22,62.959999084472656,63.08000183105469,62.63999938964844,62.86000061035156,48.24293518066406,233300,NFG
2013-07-23,62.95000076293945,63.54999923706055,62.72999954223633,63.43000030517578,48.680381774902344,270600,NFG
2013-07-24,63.529998779296875,63.56999969482422,62.41999816894531,62.47999954223633,47.95128631591797,556800,NFG
2013-07-25,62.220001220703125,63.40999984741211,62.220001220703125,62.56999969482422,48.02037811279297,396700,NFG
2013-07-26,62.36000061035156,63.27000045776367,62.119998931884766,63.15999984741211,48.47316360473633,250800,NFG
2013-07-29,63.18000030517578,64.08000183105469,63.18000030517578,63.81999969482422,48.97969436645508,454400,NFG
2013-07-30,65.62999725341797,65.62999725341797,64.01000213623047,64.31999969482422,49.363433837890625,521500,NFG
2013-07-31,64.4800033569336,65.5199966430664,64.31999969482422,64.83000183105469,49.754844665527344,313700,NFG
2013-08-01,65.52999877929688,67.16000366210938,65.12999725341797,66.69000244140625,51.18234634399414,736400,NFG
2013-08-02,66.58000183105469,66.66999816894531,65.81999969482422,66.2300033569336,50.829315185546875,287000,NFG
2013-08-05,66.05999755859375,66.8499984741211,66.0,66.8499984741211,51.30512619018555,207900,NFG
2013-08-06,66.62000274658203,66.79000091552734,66.02999877929688,66.30999755859375,50.89070129394531,340700,NFG
2013-08-07,65.95999908447266,66.33000183105469,65.6500015258789,65.87000274658203,50.55300521850586,314800,NFG
2013-08-08,66.19000244140625,66.55000305175781,65.7300033569336,66.41999816894531,50.97511672973633,184200,NFG
2013-08-09,66.12000274658203,67.05000305175781,65.51000213623047,66.83000183105469,51.289772033691406,233400,NFG
2013-08-12,66.66999816894531,67.68000030517578,66.62999725341797,67.58000183105469,51.86538314819336,288900,NFG
2013-08-13,67.44000244140625,67.6500015258789,66.88999938964844,67.1500015258789,51.535362243652344,205900,NFG
2013-08-14,67.30000305175781,67.55999755859375,66.48999786376953,66.93000030517578,51.366519927978516,159200,NFG
2013-08-15,66.27999877929688,66.27999877929688,65.62999725341797,65.83999633789062,50.52997970581055,317500,NFG
2013-08-16,65.58000183105469,65.69999694824219,65.05999755859375,65.43000030517578,50.2153205871582,225100,NFG
2013-08-19,65.29000091552734,65.86000061035156,65.05999755859375,65.2699966430664,50.09252166748047,210300,NFG
2013-08-20,65.4000015258789,66.41999816894531,65.22000122070312,65.94999694824219,50.614402770996094,180000,NFG
2013-08-21,65.61000061035156,65.7699966430664,64.95999908447266,64.98999786376953,49.87763214111328,223000,NFG
2013-08-22,65.18000030517578,66.36000061035156,64.97000122070312,66.27999877929688,50.86767578125,167200,NFG
2013-08-23,66.4000015258789,66.91000366210938,66.01000213623047,66.80999755859375,51.2744255065918,154500,NFG
2013-08-26,67.0,67.36000061035156,66.52999877929688,66.69000244140625,51.18234634399414,185900,NFG
2013-08-27,65.97000122070312,66.68000030517578,65.79000091552734,66.05000305175781,50.6911506652832,193600,NFG
2013-08-28,65.7699966430664,67.2300033569336,65.7699966430664,66.95999908447266,51.389549255371094,280300,NFG
2013-08-29,66.88999938964844,67.41999816894531,66.4800033569336,66.91000366210938,51.35116958618164,233400,NFG
2013-08-30,66.9000015258789,66.9000015258789,65.19999694824219,65.27999877929688,50.10020065307617,283800,NFG
2013-09-03,66.12000274658203,66.12000274658203,64.6500015258789,65.44000244140625,50.222999572753906,694600,NFG
2013-09-04,65.4000015258789,66.26000213623047,65.11000061035156,66.08999633789062,50.72184371948242,246800,NFG
2013-09-05,66.08999633789062,66.22000122070312,65.62000274658203,65.72000122070312,50.437896728515625,495600,NFG
2013-09-06,65.73999786376953,66.3499984741211,65.37000274658203,65.69999694824219,50.422542572021484,208000,NFG
2013-09-09,65.9000015258789,66.16999816894531,65.55999755859375,66.01000213623047,50.66046142578125,280600,NFG
2013-09-10,66.4000015258789,66.41999816894531,65.68000030517578,66.30000305175781,50.883018493652344,222600,NFG
2013-09-11,66.26000213623047,66.26000213623047,64.8499984741211,65.25,50.077178955078125,263600,NFG
2013-09-12,65.33000183105469,65.5199966430664,65.11000061035156,65.37000274658203,50.16928482055664,149800,NFG
2013-09-13,65.48999786376953,66.62000274658203,65.48999786376953,66.19000244140625,50.79859161376953,188600,NFG
2013-09-16,67.36000061035156,67.51000213623047,66.0,66.0999984741211,50.729522705078125,371600,NFG
2013-09-17,66.1500015258789,67.12999725341797,66.11000061035156,66.61000061035156,51.12092971801758,244100,NFG
2013-09-18,66.6500015258789,68.0999984741211,66.3499984741211,67.69999694824219,51.95746994018555,289500,NFG
2013-09-19,67.91000366210938,68.30000305175781,67.33000183105469,67.47000122070312,51.780948638916016,340200,NFG
2013-09-20,67.95999908447266,68.05999755859375,66.95999908447266,67.12000274658203,51.51234817504883,469600,NFG
2013-09-23,67.0,68.38999938964844,66.87999725341797,68.20999908447266,52.348873138427734,319000,NFG
2013-09-24,68.18000030517578,68.38999938964844,67.51000213623047,67.86000061035156,52.08026123046875,382000,NFG
2013-09-25,68.16999816894531,68.6500015258789,67.76000213623047,68.54000091552734,52.60214614868164,421100,NFG
2013-09-26,68.29000091552734,68.72000122070312,67.9800033569336,68.3499984741211,52.74489974975586,412200,NFG
2013-09-27,68.33999633789062,69.2699966430664,68.13999938964844,68.30000305175781,52.706321716308594,400900,NFG
2013-09-30,67.94999694824219,68.81999969482422,67.2300033569336,68.76000213623047,53.06131362915039,585400,NFG
2013-10-01,68.86000061035156,69.93000030517578,68.31999969482422,68.9000015258789,53.169334411621094,662000,NFG
2013-10-02,68.63999938964844,68.63999938964844,67.0999984741211,67.43000030517578,52.034950256347656,508700,NFG
2013-10-03,67.0999984741211,67.20999908447266,66.19000244140625,66.43000030517578,51.263275146484375,507300,NFG
2013-10-04,66.68000030517578,67.41999816894531,66.51000213623047,66.8499984741211,51.587371826171875,266600,NFG
2013-10-07,66.45999908447266,67.0999984741211,66.3499984741211,66.41999816894531,51.25555419921875,326000,NFG
2013-10-08,66.47000122070312,67.33000183105469,66.01000213623047,66.1500015258789,51.04719161987305,271500,NFG
2013-10-09,66.25,66.6500015258789,65.2300033569336,65.44999694824219,50.50700759887695,368200,NFG
2013-10-10,66.11000061035156,66.94000244140625,65.95999908447266,66.80999755859375,51.5565071105957,243900,NFG
2013-10-11,66.69000244140625,67.58999633789062,66.54000091552734,67.3499984741211,51.97320556640625,354200,NFG
2013-10-14,67.01000213623047,67.31999969482422,65.98999786376953,67.26000213623047,51.90375518798828,352900,NFG
2013-10-15,67.45999908447266,67.58999633789062,65.93000030517578,66.05999755859375,50.977725982666016,357800,NFG
2013-10-16,66.38999938964844,66.98999786376953,65.91999816894531,66.86000061035156,51.59508514404297,566300,NFG
2013-10-17,66.6500015258789,67.66999816894531,66.30000305175781,67.55000305175781,52.1275520324707,485700,NFG
2013-10-18,67.9000015258789,68.8499984741211,67.54000091552734,68.6500015258789,52.97641372680664,1460500,NFG
2013-10-21,68.41000366210938,69.87999725341797,68.41000366210938,69.81999969482422,53.87928009033203,654400,NFG
2013-10-22,70.72000122070312,72.1500015258789,70.22000122070312,71.01000213623047,54.79759979248047,319500,NFG
2013-10-23,70.6500015258789,71.3499984741211,70.47000122070312,71.27999877929688,55.005958557128906,406100,NFG
2013-10-24,71.20999908447266,71.79000091552734,70.81999969482422,71.36000061035156,55.06768035888672,346900,NFG
2013-10-25,71.37000274658203,72.04000091552734,71.0,71.93000030517578,55.50755310058594,371100,NFG
2013-10-28,71.8499984741211,72.12999725341797,71.33000183105469,71.77999877929688,55.39180374145508,369100,NFG
2013-10-29,71.98999786376953,72.5199966430664,71.5999984741211,72.0,55.561561584472656,460000,NFG
2013-10-30,72.22000122070312,72.52999877929688,71.91999816894531,71.98999786376953,55.55384063720703,296600,NFG
2013-10-31,71.98999786376953,72.27999877929688,71.16999816894531,71.55000305175781,55.21430969238281,389900,NFG
2013-11-01,71.30000305175781,71.7699966430664,71.2300033569336,71.6500015258789,55.291473388671875,393200,NFG
2013-11-04,71.7699966430664,72.38999938964844,71.69000244140625,72.12000274658203,55.654170989990234,333400,NFG
2013-11-05,71.81999969482422,72.29000091552734,71.27999877929688,71.31999969482422,55.03681564331055,458500,NFG
2013-11-06,71.61000061035156,72.2300033569336,71.31999969482422,71.94000244140625,55.515254974365234,331600,NFG
2013-11-07,72.26000213623047,72.4000015258789,70.12000274658203,70.30999755859375,54.25739669799805,764900,NFG
2013-11-08,70.25,71.83000183105469,69.5999984741211,69.97000122070312,53.99503707885742,809200,NFG
2013-11-11,69.91000366210938,71.30999755859375,69.62000274658203,70.98999786376953,54.78215408325195,302800,NFG
2013-11-12,70.95999908447266,71.43000030517578,70.2699966430664,70.5,54.404029846191406,561000,NFG
2013-11-13,70.70999908447266,71.47000122070312,70.26000213623047,71.45999908447266,55.14485549926758,294900,NFG
2013-11-14,71.43000030517578,71.9800033569336,71.19999694824219,71.6500015258789,55.291473388671875,200600,NFG
2013-11-15,71.69999694824219,72.13999938964844,71.05000305175781,72.08999633789062,55.631019592285156,223500,NFG
2013-11-18,72.30999755859375,72.30999755859375,71.06999969482422,71.19000244140625,54.93651580810547,265600,NFG
2013-11-19,70.0,70.72000122070312,68.52999877929688,68.7699966430664,53.06901168823242,735500,NFG
2013-11-20,69.04000091552734,69.19000244140625,67.38999938964844,67.52999877929688,52.112117767333984,711200,NFG
2013-11-21,67.05000305175781,67.38999938964844,66.47000122070312,67.22000122070312,51.87289047241211,1338700,NFG
2013-11-22,67.22000122070312,68.2699966430664,66.9000015258789,68.0199966430664,52.490234375,400700,NFG
2013-11-25,68.16999816894531,68.41999816894531,67.68000030517578,68.0,52.47480392456055,364500,NFG
2013-11-26,68.12000274658203,68.61000061035156,67.58999633789062,68.22000122070312,52.64459228515625,388300,NFG
2013-11-27,68.29000091552734,68.30999755859375,67.5,67.87999725341797,52.38219451904297,267100,NFG
2013-11-29,67.94000244140625,68.20999908447266,67.47000122070312,67.4800033569336,52.07353591918945,127000,NFG
2013-12-02,67.4000015258789,68.12000274658203,66.5999984741211,67.55999755859375,52.1352653503418,365000,NFG
2013-12-03,67.51000213623047,68.48999786376953,67.30000305175781,68.11000061035156,52.5597038269043,337300,NFG
2013-12-04,67.7699966430664,68.31999969482422,66.97000122070312,68.2300033569336,52.65231704711914,344000,NFG
2013-12-05,68.29000091552734,68.83999633789062,67.66999816894531,68.7300033569336,53.03815841674805,323200,NFG
2013-12-06,69.54000091552734,69.69999694824219,68.73999786376953,69.20999908447266,53.40855026245117,285600,NFG
2013-12-09,69.43000030517578,69.76000213623047,68.68000030517578,69.52999877929688,53.655487060546875,311800,NFG
2013-12-10,69.31999969482422,69.88999938964844,68.91000366210938,69.80000305175781,53.86385726928711,448900,NFG
2013-12-11,69.69999694824219,69.69999694824219,68.75,69.0,53.24650573730469,751100,NFG
2013-12-12,69.11000061035156,69.8499984741211,68.94999694824219,69.4000015258789,53.55517578125,344900,NFG
2013-12-13,69.58999633789062,69.9800033569336,68.7699966430664,69.18000030517578,53.38539123535156,300800,NFG
2013-12-16,69.36000061035156,69.98999786376953,68.8499984741211,69.16000366210938,53.36996841430664,406200,NFG
2013-12-17,69.23999786376953,69.72000122070312,68.70999908447266,69.29000091552734,53.470279693603516,565600,NFG
2013-12-18,69.4800033569336,70.36000061035156,69.06999969482422,70.33999633789062,54.28056335449219,692600,NFG
2013-12-19,70.22000122070312,70.33999633789062,69.30000305175781,70.13999938964844,54.1262321472168,363300,NFG
2013-12-20,70.05999755859375,71.66999816894531,70.05999755859375,71.5999984741211,55.25288391113281,840400,NFG
2013-12-23,71.7699966430664,71.94999694824219,71.19000244140625,71.33000183105469,55.044532775878906,496400,NFG
2013-12-24,71.19000244140625,72.05000305175781,70.8499984741211,71.73999786376953,55.360923767089844,163900,NFG
2013-12-26,71.80999755859375,72.12000274658203,71.05000305175781,71.23999786376953,54.97507095336914,481300,NFG
2013-12-27,70.8499984741211,71.5999984741211,70.51000213623047,71.45999908447266,55.43667984008789,174000,NFG
2013-12-30,70.98999786376953,71.72000122070312,70.80000305175781,71.02999877929688,55.10308837890625,225800,NFG
2013-12-31,71.16999816894531,71.79000091552734,70.83999633789062,71.4000015258789,55.390113830566406,225500,NFG
2014-01-02,71.23999786376953,71.58999633789062,69.91999816894531,70.37000274658203,54.59107208251953,347300,NFG
2014-01-03,70.45999908447266,70.75,69.8499984741211,70.30000305175781,54.53676986694336,315000,NFG
2014-01-06,70.52999877929688,70.73999786376953,69.5,69.83999633789062,54.179908752441406,310700,NFG
2014-01-07,69.9000015258789,71.62999725341797,69.9000015258789,71.43000030517578,55.413414001464844,479300,NFG
2014-01-08,71.4000015258789,71.55000305175781,70.75,71.05999755859375,55.1263427734375,329200,NFG
2014-01-09,71.08000183105469,71.5,70.55999755859375,70.79000091552734,54.91689682006836,430000,NFG
2014-01-10,70.77999877929688,72.47000122070312,70.77999877929688,72.16999816894531,55.987464904785156,599500,NFG
2014-01-13,71.83000183105469,71.83000183105469,70.43000030517578,70.70999908447266,54.854835510253906,424500,NFG
2014-01-14,70.7699966430664,71.94999694824219,70.36000061035156,71.12000274658203,55.17291259765625,361300,NFG
2014-01-15,71.48999786376953,71.66999816894531,71.1500015258789,71.6500015258789,55.58406448364258,207500,NFG
2014-01-16,71.69000244140625,72.11000061035156,71.4000015258789,71.73999786376953,55.65388107299805,318700,NFG
2014-01-17,71.55000305175781,71.87000274658203,71.16999816894531,71.72000122070312,55.638370513916016,301200,NFG
2014-01-21,72.11000061035156,72.88999938964844,72.05000305175781,72.44000244140625,56.19691467285156,370600,NFG
2014-01-22,72.44999694824219,73.80999755859375,72.25,73.55999755859375,57.065773010253906,625000,NFG
2014-01-23,73.06999969482422,73.75,72.63999938964844,73.22000122070312,56.80202865600586,413500,NFG
2014-01-24,72.83000183105469,72.83000183105469,71.98999786376953,72.22000122070312,56.0262451171875,316300,NFG
2014-01-27,72.25,73.05999755859375,71.52999877929688,72.43000030517578,56.189170837402344,379000,NFG
2014-01-28,72.52999877929688,73.38999938964844,72.51000213623047,73.29000091552734,56.856327056884766,276800,NFG
2014-01-29,73.13999938964844,74.83000183105469,72.62000274658203,74.58000183105469,57.85708999633789,683600,NFG
2014-01-30,75.0,76.12999725341797,74.77999877929688,75.41000366210938,58.50096893310547,664800,NFG
2014-01-31,74.37999725341797,75.73999786376953,74.37000274658203,75.36000061035156,58.462188720703125,408000,NFG
2014-02-03,75.5,75.8499984741211,73.58000183105469,73.79000091552734,57.24422836303711,1022700,NFG
2014-02-04,74.37000274658203,74.62000274658203,73.36000061035156,74.23999786376953,57.59330368041992,692300,NFG
2014-02-05,74.23999786376953,74.58000183105469,73.51000213623047,74.08000183105469,57.46919250488281,521300,NFG
2014-02-06,74.05000305175781,75.44000244140625,73.79000091552734,75.37000274658203,58.469932556152344,450300,NFG
2014-02-07,74.9800033569336,75.72000122070312,73.98999786376953,74.94999694824219,58.144126892089844,744400,NFG
2014-02-10,73.87999725341797,74.79000091552734,73.13999938964844,73.95999908447266,57.376094818115234,728900,NFG
2014-02-11,74.27999877929688,74.68000030517578,73.44000244140625,74.37999725341797,57.70192337036133,573100,NFG
2014-02-12,74.44000244140625,74.9800033569336,74.2300033569336,74.69999694824219,57.95016098022461,440200,NFG
2014-02-13,74.37000274658203,75.81999969482422,74.05999755859375,75.7699966430664,58.7802619934082,320400,NFG
2014-02-14,75.66000366210938,75.77999877929688,74.91999816894531,75.43000030517578,58.516475677490234,338900,NFG
2014-02-18,75.30999755859375,76.58000183105469,75.1500015258789,76.55000305175781,59.385345458984375,506800,NFG
2014-02-19,76.41000366210938,77.05000305175781,75.51000213623047,75.55000305175781,58.60957717895508,360400,NFG
2014-02-20,75.61000061035156,76.8499984741211,75.33000183105469,76.37000274658203,59.245704650878906,358300,NFG
2014-02-21,76.70999908447266,76.98999786376953,75.7300033569336,75.83999633789062,58.834564208984375,502900,NFG
2014-02-24,75.93000030517578,76.80999755859375,75.69999694824219,75.94999694824219,58.91989517211914,387500,NFG
2014-02-25,75.97000122070312,76.3499984741211,75.4000015258789,75.9800033569336,58.943153381347656,295100,NFG
2014-02-26,76.05000305175781,76.16000366210938,75.2699966430664,75.33000183105469,58.43891143798828,474100,NFG
2014-02-27,75.27999877929688,75.76000213623047,74.62999725341797,74.87000274658203,58.08205032348633,318400,NFG
2014-02-28,75.0,75.2699966430664,74.52999877929688,75.12000274658203,58.275997161865234,466100,NFG
2014-03-03,74.6500015258789,75.05000305175781,73.13999938964844,73.5199966430664,57.0347785949707,739400,NFG
2014-03-04,74.0,74.69000244140625,73.76000213623047,74.18000030517578,57.54676818847656,546800,NFG
2014-03-05,74.1500015258789,74.52999877929688,73.56999969482422,73.97000122070312,57.38384246826172,401900,NFG
2014-03-06,73.97000122070312,74.16000366210938,73.13999938964844,73.33000183105469,56.887367248535156,310200,NFG
2014-03-07,73.83000183105469,73.83000183105469,72.9000015258789,73.44000244140625,56.97268295288086,394600,NFG
2014-03-10,73.47000122070312,73.83000183105469,73.27999877929688,73.52999877929688,57.04253005981445,364800,NFG
2014-03-11,73.5,73.58999633789062,72.83999633789062,73.0999984741211,56.70893859863281,319000,NFG
2014-03-12,72.73999786376953,73.5999984741211,72.73999786376953,73.30000305175781,56.86408996582031,383600,NFG
2014-03-13,73.29000091552734,74.08999633789062,73.29000091552734,73.5999984741211,57.09681701660156,295800,NFG
2014-03-14,73.30999755859375,75.44000244140625,73.16000366210938,75.31999969482422,58.43115997314453,597400,NFG
2014-03-17,75.7300033569336,75.98999786376953,75.2699966430664,75.5,58.57078552246094,556800,NFG
2014-03-18,75.5,75.9000015258789,75.1500015258789,75.25,58.37683868408203,315800,NFG
2014-03-19,75.36000061035156,75.36000061035156,74.13999938964844,74.31999969482422,57.65538024902344,253700,NFG
2014-03-20,73.83000183105469,73.83000183105469,71.05999755859375,71.06999969482422,55.13410949707031,1171700,NFG
2014-03-21,71.16000366210938,71.37000274658203,69.1500015258789,69.44999694824219,53.87736511230469,1949500,NFG
2014-03-24,70.05000305175781,70.69000244140625,68.81999969482422,69.41000366210938,53.84634780883789,689900,NFG
2014-03-25,69.97000122070312,71.2300033569336,69.80999755859375,71.22000122070312,55.250492095947266,576800,NFG
2014-03-26,71.76000213623047,71.76000213623047,68.87999725341797,68.94000244140625,53.48172378540039,889200,NFG
2014-03-27,68.3499984741211,69.2699966430664,68.12000274658203,68.91999816894531,53.758628845214844,517300,NFG
2014-03-28,68.93000030517578,69.5,68.61000061035156,69.05999755859375,53.867828369140625,347900,NFG
2014-03-31,69.25,70.19999694824219,69.08999633789062,70.04000091552734,54.63225555419922,513900,NFG
2014-04-01,70.0999984741211,70.16000366210938,69.19999694824219,69.5199966430664,54.226627349853516,469800,NFG
2014-04-02,69.94999694824219,70.02999877929688,69.48999786376953,69.73999786376953,54.398250579833984,345600,NFG
2014-04-03,70.05999755859375,70.94999694824219,69.94000244140625,70.62000274658203,55.08465576171875,364100,NFG
2014-04-04,71.08999633789062,71.62000274658203,69.80999755859375,69.88999938964844,54.51523971557617,513800,NFG
2014-04-07,69.72000122070312,70.70999908447266,69.58000183105469,69.7699966430664,54.42163848876953,436900,NFG
2014-04-08,69.80999755859375,70.9800033569336,69.52999877929688,70.70999908447266,55.154850006103516,305000,NFG
2014-04-09,70.73999786376953,71.02999877929688,70.23999786376953,70.98999786376953,55.37325668334961,259300,NFG
2014-04-10,70.9000015258789,71.41999816894531,69.37999725341797,69.80000305175781,54.44504165649414,442800,NFG
2014-04-11,69.54000091552734,70.3499984741211,68.66999816894531,68.7699966430664,53.64162063598633,465900,NFG
2014-04-14,69.05000305175781,69.54000091552734,68.5,69.12000274658203,53.91463851928711,388300,NFG
2014-04-15,69.19000244140625,69.73999786376953,68.66999816894531,69.55999755859375,54.257835388183594,454900,NFG
2014-04-16,70.04000091552734,70.83000183105469,69.63999938964844,70.62000274658203,55.08465576171875,473400,NFG
2014-04-17,70.62999725341797,70.72000122070312,69.68000030517578,69.9800033569336,54.58544921875,592800,NFG
2014-04-21,70.1500015258789,70.5,69.63999938964844,69.91000366210938,54.53084182739258,437300,NFG
2014-04-22,70.2300033569336,73.26000213623047,70.0999984741211,72.94000244140625,56.894287109375,1454300,NFG
2014-04-23,72.80999755859375,73.66999816894531,72.77999877929688,73.01000213623047,56.94890213012695,552600,NFG
2014-04-24,73.16000366210938,73.98999786376953,72.48999786376953,72.80999755859375,56.79289245605469,533500,NFG
2014-04-25,72.94000244140625,73.43000030517578,72.36000061035156,72.58000183105469,56.61349868774414,282000,NFG
2014-04-28,72.7300033569336,73.19000244140625,72.29000091552734,73.02999877929688,56.964481353759766,277000,NFG
2014-04-29,73.0999984741211,73.87999725341797,72.80000305175781,73.05999755859375,56.987884521484375,418500,NFG
2014-04-30,73.08999633789062,74.0199966430664,72.81999969482422,73.63999938964844,57.44029998779297,438400,NFG
2014-05-01,73.83000183105469,74.1500015258789,73.12999725341797,73.8499984741211,57.604103088378906,333100,NFG
2014-05-02,73.81999969482422,74.05000305175781,72.75,73.25,57.13609313964844,345800,NFG
2014-05-05,72.8499984741211,73.86000061035156,72.83000183105469,73.7699966430664,57.541709899902344,280800,NFG
2014-05-06,73.54000091552734,74.08999633789062,73.44999694824219,73.8499984741211,57.604103088378906,263300,NFG
2014-05-07,74.08000183105469,74.61000061035156,73.5199966430664,74.45999908447266,58.07992935180664,329600,NFG
2014-05-08,74.22000122070312,75.0,73.62999725341797,73.88999938964844,57.63529968261719,419400,NFG
2014-05-09,75.30000305175781,75.97000122070312,73.19999694824219,74.44000244140625,58.064300537109375,595600,NFG
2014-05-12,74.77999877929688,74.77999877929688,73.93000030517578,74.30999755859375,57.96290588378906,482500,NFG
2014-05-13,74.55000305175781,74.88999938964844,73.86000061035156,74.0199966430664,57.73670196533203,394700,NFG
2014-05-14,74.19000244140625,75.13999938964844,73.98999786376953,74.26000213623047,57.92391586303711,434400,NFG
2014-05-15,73.91999816894531,74.45999908447266,73.0999984741211,74.36000061035156,58.00191879272461,359300,NFG
2014-05-16,74.55999755859375,74.8499984741211,74.0999984741211,74.68000030517578,58.25151443481445,394300,NFG
2014-05-19,74.73999786376953,74.98999786376953,74.23999786376953,74.51000213623047,58.11893081665039,273300,NFG
2014-05-20,74.58000183105469,75.25,74.12999725341797,75.0999984741211,58.57912063598633,375900,NFG
2014-05-21,75.27999877929688,75.36000061035156,74.41999816894531,74.79000091552734,58.33732604980469,268400,NFG
2014-05-22,74.83999633789062,75.58000183105469,74.61000061035156,74.83999633789062,58.37635040283203,302300,NFG
2014-05-23,74.87999725341797,74.95999908447266,74.13999938964844,74.16999816894531,57.853721618652344,368400,NFG
2014-05-27,74.58999633789062,74.93000030517578,74.08000183105469,74.72000122070312,58.28270721435547,329000,NFG
2014-05-28,74.72000122070312,75.30000305175781,74.13999938964844,75.06999969482422,58.55573654174805,289500,NFG
2014-05-29,75.2699966430664,75.29000091552734,74.11000061035156,74.79000091552734,58.33732604980469,221300,NFG
2014-05-30,74.77999877929688,75.06999969482422,74.55000305175781,75.0,58.50112533569336,167900,NFG
2014-06-02,75.31999969482422,75.41000366210938,74.66999816894531,75.01000213623047,58.508934020996094,199400,NFG
2014-06-03,74.83000183105469,75.19000244140625,74.7699966430664,74.83000183105469,58.36853790283203,132200,NFG
2014-06-04,74.73999786376953,74.95999908447266,74.44000244140625,74.72000122070312,58.28270721435547,194700,NFG
2014-06-05,74.91000366210938,75.7300033569336,74.81999969482422,75.43000030517578,58.83652877807617,246900,NFG
2014-06-06,75.76000213623047,76.1500015258789,75.61000061035156,75.66999816894531,59.02372360229492,337800,NFG
2014-06-09,75.55000305175781,76.0999984741211,75.22000122070312,75.37000274658203,58.78971862792969,164800,NFG
2014-06-10,75.1500015258789,75.1500015258789,74.1500015258789,74.31999969482422,57.9707145690918,414100,NFG
2014-06-11,74.25,74.63999938964844,73.68000030517578,74.0999984741211,57.79909896850586,257900,NFG
2014-06-12,74.05999755859375,74.6500015258789,73.61000061035156,74.33999633789062,57.98630905151367,287700,NFG
2014-06-13,74.41000366210938,75.0999984741211,74.16000366210938,74.63999938964844,58.220306396484375,352500,NFG
2014-06-16,74.72000122070312,76.19999694824219,74.72000122070312,75.4000015258789,58.81312942504883,470500,NFG
2014-06-17,75.5199966430664,76.70999908447266,75.44000244140625,76.23999786376953,59.46832275390625,430700,NFG
2014-06-18,76.4000015258789,76.93000030517578,76.19999694824219,76.70999908447266,59.83494567871094,300700,NFG
2014-06-19,77.06999969482422,77.5,76.81999969482422,77.37999725341797,60.3575553894043,269900,NFG
2014-06-20,77.19000244140625,77.19000244140625,76.08000183105469,76.2300033569336,59.460548400878906,474700,NFG
2014-06-23,76.5999984741211,76.97000122070312,76.0,76.4800033569336,59.65553665161133,316600,NFG
2014-06-24,76.47000122070312,77.27999877929688,76.05999755859375,76.16999816894531,59.413726806640625,350500,NFG
2014-06-25,76.22000122070312,77.25,76.19000244140625,77.20999908447266,60.224952697753906,262600,NFG
2014-06-26,76.69999694824219,77.16000366210938,76.30999755859375,77.06999969482422,60.41701126098633,360900,NFG
2014-06-27,77.06999969482422,77.69000244140625,76.56999969482422,76.91000366210938,60.29158401489258,803500,NFG
2014-06-30,76.91000366210938,78.45999908447266,76.31999969482422,78.30000305175781,61.381263732910156,500100,NFG
2014-07-01,78.20999908447266,78.79000091552734,77.63999938964844,77.91999816894531,61.08334732055664,567400,NFG
2014-07-02,77.8499984741211,77.8499984741211,76.18000030517578,76.43000030517578,59.91529846191406,307300,NFG
2014-07-03,76.44999694824219,76.44999694824219,75.56999969482422,76.16999816894531,59.71148681640625,160600,NFG
2014-07-07,76.05000305175781,76.37000274658203,75.41999816894531,75.8499984741211,59.46060562133789,254800,NFG
2014-07-08,76.0,76.30000305175781,75.7300033569336,76.13999938964844,59.68795394897461,369900,NFG
2014-07-09,76.22000122070312,76.5,75.37999725341797,76.05999755859375,59.625247955322266,272500,NFG
2014-07-10,75.36000061035156,76.7699966430664,75.36000061035156,76.69000244140625,60.11913299560547,395900,NFG
2014-07-11,76.69999694824219,76.75,75.47000122070312,75.58999633789062,59.25680923461914,487300,NFG
2014-07-14,75.61000061035156,75.61000061035156,74.58999633789062,74.75,58.59830856323242,331700,NFG
2014-07-15,74.7699966430664,74.93000030517578,74.11000061035156,74.19000244140625,58.15930938720703,352500,NFG
2014-07-16,74.19000244140625,74.19999694824219,72.88999938964844,73.5999984741211,57.6967887878418,721900,NFG
2014-07-17,73.33000183105469,73.62000274658203,71.80000305175781,71.86000061035156,56.332759857177734,663300,NFG
2014-07-18,71.83000183105469,73.05000305175781,71.55000305175781,72.93000030517578,57.17156219482422,734900,NFG
2014-07-21,72.83999633789062,72.83999633789062,72.12999725341797,72.22000122070312,56.61497116088867,390400,NFG
2014-07-22,72.52999877929688,72.70999908447266,71.81999969482422,72.02999877929688,56.46605682373047,410800,NFG
2014-07-23,72.20999908447266,72.20999908447266,71.25,71.41999816894531,55.987857818603516,457600,NFG
2014-07-24,71.33999633789062,71.75,71.02999877929688,71.08000183105469,55.7213249206543,295100,NFG
2014-07-25,70.86000061035156,70.88999938964844,69.87000274658203,70.06999969482422,54.9295539855957,361200,NFG
2014-07-28,70.02999877929688,70.33000183105469,69.54000091552734,69.83999633789062,54.749244689941406,491200,NFG
2014-07-29,70.02999877929688,70.80999755859375,69.91000366210938,70.11000061035156,54.960914611816406,623400,NFG
2014-07-30,70.31999969482422,70.62000274658203,69.63999938964844,69.81999969482422,54.73357009887695,373500,NFG
2014-07-31,69.48999786376953,69.69999694824219,68.33000183105469,68.91000366210938,54.02019119262695,617800,NFG
2014-08-01,68.94000244140625,69.88999938964844,68.72000122070312,69.52999877929688,54.50623321533203,875300,NFG
2014-08-04,69.81999969482422,70.0,68.0999984741211,69.25,54.28671646118164,626900,NFG
2014-08-05,69.02999877929688,69.4800033569336,68.13999938964844,68.38999938964844,53.612552642822266,448600,NFG
2014-08-06,68.38999938964844,69.01000213623047,67.87000274658203,68.81999969482422,53.94963455200195,622200,NFG
2014-08-07,68.8499984741211,69.26000213623047,67.73999786376953,68.06999969482422,53.361690521240234,581300,NFG
2014-08-08,66.08000183105469,71.80999755859375,65.29000091552734,71.29000091552734,55.88594055175781,1704000,NFG
2014-08-11,71.66000366210938,72.11000061035156,70.75,71.69000244140625,56.199520111083984,1133800,NFG
2014-08-12,71.33999633789062,71.5999984741211,70.58000183105469,70.9000015258789,55.580204010009766,842500,NFG
2014-08-13,71.06999969482422,72.43000030517578,71.06999969482422,72.31999969482422,56.6933708190918,683200,NFG
2014-08-14,72.23999786376953,73.73999786376953,72.12000274658203,73.68000030517578,57.75949478149414,789500,NFG
2014-08-15,73.79000091552734,74.72000122070312,73.7300033569336,74.1500015258789,58.12795639038086,972800,NFG
2014-08-18,74.5199966430664,75.19000244140625,74.05999755859375,74.88999938964844,58.70806121826172,570400,NFG
2014-08-19,74.87999725341797,75.4800033569336,74.7300033569336,74.94999694824219,58.755104064941406,381100,NFG
2014-08-20,74.72000122070312,75.29000091552734,74.41999816894531,75.2300033569336,58.9745979309082,253300,NFG
2014-08-21,75.0999984741211,75.73999786376953,74.6500015258789,75.16999816894531,58.92756271362305,430800,NFG
2014-08-22,75.08000183105469,75.91000366210938,74.94000244140625,75.29000091552734,59.021636962890625,323000,NFG
2014-08-25,75.70999908447266,76.06999969482422,75.2699966430664,75.79000091552734,59.41357421875,270900,NFG
2014-08-26,75.69000244140625,76.30000305175781,75.02999877929688,75.19000244140625,58.94322204589844,278300,NFG
2014-08-27,75.37999725341797,76.18000030517578,75.25,76.12000274658203,59.672298431396484,304300,NFG
2014-08-28,75.6500015258789,76.31999969482422,75.36000061035156,76.18000030517578,59.71930694580078,380600,NFG
2014-08-29,76.19000244140625,76.48999786376953,75.81999969482422,76.44000244140625,59.92315673828125,350800,NFG
2014-09-02,76.33000183105469,77.05000305175781,75.55000305175781,76.25,59.774192810058594,494800,NFG
2014-09-03,76.30000305175781,76.54000091552734,75.83000183105469,76.18000030517578,59.71930694580078,337300,NFG
2014-09-04,76.08999633789062,76.33999633789062,75.2699966430664,75.63999938964844,59.29598617553711,751400,NFG
2014-09-05,75.73999786376953,76.5199966430664,75.58000183105469,76.48999786376953,59.96234893798828,683500,NFG
2014-09-08,76.3499984741211,76.86000061035156,75.62000274658203,76.80000305175781,60.205352783203125,551300,NFG
2014-09-09,76.41999816894531,76.80000305175781,75.55000305175781,75.66000366210938,59.311683654785156,316800,NFG
2014-09-10,75.83000183105469,75.91000366210938,75.01000213623047,75.20999908447266,58.95893096923828,260700,NFG
2014-09-11,74.87000274658203,75.66000366210938,74.51000213623047,75.43000030517578,59.131378173828125,354800,NFG
2014-09-12,75.08000183105469,75.2699966430664,73.05000305175781,73.58999633789062,57.688941955566406,422400,NFG
2014-09-15,73.5999984741211,73.91999816894531,73.12000274658203,73.55000305175781,57.65760040283203,332000,NFG
2014-09-16,73.5,74.73999786376953,73.20999908447266,74.4000015258789,58.32394790649414,471200,NFG
2014-09-17,74.41999816894531,74.79000091552734,73.5199966430664,73.80000305175781,57.85358428955078,284200,NFG
2014-09-18,73.95999908447266,73.95999908447266,72.23999786376953,72.5199966430664,56.850162506103516,419700,NFG
2014-09-19,72.56999969482422,72.87999725341797,72.11000061035156,72.58000183105469,56.897216796875,586700,NFG
2014-09-22,72.27999877929688,72.38999938964844,71.20999908447266,71.27999877929688,55.878089904785156,341800,NFG
2014-09-23,71.16999816894531,71.5199966430664,70.5199966430664,70.93000030517578,55.603729248046875,415900,NFG
2014-09-24,70.93000030517578,71.36000061035156,70.37000274658203,71.05000305175781,55.69779968261719,266900,NFG
2014-09-25,71.02999877929688,71.0999984741211,70.05999755859375,70.08999633789062,54.94520950317383,312700,NFG
2014-09-26,69.87000274658203,70.16000366210938,69.0,69.80000305175781,55.020103454589844,372700,NFG
2014-09-29,69.25,70.86000061035156,69.2300033569336,70.80000305175781,55.80837631225586,413500,NFG
2014-09-30,70.87000274658203,71.16999816894531,69.87000274658203,69.98999786376953,55.169883728027344,449700,NFG
2014-10-01,69.87999725341797,70.48999786376953,69.31999969482422,69.43000030517578,54.72846221923828,684000,NFG
2014-10-02,69.30999755859375,70.55999755859375,69.23999786376953,69.91000366210938,55.10681915283203,535900,NFG
2014-10-03,70.16000366210938,70.19000244140625,69.37999725341797,69.81999969482422,55.0358772277832,483100,NFG
2014-10-06,70.13999938964844,70.7699966430664,69.4800033569336,70.33999633789062,55.445762634277344,466300,NFG
2014-10-07,69.86000061035156,70.8499984741211,69.69999694824219,70.19999694824219,55.33540725708008,554200,NFG
2014-10-08,70.08999633789062,71.3499984741211,69.66999816894531,71.16000366210938,56.09214782714844,622700,NFG
2014-10-09,70.88999938964844,71.3499984741211,68.83000183105469,69.01000213623047,54.39738845825195,594500,NFG
2014-10-10,69.2300033569336,69.95999908447266,68.30999755859375,68.77999877929688,54.216094970703125,780800,NFG
2014-10-13,68.88999938964844,68.95999908447266,66.80999755859375,66.86000061035156,52.70263671875,589800,NFG
2014-10-14,67.05000305175781,67.77999877929688,66.27999877929688,67.25,53.01004409790039,942500,NFG
2014-10-15,66.25,66.9800033569336,64.30999755859375,65.70999908447266,51.79615783691406,886000,NFG
2014-10-16,64.70999908447266,67.37999725341797,64.6500015258789,67.05999755859375,52.86029815673828,842100,NFG
2014-10-17,67.80000305175781,67.98999786376953,66.23999786376953,66.66000366210938,52.54500198364258,866600,NFG
2014-10-20,66.6500015258789,67.80999755859375,66.30999755859375,67.6500015258789,53.32536315917969,458200,NFG
2014-10-21,67.94000244140625,69.08999633789062,67.68000030517578,68.83000183105469,54.25551223754883,408200,NFG
2014-10-22,68.73999786376953,69.26000213623047,68.33999633789062,68.37999725341797,53.90079879760742,439100,NFG
2014-10-23,69.05000305175781,70.05000305175781,68.62000274658203,69.44000244140625,54.73634719848633,447400,NFG
2014-10-24,69.4000015258789,69.77999877929688,68.68000030517578,68.91000366210938,54.31855392456055,424300,NFG
2014-10-27,68.33000183105469,68.83999633789062,67.5999984741211,68.26000213623047,53.806209564208984,577400,NFG
2014-10-28,68.3499984741211,69.31999969482422,67.9000015258789,69.25,54.58656311035156,330100,NFG
2014-10-29,69.22000122070312,69.9000015258789,67.76000213623047,68.79000091552734,54.22398376464844,542300,NFG
2014-10-30,68.55000305175781,68.81999969482422,67.30000305175781,68.08000183105469,53.6643180847168,564700,NFG
2014-10-31,68.2699966430664,69.38999938964844,67.5999984741211,69.2300033569336,54.57080841064453,615800,NFG
2014-11-03,69.44000244140625,70.44999694824219,69.11000061035156,69.55000305175781,54.82304382324219,542800,NFG
2014-11-04,69.30999755859375,69.4800033569336,68.61000061035156,68.97000122070312,54.36585998535156,437000,NFG
2014-11-05,69.05999755859375,70.1500015258789,68.83000183105469,70.13999938964844,55.288108825683594,559000,NFG
2014-11-06,70.1500015258789,70.54000091552734,69.37000274658203,70.45999908447266,55.54035186767578,803300,NFG
2014-11-07,69.66000366210938,72.16999816894531,69.0,71.45999908447266,56.32861328125,1037400,NFG
2014-11-10,71.45999908447266,71.9000015258789,70.23999786376953,70.70999908447266,55.737422943115234,674800,NFG
2014-11-11,70.68000030517578,70.94999694824219,70.12000274658203,70.66000366210938,55.69801712036133,374500,NFG
2014-11-12,70.16000366210938,70.37000274658203,69.54000091552734,70.0,55.17775344848633,559400,NFG
2014-11-13,70.16000366210938,70.5999984741211,69.41999816894531,69.91999816894531,55.11470413208008,394100,NFG
2014-11-14,69.83999633789062,70.37999725341797,68.97000122070312,69.11000061035156,54.47622299194336,351800,NFG
2014-11-17,69.08000183105469,69.0999984741211,68.06999969482422,68.97000122070312,54.36585998535156,476700,NFG
2014-11-18,68.87999725341797,69.41000366210938,68.4800033569336,68.87999725341797,54.294918060302734,368200,NFG
2014-11-19,68.6500015258789,69.16000366210938,68.37999725341797,69.11000061035156,54.47622299194336,393500,NFG
2014-11-20,68.80999755859375,69.62000274658203,68.70999908447266,69.41999816894531,54.72056198120117,326500,NFG
2014-11-21,70.1500015258789,70.26000213623047,69.26000213623047,69.8499984741211,55.059513092041016,268900,NFG
2014-11-24,70.11000061035156,70.12999725341797,69.4800033569336,69.5999984741211,54.862457275390625,228300,NFG
2014-11-25,69.66000366210938,69.95999908447266,69.0999984741211,69.69999694824219,54.941280364990234,253900,NFG
2014-11-26,69.73999786376953,70.1500015258789,69.37000274658203,69.9800033569336,55.16200637817383,285900,NFG
2014-11-28,69.19999694824219,69.76000213623047,68.76000213623047,69.2699966430664,54.60234069824219,294700,NFG
2014-12-01,69.1500015258789,69.58999633789062,68.63999938964844,69.30999755859375,54.633853912353516,441300,NFG
2014-12-02,69.30999755859375,70.0999984741211,68.95999908447266,69.41000366210938,54.712703704833984,431800,NFG
2014-12-03,69.31999969482422,70.16000366210938,69.16999816894531,69.4800033569336,54.76785659790039,346900,NFG
2014-12-04,69.12999725341797,69.58000183105469,68.94000244140625,69.23999786376953,54.57868194580078,400900,NFG
2014-12-05,69.0,69.1500015258789,68.05000305175781,68.62000274658203,54.0899658203125,359400,NFG
2014-12-08,68.33999633789062,68.44000244140625,67.05000305175781,67.7300033569336,53.388431549072266,617200,NFG
2014-12-09,67.08999633789062,68.7300033569336,67.08999633789062,68.62999725341797,54.09785079956055,332900,NFG
2014-12-10,68.4800033569336,68.4800033569336,67.08999633789062,67.27999877929688,53.033714294433594,556200,NFG
2014-12-11,67.87000274658203,68.51000213623047,67.30000305175781,67.68000030517578,53.34901428222656,245900,NFG
2014-12-12,67.51000213623047,67.87000274658203,66.55000305175781,66.6500015258789,52.537113189697266,359500,NFG
2014-12-15,66.9000015258789,67.2300033569336,65.80000305175781,66.27999877929688,52.245460510253906,353600,NFG
2014-12-16,65.70999908447266,67.16000366210938,65.33000183105469,66.0,52.024749755859375,797800,NFG
2014-12-17,66.29000091552734,67.69000244140625,66.12999725341797,67.0,52.81299591064453,696400,NFG
2014-12-18,67.63999938964844,68.69000244140625,67.51000213623047,68.12999725341797,53.70372009277344,731600,NFG
2014-12-19,68.55000305175781,69.63999938964844,68.19999694824219,69.30000305175781,54.625980377197266,585900,NFG
2014-12-22,69.43000030517578,69.69000244140625,68.52999877929688,69.12999725341797,54.49199295043945,351600,NFG
2014-12-23,69.5999984741211,70.04000091552734,69.13999938964844,69.76000213623047,54.988590240478516,298400,NFG
2014-12-24,69.68000030517578,70.33999633789062,69.4000015258789,70.0,55.17775344848633,152300,NFG
2014-12-26,70.44000244140625,71.01000213623047,70.38999938964844,70.58999633789062,55.64282989501953,209500,NFG
2014-12-29,70.27999877929688,72.20999908447266,70.27999877929688,71.9000015258789,56.98625183105469,399900,NFG
2014-12-30,71.31999969482422,71.93000030517578,70.6500015258789,70.69999694824219,56.03515625,250000,NFG
2014-12-31,70.4800033569336,71.2300033569336,69.44999694824219,69.52999877929688,55.107845306396484,419700,NFG
2015-01-02,69.68000030517578,70.19000244140625,69.2699966430664,70.04000091552734,55.512054443359375,368800,NFG
2015-01-05,69.83999633789062,69.86000061035156,67.98999786376953,68.25,54.09333419799805,540800,NFG
2015-01-06,68.2699966430664,68.9000015258789,67.19999694824219,67.43000030517578,53.44343566894531,969800,NFG
2015-01-07,67.83999633789062,67.94999694824219,66.33000183105469,67.26000213623047,53.30869674682617,503000,NFG
2015-01-08,67.5199966430664,68.61000061035156,67.19000244140625,68.47000122070312,54.267696380615234,343900,NFG
2015-01-09,67.45999908447266,67.72000122070312,65.66999816894531,66.41000366210938,52.635005950927734,595100,NFG
2015-01-12,65.98999786376953,66.37999725341797,64.55000305175781,66.27999877929688,52.531978607177734,505100,NFG
2015-01-13,66.66000366210938,67.45999908447266,66.16000366210938,66.9000015258789,53.02336883544922,508200,NFG
2015-01-14,66.0999984741211,67.22000122070312,66.0199966430664,67.06999969482422,53.15810775756836,358600,NFG
2015-01-15,67.62999725341797,67.75,66.62000274658203,66.8499984741211,52.98373031616211,355300,NFG
2015-01-16,66.91000366210938,67.43000030517578,66.68000030517578,67.05000305175781,53.14224624633789,407900,NFG
2015-01-20,66.9800033569336,67.80999755859375,66.33000183105469,67.44000244140625,53.45136260986328,582200,NFG
2015-01-21,67.47000122070312,68.83000183105469,67.1500015258789,68.80000305175781,54.529258728027344,268800,NFG
2015-01-22,69.0,69.0,67.94999694824219,68.11000061035156,53.982391357421875,706100,NFG
2015-01-23,68.0199966430664,68.91999816894531,67.88999938964844,68.25,54.09333419799805,295100,NFG
2015-01-26,67.88999938964844,68.37999725341797,67.12000274658203,68.30999755859375,54.14090347290039,326200,NFG
2015-01-27,68.08000183105469,68.98999786376953,67.83000183105469,68.56999969482422,54.34696960449219,249500,NFG
2015-01-28,68.7699966430664,68.7699966430664,65.69999694824219,66.30999755859375,52.555747985839844,796700,NFG
2015-01-29,66.62999725341797,66.62999725341797,63.630001068115234,64.70999908447266,51.28762435913086,1308100,NFG
2015-01-30,65.0,65.38999938964844,63.099998474121094,63.43000030517578,50.27311325073242,1280600,NFG
2015-02-02,63.5,64.31999969482422,62.689998626708984,64.19999694824219,50.8834114074707,724200,NFG
2015-02-03,64.61000061035156,66.06999969482422,64.33000183105469,65.77999877929688,52.135684967041016,612300,NFG
2015-02-04,65.16999816894531,65.4800033569336,64.05999755859375,64.69000244140625,51.27177047729492,670200,NFG
2015-02-05,65.2300033569336,65.62000274658203,64.61000061035156,65.51000213623047,51.92168426513672,434000,NFG
2015-02-06,65.63999938964844,65.88999938964844,62.93000030517578,63.2400016784668,50.12253952026367,537200,NFG
2015-02-09,63.18000030517578,63.83000183105469,62.70000076293945,63.34000015258789,50.20179748535156,544900,NFG
2015-02-10,63.34000015258789,64.48999786376953,62.54999923706055,64.37999725341797,51.02607345581055,618500,NFG
2015-02-11,64.05000305175781,64.05000305175781,63.25,63.70000076293945,50.48711395263672,488100,NFG
2015-02-12,64.0,64.66000366210938,63.40999984741211,64.55000305175781,51.16081619262695,435300,NFG
2015-02-13,64.68000030517578,65.23999786376953,64.37000274658203,65.1500015258789,51.63636016845703,520900,NFG
2015-02-17,64.93000030517578,65.1500015258789,64.19999694824219,64.9000015258789,51.43821716308594,592200,NFG
2015-02-18,64.79000091552734,66.86000061035156,64.62000274658203,66.66000366210938,52.83315658569336,683800,NFG
2015-02-19,66.5199966430664,66.95999908447266,65.58999633789062,66.9000015258789,53.02336883544922,499400,NFG
2015-02-20,66.62999725341797,66.94999694824219,66.08000183105469,66.73999786376953,52.896549224853516,593500,NFG
2015-02-23,66.5,67.0,65.9800033569336,66.98999786376953,53.09468078613281,350400,NFG
2015-02-24,66.98999786376953,67.97000122070312,66.69000244140625,67.68000030517578,53.641571044921875,408400,NFG
2015-02-25,67.76000213623047,67.9800033569336,67.16999816894531,67.62000274658203,53.59401321411133,393600,NFG
2015-02-26,67.52999877929688,67.52999877929688,64.56999969482422,64.80999755859375,51.366878509521484,639900,NFG
2015-02-27,65.18000030517578,65.19999694824219,64.37000274658203,64.41000366210938,51.04984664916992,279200,NFG
2015-03-02,64.1500015258789,64.1500015258789,62.529998779296875,63.0099983215332,49.94023895263672,475800,NFG
2015-03-03,62.90999984741211,62.959999084472656,62.439998626708984,62.91999816894531,49.86890411376953,327700,NFG
2015-03-04,62.59000015258789,62.689998626708984,61.689998626708984,62.29999923706055,49.377506256103516,409000,NFG
2015-03-05,62.369998931884766,62.849998474121094,61.880001068115234,62.650001525878906,49.6549186706543,239900,NFG
2015-03-06,62.439998626708984,62.439998626708984,60.599998474121094,61.5099983215332,48.751373291015625,424200,NFG
2015-03-09,61.65999984741211,61.72999954223633,60.79999923706055,60.84000015258789,48.22035217285156,604500,NFG
2015-03-10,60.5,60.91999816894531,60.119998931884766,60.209999084472656,47.72102355957031,383600,NFG
2015-03-11,60.400001525878906,60.400001525878906,59.08000183105469,59.56999969482422,47.21377944946289,467600,NFG
2015-03-12,59.93000030517578,60.349998474121094,59.56999969482422,60.290000915527344,47.78443145751953,354100,NFG
2015-03-13,60.04999923706055,60.04999923706055,57.72999954223633,58.38999938964844,46.278533935546875,738700,NFG
2015-03-16,58.5,59.790000915527344,58.34000015258789,59.45000076293945,47.11866760253906,698500,NFG
2015-03-17,59.310001373291016,60.209999084472656,59.310001373291016,59.66999816894531,47.29302978515625,444700,NFG
2015-03-18,59.63999938964844,61.27000045776367,59.400001525878906,60.790000915527344,48.18071746826172,457300,NFG
2015-03-19,60.33000183105469,60.91999816894531,59.7599983215332,59.77000045776367,47.37228775024414,350700,NFG
2015-03-20,59.939998626708984,60.72999954223633,59.939998626708984,60.2400016784668,47.74480438232422,756300,NFG
2015-03-23,60.33000183105469,60.540000915527344,59.959999084472656,60.2400016784668,47.74480438232422,318400,NFG
2015-03-24,60.290000915527344,60.65999984741211,59.779998779296875,59.95000076293945,47.514957427978516,290200,NFG
2015-03-25,60.220001220703125,60.810001373291016,60.029998779296875,60.61000061035156,48.038063049316406,538900,NFG
2015-03-26,60.72999954223633,61.0099983215332,59.63999938964844,59.689998626708984,47.30887985229492,416700,NFG
2015-03-27,59.52000045776367,60.400001525878906,59.099998474121094,59.72999954223633,47.64792251586914,248400,NFG
2015-03-30,59.95000076293945,60.88999938964844,59.7599983215332,60.47999954223633,48.24620819091797,333400,NFG
2015-03-31,59.90999984741211,60.52000045776367,59.849998474121094,60.33000183105469,48.126556396484375,469100,NFG
2015-04-01,60.61000061035156,60.93000030517578,59.959999084472656,60.7400016784668,48.453617095947266,553000,NFG
2015-04-02,60.7599983215332,61.41999816894531,60.709999084472656,61.119998931884766,48.75674819946289,270000,NFG
2015-04-06,61.31999969482422,62.189998626708984,61.18000030517578,61.880001068115234,49.363014221191406,477100,NFG
2015-04-07,61.849998474121094,62.54999923706055,61.83000183105469,62.2599983215332,49.66616439819336,313700,NFG
2015-04-08,62.38999938964844,62.5,61.849998474121094,62.31999969482422,49.714012145996094,449700,NFG
2015-04-09,62.22999954223633,63.02000045776367,61.869998931884766,63.0,50.2564697265625,573100,NFG
2015-04-10,63.310001373291016,63.5,63.0099983215332,63.36000061035156,50.54364776611328,427600,NFG
2015-04-13,63.41999816894531,63.540000915527344,62.63999938964844,62.65999984741211,49.985252380371094,317700,NFG
2015-04-14,62.880001068115234,63.43000030517578,62.810001373291016,63.31999969482422,50.51173782348633,212600,NFG
2015-04-15,63.31999969482422,64.11000061035156,63.25,63.869998931884766,50.95048904418945,279600,NFG
2015-04-16,63.72999954223633,63.72999954223633,62.0099983215332,62.220001220703125,49.634246826171875,343400,NFG
2015-04-17,62.04999923706055,62.54999923706055,62.0099983215332,62.52000045776367,49.873565673828125,430100,NFG
2015-04-20,62.939998626708984,63.72999954223633,62.65999984741211,63.43000030517578,50.599483489990234,299600,NFG
2015-04-21,63.83000183105469,64.2699966430664,63.45000076293945,63.61000061035156,50.74307632446289,477400,NFG
2015-04-22,63.75,64.13999938964844,63.439998626708984,63.65999984741211,50.782962799072266,394600,NFG
2015-04-23,63.529998779296875,64.12999725341797,63.150001525878906,63.810001373291016,50.90262985229492,280200,NFG
2015-04-24,63.810001373291016,64.45999908447266,63.66999816894531,63.86000061035156,50.942508697509766,273900,NFG
2015-04-27,64.0,64.0,62.790000915527344,63.630001068115234,50.759029388427734,495800,NFG
2015-04-28,63.470001220703125,64.36000061035156,63.220001220703125,64.3499984741211,51.333396911621094,415800,NFG
2015-04-29,64.04000091552734,64.62999725341797,63.59000015258789,64.52999877929688,51.47698974609375,393500,NFG
2015-04-30,64.0199966430664,64.93000030517578,63.22999954223633,64.44999694824219,51.41316223144531,1471900,NFG
2015-05-01,64.41999816894531,65.9800033569336,64.01000213623047,65.70999908447266,52.41829299926758,936100,NFG
2015-05-04,64.73999786376953,65.86000061035156,64.73999786376953,65.38999938964844,52.163021087646484,477800,NFG
2015-05-05,65.2699966430664,65.86000061035156,64.2300033569336,64.29000091552734,51.2855339050293,638600,NFG
2015-05-06,64.61000061035156,64.9800033569336,63.43000030517578,63.650001525878906,50.774993896484375,501700,NFG
2015-05-07,63.380001068115234,63.869998931884766,63.31999969482422,63.61000061035156,50.74307632446289,734800,NFG
2015-05-08,64.1500015258789,64.58000183105469,63.790000915527344,64.43000030517578,51.397216796875,427100,NFG
2015-05-11,64.08000183105469,64.47000122070312,63.630001068115234,63.959999084472656,51.02227783203125,425200,NFG
2015-05-12,63.849998474121094,64.37000274658203,63.66999816894531,64.1500015258789,51.17384338378906,431700,NFG
2015-05-13,64.37999725341797,64.52999877929688,63.900001525878906,63.91999816894531,50.99037170410156,408500,NFG
2015-05-14,64.02999877929688,64.91999816894531,63.95000076293945,64.79000091552734,51.68438720703125,278100,NFG
2015-05-15,64.69000244140625,65.98999786376953,64.62999725341797,65.91999816894531,52.5858154296875,383600,NFG
2015-05-18,65.61000061035156,66.06999969482422,65.2699966430664,65.87000274658203,52.54594421386719,448200,NFG
2015-05-19,65.47000122070312,65.9000015258789,65.47000122070312,65.75,52.45021438598633,351100,NFG
2015-05-20,65.69999694824219,65.9000015258789,65.2300033569336,65.25,52.051353454589844,530500,NFG
2015-05-21,65.33999633789062,65.69000244140625,64.93000030517578,65.04000091552734,51.883819580078125,267100,NFG
2015-05-22,64.7699966430664,65.19999694824219,64.63999938964844,65.0999984741211,51.93168640136719,348600,NFG
2015-05-26,64.7699966430664,64.91999816894531,64.43000030517578,64.51000213623047,51.461036682128906,289200,NFG
2015-05-27,64.4800033569336,64.70999908447266,64.02999877929688,64.12000274658203,51.14991760253906,362400,NFG
2015-05-28,64.04000091552734,64.41000366210938,63.810001373291016,64.37000274658203,51.3493537902832,286100,NFG
2015-05-29,64.45999908447266,64.62999725341797,64.16000366210938,64.25,51.25361633300781,369700,NFG
2015-06-01,64.26000213623047,64.62999725341797,64.06999969482422,64.29000091552734,51.2855339050293,755000,NFG
2015-06-02,64.05000305175781,64.45999908447266,63.900001525878906,63.93000030517578,50.99835968017578,591000,NFG
2015-06-03,63.72999954223633,63.97999954223633,63.220001220703125,63.369998931884766,50.55162811279297,578700,NFG
2015-06-04,63.40999984741211,63.720001220703125,62.619998931884766,62.72999954223633,50.041080474853516,228200,NFG
2015-06-05,62.310001373291016,62.63999938964844,61.7599983215332,62.529998779296875,49.88153839111328,626000,NFG
2015-06-08,62.459999084472656,62.83000183105469,62.08000183105469,62.5,49.85761642456055,422100,NFG
2015-06-09,62.650001525878906,63.08000183105469,62.4900016784668,62.54999923706055,49.89748764038086,276000,NFG
2015-06-10,62.95000076293945,63.11000061035156,62.54999923706055,62.58000183105469,49.921424865722656,569400,NFG
2015-06-11,62.7400016784668,62.91999816894531,62.040000915527344,62.70000076293945,50.01715087890625,904900,NFG
2015-06-12,62.560001373291016,62.58000183105469,61.36000061035156,61.369998931884766,48.9561767578125,423300,NFG
2015-06-15,61.130001068115234,61.970001220703125,60.5,61.31999969482422,48.91630172729492,463300,NFG
2015-06-16,61.220001220703125,61.959999084472656,61.0,61.79999923706055,49.2992057800293,211600,NFG
2015-06-17,62.11000061035156,62.5,61.38999938964844,61.68000030517578,49.2034797668457,363100,NFG
2015-06-18,61.81999969482422,62.380001068115234,61.650001525878906,62.040000915527344,49.490657806396484,197500,NFG
2015-06-19,62.0099983215332,62.040000915527344,61.34000015258789,61.70000076293945,49.21943664550781,374000,NFG
2015-06-22,61.88999938964844,62.130001068115234,61.0099983215332,61.93000030517578,49.40290832519531,209000,NFG
2015-06-23,61.93000030517578,62.189998626708984,61.20000076293945,61.439998626708984,49.012020111083984,168300,NFG
2015-06-24,61.349998474121094,61.68000030517578,61.20000076293945,61.47999954223633,49.04393768310547,245700,NFG
2015-06-25,61.529998779296875,61.59000015258789,60.220001220703125,60.31999969482422,48.11856460571289,196500,NFG
2015-06-26,59.88999938964844,60.119998931884766,59.150001525878906,59.90999984741211,48.106529235839844,590900,NFG
2015-06-29,59.61000061035156,60.08000183105469,59.220001220703125,59.25,47.57656478881836,279400,NFG
2015-06-30,59.56999969482422,59.900001525878906,58.83000183105469,58.88999938964844,47.28749084472656,357100,NFG
2015-07-01,58.91999816894531,59.38999938964844,57.59000015258789,57.720001220703125,46.34800720214844,498900,NFG
2015-07-02,58.15999984741211,58.810001373291016,57.939998626708984,58.25,46.77359390258789,378000,NFG
2015-07-06,58.02000045776367,58.27000045776367,57.40999984741211,57.61000061035156,46.259666442871094,424700,NFG
2015-07-07,57.599998474121094,58.13999938964844,57.13999938964844,57.939998626708984,46.52466583251953,505100,NFG
2015-07-08,57.56999969482422,57.90999984741211,55.68000030517578,55.93000030517578,44.91066360473633,985900,NFG
2015-07-09,56.290000915527344,56.459999084472656,55.06999969482422,55.310001373291016,44.412818908691406,737900,NFG
2015-07-10,55.31999969482422,56.310001373291016,55.150001525878906,55.189998626708984,44.31646728515625,540400,NFG
2015-07-13,55.189998626708984,55.93000030517578,54.880001068115234,55.79999923706055,44.8062744140625,606600,NFG
2015-07-14,55.84000015258789,56.79999923706055,55.84000015258789,56.61000061035156,45.45669937133789,557100,NFG
2015-07-15,56.43000030517578,57.349998474121094,55.779998779296875,56.02000045776367,44.98293685913086,332300,NFG
2015-07-16,55.97999954223633,57.040000915527344,55.97999954223633,56.93000030517578,45.71365737915039,387600,NFG
2015-07-17,56.81999969482422,56.86000061035156,55.97999954223633,56.4900016784668,45.3603401184082,425800,NFG
2015-07-20,56.40999984741211,56.40999984741211,55.59000015258789,55.70000076293945,44.72597885131836,351800,NFG
2015-07-21,55.81999969482422,56.52000045776367,55.7400016784668,55.97999954223633,44.95082092285156,266300,NFG
2015-07-22,55.84000015258789,56.45000076293945,55.5099983215332,56.18000030517578,45.11141586303711,363400,NFG
2015-07-23,57.0099983215332,57.52000045776367,55.25,55.459999084472656,44.53326416015625,555200,NFG
2015-07-24,55.45000076293945,55.59000015258789,54.20000076293945,54.27000045776367,43.57771301269531,648500,NFG
2015-07-27,54.0,55.29999923706055,53.560001373291016,54.86000061035156,44.051483154296875,307300,NFG
2015-07-28,54.93000030517578,55.86000061035156,54.720001220703125,55.619998931884766,44.661739349365234,596800,NFG
2015-07-29,55.43000030517578,55.779998779296875,55.099998474121094,55.400001525878906,44.4850959777832,407700,NFG
2015-07-30,55.400001525878906,55.810001373291016,54.630001068115234,54.75,43.96316146850586,604400,NFG
2015-07-31,54.90999984741211,55.209999084472656,53.880001068115234,54.06999969482422,43.4171257019043,1148900,NFG
2015-08-03,54.0,54.41999816894531,53.689998626708984,53.93000030517578,43.304710388183594,513300,NFG
2015-08-04,54.119998931884766,54.45000076293945,52.880001068115234,53.36000061035156,42.847007751464844,658500,NFG
2015-08-05,53.68000030517578,54.22999954223633,53.34000015258789,53.56999969482422,43.01564407348633,747400,NFG
2015-08-06,53.560001373291016,53.630001068115234,52.38999938964844,53.47999954223633,42.94336700439453,695600,NFG
2015-08-07,52.29999923706055,54.86000061035156,52.29999923706055,53.5,42.95943069458008,903800,NFG
2015-08-10,53.5,54.709999084472656,53.5,54.619998931884766,43.8587646484375,799500,NFG
2015-08-11,54.2400016784668,55.52000045776367,54.18000030517578,55.470001220703125,44.54130935668945,332800,NFG
2015-08-12,55.40999984741211,56.459999084472656,55.029998779296875,56.439998626708984,45.3201904296875,375400,NFG
2015-08-13,56.22999954223633,56.34000015258789,55.68000030517578,55.7400016784668,44.75811004638672,242800,NFG
2015-08-14,55.75,56.58000183105469,55.720001220703125,56.38999938964844,45.28003692626953,277000,NFG
2015-08-17,56.18000030517578,56.939998626708984,55.93000030517578,56.599998474121094,45.44866180419922,281700,NFG
2015-08-18,56.4900016784668,56.4900016784668,55.970001220703125,56.38999938964844,45.28003692626953,226000,NFG
2015-08-19,56.11000061035156,56.25,55.189998626708984,55.75,44.76613235473633,331400,NFG
2015-08-20,55.369998931884766,55.810001373291016,54.79999923706055,54.90999984741211,44.09162521362305,322600,NFG
2015-08-21,54.4900016784668,55.16999816894531,53.77000045776367,54.11000061035156,43.44925308227539,446000,NFG
2015-08-24,51.650001525878906,53.150001525878906,50.81999969482422,51.310001373291016,41.200904846191406,729300,NFG
2015-08-25,52.779998779296875,53.08000183105469,51.119998931884766,51.279998779296875,41.17681121826172,649400,NFG
2015-08-26,52.279998779296875,52.77000045776367,51.16999816894531,52.58000183105469,42.22068405151367,597100,NFG
2015-08-27,53.119998931884766,54.79999923706055,53.04999923706055,54.0099983215332,43.36894607543945,646900,NFG
2015-08-28,54.0,54.41999816894531,53.61000061035156,54.369998931884766,43.658016204833984,563600,NFG
2015-08-31,54.209999084472656,54.27000045776367,53.380001068115234,53.959999084472656,43.32879638671875,592600,NFG
2015-09-01,53.04999923706055,53.59000015258789,52.84000015258789,52.95000076293945,42.517784118652344,676400,NFG
2015-09-02,53.439998626708984,53.77000045776367,52.54999923706055,53.5,42.95943069458008,507800,NFG
2015-09-03,53.599998474121094,54.2400016784668,53.18000030517578,53.5099983215332,42.96744918823242,349600,NFG
2015-09-04,52.93000030517578,53.099998474121094,51.959999084472656,52.08000183105469,41.819190979003906,372100,NFG
2015-09-08,52.400001525878906,52.90999984741211,52.060001373291016,52.810001373291016,42.4053840637207,310100,NFG
2015-09-09,52.9900016784668,53.189998626708984,52.11000061035156,52.20000076293945,41.915557861328125,362200,NFG
2015-09-10,52.209999084472656,52.439998626708984,51.0099983215332,51.150001525878906,41.07242202758789,431100,NFG
2015-09-11,50.869998931884766,51.18000030517578,50.33000183105469,50.90999984741211,40.87971115112305,342900,NFG
2015-09-14,50.83000183105469,51.20000076293945,50.459999084472656,50.77000045776367,40.767295837402344,231400,NFG
2015-09-15,51.040000915527344,52.119998931884766,50.77000045776367,52.0,41.75495529174805,310700,NFG
2015-09-16,52.400001525878906,53.75,52.209999084472656,53.40999984741211,42.887168884277344,406600,NFG
2015-09-17,53.40999984741211,54.02000045776367,53.0,53.09000015258789,42.63020706176758,452700,NFG
2015-09-18,52.81999969482422,53.790000915527344,52.689998626708984,53.02000045776367,42.573997497558594,746300,NFG
2015-09-21,53.33000183105469,53.84000015258789,52.93000030517578,53.130001068115234,42.66233444213867,384000,NFG
2015-09-22,52.650001525878906,52.91999816894531,51.88999938964844,51.93000030517578,41.698753356933594,334000,NFG
2015-09-23,52.040000915527344,52.15999984741211,50.13999938964844,50.25,40.3497428894043,390300,NFG
2015-09-24,50.0,50.29999923706055,49.459999084472656,49.709999084472656,39.91613006591797,396700,NFG
2015-09-25,49.970001220703125,50.13999938964844,49.34000015258789,49.790000915527344,39.98037338256836,565200,NFG
2015-09-28,49.25,50.029998779296875,49.11000061035156,49.20000076293945,39.82255172729492,520900,NFG
2015-09-29,49.400001525878906,49.86000061035156,48.61000061035156,48.81999969482422,39.51496505737305,507500,NFG
2015-09-30,49.34000015258789,50.22999954223633,48.61000061035156,49.97999954223633,40.45386505126953,730700,NFG
2015-10-01,50.279998779296875,50.970001220703125,49.5,49.880001068115234,40.372928619384766,814400,NFG
2015-10-02,49.810001373291016,51.060001373291016,49.310001373291016,51.060001373291016,41.32801818847656,447600,NFG
2015-10-05,51.400001525878906,53.22999954223633,51.400001525878906,52.36000061035156,42.380245208740234,641500,NFG
2015-10-06,52.380001068115234,52.83000183105469,51.880001068115234,52.5,42.493568420410156,618600,NFG
2015-10-07,52.9900016784668,54.29999923706055,52.31999969482422,52.689998626708984,42.64734649658203,1003600,NFG
2015-10-08,52.709999084472656,53.59000015258789,52.45000076293945,53.2599983215332,43.108707427978516,347700,NFG
2015-10-09,53.36000061035156,53.560001373291016,52.70000076293945,53.040000915527344,42.930641174316406,339400,NFG
2015-10-12,53.18000030517578,54.31999969482422,52.75,53.06999969482422,42.954925537109375,284300,NFG
2015-10-13,52.790000915527344,53.34000015258789,52.45000076293945,52.959999084472656,42.865882873535156,315600,NFG
2015-10-14,53.040000915527344,54.11000061035156,53.02000045776367,54.029998779296875,43.7319450378418,425300,NFG
2015-10-15,54.209999084472656,55.58000183105469,53.86000061035156,55.529998779296875,44.946044921875,534100,NFG
2015-10-16,55.72999954223633,55.9900016784668,54.810001373291016,55.369998931884766,44.81654739379883,288200,NFG
2015-10-19,55.189998626708984,55.83000183105469,55.06999969482422,55.31999969482422,44.77606964111328,316500,NFG
2015-10-20,55.290000915527344,56.63999938964844,55.119998931884766,55.33000183105469,44.7841682434082,282500,NFG
2015-10-21,55.36000061035156,55.90999984741211,54.31999969482422,54.36000061035156,43.999061584472656,235200,NFG
2015-10-22,54.75,55.220001220703125,54.16999816894531,54.290000915527344,43.94240188598633,326900,NFG
2015-10-23,54.380001068115234,54.439998626708984,52.5099983215332,52.86000061035156,42.784950256347656,406000,NFG
2015-10-26,52.86000061035156,53.36000061035156,51.7400016784668,51.970001220703125,42.06458282470703,468200,NFG
2015-10-27,51.61000061035156,51.90999984741211,50.95000076293945,51.720001220703125,41.86222839355469,843500,NFG
2015-10-28,51.959999084472656,52.54999923706055,51.279998779296875,52.15999984741211,42.21837615966797,388500,NFG
2015-10-29,52.150001525878906,52.41999816894531,51.560001373291016,52.060001373291016,42.13742446899414,250400,NFG
2015-10-30,52.150001525878906,52.970001220703125,51.540000915527344,52.529998779296875,42.51784133911133,876700,NFG
2015-11-02,52.29999923706055,53.150001525878906,52.20000076293945,52.59000015258789,42.56640625,379200,NFG
2015-11-03,52.58000183105469,53.560001373291016,52.5,53.25,43.100616455078125,385100,NFG
2015-11-04,53.45000076293945,53.86000061035156,52.83000183105469,53.34000015258789,43.17345428466797,476100,NFG
2015-11-05,53.84000015258789,53.84000015258789,51.86000061035156,52.08000183105469,42.15362548828125,581200,NFG
2015-11-06,51.5099983215332,51.5099983215332,48.540000915527344,49.90999984741211,40.397216796875,1302200,NFG
2015-11-09,49.66999816894531,49.869998931884766,47.369998931884766,47.70000076293945,38.60844421386719,1453400,NFG
2015-11-10,47.400001525878906,48.630001068115234,47.400001525878906,48.630001068115234,39.361183166503906,928900,NFG
2015-11-11,48.58000183105469,48.599998474121094,47.279998779296875,47.970001220703125,38.82698059082031,491900,NFG
2015-11-12,47.31999969482422,47.959999084472656,46.540000915527344,46.56999969482422,37.69381332397461,361400,NFG
2015-11-13,46.349998474121094,46.77000045776367,45.68000030517578,45.88999938964844,37.14342498779297,402500,NFG
2015-11-16,45.90999984741211,46.83000183105469,45.790000915527344,46.790000915527344,37.871883392333984,878100,NFG
2015-11-17,46.47999954223633,47.369998931884766,46.16999816894531,47.189998626708984,38.19562911987305,721300,NFG
2015-11-18,47.38999938964844,47.75,46.060001373291016,46.70000076293945,37.79902648925781,459300,NFG
2015-11-19,46.70000076293945,46.95000076293945,45.779998779296875,46.369998931884766,37.53193664550781,542800,NFG
2015-11-20,46.5,46.540000915527344,45.65999984741211,46.02000045776367,37.24864959716797,444000,NFG
2015-11-23,46.0099983215332,46.81999969482422,45.810001373291016,46.06999969482422,37.28911590576172,491500,NFG
2015-11-24,46.25,46.43000030517578,45.84000015258789,46.2599983215332,37.442901611328125,379800,NFG
2015-11-25,46.0099983215332,46.33000183105469,45.77000045776367,45.849998474121094,37.11104965209961,268700,NFG
2015-11-27,45.52000045776367,45.97999954223633,45.5099983215332,45.869998931884766,37.127227783203125,166200,NFG
2015-11-30,46.06999969482422,46.400001525878906,45.5099983215332,45.720001220703125,37.005821228027344,579800,NFG
2015-12-01,45.790000915527344,46.459999084472656,45.5,46.459999084472656,37.60477066040039,568100,NFG
2015-12-02,46.290000915527344,46.380001068115234,44.709999084472656,44.779998779296875,36.24497985839844,743800,NFG
2015-12-03,44.77000045776367,45.04999923706055,43.040000915527344,43.31999969482422,35.063262939453125,1031700,NFG
2015-12-04,42.939998626708984,43.20000076293945,41.279998779296875,41.56999969482422,33.64680480957031,912700,NFG
2015-12-07,41.189998626708984,41.279998779296875,39.95000076293945,40.099998474121094,32.456993103027344,1083200,NFG
2015-12-08,39.70000076293945,40.54999923706055,39.36000061035156,40.220001220703125,32.554115295410156,812800,NFG
2015-12-09,40.290000915527344,41.349998474121094,40.11000061035156,40.189998626708984,32.52982711791992,582000,NFG
2015-12-10,40.09000015258789,40.43000030517578,39.31999969482422,39.349998474121094,31.849933624267578,586400,NFG
2015-12-11,39.04999923706055,39.130001068115234,37.61000061035156,37.900001525878906,30.676315307617188,949700,NFG
2015-12-14,37.900001525878906,38.2400016784668,37.029998779296875,38.15999984741211,30.88674545288086,1159200,NFG
2015-12-15,38.459999084472656,39.209999084472656,38.40999984741211,38.7400016784668,31.356203079223633,995100,NFG
2015-12-16,39.060001373291016,40.189998626708984,38.720001220703125,39.95000076293945,32.335575103759766,884200,NFG
2015-12-17,40.09000015258789,40.43000030517578,39.459999084472656,40.150001525878906,32.49745178222656,1106300,NFG
2015-12-18,40.150001525878906,40.65999984741211,39.7599983215332,40.11000061035156,32.465087890625,1586400,NFG
2015-12-21,40.189998626708984,41.11000061035156,40.08000183105469,40.88999938964844,33.096412658691406,1125600,NFG
2015-12-22,40.91999816894531,42.0,40.66999816894531,41.689998626708984,33.74394226074219,923000,NFG
2015-12-23,42.09000015258789,43.41999816894531,41.900001525878906,43.20000076293945,34.96613311767578,878800,NFG
2015-12-24,43.02000045776367,43.22999954223633,42.29999923706055,42.540000915527344,34.431922912597656,300300,NFG
2015-12-28,42.34000015258789,43.18000030517578,41.81999969482422,43.08000183105469,34.8690071105957,648400,NFG
2015-12-29,43.380001068115234,43.66999816894531,42.59000015258789,42.68000030517578,34.86491394042969,488500,NFG
2015-12-30,42.36000061035156,43.04999923706055,42.209999084472656,42.2599983215332,34.521827697753906,605400,NFG
2015-12-31,42.189998626708984,43.0099983215332,41.970001220703125,42.75,34.922096252441406,578500,NFG
2016-01-04,42.529998779296875,43.040000915527344,42.150001525878906,42.58000183105469,34.783233642578125,717500,NFG
2016-01-05,42.58000183105469,43.349998474121094,41.939998626708984,43.06999969482422,35.18350601196289,625100,NFG
2016-01-06,42.36000061035156,42.7599983215332,42.060001373291016,42.5,34.71787643432617,533300,NFG
2016-01-07,41.81999969482422,42.90999984741211,41.720001220703125,41.81999969482422,34.16238784790039,596800,NFG
2016-01-08,41.86000061035156,42.7400016784668,41.439998626708984,42.209999084472656,34.48098373413086,513900,NFG
2016-01-11,42.22999954223633,42.380001068115234,40.52000045776367,40.84000015258789,33.361839294433594,743200,NFG
2016-01-12,41.33000183105469,41.33000183105469,40.029998779296875,40.65999984741211,33.21479415893555,744200,NFG
2016-01-13,41.27000045776367,41.27000045776367,39.880001068115234,40.040000915527344,32.70833206176758,586300,NFG
2016-01-14,40.27000045776367,42.099998474121094,39.95000076293945,41.83000183105469,34.170570373535156,1243500,NFG
2016-01-15,40.220001220703125,41.779998779296875,39.790000915527344,41.400001525878906,33.819305419921875,1758400,NFG
2016-01-19,41.43000030517578,42.20000076293945,40.83000183105469,42.040000915527344,34.34211730957031,1277900,NFG
2016-01-20,41.400001525878906,42.83000183105469,41.09000015258789,42.119998931884766,34.4074592590332,1686100,NFG
2016-01-21,42.08000183105469,43.77000045776367,41.93000030517578,42.939998626708984,35.07731628417969,859300,NFG
2016-01-22,43.970001220703125,44.70000076293945,42.959999084472656,44.0099983215332,35.95139694213867,828300,NFG
2016-01-25,43.4900016784668,43.7400016784668,41.84000015258789,41.970001220703125,34.28493118286133,668200,NFG
2016-01-26,42.560001373291016,43.84000015258789,42.4900016784668,43.720001220703125,35.71448516845703,710400,NFG
2016-01-27,43.5099983215332,44.369998931884766,43.18000030517578,44.04999923706055,35.984066009521484,502000,NFG
2016-01-28,44.9900016784668,45.41999816894531,44.130001068115234,44.75,36.55588912963867,624900,NFG
2016-01-29,44.95000076293945,45.880001068115234,44.33000183105469,45.33000183105469,37.0296745300293,1845600,NFG
2016-02-01,44.90999984741211,45.689998626708984,44.630001068115234,45.41999816894531,37.10321044921875,555100,NFG
2016-02-02,44.630001068115234,45.33000183105469,44.540000915527344,44.900001525878906,36.67842102050781,506000,NFG
2016-02-03,45.470001220703125,46.40999984741211,44.7400016784668,46.36000061035156,37.87107467651367,469700,NFG
2016-02-04,46.4900016784668,47.130001068115234,46.189998626708984,46.279998779296875,37.80574035644531,833800,NFG
2016-02-05,45.279998779296875,45.79999923706055,43.02000045776367,45.290000915527344,36.997013092041016,767300,NFG
2016-02-08,45.0099983215332,45.97999954223633,44.25,45.84000015258789,37.44629669189453,731900,NFG
2016-02-09,45.52000045776367,46.279998779296875,44.459999084472656,44.939998626708984,36.711082458496094,746400,NFG
2016-02-10,44.939998626708984,45.2599983215332,44.15999984741211,44.7400016784668,36.54771423339844,616000,NFG
2016-02-11,44.279998779296875,44.689998626708984,43.310001373291016,43.900001525878906,35.86153030395508,429200,NFG
2016-02-12,44.20000076293945,44.970001220703125,43.970001220703125,44.560001373291016,36.40066909790039,368500,NFG
2016-02-16,44.9900016784668,45.150001525878906,44.470001220703125,44.880001068115234,36.662086486816406,283500,NFG
2016-02-17,45.06999969482422,46.08000183105469,44.939998626708984,45.84000015258789,37.44629669189453,329300,NFG
2016-02-18,46.130001068115234,47.400001525878906,45.79999923706055,47.09000015258789,38.467411041259766,418000,NFG
2016-02-19,46.54999923706055,47.20000076293945,45.959999084472656,46.209999084472656,37.7485466003418,446800,NFG
2016-02-22,46.61000061035156,47.0,46.08000183105469,46.43000030517578,37.928260803222656,271000,NFG
2016-02-23,46.18000030517578,46.18000030517578,45.0,45.09000015258789,36.833621978759766,433100,NFG
2016-02-24,44.5,45.31999969482422,44.209999084472656,45.2599983215332,36.972503662109375,416800,NFG
2016-02-25,45.20000076293945,45.58000183105469,44.90999984741211,45.290000915527344,36.997013092041016,283600,NFG
2016-02-26,45.779998779296875,45.779998779296875,43.970001220703125,45.13999938964844,36.874473571777344,532000,NFG
2016-02-29,45.2400016784668,46.290000915527344,44.90999984741211,45.68000030517578,37.31559753417969,365200,NFG
2016-03-01,45.880001068115234,45.97999954223633,44.97999954223633,45.15999984741211,36.89080810546875,540800,NFG
2016-03-02,45.09000015258789,46.650001525878906,44.70000076293945,46.650001525878906,38.10797882080078,617500,NFG
2016-03-03,46.689998626708984,48.31999969482422,46.310001373291016,48.15999984741211,39.34148406982422,842800,NFG
2016-03-04,48.29999923706055,49.22999954223633,47.630001068115234,49.22999954223633,40.21555709838867,675000,NFG
2016-03-07,49.189998626708984,49.9900016784668,48.349998474121094,48.91999816894531,39.96232604980469,832500,NFG
2016-03-08,48.79999923706055,49.060001373291016,47.5,48.61000061035156,39.709083557128906,537000,NFG
2016-03-09,48.79999923706055,49.790000915527344,48.189998626708984,49.560001373291016,40.48513412475586,677300,NFG
2016-03-10,48.900001525878906,49.31999969482422,48.0099983215332,49.20000076293945,40.1910514831543,435200,NFG
2016-03-11,49.63999938964844,49.650001525878906,48.290000915527344,49.2400016784668,40.22373580932617,742900,NFG
2016-03-14,48.86000061035156,49.5099983215332,48.689998626708984,49.47999954223633,40.41978454589844,588800,NFG
2016-03-15,48.869998931884766,49.790000915527344,48.119998931884766,49.619998931884766,40.53414535522461,652600,NFG
2016-03-16,49.619998931884766,50.41999816894531,48.810001373291016,50.400001525878906,41.171321868896484,685900,NFG
2016-03-17,50.56999969482422,51.34000015258789,50.22999954223633,51.310001373291016,41.91469192504883,696900,NFG
2016-03-18,51.20000076293945,51.529998779296875,50.18000030517578,51.04999923706055,41.70229721069336,1271100,NFG
2016-03-21,50.86000061035156,51.40999984741211,50.41999816894531,51.099998474121094,41.74314498901367,552800,NFG
2016-03-22,50.84000015258789,51.310001373291016,50.59000015258789,51.060001373291016,41.7104606628418,531500,NFG
2016-03-23,50.880001068115234,51.189998626708984,50.619998931884766,50.66999816894531,41.391883850097656,464100,NFG
2016-03-24,50.189998626708984,51.209999084472656,50.11000061035156,51.060001373291016,41.7104606628418,430700,NFG
2016-03-28,51.06999969482422,51.25,49.97999954223633,50.54999923706055,41.293853759765625,369300,NFG
2016-03-29,49.790000915527344,50.83000183105469,49.209999084472656,50.68000030517578,41.726104736328125,881300,NFG
2016-03-30,50.97999954223633,51.13999938964844,49.849998474121094,50.0,41.166236877441406,685400,NFG
2016-03-31,49.970001220703125,50.52000045776367,49.63999938964844,50.04999923706055,41.20741271972656,495900,NFG
2016-04-01,49.63999938964844,50.380001068115234,49.599998474121094,50.20000076293945,41.330894470214844,646600,NFG
2016-04-04,50.2400016784668,50.380001068115234,48.470001220703125,48.630001068115234,40.03828430175781,492600,NFG
2016-04-05,48.310001373291016,48.560001373291016,47.4900016784668,47.900001525878906,39.437255859375,415800,NFG
2016-04-06,48.0,48.119998931884766,47.650001525878906,48.099998474121094,39.60192108154297,457400,NFG
2016-04-07,47.95000076293945,49.380001068115234,47.95000076293945,49.34000015258789,40.62284469604492,590800,NFG
2016-04-08,49.7599983215332,50.70000076293945,49.56999969482422,50.33000183105469,41.43793869018555,450900,NFG
2016-04-11,50.58000183105469,50.95000076293945,50.349998474121094,50.43000030517578,41.520267486572266,341900,NFG
2016-04-12,50.70000076293945,51.720001220703125,50.150001525878906,51.400001525878906,42.31888961791992,471200,NFG
2016-04-13,51.54999923706055,52.06999969482422,51.11000061035156,51.90999984741211,42.73879623413086,332300,NFG
2016-04-14,51.86000061035156,51.86000061035156,50.7400016784668,51.0099983215332,41.99779510498047,495400,NFG
2016-04-15,50.90999984741211,51.709999084472656,50.75,51.630001068115234,42.50825500488281,512000,NFG
2016-04-18,50.16999816894531,51.369998931884766,50.09000015258789,51.2400016784668,42.18716812133789,494800,NFG
2016-04-19,51.560001373291016,53.15999984741211,51.5,53.029998779296875,43.66090393066406,518700,NFG
2016-04-20,52.709999084472656,52.90999984741211,52.18000030517578,52.41999816894531,43.15868377685547,373400,NFG
2016-04-21,52.40999984741211,52.470001220703125,51.70000076293945,51.75,42.6070556640625,373800,NFG
2016-04-22,51.849998474121094,52.9900016784668,51.83000183105469,52.810001373291016,43.47977828979492,391300,NFG
2016-04-25,52.630001068115234,53.4900016784668,52.33000183105469,53.47999954223633,44.03141784667969,513400,NFG
2016-04-26,53.619998931884766,53.939998626708984,53.22999954223633,53.939998626708984,44.410133361816406,448200,NFG
2016-04-27,54.0,55.0,53.529998779296875,54.18000030517578,44.60774230957031,336600,NFG
2016-04-28,53.77000045776367,54.66999816894531,53.68000030517578,54.11000061035156,44.55010223388672,419100,NFG
2016-04-29,53.54999923706055,56.40999984741211,52.84000015258789,55.5,45.69451904296875,1546100,NFG
2016-05-02,55.290000915527344,55.599998474121094,54.58000183105469,54.810001373291016,45.126434326171875,556300,NFG
2016-05-03,54.529998779296875,54.939998626708984,53.84000015258789,54.52000045776367,44.88766098022461,383600,NFG
2016-05-04,54.79999923706055,55.22999954223633,54.33000183105469,54.959999084472656,45.24992370605469,674500,NFG
2016-05-05,55.2599983215332,55.68000030517578,54.41999816894531,54.4900016784668,44.862972259521484,396500,NFG
2016-05-06,54.0,54.81999969482422,53.79999923706055,54.20000076293945,44.62419891357422,495900,NFG
2016-05-09,54.0099983215332,54.290000915527344,53.59000015258789,54.08000183105469,44.5254020690918,467300,NFG
2016-05-10,54.11000061035156,54.7599983215332,53.91999816894531,54.65999984741211,45.002933502197266,361000,NFG
2016-05-11,54.630001068115234,54.869998931884766,53.81999969482422,54.56999969482422,44.928829193115234,245500,NFG
2016-05-12,54.58000183105469,55.08000183105469,54.22999954223633,54.7400016784668,45.06879425048828,604600,NFG
2016-05-13,54.689998626708984,54.900001525878906,53.869998931884766,54.15999984741211,44.591270446777344,249300,NFG
2016-05-16,54.560001373291016,54.959999084472656,54.38999938964844,54.7400016784668,45.06879425048828,318300,NFG
2016-05-17,54.709999084472656,55.13999938964844,54.13999938964844,54.7400016784668,45.06879425048828,416800,NFG
2016-05-18,54.56999969482422,54.97999954223633,53.439998626708984,53.79999923706055,44.29487228393555,496100,NFG
2016-05-19,53.5099983215332,53.90999984741211,52.849998474121094,53.650001525878906,44.17136764526367,396200,NFG
2016-05-20,53.689998626708984,54.02000045776367,53.349998474121094,53.959999084472656,44.426605224609375,338100,NFG
2016-05-23,53.79999923706055,54.119998931884766,53.369998931884766,53.65999984741211,44.17959976196289,212600,NFG
2016-05-24,54.029998779296875,54.43000030517578,53.369998931884766,54.400001525878906,44.78886795043945,395300,NFG
2016-05-25,54.45000076293945,55.56999969482422,54.400001525878906,55.380001068115234,45.595733642578125,346200,NFG
2016-05-26,55.5,55.880001068115234,55.099998474121094,55.61000061035156,45.78508377075195,310300,NFG
2016-05-27,55.34000015258789,55.790000915527344,54.9900016784668,55.5,45.69451904296875,301000,NFG
2016-05-31,55.4900016784668,55.7400016784668,54.7599983215332,55.0,45.28285217285156,370100,NFG
2016-06-01,54.79999923706055,55.2599983215332,54.70000076293945,55.189998626708984,45.439300537109375,317700,NFG
2016-06-02,55.09000015258789,55.31999969482422,54.439998626708984,55.31999969482422,45.54631805419922,318700,NFG
2016-06-03,55.560001373291016,55.79999923706055,54.97999954223633,55.54999923706055,45.735694885253906,326200,NFG
2016-06-06,55.70000076293945,56.36000061035156,55.630001068115234,56.119998931884766,46.20498275756836,252700,NFG
2016-06-07,56.369998931884766,56.439998626708984,56.029998779296875,56.31999969482422,46.369659423828125,198500,NFG
2016-06-08,56.599998474121094,57.02000045776367,56.41999816894531,56.58000183105469,46.583717346191406,262200,NFG
2016-06-09,56.5,57.060001373291016,56.060001373291016,56.83000183105469,46.78955841064453,475400,NFG
2016-06-10,56.5099983215332,56.84000015258789,55.810001373291016,56.040000915527344,46.13911819458008,427300,NFG
2016-06-13,54.97999954223633,55.900001525878906,54.90999984741211,55.220001220703125,45.46399688720703,418900,NFG
2016-06-14,55.13999938964844,55.54999923706055,54.61000061035156,55.5099983215332,45.7027587890625,274700,NFG
2016-06-15,55.529998779296875,55.650001525878906,55.06999969482422,55.20000076293945,45.44752502441406,210100,NFG
2016-06-16,55.06999969482422,55.220001220703125,54.369998931884766,54.68000030517578,45.0193977355957,424500,NFG
2016-06-17,54.689998626708984,55.38999938964844,54.130001068115234,55.22999954223633,45.47222137451172,469400,NFG
2016-06-20,55.779998779296875,55.959999084472656,55.31999969482422,55.65999984741211,45.82625961303711,267300,NFG
2016-06-21,55.650001525878906,56.08000183105469,55.130001068115234,55.849998474121094,45.98269271850586,235900,NFG
2016-06-22,56.130001068115234,56.130001068115234,55.619998931884766,55.709999084472656,45.867435455322266,360300,NFG
2016-06-23,56.27000045776367,56.36000061035156,55.86000061035156,56.36000061035156,46.402584075927734,389400,NFG
2016-06-24,55.15999984741211,55.9900016784668,54.810001373291016,55.58000183105469,45.7603874206543,838000,NFG
2016-06-27,55.5,55.619998931884766,54.61000061035156,55.310001373291016,45.538089752197266,429100,NFG
2016-06-28,54.7400016784668,55.470001220703125,54.130001068115234,54.439998626708984,45.15242385864258,595100,NFG
2016-06-29,54.779998779296875,55.34000015258789,54.75,54.86000061035156,45.50077819824219,608100,NFG
2016-06-30,54.900001525878906,56.900001525878906,54.66999816894531,56.880001068115234,47.17616271972656,948400,NFG
2016-07-01,57.16999816894531,57.58000183105469,56.220001220703125,56.470001220703125,46.836097717285156,393700,NFG
2016-07-05,56.290000915527344,56.33000183105469,55.310001373291016,55.79999923706055,46.28040313720703,558400,NFG
2016-07-06,55.90999984741211,56.790000915527344,55.790000915527344,56.77000045776367,47.084922790527344,409700,NFG
2016-07-07,56.79999923706055,56.79999923706055,55.099998474121094,55.290000915527344,45.857418060302734,286500,NFG
2016-07-08,55.439998626708984,55.970001220703125,55.2400016784668,55.93000030517578,46.38823318481445,293800,NFG
2016-07-11,56.040000915527344,56.09000015258789,55.52000045776367,55.9900016784668,46.437992095947266,205100,NFG
2016-07-12,56.18000030517578,56.599998474121094,55.9900016784668,56.369998931884766,46.75315856933594,521300,NFG
2016-07-13,56.59000015258789,56.59000015258789,56.0099983215332,56.380001068115234,46.7614631652832,351200,NFG
2016-07-14,56.41999816894531,56.88999938964844,56.400001525878906,56.470001220703125,46.836097717285156,232100,NFG
2016-07-15,56.72999954223633,56.900001525878906,55.84000015258789,56.439998626708984,46.811222076416016,319000,NFG
2016-07-18,56.439998626708984,56.900001525878906,56.18000030517578,56.77000045776367,47.084922790527344,205400,NFG
2016-07-19,56.7400016784668,56.77000045776367,56.04999923706055,56.38999938964844,46.769744873046875,258600,NFG
2016-07-20,56.41999816894531,56.439998626708984,55.79999923706055,56.2400016784668,46.64534378051758,202700,NFG
2016-07-21,56.060001373291016,56.7599983215332,56.060001373291016,56.5,46.860992431640625,379600,NFG
2016-07-22,56.45000076293945,56.959999084472656,56.290000915527344,56.400001525878906,46.77803421020508,347100,NFG
2016-07-25,56.54999923706055,56.68000030517578,55.7599983215332,56.52000045776367,46.87757110595703,300700,NFG
2016-07-26,56.540000915527344,56.689998626708984,56.119998931884766,56.63999938964844,46.97709655761719,287700,NFG
2016-07-27,56.70000076293945,56.95000076293945,55.18000030517578,55.369998931884766,45.92376708984375,348700,NFG
2016-07-28,55.41999816894531,55.59000015258789,54.939998626708984,55.470001220703125,46.00669860839844,240800,NFG
2016-07-29,55.40999984741211,56.56999969482422,55.099998474121094,56.5099983215332,46.86928176879883,842700,NFG
2016-08-01,56.36000061035156,56.5,55.369998931884766,55.52000045776367,46.048179626464844,347900,NFG
2016-08-02,55.61000061035156,55.75,54.95000076293945,55.279998779296875,45.849124908447266,204300,NFG
2016-08-03,55.34000015258789,56.040000915527344,54.619998931884766,56.040000915527344,46.479454040527344,289800,NFG
2016-08-04,56.0,56.5,55.68000030517578,56.209999084472656,46.620452880859375,347200,NFG
2016-08-05,56.90999984741211,58.11000061035156,55.84000015258789,55.9900016784668,46.437992095947266,349800,NFG
2016-08-08,55.9900016784668,57.0,55.779998779296875,56.58000183105469,46.92734146118164,324800,NFG
2016-08-09,56.56999969482422,56.75,55.93000030517578,56.209999084472656,46.620452880859375,242200,NFG
2016-08-10,56.470001220703125,56.86000061035156,56.16999816894531,56.5,46.860992431640625,215200,NFG
2016-08-11,56.720001220703125,57.25,56.5,57.22999954223633,47.46644592285156,301600,NFG
2016-08-12,57.33000183105469,57.4900016784668,56.90999984741211,57.0099983215332,47.28396224975586,155500,NFG
2016-08-15,57.04999923706055,57.540000915527344,56.97999954223633,57.13999938964844,47.39179611206055,379700,NFG
2016-08-16,57.099998474121094,57.099998474121094,56.47999954223633,56.63999938964844,46.97709655761719,267700,NFG
2016-08-17,56.58000183105469,57.52000045776367,56.290000915527344,57.4900016784668,47.682090759277344,311500,NFG
2016-08-18,57.599998474121094,58.43000030517578,57.58000183105469,58.36000061035156,48.40365982055664,352000,NFG
2016-08-19,58.099998474121094,58.220001220703125,57.650001525878906,58.18000030517578,48.25437545776367,170100,NFG
2016-08-22,58.099998474121094,58.189998626708984,57.72999954223633,57.95000076293945,48.0636100769043,138800,NFG
2016-08-23,58.09000015258789,58.61000061035156,58.09000015258789,58.2599983215332,48.32073211669922,200000,NFG
2016-08-24,58.040000915527344,58.16999816894531,57.65999984741211,58.16999816894531,48.2460823059082,244300,NFG
2016-08-25,58.22999954223633,58.349998474121094,57.91999816894531,58.09000015258789,48.179725646972656,156000,NFG
2016-08-26,58.29999923706055,58.90999984741211,57.11000061035156,57.290000915527344,47.516212463378906,172600,NFG
2016-08-29,57.439998626708984,58.13999938964844,57.43000030517578,58.130001068115234,48.21289825439453,176500,NFG
2016-08-30,58.290000915527344,58.5099983215332,57.7599983215332,57.88999938964844,48.01384353637695,296100,NFG
2016-08-31,57.79999923706055,57.939998626708984,56.91999816894531,57.060001373291016,47.32544708251953,267700,NFG
2016-09-01,56.849998474121094,57.459999084472656,56.45000076293945,56.4900016784668,46.85268020629883,382900,NFG
2016-09-02,56.709999084472656,58.11000061035156,56.709999084472656,58.09000015258789,48.179725646972656,366900,NFG
2016-09-06,58.22999954223633,58.40999984741211,57.709999084472656,57.9900016784668,48.09678649902344,255000,NFG
2016-09-07,58.08000183105469,59.380001068115234,58.02000045776367,59.13999938964844,49.050594329833984,488600,NFG
2016-09-08,59.220001220703125,59.619998931884766,58.95000076293945,59.45000076293945,49.30771255493164,300200,NFG
2016-09-09,58.7400016784668,59.08000183105469,55.45000076293945,55.470001220703125,46.00669860839844,500500,NFG
2016-09-12,55.20000076293945,56.40999984741211,54.59000015258789,56.290000915527344,46.68680953979492,376100,NFG
2016-09-13,56.04999923706055,56.08000183105469,54.52000045776367,54.68000030517578,45.35147476196289,311900,NFG
2016-09-14,54.83000183105469,55.22999954223633,54.040000915527344,54.33000183105469,45.061187744140625,302400,NFG
2016-09-15,54.369998931884766,55.31999969482422,54.18000030517578,55.18000030517578,45.76618194580078,293600,NFG
2016-09-16,55.0,55.47999954223633,54.5,55.16999816894531,45.757877349853516,567200,NFG
2016-09-19,55.40999984741211,55.91999816894531,55.2599983215332,55.90999984741211,46.371639251708984,334200,NFG
2016-09-20,56.15999984741211,56.7599983215332,55.880001068115234,56.02000045776367,46.46287155151367,305200,NFG
2016-09-21,56.209999084472656,56.86000061035156,56.11000061035156,56.70000076293945,47.0268669128418,439900,NFG
2016-09-22,57.15999984741211,57.619998931884766,56.93000030517578,57.56999969482422,47.748435974121094,403300,NFG
2016-09-23,57.08000183105469,57.68000030517578,55.970001220703125,56.18000030517578,46.595577239990234,443900,NFG
2016-09-26,56.18000030517578,56.40999984741211,55.459999084472656,55.5,46.03158950805664,305900,NFG
2016-09-27,55.5,55.56999969482422,54.43000030517578,55.220001220703125,45.79935836791992,503100,NFG
2016-09-28,54.81999969482422,55.279998779296875,54.2599983215332,55.22999954223633,46.14609909057617,696300,NFG
2016-09-29,55.31999969482422,55.31999969482422,54.470001220703125,54.720001220703125,45.7199821472168,475900,NFG
2016-09-30,54.70000076293945,55.040000915527344,53.810001373291016,54.06999969482422,45.1768913269043,435300,NFG
2016-10-03,54.060001373291016,54.209999084472656,53.29999923706055,53.790000915527344,44.942935943603516,410500,NFG
2016-10-04,53.95000076293945,54.0099983215332,53.2599983215332,53.77000045776367,44.92621994018555,516300,NFG
2016-10-05,54.150001525878906,54.61000061035156,53.959999084472656,54.099998474121094,45.20194625854492,411200,NFG
2016-10-06,53.900001525878906,54.290000915527344,53.38999938964844,54.0,45.1183967590332,272200,NFG
2016-10-07,54.04999923706055,54.439998626708984,53.16999816894531,53.400001525878906,44.61708450317383,310100,NFG
2016-10-10,53.38999938964844,54.310001373291016,53.310001373291016,53.9900016784668,45.110050201416016,507800,NFG
2016-10-11,53.93000030517578,54.130001068115234,51.79999923706055,52.369998931884766,43.75648880004883,803800,NFG
2016-10-12,52.150001525878906,52.880001068115234,52.099998474121094,52.75,44.073997497558594,296500,NFG
2016-10-13,52.90999984741211,54.599998474121094,52.90999984741211,53.720001220703125,44.884456634521484,801600,NFG
2016-10-14,53.95000076293945,54.529998779296875,53.75,54.029998779296875,45.143470764160156,315000,NFG
2016-10-17,54.09000015258789,54.209999084472656,52.90999984741211,53.11000061035156,44.37478256225586,406700,NFG
2016-10-18,53.56999969482422,53.58000183105469,52.400001525878906,52.93000030517578,44.224388122558594,381100,NFG
2016-10-19,53.119998931884766,53.41999816894531,52.34000015258789,52.36000061035156,43.74813461303711,530400,NFG
2016-10-20,52.31999969482422,52.400001525878906,51.38999938964844,51.90999984741211,43.37215042114258,520300,NFG
2016-10-21,51.56999969482422,52.16999816894531,51.400001525878906,51.810001373291016,43.28860092163086,587500,NFG
2016-10-24,52.41999816894531,52.41999816894531,51.41999816894531,51.93000030517578,43.38885498046875,470600,NFG
2016-10-25,51.93000030517578,52.90999984741211,51.849998474121094,52.58000183105469,43.93195343017578,752500,NFG
2016-10-26,52.16999816894531,52.52000045776367,51.599998474121094,52.279998779296875,43.68129348754883,367200,NFG
2016-10-27,52.15999984741211,52.619998931884766,51.54999923706055,52.40999984741211,43.789920806884766,384100,NFG
2016-10-28,52.25,52.619998931884766,52.150001525878906,52.34000015258789,43.73143005371094,327900,NFG
2016-10-31,52.470001220703125,52.9900016784668,52.310001373291016,52.380001068115234,43.76484680175781,1174900,NFG
2016-11-01,52.4900016784668,52.630001068115234,51.40999984741211,52.029998779296875,43.472408294677734,505000,NFG
2016-11-02,51.650001525878906,51.90999984741211,51.2400016784668,51.54999923706055,43.07136535644531,452200,NFG
2016-11-03,51.439998626708984,51.810001373291016,51.0,51.43000030517578,42.971099853515625,415900,NFG
2016-11-04,53.0,53.560001373291016,50.61000061035156,50.68000030517578,42.344451904296875,809000,NFG
2016-11-07,51.130001068115234,52.59000015258789,51.130001068115234,52.54999923706055,43.90687942504883,417200,NFG
2016-11-08,52.36000061035156,53.029998779296875,52.279998779296875,52.72999954223633,44.057273864746094,358600,NFG
2016-11-09,52.45000076293945,54.5,52.45000076293945,53.779998779296875,44.9345817565918,791400,NFG
2016-11-10,53.630001068115234,53.630001068115234,51.459999084472656,51.52000045776367,43.046295166015625,636000,NFG
2016-11-11,51.279998779296875,51.86000061035156,50.79999923706055,51.13999938964844,42.728790283203125,286500,NFG
2016-11-14,51.06999969482422,51.689998626708984,50.900001525878906,51.65999984741211,43.16326141357422,465900,NFG
2016-11-15,51.849998474121094,53.209999084472656,51.849998474121094,52.970001220703125,44.2578125,302900,NFG
2016-11-16,52.81999969482422,53.709999084472656,52.70000076293945,53.68000030517578,44.85103225708008,559500,NFG
2016-11-17,53.88999938964844,54.63999938964844,53.650001525878906,53.7599983215332,44.91788101196289,434600,NFG
2016-11-18,53.83000183105469,54.650001525878906,53.83000183105469,54.400001525878906,45.452613830566406,383300,NFG
2016-11-21,55.0,56.06999969482422,54.91999816894531,56.0,46.78944778442383,478000,NFG
2016-11-22,56.04999923706055,57.349998474121094,56.04999923706055,57.290000915527344,47.867279052734375,766800,NFG
2016-11-23,56.540000915527344,56.95000076293945,55.970001220703125,56.380001068115234,47.106956481933594,259400,NFG
2016-11-25,56.220001220703125,56.70000076293945,55.93000030517578,56.59000015258789,47.282413482666016,115900,NFG
2016-11-28,56.7400016784668,57.209999084472656,56.619998931884766,56.790000915527344,47.449520111083984,381100,NFG
2016-11-29,56.290000915527344,57.279998779296875,55.90999984741211,57.099998474121094,47.708526611328125,285100,NFG
2016-11-30,56.959999084472656,57.63999938964844,56.34000015258789,56.380001068115234,47.106956481933594,491500,NFG
2016-12-01,56.34000015258789,57.33000183105469,56.18000030517578,56.380001068115234,47.106956481933594,327200,NFG
2016-12-02,56.459999084472656,57.400001525878906,55.59000015258789,55.939998626708984,46.739315032958984,422700,NFG
2016-12-05,55.900001525878906,56.61000061035156,55.900001525878906,56.54999923706055,47.24899673461914,283700,NFG
2016-12-06,56.630001068115234,56.880001068115234,56.369998931884766,56.599998474121094,47.2907600402832,264200,NFG
2016-12-07,56.400001525878906,57.40999984741211,56.400001525878906,57.38999938964844,47.950836181640625,332300,NFG
2016-12-08,57.18000030517578,58.560001373291016,56.959999084472656,57.84000015258789,48.326820373535156,386100,NFG
2016-12-09,58.02000045776367,58.75,57.939998626708984,58.22999954223633,48.652671813964844,374800,NFG
2016-12-12,58.060001373291016,58.529998779296875,56.45000076293945,57.04999923706055,47.66675567626953,482400,NFG
2016-12-13,57.33000183105469,58.47999954223633,57.33000183105469,58.33000183105469,48.73623275756836,472800,NFG
2016-12-14,58.470001220703125,58.779998779296875,57.040000915527344,57.209999084472656,47.80043411254883,478900,NFG
2016-12-15,56.81999969482422,57.880001068115234,56.18000030517578,57.83000183105469,48.3184700012207,322800,NFG
2016-12-16,57.79999923706055,58.45000076293945,57.40999984741211,57.72999954223633,48.23491287231445,1193300,NFG
2016-12-19,57.95000076293945,58.369998931884766,57.650001525878906,58.0,48.46049880981445,296600,NFG
2016-12-20,57.9900016784668,58.59000015258789,57.15999984741211,57.59000015258789,48.117942810058594,530600,NFG
2016-12-21,57.61000061035156,58.400001525878906,57.349998474121094,58.130001068115234,48.56911849975586,299900,NFG
2016-12-22,58.31999969482422,58.599998474121094,57.95000076293945,58.52000045776367,48.89497375488281,250400,NFG
2016-12-23,58.5,58.5099983215332,57.439998626708984,57.849998474121094,48.335174560546875,228000,NFG
2016-12-27,57.619998931884766,58.220001220703125,57.47999954223633,57.84000015258789,48.326820373535156,142300,NFG
2016-12-28,57.40999984741211,57.75,56.650001525878906,56.83000183105469,47.81776428222656,193800,NFG
2016-12-29,56.79999923706055,57.20000076293945,56.70000076293945,57.18000030517578,48.11225891113281,177200,NFG
2016-12-30,57.150001525878906,57.25,56.45000076293945,56.63999938964844,47.65789031982422,235500,NFG
2017-01-03,57.0099983215332,57.04999923706055,55.88999938964844,56.63999938964844,47.65789031982422,502200,NFG
2017-01-04,56.560001373291016,57.849998474121094,56.560001373291016,57.45000076293945,48.339447021484375,408600,NFG
2017-01-05,57.459999084472656,57.709999084472656,56.7400016784668,57.18000030517578,48.11225891113281,289600,NFG
2017-01-06,57.060001373291016,57.400001525878906,56.869998931884766,56.97999954223633,47.943965911865234,284300,NFG
2017-01-09,56.79999923706055,56.83000183105469,55.72999954223633,55.93000030517578,47.06048583984375,310300,NFG
2017-01-10,56.0,56.65999984741211,55.52000045776367,56.470001220703125,47.51485061645508,367600,NFG
2017-01-11,56.459999084472656,57.29999923706055,56.06999969482422,57.0,47.96079635620117,402100,NFG
2017-01-12,56.95000076293945,57.40999984741211,56.189998626708984,57.369998931884766,48.272125244140625,495900,NFG
2017-01-13,57.560001373291016,58.119998931884766,57.09000015258789,57.7400016784668,48.58345413208008,359400,NFG
2017-01-17,57.91999816894531,58.5099983215332,57.41999816894531,58.16999816894531,48.94526672363281,260000,NFG
2017-01-18,57.939998626708984,58.900001525878906,57.91999816894531,58.290000915527344,49.046234130859375,285400,NFG
2017-01-19,58.22999954223633,58.380001068115234,57.27000045776367,57.59000015258789,48.45723342895508,355000,NFG
2017-01-20,57.66999816894531,58.31999969482422,57.41999816894531,57.75,48.591861724853516,332300,NFG
2017-01-23,57.65999984741211,57.75,56.720001220703125,57.08000183105469,48.02811813354492,279200,NFG
2017-01-24,57.150001525878906,57.7599983215332,56.810001373291016,57.599998474121094,48.46564865112305,426400,NFG
2017-01-25,57.599998474121094,58.0,57.459999084472656,57.900001525878906,48.71807861328125,488600,NFG
2017-01-26,57.790000915527344,58.29999923706055,57.41999816894531,57.56999969482422,48.44040298461914,316400,NFG
2017-01-27,57.20000076293945,57.209999084472656,55.97999954223633,56.38999938964844,47.44753646850586,500400,NFG
2017-01-30,55.900001525878906,56.0,54.66999816894531,55.06999969482422,46.33686828613281,489000,NFG
2017-01-31,55.06999969482422,56.310001373291016,54.849998474121094,56.150001525878906,47.24559020996094,1038300,NFG
2017-02-01,56.31999969482422,56.31999969482422,54.84000015258789,55.439998626708984,46.64820098876953,563600,NFG
2017-02-02,55.52000045776367,56.400001525878906,55.150001525878906,56.31999969482422,47.388641357421875,564300,NFG
2017-02-03,57.099998474121094,58.619998931884766,56.369998931884766,58.189998626708984,48.96208572387695,1089700,NFG
2017-02-06,58.52000045776367,60.0,58.52000045776367,58.91999816894531,49.576324462890625,882200,NFG
2017-02-07,58.900001525878906,59.0099983215332,57.810001373291016,58.34000015258789,49.08831024169922,453100,NFG
2017-02-08,58.31999969482422,58.7599983215332,57.849998474121094,58.369998931884766,49.11354446411133,438000,NFG
2017-02-09,58.52000045776367,58.95000076293945,58.31999969482422,58.720001220703125,49.408042907714844,433700,NFG
2017-02-10,58.810001373291016,59.5099983215332,58.63999938964844,59.40999984741211,49.98861312866211,430900,NFG
2017-02-13,59.400001525878906,59.43000030517578,58.88999938964844,59.36000061035156,49.94655227661133,578700,NFG
2017-02-14,59.400001525878906,59.7400016784668,59.029998779296875,59.70000076293945,50.232627868652344,545800,NFG
2017-02-15,59.279998779296875,59.75,59.220001220703125,59.40999984741211,49.98861312866211,408300,NFG
2017-02-16,59.529998779296875,60.16999816894531,59.38999938964844,60.15999984741211,50.61968231201172,432100,NFG
2017-02-17,59.86000061035156,60.15999984741211,59.25,59.790000915527344,50.30835723876953,539100,NFG
2017-02-21,59.779998779296875,59.779998779296875,58.91999816894531,59.459999084472656,50.03068542480469,572900,NFG
2017-02-22,59.459999084472656,59.66999816894531,58.970001220703125,59.47999954223633,50.047515869140625,363400,NFG
2017-02-23,59.47999954223633,60.060001373291016,59.22999954223633,59.77000045776367,50.29151916503906,310800,NFG
2017-02-24,59.599998474121094,60.08000183105469,59.36000061035156,59.84000015258789,50.35042953491211,353500,NFG
2017-02-27,59.689998626708984,59.97999954223633,59.34000015258789,59.869998931884766,50.375675201416016,440400,NFG
2017-02-28,59.779998779296875,60.59000015258789,59.4900016784668,60.29999923706055,50.73747634887695,693500,NFG
2017-03-01,60.18000030517578,60.75,59.91999816894531,60.400001525878906,50.82162094116211,463500,NFG
2017-03-02,60.099998474121094,60.72999954223633,59.83000183105469,60.470001220703125,50.88051986694336,276300,NFG
2017-03-03,60.529998779296875,60.529998779296875,60.0099983215332,60.459999084472656,50.872108459472656,447800,NFG
2017-03-06,60.20000076293945,60.68000030517578,60.0,60.619998931884766,51.00673294067383,326900,NFG
2017-03-07,60.4900016784668,61.04999923706055,60.27000045776367,60.83000183105469,51.18343734741211,495500,NFG
2017-03-08,60.65999984741211,60.65999984741211,59.869998931884766,59.939998626708984,50.4345703125,763600,NFG
2017-03-09,59.65999984741211,60.40999984741211,59.630001068115234,60.36000061035156,50.78797149658203,369600,NFG
2017-03-10,60.150001525878906,60.91999816894531,60.099998474121094,60.83000183105469,51.18343734741211,466200,NFG
2017-03-13,61.0,61.08000183105469,59.93000030517578,60.130001068115234,50.59443283081055,556400,NFG
2017-03-14,60.0,60.0,59.33000183105469,59.939998626708984,50.4345703125,480900,NFG
2017-03-15,60.54999923706055,61.25,59.9900016784668,60.90999984741211,51.2507438659668,636400,NFG
2017-03-16,60.93000030517578,60.93000030517578,60.18000030517578,60.689998626708984,51.06563186645508,415600,NFG
2017-03-17,60.83000183105469,61.060001373291016,60.369998931884766,60.369998931884766,50.79637145996094,956400,NFG
2017-03-20,60.630001068115234,60.84000015258789,60.0,60.45000076293945,50.86369705200195,282000,NFG
2017-03-21,60.52000045776367,61.0099983215332,60.209999084472656,60.84000015258789,51.19184875488281,370600,NFG
2017-03-22,60.79999923706055,60.970001220703125,60.45000076293945,60.68000030517578,51.05721664428711,279600,NFG
2017-03-23,60.619998931884766,61.2400016784668,60.36000061035156,60.52000045776367,50.92259979248047,347400,NFG
2017-03-24,59.83000183105469,60.56999969482422,59.650001525878906,59.810001373291016,50.32518768310547,872300,NFG
2017-03-27,59.630001068115234,59.91999816894531,58.56999969482422,59.630001068115234,50.17373275756836,578900,NFG
2017-03-28,59.33000183105469,59.83000183105469,59.220001220703125,59.7400016784668,50.26628494262695,401900,NFG
2017-03-29,59.43000030517578,59.9900016784668,59.18000030517578,59.97999954223633,50.81270217895508,526300,NFG
2017-03-30,59.869998931884766,59.95000076293945,59.099998474121094,59.290000915527344,50.22815704345703,483800,NFG
2017-03-31,58.88999938964844,60.0099983215332,58.88999938964844,59.619998931884766,50.507728576660156,590900,NFG
2017-04-03,59.61000061035156,59.66999816894531,58.65999984741211,59.380001068115234,50.30440902709961,497800,NFG
2017-04-04,59.47999954223633,60.25,59.290000915527344,60.2400016784668,51.03296661376953,1012700,NFG
2017-04-05,60.189998626708984,60.66999816894531,59.90999984741211,60.060001373291016,50.88047409057617,576200,NFG
2017-04-06,60.09000015258789,61.13999938964844,59.83000183105469,60.83000183105469,51.532798767089844,624900,NFG
2017-04-07,60.81999969482422,61.20000076293945,60.41999816894531,60.689998626708984,51.4141845703125,510500,NFG
2017-04-10,57.20000076293945,57.58000183105469,54.65999984741211,55.0,46.59384536743164,3583300,NFG
2017-04-11,54.709999084472656,55.040000915527344,53.650001525878906,54.400001525878906,46.08555221557617,1880900,NFG
2017-04-12,54.349998474121094,54.4900016784668,53.65999984741211,54.04999923706055,45.789039611816406,1136100,NFG
2017-04-13,53.9900016784668,54.18000030517578,53.18000030517578,53.31999969482422,45.17060852050781,951500,NFG
2017-04-17,53.18000030517578,53.63999938964844,53.18000030517578,53.61000061035156,45.41629409790039,672100,NFG
2017-04-18,53.59000015258789,53.709999084472656,53.029998779296875,53.40999984741211,45.24686050415039,735100,NFG
2017-04-19,54.29999923706055,54.68000030517578,53.650001525878906,53.83000183105469,45.602664947509766,741200,NFG
2017-04-20,53.7400016784668,53.84000015258789,53.380001068115234,53.459999084472656,45.289215087890625,473500,NFG
2017-04-21,53.56999969482422,53.81999969482422,53.41999816894531,53.59000015258789,45.39934539794922,418200,NFG
2017-04-24,54.470001220703125,55.4900016784668,53.939998626708984,55.31999969482422,46.86493682861328,1312700,NFG
2017-04-25,55.470001220703125,56.15999984741211,55.16999816894531,55.38999938964844,46.92424011230469,733000,NFG
2017-04-26,55.36000061035156,56.439998626708984,55.13999938964844,55.93000030517578,47.38169860839844,700600,NFG
2017-04-27,56.13999938964844,56.31999969482422,55.7400016784668,55.790000915527344,47.26310348510742,537300,NFG
2017-04-28,55.790000915527344,56.099998474121094,55.18000030517578,55.380001068115234,46.91576385498047,625300,NFG
2017-05-01,55.36000061035156,55.599998474121094,54.849998474121094,55.2599983215332,46.81410217285156,464200,NFG
2017-05-02,55.18000030517578,55.4900016784668,54.5099983215332,54.869998931884766,46.48371124267578,445000,NFG
2017-05-03,54.72999954223633,54.75,54.25,54.290000915527344,45.99236297607422,453400,NFG
2017-05-04,54.189998626708984,54.310001373291016,53.63999938964844,53.90999984741211,45.67043685913086,451100,NFG
2017-05-05,53.939998626708984,55.36000061035156,53.68000030517578,55.119998931884766,46.69551086425781,587800,NFG
2017-05-08,55.31999969482422,56.33000183105469,55.18000030517578,56.31999969482422,47.712100982666016,660600,NFG
2017-05-09,56.13999938964844,56.47999954223633,55.439998626708984,55.79999923706055,47.27157974243164,493100,NFG
2017-05-10,56.02000045776367,56.81999969482422,55.86000061035156,56.5,47.864585876464844,519400,NFG
2017-05-11,56.470001220703125,56.689998626708984,56.060001373291016,56.56999969482422,47.92388916015625,389000,NFG
2017-05-12,56.459999084472656,57.040000915527344,56.380001068115234,56.709999084472656,48.042484283447266,329800,NFG
2017-05-15,57.060001373291016,57.4900016784668,56.790000915527344,57.0,48.28816604614258,333900,NFG
2017-05-16,56.790000915527344,57.0,55.75,55.90999984741211,47.36476516723633,604700,NFG
2017-05-17,55.90999984741211,56.029998779296875,55.5,55.720001220703125,47.20380401611328,265900,NFG
2017-05-18,55.599998474121094,56.0,54.93000030517578,55.369998931884766,46.90729904174805,263100,NFG
2017-05-19,55.529998779296875,56.459999084472656,55.22999954223633,56.38999938964844,47.771400451660156,265100,NFG
2017-05-22,56.2599983215332,56.79999923706055,56.2599983215332,56.529998779296875,47.88999938964844,210400,NFG
2017-05-23,56.7400016784668,57.290000915527344,56.45000076293945,56.90999984741211,48.2119255065918,184500,NFG
2017-05-24,56.83000183105469,57.470001220703125,56.68000030517578,57.29999923706055,48.542301177978516,289400,NFG
2017-05-25,57.5099983215332,58.310001373291016,57.18000030517578,57.970001220703125,49.10991287231445,354900,NFG
2017-05-26,57.90999984741211,58.04999923706055,56.9900016784668,57.209999084472656,48.466064453125,391600,NFG
2017-05-30,56.900001525878906,57.22999954223633,56.68000030517578,56.81999969482422,48.13567352294922,544900,NFG
2017-05-31,56.72999954223633,56.849998474121094,56.27000045776367,56.7599983215332,48.08484649658203,945800,NFG
2017-06-01,56.9900016784668,56.9900016784668,56.040000915527344,56.470001220703125,47.83916473388672,781100,NFG
2017-06-02,56.33000183105469,56.79999923706055,55.77000045776367,55.869998931884766,47.33087158203125,841600,NFG
2017-06-05,55.63999938964844,55.79999923706055,55.27000045776367,55.599998474121094,47.102134704589844,488000,NFG
2017-06-06,55.529998779296875,55.83000183105469,55.27000045776367,55.4900016784668,47.00895309448242,536100,NFG
2017-06-07,55.33000183105469,55.81999969482422,55.20000076293945,55.54999923706055,47.059783935546875,455200,NFG
2017-06-08,55.619998931884766,56.310001373291016,55.380001068115234,56.27000045776367,47.66973876953125,570200,NFG
2017-06-09,56.08000183105469,56.72999954223633,56.08000183105469,56.689998626708984,48.02554702758789,543100,NFG
2017-06-12,56.869998931884766,57.31999969482422,56.58000183105469,57.02000045776367,48.305110931396484,436000,NFG
2017-06-13,57.0,57.33000183105469,56.7599983215332,57.31999969482422,48.55925750732422,442100,NFG
2017-06-14,57.630001068115234,57.869998931884766,57.16999816894531,57.58000183105469,48.7795295715332,356100,NFG
2017-06-15,57.22999954223633,58.40999984741211,57.22999954223633,58.2400016784668,49.33864974975586,500500,NFG
2017-06-16,57.88999938964844,59.650001525878906,57.88999938964844,59.59000015258789,50.48231887817383,1062400,NFG
2017-06-19,59.619998931884766,59.790000915527344,58.20000076293945,58.310001373291016,49.397953033447266,654200,NFG
2017-06-20,58.09000015258789,58.2400016784668,57.09000015258789,57.119998931884766,48.38982391357422,545900,NFG
2017-06-21,56.97999954223633,56.97999954223633,56.20000076293945,56.66999816894531,48.00860595703125,604200,NFG
2017-06-22,56.869998931884766,56.88999938964844,55.880001068115234,56.349998474121094,47.73749923706055,523800,NFG
2017-06-23,55.790000915527344,56.45000076293945,55.619998931884766,56.369998931884766,47.75445556640625,829400,NFG
2017-06-26,56.369998931884766,56.84000015258789,56.119998931884766,56.709999084472656,48.042484283447266,396500,NFG
2017-06-27,56.56999969482422,56.70000076293945,56.11000061035156,56.2599983215332,47.661258697509766,566300,NFG
2017-06-28,56.150001525878906,56.52000045776367,55.84000015258789,56.25,48.00691604614258,589100,NFG
2017-06-29,56.04999923706055,56.209999084472656,55.380001068115234,55.849998474121094,47.665531158447266,518300,NFG
2017-06-30,55.810001373291016,56.2400016784668,55.619998931884766,55.84000015258789,47.65700149536133,711100,NFG
2017-07-03,56.130001068115234,56.65999984741211,55.79999923706055,56.47999954223633,48.20320510864258,348500,NFG
2017-07-05,56.470001220703125,56.470001220703125,55.029998779296875,55.369998931884766,47.25587844848633,696000,NFG
2017-07-06,55.209999084472656,55.75,54.88999938964844,55.40999984741211,47.29001235961914,895300,NFG
2017-07-07,55.47999954223633,55.90999984741211,55.060001373291016,55.84000015258789,47.65700149536133,419400,NFG
2017-07-10,55.93000030517578,56.18000030517578,55.22999954223633,55.45000076293945,47.324153900146484,917600,NFG
2017-07-11,55.720001220703125,55.790000915527344,55.11000061035156,55.70000076293945,47.53750991821289,625000,NFG
2017-07-12,56.25,56.869998931884766,55.900001525878906,56.63999938964844,48.33976364135742,376000,NFG
2017-07-13,56.400001525878906,56.560001373291016,56.130001068115234,56.459999084472656,48.1861457824707,289900,NFG
2017-07-14,56.56999969482422,57.25,56.5,57.099998474121094,48.73235321044922,293700,NFG
2017-07-17,57.150001525878906,57.439998626708984,56.849998474121094,57.16999816894531,48.7921028137207,231600,NFG
2017-07-18,57.31999969482422,57.33000183105469,56.70000076293945,56.939998626708984,48.59579849243164,259500,NFG
2017-07-19,57.150001525878906,57.720001220703125,56.90999984741211,57.70000076293945,49.24442672729492,270900,NFG
2017-07-20,57.84000015258789,58.36000061035156,57.630001068115234,58.209999084472656,49.67969512939453,296900,NFG
2017-07-21,58.310001373291016,58.939998626708984,58.20000076293945,58.849998474121094,50.22590255737305,257700,NFG
2017-07-24,58.779998779296875,59.2400016784668,58.5,58.79999923706055,50.183231353759766,393000,NFG
2017-07-25,58.9900016784668,59.869998931884766,58.95000076293945,59.470001220703125,50.75505065917969,704000,NFG
2017-07-26,59.47999954223633,59.91999816894531,59.33000183105469,59.599998474121094,50.86599349975586,279500,NFG
2017-07-27,59.61000061035156,59.880001068115234,59.27000045776367,59.84000015258789,51.070823669433594,355800,NFG
2017-07-28,59.52000045776367,59.86000061035156,59.2400016784668,59.459999084472656,50.74651336669922,275000,NFG
2017-07-31,59.529998779296875,59.70000076293945,58.9900016784668,59.209999084472656,50.53314208984375,479600,NFG
2017-08-01,59.33000183105469,59.459999084472656,58.84000015258789,58.869998931884766,50.24296951293945,457400,NFG
2017-08-02,58.7599983215332,59.189998626708984,58.349998474121094,58.56999969482422,49.986942291259766,461300,NFG
2017-08-03,58.41999816894531,58.68000030517578,57.189998626708984,58.08000183105469,49.56874465942383,626000,NFG
2017-08-04,57.68000030517578,59.59000015258789,57.29999923706055,59.15999984741211,50.490474700927734,582800,NFG
2017-08-07,59.029998779296875,59.22999954223633,58.630001068115234,59.08000183105469,50.42219161987305,240800,NFG
2017-08-08,59.09000015258789,59.459999084472656,58.54999923706055,58.65999984741211,50.06373977661133,300400,NFG
2017-08-09,58.61000061035156,59.0099983215332,58.439998626708984,58.619998931884766,50.02961349487305,361300,NFG
2017-08-10,58.619998931884766,58.790000915527344,58.25,58.59000015258789,50.004005432128906,408300,NFG
2017-08-11,58.279998779296875,58.47999954223633,57.959999084472656,58.27000045776367,49.73089599609375,217100,NFG
2017-08-14,58.54999923706055,59.13999938964844,58.5099983215332,58.65999984741211,50.06373977661133,240900,NFG
2017-08-15,58.65999984741211,59.060001373291016,58.349998474121094,58.869998931884766,50.24296951293945,251900,NFG
2017-08-16,58.83000183105469,59.33000183105469,58.720001220703125,59.25,50.56728744506836,219300,NFG
2017-08-17,59.11000061035156,59.68000030517578,58.56999969482422,58.599998474121094,50.012542724609375,205500,NFG
2017-08-18,58.61000061035156,58.900001525878906,58.06999969482422,58.11000061035156,49.59434509277344,357000,NFG
2017-08-21,58.029998779296875,58.029998779296875,56.95000076293945,57.349998474121094,48.94572448730469,405800,NFG
2017-08-22,57.43000030517578,57.81999969482422,57.119998931884766,57.75,49.28710174560547,219400,NFG
2017-08-23,57.630001068115234,57.7599983215332,57.400001525878906,57.63999938964844,49.1932258605957,292500,NFG
2017-08-24,57.61000061035156,58.08000183105469,57.25,57.9900016784668,49.491939544677734,233300,NFG
2017-08-25,58.099998474121094,58.27000045776367,57.619998931884766,57.63999938964844,49.1932258605957,208000,NFG
2017-08-28,57.72999954223633,57.93000030517578,57.119998931884766,57.40999984741211,48.99692916870117,231900,NFG
2017-08-29,57.31999969482422,57.560001373291016,57.09000015258789,57.15999984741211,48.7835578918457,179500,NFG
2017-08-30,57.06999969482422,57.2599983215332,56.900001525878906,57.11000061035156,48.74089050292969,162000,NFG
2017-08-31,57.310001373291016,58.189998626708984,57.310001373291016,57.97999954223633,49.483394622802734,386600,NFG
2017-09-01,58.349998474121094,58.86000061035156,58.04999923706055,58.77000045776367,50.157623291015625,274900,NFG
2017-09-05,58.84000015258789,59.189998626708984,58.20000076293945,58.369998931884766,49.81623840332031,224500,NFG
2017-09-06,58.540000915527344,59.25,58.470001220703125,58.66999816894531,50.07227325439453,188500,NFG
2017-09-07,58.650001525878906,58.709999084472656,58.15999984741211,58.65999984741211,50.06373977661133,186500,NFG
2017-09-08,58.56999969482422,58.56999969482422,57.81999969482422,58.0,49.500465393066406,228200,NFG
2017-09-11,58.2400016784668,58.68000030517578,58.130001068115234,58.630001068115234,50.03813934326172,201300,NFG
2017-09-12,58.65999984741211,58.790000915527344,58.27000045776367,58.310001373291016,49.765045166015625,281900,NFG
2017-09-13,58.29999923706055,59.060001373291016,58.29999923706055,58.77000045776367,50.157623291015625,318000,NFG
2017-09-14,58.79999923706055,59.84000015258789,58.630001068115234,59.7599983215332,51.002540588378906,393200,NFG
2017-09-15,59.7400016784668,59.869998931884766,58.970001220703125,59.5,50.78065490722656,612900,NFG
2017-09-18,59.470001220703125,59.470001220703125,58.650001525878906,58.900001525878906,50.26856994628906,271700,NFG
2017-09-19,58.7400016784668,58.84000015258789,56.97999954223633,57.11000061035156,48.74089050292969,623900,NFG
2017-09-20,57.2400016784668,57.5,56.70000076293945,56.790000915527344,48.46779251098633,486200,NFG
2017-09-21,56.65999984741211,57.16999816894531,56.2400016784668,56.279998779296875,48.03252410888672,180200,NFG
2017-09-22,56.33000183105469,56.65999984741211,55.84000015258789,56.61000061035156,48.31415557861328,282200,NFG
2017-09-25,56.54999923706055,57.72999954223633,56.54999923706055,57.5099983215332,49.0822639465332,404800,NFG
2017-09-26,57.459999084472656,57.56999969482422,57.060001373291016,57.099998474121094,48.73235321044922,304000,NFG
2017-09-27,57.13999938964844,57.560001373291016,56.41999816894531,57.54999923706055,49.11641311645508,372300,NFG
2017-09-28,57.130001068115234,57.16999816894531,56.61000061035156,57.119998931884766,49.10352325439453,299200,NFG
2017-09-29,57.0,57.0,56.31999969482422,56.61000061035156,48.665096282958984,293000,NFG
2017-10-02,56.59000015258789,57.56999969482422,56.38999938964844,57.380001068115234,49.3270263671875,487700,NFG
2017-10-03,57.459999084472656,57.5,56.70000076293945,56.88999938964844,48.90580368041992,522300,NFG
2017-10-04,56.91999816894531,57.209999084472656,56.58000183105469,56.95000076293945,48.957374572753906,604900,NFG
2017-10-05,56.97999954223633,57.900001525878906,56.81999969482422,57.86000061035156,49.73966598510742,318500,NFG
2017-10-06,57.56999969482422,57.65999984741211,56.970001220703125,57.38999938964844,49.335628509521484,461300,NFG
2017-10-09,57.529998779296875,57.599998474121094,56.83000183105469,57.0099983215332,49.008949279785156,245400,NFG
2017-10-10,57.279998779296875,57.52000045776367,56.81999969482422,57.02000045776367,49.017555236816406,284500,NFG
2017-10-11,57.220001220703125,57.41999816894531,56.97999954223633,57.08000183105469,49.069129943847656,321300,NFG
2017-10-12,57.13999938964844,57.81999969482422,56.93000030517578,57.439998626708984,49.37860107421875,360300,NFG
2017-10-13,57.81999969482422,57.95000076293945,57.209999084472656,57.290000915527344,49.24965286254883,338700,NFG
2017-10-16,57.15999984741211,57.33000183105469,56.130001068115234,56.47999954223633,48.553340911865234,469100,NFG
2017-10-17,56.439998626708984,57.970001220703125,56.439998626708984,57.65999984741211,49.56773376464844,391200,NFG
2017-10-18,57.4900016784668,57.7599983215332,57.349998474121094,57.619998931884766,49.53335189819336,199500,NFG
2017-10-19,57.58000183105469,57.84000015258789,57.439998626708984,57.75,49.64509963989258,173400,NFG
2017-10-20,57.66999816894531,57.970001220703125,57.470001220703125,57.619998931884766,49.53335189819336,261000,NFG
2017-10-23,57.650001525878906,57.68000030517578,57.369998931884766,57.4900016784668,49.42159652709961,276800,NFG
2017-10-24,57.529998779296875,57.779998779296875,57.33000183105469,57.54999923706055,49.473167419433594,286400,NFG
2017-10-25,57.349998474121094,57.349998474121094,56.5099983215332,57.0,49.00035858154297,351400,NFG
2017-10-26,57.119998931884766,57.459999084472656,56.79999923706055,57.220001220703125,49.189491271972656,240600,NFG
2017-10-27,57.29999923706055,57.779998779296875,57.09000015258789,57.34000015258789,49.29264450073242,403700,NFG
2017-10-30,57.029998779296875,57.56999969482422,57.0099983215332,57.34000015258789,49.29264450073242,486800,NFG
2017-10-31,57.41999816894531,58.13999938964844,57.41999816894531,58.04999923706055,49.90299606323242,713200,NFG
2017-11-01,58.2400016784668,58.459999084472656,57.77000045776367,57.849998474121094,49.73106002807617,354000,NFG
2017-11-02,58.08000183105469,58.150001525878906,56.75,56.91999816894531,48.93158721923828,334800,NFG
2017-11-03,56.29999923706055,57.459999084472656,56.150001525878906,57.209999084472656,49.180885314941406,461100,NFG
2017-11-06,57.349998474121094,58.099998474121094,57.04999923706055,57.52000045776367,49.4473762512207,487400,NFG
2017-11-07,57.41999816894531,58.209999084472656,57.380001068115234,58.0,49.860008239746094,415700,NFG
2017-11-08,57.86000061035156,58.119998931884766,57.31999969482422,57.79999923706055,49.688079833984375,332500,NFG
2017-11-09,57.7599983215332,58.0,57.08000183105469,57.29999923706055,49.25825119018555,341100,NFG
2017-11-10,57.189998626708984,57.86000061035156,56.83000183105469,56.959999084472656,48.965965270996094,441500,NFG
2017-11-13,56.90999984741211,57.52000045776367,56.77000045776367,57.2599983215332,49.22386169433594,288800,NFG
2017-11-14,57.209999084472656,57.540000915527344,56.650001525878906,57.33000183105469,49.28404235839844,386200,NFG
2017-11-15,57.130001068115234,57.5099983215332,56.790000915527344,57.33000183105469,49.28404235839844,349300,NFG
2017-11-16,57.47999954223633,58.31999969482422,57.0,57.959999084472656,49.82563018798828,295200,NFG
2017-11-17,57.779998779296875,58.099998474121094,57.470001220703125,58.04999923706055,49.90299606323242,319700,NFG
2017-11-20,57.75,58.130001068115234,57.5099983215332,57.56999969482422,49.490360260009766,303100,NFG
2017-11-21,58.08000183105469,58.29999923706055,57.220001220703125,57.25,49.21528244018555,321600,NFG
2017-11-22,57.400001525878906,57.790000915527344,56.68000030517578,57.560001373291016,49.48176574707031,364900,NFG
2017-11-24,57.81999969482422,57.83000183105469,57.369998931884766,57.470001220703125,49.40439224243164,84200,NFG
2017-11-27,57.58000183105469,57.689998626708984,57.189998626708984,57.56999969482422,49.490360260009766,229300,NFG
2017-11-28,57.66999816894531,58.029998779296875,57.56999969482422,57.90999984741211,49.78265380859375,241800,NFG
2017-11-29,57.81999969482422,58.63999938964844,57.72999954223633,58.619998931884766,50.393001556396484,269900,NFG
2017-11-30,58.720001220703125,59.20000076293945,58.439998626708984,58.79999923706055,50.54773712158203,266300,NFG
2017-12-01,58.900001525878906,59.060001373291016,58.099998474121094,58.83000183105469,50.57353591918945,217600,NFG
2017-12-04,59.04999923706055,59.900001525878906,59.0099983215332,59.15999984741211,50.857215881347656,240100,NFG
2017-12-05,59.16999816894531,59.31999969482422,58.099998474121094,58.2400016784668,50.06633377075195,238700,NFG
2017-12-06,58.13999938964844,58.13999938964844,57.45000076293945,57.56999969482422,49.490360260009766,228400,NFG
2017-12-07,57.72999954223633,58.34000015258789,57.470001220703125,57.72999954223633,49.62791061401367,318100,NFG
2017-12-08,57.70000076293945,57.97999954223633,57.33000183105469,57.959999084472656,49.82563018798828,200300,NFG
2017-12-11,58.0099983215332,58.34000015258789,57.619998931884766,58.290000915527344,50.109317779541016,196100,NFG
2017-12-12,58.279998779296875,58.38999938964844,57.31999969482422,57.36000061035156,49.309837341308594,249800,NFG
2017-12-13,57.41999816894531,57.41999816894531,56.459999084472656,56.68000030517578,48.72526931762695,397600,NFG
2017-12-14,56.630001068115234,57.209999084472656,56.02000045776367,56.09000015258789,48.21807098388672,400200,NFG
2017-12-15,56.18000030517578,56.540000915527344,55.61000061035156,55.650001525878906,47.83982849121094,1147700,NFG
2017-12-18,55.959999084472656,56.560001373291016,55.880001068115234,56.15999984741211,48.27825164794922,339700,NFG
2017-12-19,56.15999984741211,56.2400016784668,54.88999938964844,54.88999938964844,47.186492919921875,436800,NFG
2017-12-20,54.72999954223633,55.13999938964844,54.13999938964844,54.779998779296875,47.09192657470703,497100,NFG
2017-12-21,54.5,54.95000076293945,54.40999984741211,54.709999084472656,47.03173828125,387400,NFG
2017-12-22,54.880001068115234,55.189998626708984,54.4900016784668,54.790000915527344,47.10053253173828,226500,NFG
2017-12-26,54.599998474121094,55.27000045776367,54.599998474121094,54.849998474121094,47.152103424072266,241300,NFG
2017-12-27,54.90999984741211,55.130001068115234,54.70000076293945,54.84000015258789,47.14350509643555,311600,NFG
2017-12-28,54.349998474121094,54.970001220703125,54.25,54.90999984741211,47.56361389160156,378900,NFG
2017-12-29,55.0,55.25,54.779998779296875,54.90999984741211,47.56361389160156,354100,NFG
2018-01-02,57.349998474121094,57.54999923706055,56.29999923706055,56.5099983215332,48.94955062866211,682200,NFG
2018-01-03,56.650001525878906,57.060001373291016,56.209999084472656,56.349998474121094,48.81095504760742,435200,NFG
2018-01-04,56.59000015258789,56.88999938964844,56.27000045776367,56.5099983215332,48.94955062866211,637500,NFG
2018-01-05,56.75,56.75,55.900001525878906,56.08000183105469,48.57707977294922,362500,NFG
2018-01-08,56.189998626708984,56.66999816894531,55.790000915527344,56.529998779296875,48.96687316894531,294700,NFG
2018-01-09,56.58000183105469,56.66999816894531,56.0099983215332,56.2400016784668,48.71568298339844,402400,NFG
2018-01-10,56.13999938964844,56.209999084472656,54.81999969482422,54.84000015258789,47.50298309326172,387100,NFG
2018-01-11,54.90999984741211,56.029998779296875,54.849998474121094,55.93000030517578,48.4471549987793,493600,NFG
2018-01-12,55.79999923706055,56.31999969482422,55.65999984741211,56.13999938964844,48.62905502319336,370600,NFG
2018-01-16,56.16999816894531,56.43000030517578,55.70000076293945,55.75,48.29123306274414,321600,NFG
2018-01-17,56.099998474121094,56.40999984741211,55.689998626708984,56.15999984741211,48.64638137817383,355100,NFG
2018-01-18,56.220001220703125,56.709999084472656,55.2400016784668,55.369998931884766,47.96207046508789,526500,NFG
2018-01-19,55.400001525878906,55.84000015258789,55.2400016784668,55.52000045776367,48.092002868652344,331300,NFG
2018-01-22,55.45000076293945,55.9900016784668,55.45000076293945,55.810001373291016,48.34320831298828,309200,NFG
2018-01-23,55.91999816894531,56.7599983215332,55.790000915527344,56.45000076293945,48.897579193115234,272700,NFG
2018-01-24,56.63999938964844,56.790000915527344,56.380001068115234,56.41999816894531,48.871585845947266,315500,NFG
2018-01-25,56.5,56.810001373291016,56.189998626708984,56.720001220703125,49.13145065307617,298600,NFG
2018-01-26,56.79999923706055,56.79999923706055,56.029998779296875,56.77000045776367,49.174766540527344,226200,NFG
2018-01-29,56.52000045776367,56.84000015258789,56.33000183105469,56.38999938964844,48.84560775756836,339900,NFG
2018-01-30,56.349998474121094,56.43000030517578,55.54999923706055,55.91999816894531,48.43848419189453,402000,NFG
2018-01-31,56.220001220703125,56.599998474121094,55.52000045776367,55.75,48.29123306274414,750700,NFG
2018-02-01,55.83000183105469,56.119998931884766,54.91999816894531,54.91999816894531,47.5722770690918,454200,NFG
2018-02-02,56.290000915527344,56.40999984741211,49.79999923706055,49.939998626708984,43.258548736572266,1443200,NFG
2018-02-05,50.439998626708984,51.130001068115234,49.400001525878906,49.599998474121094,42.96403121948242,1094500,NFG
2018-02-06,49.0,50.0,48.310001373291016,49.790000915527344,43.12861633300781,805200,NFG
2018-02-07,49.689998626708984,50.36000061035156,49.0,49.790000915527344,43.12861633300781,696700,NFG
2018-02-08,49.7599983215332,50.25,49.25,49.560001373291016,42.92938995361328,998400,NFG
2018-02-09,49.810001373291016,50.560001373291016,48.58000183105469,49.91999816894531,43.2412223815918,575600,NFG
2018-02-12,49.56999969482422,50.18000030517578,48.63999938964844,49.709999084472656,43.059322357177734,1652600,NFG
2018-02-13,49.68000030517578,50.08000183105469,49.040000915527344,49.400001525878906,42.79079818725586,865000,NFG
2018-02-14,49.150001525878906,49.83000183105469,48.88999938964844,49.54999923706055,42.920719146728516,786800,NFG
2018-02-15,49.599998474121094,49.939998626708984,49.22999954223633,49.810001373291016,43.14594650268555,478200,NFG
2018-02-16,49.689998626708984,50.369998931884766,49.63999938964844,50.04999923706055,43.35382843017578,908300,NFG
2018-02-20,50.02000045776367,50.22999954223633,49.060001373291016,49.63999938964844,42.998680114746094,638000,NFG
2018-02-21,49.54999923706055,50.2400016784668,49.41999816894531,49.43000030517578,42.81678009033203,483900,NFG
2018-02-22,49.630001068115234,50.41999816894531,49.5,49.75,43.09396743774414,633500,NFG
2018-02-23,50.029998779296875,50.77000045776367,49.709999084472656,50.70000076293945,43.916866302490234,481300,NFG
2018-02-26,50.900001525878906,51.310001373291016,50.189998626708984,50.93000030517578,44.11609649658203,507700,NFG
2018-02-27,51.0,51.40999984741211,50.470001220703125,50.470001220703125,43.71764373779297,486800,NFG
2018-02-28,50.5,50.68000030517578,49.40999984741211,49.43000030517578,42.81678009033203,683800,NFG
2018-03-01,49.54999923706055,50.29999923706055,49.43000030517578,49.630001068115234,42.99002456665039,463500,NFG
2018-03-02,49.47999954223633,50.099998474121094,49.02000045776367,50.040000915527344,43.34517288208008,381100,NFG
2018-03-05,49.93000030517578,50.560001373291016,49.72999954223633,50.5099983215332,43.75228500366211,503200,NFG
2018-03-06,50.47999954223633,50.77000045776367,49.970001220703125,50.75,43.960182189941406,610800,NFG
2018-03-07,50.599998474121094,50.75,49.86000061035156,50.04999923706055,43.35382843017578,575200,NFG
2018-03-08,50.150001525878906,50.29999923706055,48.43000030517578,49.099998474121094,42.53092575073242,626400,NFG
2018-03-09,49.33000183105469,49.61000061035156,48.939998626708984,49.5,42.87741470336914,478200,NFG
2018-03-12,49.5,49.970001220703125,49.40999984741211,49.93000030517578,43.2498893737793,395700,NFG
2018-03-13,49.959999084472656,50.56999969482422,49.900001525878906,50.36000061035156,43.62236022949219,379800,NFG
2018-03-14,50.470001220703125,50.880001068115234,50.38999938964844,50.720001220703125,43.934200286865234,464200,NFG
2018-03-15,50.689998626708984,50.84000015258789,49.689998626708984,50.2400016784668,43.51841735839844,532200,NFG
2018-03-16,50.290000915527344,51.34000015258789,50.209999084472656,51.130001068115234,44.28934097290039,741900,NFG
2018-03-19,51.060001373291016,51.290000915527344,50.34000015258789,50.849998474121094,44.04679489135742,422300,NFG
2018-03-20,50.84000015258789,51.08000183105469,49.790000915527344,50.02000045776367,43.32783889770508,361200,NFG
2018-03-21,49.9900016784668,51.220001220703125,49.83000183105469,50.689998626708984,43.908206939697266,283500,NFG
2018-03-22,50.439998626708984,51.38999938964844,50.31999969482422,50.380001068115234,43.63968276977539,379500,NFG
2018-03-23,50.56999969482422,50.81999969482422,49.7599983215332,49.810001373291016,43.14594650268555,324700,NFG
2018-03-26,50.13999938964844,50.59000015258789,49.779998779296875,50.52000045776367,43.760955810546875,438100,NFG
2018-03-27,50.59000015258789,51.47999954223633,50.220001220703125,50.83000183105469,44.029476165771484,453600,NFG
2018-03-28,50.529998779296875,51.310001373291016,50.15999984741211,51.2400016784668,44.7499885559082,591400,NFG
2018-03-29,51.20000076293945,52.04999923706055,51.11000061035156,51.45000076293945,44.933387756347656,477600,NFG
2018-04-02,51.349998474121094,51.650001525878906,50.0099983215332,50.209999084472656,43.85043716430664,392500,NFG
2018-04-03,50.619998931884766,51.040000915527344,50.11000061035156,50.849998474121094,44.40938186645508,531500,NFG
2018-04-04,50.68000030517578,51.560001373291016,50.279998779296875,51.16999816894531,44.6888427734375,375700,NFG
2018-04-05,51.279998779296875,51.939998626708984,51.029998779296875,51.83000183105469,45.2652587890625,267100,NFG
2018-04-06,51.5,51.93000030517578,50.029998779296875,50.279998779296875,43.91157531738281,389100,NFG
2018-04-09,50.560001373291016,51.15999984741211,50.16999816894531,50.33000183105469,43.95524597167969,435500,NFG
2018-04-10,50.58000183105469,51.16999816894531,50.27000045776367,50.75,44.32204818725586,438100,NFG
2018-04-11,50.72999954223633,51.45000076293945,50.63999938964844,51.36000061035156,44.85478210449219,279500,NFG
2018-04-12,51.369998931884766,51.41999816894531,50.720001220703125,51.029998779296875,44.56657791137695,298500,NFG
2018-04-13,51.2400016784668,51.689998626708984,50.939998626708984,51.4900016784668,44.96832275390625,311900,NFG
2018-04-16,51.5099983215332,52.310001373291016,51.5,52.22999954223633,45.614585876464844,280400,NFG
2018-04-17,52.06999969482422,52.31999969482422,51.880001068115234,52.11000061035156,45.50979232788086,377400,NFG
2018-04-18,52.290000915527344,52.459999084472656,51.77000045776367,51.81999969482422,45.25651931762695,403800,NFG
2018-04-19,51.83000183105469,51.939998626708984,51.22999954223633,51.599998474121094,45.06438064575195,343900,NFG
2018-04-20,51.650001525878906,51.880001068115234,51.0099983215332,51.15999984741211,44.680118560791016,279900,NFG
2018-04-23,51.20000076293945,51.970001220703125,50.77000045776367,51.72999954223633,45.177921295166016,318100,NFG
2018-04-24,52.040000915527344,52.2400016784668,51.470001220703125,51.84000015258789,45.27398681640625,230000,NFG
2018-04-25,50.83000183105469,51.279998779296875,50.540000915527344,50.939998626708984,44.487972259521484,457500,NFG
2018-04-26,50.90999984741211,51.88999938964844,50.84000015258789,51.779998779296875,45.22159194946289,296000,NFG
2018-04-27,51.75,52.15999984741211,51.619998931884766,51.79999923706055,45.23905563354492,349800,NFG
2018-04-30,51.880001068115234,52.02000045776367,51.220001220703125,51.349998474121094,44.846046447753906,2013800,NFG
2018-05-01,51.29999923706055,51.56999969482422,50.880001068115234,51.54999923706055,45.020713806152344,361900,NFG
2018-05-02,51.619998931884766,52.290000915527344,51.2400016784668,51.70000076293945,45.15171813964844,446500,NFG
2018-05-03,51.5,51.63999938964844,50.83000183105469,51.380001068115234,44.87224578857422,618300,NFG
2018-05-04,51.58000183105469,53.08000183105469,51.58000183105469,52.58000183105469,45.92026138305664,702200,NFG
2018-05-07,52.70000076293945,52.970001220703125,51.5,51.63999938964844,45.09931564331055,463700,NFG
2018-05-08,51.38999938964844,51.41999816894531,50.40999984741211,51.06999969482422,44.60150909423828,536600,NFG
2018-05-09,51.0099983215332,51.52000045776367,50.369998931884766,50.40999984741211,44.02510452270508,526400,NFG
2018-05-10,50.41999816894531,51.34000015258789,50.369998931884766,51.150001525878906,44.671382904052734,635100,NFG
2018-05-11,51.18000030517578,51.4900016784668,50.970001220703125,51.29999923706055,44.80237579345703,564400,NFG
2018-05-14,51.33000183105469,51.650001525878906,51.08000183105469,51.33000183105469,44.828582763671875,432500,NFG
2018-05-15,51.150001525878906,51.43000030517578,50.91999816894531,51.31999969482422,44.819847106933594,321800,NFG
2018-05-16,51.38999938964844,51.709999084472656,51.279998779296875,51.5099983215332,44.98578643798828,251400,NFG
2018-05-17,51.52000045776367,51.84000015258789,51.29999923706055,51.380001068115234,44.87224578857422,261500,NFG
2018-05-18,51.45000076293945,51.5,50.939998626708984,51.02000045776367,44.55784606933594,372200,NFG
2018-05-21,51.13999938964844,51.27000045776367,50.869998931884766,51.20000076293945,44.71504592895508,236900,NFG
2018-05-22,51.20000076293945,51.779998779296875,51.09000015258789,51.22999954223633,44.741241455078125,375100,NFG
2018-05-23,51.220001220703125,51.310001373291016,50.9900016784668,51.22999954223633,44.741241455078125,284100,NFG
2018-05-24,51.150001525878906,51.400001525878906,50.88999938964844,51.34000015258789,44.837318420410156,309200,NFG
2018-05-25,51.279998779296875,51.650001525878906,51.04999923706055,51.119998931884766,44.645179748535156,304600,NFG
2018-05-29,51.0099983215332,51.7599983215332,50.900001525878906,51.470001220703125,44.95085525512695,410500,NFG
2018-05-30,51.650001525878906,52.84000015258789,51.650001525878906,52.560001373291016,45.90279006958008,417900,NFG
2018-05-31,52.810001373291016,53.20000076293945,52.27000045776367,52.63999938964844,45.972660064697266,853700,NFG
2018-06-01,52.7400016784668,52.79999923706055,52.189998626708984,52.56999969482422,45.91152572631836,360400,NFG
2018-06-04,52.68000030517578,53.119998931884766,52.43000030517578,52.630001068115234,45.963924407958984,408800,NFG
2018-06-05,52.540000915527344,52.849998474121094,52.2599983215332,52.459999084472656,45.81545639038086,307600,NFG
2018-06-06,52.470001220703125,52.61000061035156,51.54999923706055,51.619998931884766,45.081851959228516,368200,NFG
2018-06-07,51.72999954223633,52.310001373291016,51.72999954223633,52.150001525878906,45.54472732543945,247800,NFG
2018-06-08,52.22999954223633,52.2400016784668,51.720001220703125,52.06999969482422,45.474857330322266,244300,NFG
2018-06-11,52.13999938964844,52.22999954223633,51.689998626708984,52.040000915527344,45.44865417480469,382100,NFG
2018-06-12,52.099998474121094,52.790000915527344,51.9900016784668,52.54999923706055,45.89405059814453,326800,NFG
2018-06-13,52.630001068115234,52.91999816894531,52.349998474121094,52.47999954223633,45.83292007446289,323300,NFG
2018-06-14,52.650001525878906,53.29999923706055,52.61000061035156,52.880001068115234,46.18226623535156,496000,NFG
2018-06-15,52.77000045776367,53.0,52.189998626708984,52.66999816894531,45.99885940551758,1023200,NFG
2018-06-18,52.650001525878906,53.15999984741211,52.61000061035156,52.810001373291016,46.121124267578125,291000,NFG
2018-06-19,52.72999954223633,53.02000045776367,52.70000076293945,52.810001373291016,46.121124267578125,344700,NFG
2018-06-20,52.970001220703125,53.47999954223633,52.630001068115234,53.43000030517578,46.66259765625,454600,NFG
2018-06-21,53.38999938964844,53.75,52.439998626708984,52.59000015258789,45.92899703979492,426300,NFG
2018-06-22,52.689998626708984,53.189998626708984,52.52000045776367,52.709999084472656,46.033790588378906,867700,NFG
2018-06-25,52.650001525878906,52.900001525878906,52.279998779296875,52.54999923706055,45.89405059814453,294500,NFG
2018-06-26,52.709999084472656,53.560001373291016,52.400001525878906,52.939998626708984,46.234657287597656,436700,NFG
2018-06-27,53.04999923706055,53.65999984741211,53.04999923706055,53.34000015258789,46.58399963378906,389800,NFG
2018-06-28,52.959999084472656,53.31999969482422,52.83000183105469,52.84000015258789,46.51797103881836,305900,NFG
2018-06-29,52.81999969482422,53.41999816894531,52.81999969482422,52.959999084472656,46.62361526489258,288000,NFG
2018-07-02,52.790000915527344,53.2400016784668,52.689998626708984,53.06999969482422,46.72045135498047,241100,NFG
2018-07-03,53.38999938964844,53.90999984741211,53.25,53.529998779296875,47.12541198730469,161500,NFG
2018-07-05,53.65999984741211,54.060001373291016,53.4900016784668,53.9900016784668,47.53038787841797,273800,NFG
2018-07-06,54.09000015258789,55.11000061035156,54.09000015258789,54.959999084472656,48.384334564208984,374600,NFG
2018-07-09,55.13999938964844,55.349998474121094,54.5,54.59000015258789,48.05859375,478500,NFG
2018-07-10,54.63999938964844,55.900001525878906,54.59000015258789,55.5099983215332,48.868526458740234,456400,NFG
2018-07-11,55.29999923706055,55.63999938964844,54.849998474121094,54.900001525878906,48.33150863647461,397200,NFG
2018-07-12,55.09000015258789,55.09000015258789,53.9900016784668,54.63999938964844,48.10260772705078,401700,NFG
2018-07-13,54.720001220703125,54.86000061035156,54.43000030517578,54.56999969482422,48.040985107421875,313400,NFG
2018-07-16,54.59000015258789,54.790000915527344,54.25,54.65999984741211,48.12022399902344,307200,NFG
2018-07-17,54.59000015258789,55.040000915527344,54.470001220703125,54.689998626708984,48.146629333496094,236000,NFG
2018-07-18,54.4900016784668,54.619998931884766,54.0,54.40999984741211,47.90012741088867,454700,NFG
2018-07-19,54.25,55.15999984741211,54.130001068115234,54.7400016784668,48.190643310546875,705900,NFG
2018-07-20,54.790000915527344,54.790000915527344,53.95000076293945,54.220001220703125,47.73286056518555,445300,NFG
2018-07-23,54.08000183105469,54.189998626708984,53.439998626708984,53.68000030517578,47.25746536254883,393200,NFG
2018-07-24,53.849998474121094,54.119998931884766,53.43000030517578,53.9900016784668,47.53038787841797,236700,NFG
2018-07-25,54.0099983215332,54.150001525878906,53.560001373291016,53.93000030517578,47.47755432128906,290700,NFG
2018-07-26,54.02000045776367,54.720001220703125,53.81999969482422,54.02000045776367,47.55678939819336,349400,NFG
2018-07-27,53.88999938964844,54.220001220703125,52.90999984741211,53.02000045776367,46.676448822021484,377400,NFG
2018-07-30,53.02000045776367,53.650001525878906,52.900001525878906,53.15999984741211,46.79969024658203,330500,NFG
2018-07-31,53.38999938964844,53.88999938964844,53.04999923706055,53.70000076293945,47.27507400512695,908600,NFG
2018-08-01,53.779998779296875,53.779998779296875,52.7400016784668,52.83000183105469,46.5091667175293,539800,NFG
2018-08-02,52.630001068115234,53.63999938964844,52.04999923706055,53.13999938964844,46.78207778930664,560600,NFG
2018-08-03,53.88999938964844,55.34000015258789,53.0,53.11000061035156,46.75566101074219,819800,NFG
2018-08-06,53.349998474121094,54.20000076293945,53.2400016784668,53.95000076293945,47.49516677856445,298500,NFG
2018-08-07,54.20000076293945,55.779998779296875,54.13999938964844,55.40999984741211,48.78048324584961,450200,NFG
2018-08-08,55.34000015258789,55.36000061035156,54.77000045776367,55.29999923706055,48.68363952636719,319200,NFG
2018-08-09,55.11000061035156,55.63999938964844,54.939998626708984,55.27000045776367,48.6572380065918,435600,NFG
2018-08-10,55.20000076293945,55.84000015258789,55.15999984741211,55.209999084472656,48.604408264160156,299200,NFG
2018-08-13,55.220001220703125,55.439998626708984,54.61000061035156,55.0,48.4195442199707,244500,NFG
2018-08-14,55.15999984741211,56.0,55.11000061035156,55.59000015258789,48.93894958496094,337800,NFG
2018-08-15,55.66999816894531,55.7400016784668,55.150001525878906,55.4900016784668,48.85091781616211,366600,NFG
2018-08-16,55.52000045776367,56.790000915527344,55.349998474121094,56.56999969482422,49.801700592041016,609600,NFG
2018-08-17,56.41999816894531,57.400001525878906,56.31999969482422,56.689998626708984,49.9073371887207,770600,NFG
2018-08-20,56.90999984741211,57.33000183105469,56.720001220703125,56.88999938964844,50.083412170410156,392300,NFG
2018-08-21,57.08000183105469,57.470001220703125,56.959999084472656,57.04999923706055,50.224266052246094,257700,NFG
2018-08-22,57.22999954223633,57.2599983215332,56.880001068115234,57.09000015258789,50.25947952270508,266700,NFG
2018-08-23,57.09000015258789,57.33000183105469,56.36000061035156,56.47999954223633,49.72246551513672,269100,NFG
2018-08-24,56.619998931884766,57.09000015258789,56.2599983215332,56.38999938964844,49.64323425292969,324900,NFG
2018-08-27,56.5,56.5,55.869998931884766,55.97999954223633,49.282283782958984,272500,NFG
2018-08-28,56.08000183105469,56.209999084472656,55.630001068115234,55.84000015258789,49.15903854370117,255500,NFG
2018-08-29,56.220001220703125,56.279998779296875,55.790000915527344,55.91999816894531,49.22946548461914,396800,NFG
2018-08-30,55.900001525878906,56.220001220703125,55.310001373291016,55.630001068115234,48.97416687011719,314200,NFG
2018-08-31,55.5099983215332,55.70000076293945,55.27000045776367,55.529998779296875,48.88612365722656,650400,NFG
2018-09-04,55.630001068115234,56.04999923706055,54.97999954223633,55.20000076293945,48.59560775756836,383000,NFG
2018-09-05,55.20000076293945,55.83000183105469,54.849998474121094,55.7599983215332,49.0886116027832,624500,NFG
2018-09-06,55.849998474121094,55.849998474121094,55.349998474121094,55.459999084472656,48.824501037597656,423600,NFG
2018-09-07,55.209999084472656,55.209999084472656,54.7599983215332,55.029998779296875,48.445945739746094,495500,NFG
2018-09-10,55.16999816894531,55.22999954223633,54.810001373291016,55.029998779296875,48.445945739746094,584500,NFG
2018-09-11,55.0,56.15999984741211,54.81999969482422,55.79999923706055,49.12382507324219,474800,NFG
2018-09-12,55.95000076293945,56.380001068115234,55.709999084472656,56.15999984741211,49.44074630737305,369400,NFG
2018-09-13,56.18000030517578,56.4900016784668,55.81999969482422,56.459999084472656,49.704856872558594,221900,NFG
2018-09-14,56.369998931884766,56.959999084472656,56.2599983215332,56.77000045776367,49.97776794433594,500600,NFG
2018-09-17,56.81999969482422,57.189998626708984,56.43000030517578,56.689998626708984,49.9073371887207,475900,NFG
2018-09-18,56.459999084472656,56.880001068115234,56.29999923706055,56.54999923706055,49.78409194946289,301900,NFG
2018-09-19,56.58000183105469,56.77000045776367,55.880001068115234,56.08000183105469,49.37031936645508,370800,NFG
2018-09-20,56.189998626708984,56.470001220703125,56.02000045776367,56.41999816894531,49.66963577270508,464600,NFG
2018-09-21,56.369998931884766,56.650001525878906,56.099998474121094,56.2400016784668,49.51118469238281,1109600,NFG
2018-09-24,56.29999923706055,56.5099983215332,55.68000030517578,56.130001068115234,49.41433334350586,411600,NFG
2018-09-25,56.33000183105469,56.380001068115234,55.560001373291016,55.650001525878906,48.99177169799805,509600,NFG
2018-09-26,55.83000183105469,55.83000183105469,54.790000915527344,54.81999969482422,48.261077880859375,352200,NFG
2018-09-27,54.95000076293945,55.54999923706055,54.630001068115234,55.470001220703125,49.2148551940918,478100,NFG
2018-09-28,55.400001525878906,56.31999969482422,55.400001525878906,56.060001373291016,49.738319396972656,590400,NFG
2018-10-01,56.16999816894531,56.43000030517578,55.88999938964844,56.09000015258789,49.76494216918945,366700,NFG
2018-10-02,56.13999938964844,56.7599983215332,55.66999816894531,56.47999954223633,50.110958099365234,558500,NFG
2018-10-03,56.52000045776367,56.93000030517578,56.310001373291016,56.75,50.35050582885742,435200,NFG
2018-10-04,56.5099983215332,56.91999816894531,56.22999954223633,56.77000045776367,50.368255615234375,520500,NFG
2018-10-05,56.7400016784668,57.47999954223633,56.7400016784668,57.16999816894531,50.72314453125,368100,NFG
2018-10-08,57.11000061035156,58.18000030517578,57.029998779296875,58.0099983215332,51.468421936035156,357900,NFG
2018-10-09,57.97999954223633,58.90999984741211,57.7400016784668,58.5,51.903175354003906,369900,NFG
2018-10-10,58.599998474121094,59.150001525878906,58.29999923706055,58.33000183105469,51.752342224121094,636400,NFG
2018-10-11,58.11000061035156,58.33000183105469,56.959999084472656,56.970001220703125,50.54570388793945,797200,NFG
2018-10-12,57.279998779296875,57.279998779296875,55.630001068115234,55.9900016784668,49.67621612548828,538400,NFG
2018-10-15,55.52000045776367,57.45000076293945,55.36000061035156,56.77000045776367,50.368255615234375,579600,NFG
2018-10-16,57.2400016784668,57.90999984741211,56.66999816894531,57.689998626708984,51.184505462646484,379500,NFG
2018-10-17,57.650001525878906,57.72999954223633,56.90999984741211,57.459999084472656,50.980445861816406,316600,NFG
2018-10-18,57.349998474121094,57.90999984741211,57.0,57.349998474121094,50.88285827636719,359000,NFG
2018-10-19,57.369998931884766,58.54999923706055,57.15999984741211,58.2400016784668,51.67249298095703,415400,NFG
2018-10-22,58.02000045776367,58.599998474121094,57.040000915527344,57.099998474121094,50.66104507446289,643000,NFG
2018-10-23,56.790000915527344,57.15999984741211,55.86000061035156,56.900001525878906,50.48359680175781,682400,NFG
2018-10-24,57.04999923706055,57.650001525878906,56.400001525878906,56.43000030517578,50.06660079956055,525700,NFG
2018-10-25,56.5099983215332,56.5099983215332,55.0099983215332,55.5099983215332,49.25034713745117,606300,NFG
2018-10-26,55.209999084472656,55.540000915527344,54.2599983215332,55.15999984741211,48.93981170654297,798600,NFG
2018-10-29,55.13999938964844,55.65999984741211,54.150001525878906,54.5,48.35423278808594,690700,NFG
2018-10-30,54.619998931884766,55.5099983215332,54.47999954223633,55.06999969482422,48.85995101928711,490300,NFG
2018-10-31,54.959999084472656,55.060001373291016,54.02000045776367,54.290000915527344,48.16791534423828,1029900,NFG
2018-11-01,54.45000076293945,55.13999938964844,54.16999816894531,55.0,48.797855377197266,637800,NFG
2018-11-02,54.2400016784668,54.619998931884766,50.7599983215332,51.18000030517578,45.40861892700195,2007600,NFG
2018-11-05,51.029998779296875,54.11000061035156,51.0,53.68000030517578,47.6266975402832,1598400,NFG
2018-11-06,53.650001525878906,53.959999084472656,52.529998779296875,53.93000030517578,47.848506927490234,1033900,NFG
2018-11-07,54.189998626708984,54.56999969482422,53.099998474121094,54.41999816894531,48.28325271606445,667000,NFG
2018-11-08,54.33000183105469,54.54999923706055,53.349998474121094,53.56999969482422,47.529109954833984,597300,NFG
2018-11-09,53.2599983215332,54.70000076293945,53.150001525878906,54.150001525878906,48.043704986572266,518000,NFG
2018-11-12,54.2400016784668,54.81999969482422,53.90999984741211,53.97999954223633,47.89288330078125,554700,NFG
2018-11-13,54.029998779296875,54.81999969482422,54.029998779296875,54.18000030517578,48.07032012939453,848100,NFG
2018-11-14,54.369998931884766,54.43000030517578,52.02000045776367,52.09000015258789,46.21600341796875,764800,NFG
2018-11-15,51.970001220703125,52.619998931884766,51.2400016784668,52.279998779296875,46.38457107543945,820100,NFG
2018-11-16,52.56999969482422,53.15999984741211,52.119998931884766,53.08000183105469,47.09436798095703,693000,NFG
2018-11-19,52.939998626708984,54.22999954223633,52.849998474121094,53.77000045776367,47.7065544128418,824800,NFG
2018-11-20,53.63999938964844,53.959999084472656,52.66999816894531,53.189998626708984,47.191959381103516,601700,NFG
2018-11-21,53.15999984741211,54.2599983215332,52.84000015258789,53.93000030517578,47.848506927490234,688100,NFG
2018-11-23,53.720001220703125,54.2400016784668,53.369998931884766,53.97999954223633,47.89288330078125,199500,NFG
2018-11-26,54.09000015258789,54.59000015258789,53.90999984741211,54.52000045776367,48.371978759765625,394200,NFG
2018-11-27,54.400001525878906,54.599998474121094,53.81999969482422,54.150001525878906,48.043704986572266,349300,NFG
2018-11-28,54.18000030517578,54.47999954223633,53.58000183105469,54.0,47.91061019897461,393400,NFG
2018-11-29,53.900001525878906,54.02000045776367,53.2400016784668,53.380001068115234,47.360530853271484,427700,NFG
2018-11-30,53.2400016784668,53.97999954223633,53.2400016784668,53.849998474121094,47.77753448486328,585200,NFG
2018-12-03,54.25,54.95000076293945,53.75,54.880001068115234,48.69137954711914,414400,NFG
2018-12-04,55.0,55.18000030517578,53.88999938964844,53.970001220703125,47.88400650024414,422900,NFG
2018-12-06,53.900001525878906,54.79999923706055,53.349998474121094,54.70000076293945,48.531681060791016,877700,NFG
2018-12-07,54.86000061035156,55.15999984741211,54.45000076293945,54.880001068115234,48.69137954711914,575300,NFG
2018-12-10,54.75,55.4900016784668,54.06999969482422,55.369998931884766,49.12613296508789,517700,NFG
2018-12-11,55.5,55.689998626708984,55.04999923706055,55.38999938964844,49.14387512207031,442300,NFG
2018-12-12,55.84000015258789,56.130001068115234,55.369998931884766,55.63999938964844,49.36568069458008,379600,NFG
2018-12-13,55.65999984741211,56.279998779296875,55.61000061035156,55.97999954223633,49.66733932495117,456500,NFG
2018-12-14,55.75,56.2400016784668,55.61000061035156,55.869998931884766,49.569740295410156,532800,NFG
2018-12-17,55.88999938964844,56.27000045776367,54.47999954223633,54.61000061035156,48.45183563232422,858000,NFG
2018-12-18,54.65999984741211,55.06999969482422,53.790000915527344,54.099998474121094,47.99934005737305,734800,NFG
2018-12-19,54.349998474121094,55.2400016784668,53.81999969482422,54.119998931884766,48.01708221435547,506800,NFG
2018-12-20,53.86000061035156,54.599998474121094,53.06999969482422,53.68000030517578,47.6266975402832,652700,NFG
2018-12-21,53.58000183105469,54.34000015258789,52.7599983215332,53.18000030517578,47.1830940246582,2031200,NFG
2018-12-24,53.02000045776367,53.220001220703125,50.58000183105469,50.630001068115234,44.9206428527832,342800,NFG
2018-12-26,50.720001220703125,51.54999923706055,49.599998474121094,51.5099983215332,45.70140838623047,489900,NFG
2018-12-27,51.34000015258789,51.900001525878906,50.43000030517578,51.88999938964844,46.038551330566406,614600,NFG
2018-12-28,51.599998474121094,51.86000061035156,50.5099983215332,50.91999816894531,45.55101776123047,514000,NFG
2018-12-31,50.959999084472656,51.2599983215332,50.560001373291016,51.18000030517578,45.783607482910156,569300,NFG
2019-01-02,50.88999938964844,51.369998931884766,49.75,50.869998931884766,45.506282806396484,852000,NFG
2019-01-03,51.02000045776367,51.97999954223633,51.02000045776367,51.41999816894531,45.998294830322266,346200,NFG
2019-01-04,51.54999923706055,53.0,51.54999923706055,52.65999984741211,47.1075553894043,630400,NFG
2019-01-07,52.61000061035156,53.130001068115234,52.20000076293945,52.4900016784668,46.95548629760742,466900,NFG
2019-01-08,52.689998626708984,53.529998779296875,52.68000030517578,53.41999816894531,47.78742218017578,476900,NFG
2019-01-09,53.529998779296875,53.7400016784668,53.11000061035156,53.540000915527344,47.8947639465332,331300,NFG
2019-01-10,53.47999954223633,54.31999969482422,53.18000030517578,54.27000045776367,48.54779815673828,385600,NFG
2019-01-11,54.439998626708984,54.459999084472656,54.060001373291016,54.43000030517578,48.6909294128418,306500,NFG
2019-01-14,53.790000915527344,54.15999984741211,53.47999954223633,53.880001068115234,48.19892501831055,354100,NFG
2019-01-15,53.81999969482422,54.72999954223633,53.810001373291016,54.58000183105469,48.825111389160156,414200,NFG
2019-01-16,54.68000030517578,55.29999923706055,54.439998626708984,55.18000030517578,49.36185073852539,294300,NFG
2019-01-17,54.88999938964844,55.70000076293945,54.79999923706055,55.529998779296875,49.6749382019043,366400,NFG
2019-01-18,55.470001220703125,56.189998626708984,55.470001220703125,56.040000915527344,50.13117218017578,266300,NFG
2019-01-22,56.08000183105469,56.2400016784668,55.47999954223633,55.97999954223633,50.07749938964844,300000,NFG
2019-01-23,55.900001525878906,56.310001373291016,55.869998931884766,56.09000015258789,50.175899505615234,335200,NFG
2019-01-24,56.310001373291016,56.66999816894531,55.869998931884766,56.66999816894531,50.694740295410156,296200,NFG
2019-01-25,56.61000061035156,57.08000183105469,56.5099983215332,56.91999816894531,50.91838455200195,364000,NFG
2019-01-28,56.939998626708984,56.939998626708984,56.150001525878906,56.58000183105469,50.614234924316406,446000,NFG
2019-01-29,56.77000045776367,57.0,56.45000076293945,56.779998779296875,50.793148040771484,322300,NFG
2019-01-30,57.060001373291016,57.43000030517578,56.56999969482422,57.220001220703125,51.18675994873047,355600,NFG
2019-01-31,57.4900016784668,57.52000045776367,56.90999984741211,57.29999923706055,51.25831604003906,891300,NFG
2019-02-01,57.29999923706055,59.09000015258789,56.95000076293945,58.65999984741211,52.474918365478516,1027100,NFG
2019-02-04,58.290000915527344,58.619998931884766,57.59000015258789,58.27000045776367,52.126041412353516,569100,NFG
2019-02-05,58.27000045776367,58.650001525878906,57.810001373291016,58.560001373291016,52.38546371459961,501400,NFG
2019-02-06,58.310001373291016,58.560001373291016,57.689998626708984,58.2599983215332,52.117095947265625,414500,NFG
2019-02-07,58.16999816894531,58.54999923706055,57.900001525878906,58.290000915527344,52.143924713134766,603500,NFG
2019-02-08,58.27000045776367,58.36000061035156,57.720001220703125,58.209999084472656,52.072364807128906,423100,NFG
2019-02-11,58.0099983215332,58.25,57.7400016784668,58.18000030517578,52.0455322265625,303400,NFG
2019-02-12,58.25,58.58000183105469,58.13999938964844,58.41999816894531,52.26021194458008,356200,NFG
2019-02-13,58.2599983215332,58.529998779296875,57.79999923706055,58.15999984741211,52.02764129638672,445700,NFG
2019-02-14,58.2400016784668,58.83000183105469,58.16999816894531,58.349998474121094,52.197601318359375,352700,NFG
2019-02-15,58.459999084472656,58.959999084472656,58.459999084472656,58.630001068115234,52.448089599609375,443100,NFG
2019-02-19,58.65999984741211,58.939998626708984,58.54999923706055,58.72999954223633,52.537540435791016,314600,NFG
2019-02-20,58.70000076293945,59.220001220703125,58.459999084472656,59.060001373291016,52.83274459838867,280300,NFG
2019-02-21,59.06999969482422,59.79999923706055,58.619998931884766,59.75,53.44999313354492,341300,NFG
2019-02-22,59.88999938964844,60.630001068115234,59.65999984741211,60.47999954223633,54.103023529052734,358500,NFG
2019-02-25,60.38999938964844,60.65999984741211,60.04999923706055,60.58000183105469,54.19247817993164,563400,NFG
2019-02-26,60.5,60.72999954223633,59.900001525878906,59.939998626708984,53.61994934082031,397600,NFG
2019-02-27,59.880001068115234,60.25,59.59000015258789,60.220001220703125,53.87044143676758,333900,NFG
2019-02-28,59.97999954223633,60.31999969482422,59.369998931884766,60.189998626708984,53.843597412109375,477100,NFG
2019-03-01,60.15999984741211,60.369998931884766,59.7599983215332,59.95000076293945,53.628902435302734,558100,NFG
2019-03-04,60.130001068115234,60.88999938964844,59.75,60.880001068115234,54.460838317871094,569400,NFG
2019-03-05,60.72999954223633,60.81999969482422,59.91999816894531,60.02000045776367,53.691524505615234,669500,NFG
2019-03-06,59.86000061035156,60.099998474121094,59.790000915527344,59.81999969482422,53.512611389160156,362600,NFG
2019-03-07,60.0,60.650001525878906,59.93000030517578,60.029998779296875,53.700469970703125,325600,NFG
2019-03-08,59.97999954223633,60.0099983215332,59.58000183105469,59.900001525878906,53.584171295166016,395300,NFG
2019-03-11,59.779998779296875,60.06999969482422,59.61000061035156,59.84000015258789,53.530494689941406,559700,NFG
2019-03-12,59.84000015258789,60.56999969482422,59.66999816894531,60.529998779296875,54.14774703979492,493800,NFG
2019-03-13,60.59000015258789,60.849998474121094,60.099998474121094,60.349998474121094,53.98672103881836,656300,NFG
2019-03-14,60.310001373291016,60.86000061035156,60.16999816894531,60.41999816894531,54.04934310913086,478000,NFG
2019-03-15,60.56999969482422,61.189998626708984,60.31999969482422,60.40999984741211,54.04039764404297,1267900,NFG
2019-03-18,60.34000015258789,60.900001525878906,60.25,60.88999938964844,54.46978759765625,515200,NFG
2019-03-19,60.880001068115234,61.16999816894531,60.0,60.220001220703125,53.87044143676758,380200,NFG
2019-03-20,60.13999938964844,60.939998626708984,59.970001220703125,60.22999954223633,53.87937545776367,371000,NFG
2019-03-21,59.65999984741211,61.029998779296875,59.61000061035156,60.91999816894531,54.49661636352539,410500,NFG
2019-03-22,60.86000061035156,61.150001525878906,60.43000030517578,60.439998626708984,54.06723403930664,395600,NFG
2019-03-25,60.52000045776367,60.86000061035156,60.150001525878906,60.75,54.34455108642578,314000,NFG
2019-03-26,60.91999816894531,61.709999084472656,60.900001525878906,61.2599983215332,54.800777435302734,314900,NFG
2019-03-27,61.2599983215332,61.369998931884766,60.83000183105469,60.93000030517578,54.50556945800781,396800,NFG
2019-03-28,60.630001068115234,60.810001373291016,60.11000061035156,60.63999938964844,54.6271858215332,240700,NFG
2019-03-29,60.61000061035156,61.040000915527344,60.27000045776367,60.959999084472656,54.91545486450195,402700,NFG
2019-04-01,61.040000915527344,61.13999938964844,60.59000015258789,60.66999816894531,54.654212951660156,435100,NFG
2019-04-02,60.70000076293945,60.70000076293945,60.09000015258789,60.5,54.50106430053711,734700,NFG
2019-04-03,60.5099983215332,60.91999816894531,60.189998626708984,60.7599983215332,54.735286712646484,679600,NFG
2019-04-04,61.06999969482422,61.220001220703125,60.29999923706055,60.650001525878906,54.636199951171875,882800,NFG
2019-04-05,60.599998474121094,60.88999938964844,60.189998626708984,60.79999923706055,54.771324157714844,845900,NFG
2019-04-08,60.81999969482422,61.099998474121094,60.380001068115234,60.63999938964844,54.6271858215332,497900,NFG
2019-04-09,60.630001068115234,60.75,60.33000183105469,60.38999938964844,54.401973724365234,282900,NFG
2019-04-10,60.58000183105469,61.0099983215332,60.29999923706055,60.380001068115234,54.39296340942383,378900,NFG
2019-04-11,60.33000183105469,60.59000015258789,59.880001068115234,60.31999969482422,54.33890914916992,408000,NFG
2019-04-12,60.43000030517578,60.63999938964844,60.20000076293945,60.400001525878906,54.410980224609375,359200,NFG
2019-04-15,60.65999984741211,61.27000045776367,60.400001525878906,60.939998626708984,54.897438049316406,563800,NFG
2019-04-16,61.099998474121094,61.220001220703125,60.869998931884766,61.0099983215332,54.96049499511719,525300,NFG
2019-04-17,61.06999969482422,61.189998626708984,59.380001068115234,59.529998779296875,53.62724685668945,480000,NFG
2019-04-18,59.72999954223633,59.72999954223633,58.849998474121094,58.959999084472656,53.11376953125,704800,NFG
2019-04-22,59.04999923706055,59.65999984741211,58.88999938964844,59.58000183105469,53.67229080200195,415100,NFG
2019-04-23,59.650001525878906,60.58000183105469,59.470001220703125,60.34000015258789,54.35693359375,425300,NFG
2019-04-24,60.5099983215332,60.630001068115234,59.939998626708984,60.13999938964844,54.176761627197266,399000,NFG
2019-04-25,59.97999954223633,60.310001373291016,59.0099983215332,59.029998779296875,53.17683029174805,689300,NFG
2019-04-26,59.09000015258789,59.369998931884766,58.779998779296875,59.16999816894531,53.302940368652344,696500,NFG
2019-04-29,58.9900016784668,59.220001220703125,58.400001525878906,58.540000915527344,52.73541259765625,330300,NFG
2019-04-30,58.72999954223633,59.2400016784668,58.40999984741211,59.209999084472656,53.3389778137207,754600,NFG
2019-05-01,59.29999923706055,59.29999923706055,58.4900016784668,58.880001068115234,53.04170608520508,472000,NFG
2019-05-02,58.63999938964844,58.79999923706055,58.040000915527344,58.400001525878906,52.60929489135742,615200,NFG
2019-05-03,58.38999938964844,59.2400016784668,57.380001068115234,58.189998626708984,52.42012023925781,878300,NFG
2019-05-06,57.93000030517578,58.369998931884766,57.560001373291016,57.7400016784668,52.01473617553711,480900,NFG
2019-05-07,57.540000915527344,57.939998626708984,56.93000030517578,57.099998474121094,51.438194274902344,406200,NFG
2019-05-08,57.13999938964844,57.279998779296875,56.630001068115234,56.65999984741211,51.041831970214844,366900,NFG
2019-05-09,56.59000015258789,57.04999923706055,56.060001373291016,56.86000061035156,51.22199630737305,658900,NFG
2019-05-10,56.9900016784668,57.2599983215332,56.77000045776367,57.130001068115234,51.46522521972656,514700,NFG
2019-05-13,56.880001068115234,57.380001068115234,56.619998931884766,57.060001373291016,51.402164459228516,469400,NFG
2019-05-14,57.0,57.43000030517578,56.84000015258789,57.150001525878906,51.483238220214844,435300,NFG
2019-05-15,57.29999923706055,57.38999938964844,56.93000030517578,56.93000030517578,51.28504943847656,276500,NFG
2019-05-16,56.97999954223633,57.529998779296875,56.849998474121094,57.31999969482422,51.636383056640625,351700,NFG
2019-05-17,57.33000183105469,57.56999969482422,57.04999923706055,57.15999984741211,51.49224853515625,443400,NFG
2019-05-20,57.279998779296875,57.279998779296875,56.70000076293945,56.84000015258789,51.203975677490234,479100,NFG
2019-05-21,57.029998779296875,57.209999084472656,56.66999816894531,56.77000045776367,51.14091110229492,397300,NFG
2019-05-22,56.70000076293945,57.04999923706055,56.52000045776367,56.66999816894531,51.05083084106445,258900,NFG
2019-05-23,56.54999923706055,57.2400016784668,55.75,56.34000015258789,50.7535514831543,489000,NFG
2019-05-24,56.529998779296875,56.97999954223633,56.099998474121094,56.13999938964844,50.573387145996094,669100,NFG
2019-05-28,56.540000915527344,56.540000915527344,54.849998474121094,54.900001525878906,49.45634460449219,629300,NFG
2019-05-29,55.0,55.0,53.84000015258789,54.02000045776367,48.66360092163086,565200,NFG
2019-05-30,53.970001220703125,54.369998931884766,53.459999084472656,53.47999954223633,48.17713928222656,464700,NFG
2019-05-31,53.29999923706055,53.790000915527344,53.15999984741211,53.310001373291016,48.02400588989258,1266500,NFG
2019-06-03,53.400001525878906,54.060001373291016,52.779998779296875,53.4900016784668,48.1861572265625,1126800,NFG
2019-06-04,53.70000076293945,54.599998474121094,53.369998931884766,54.560001373291016,49.15005874633789,884200,NFG
2019-06-05,54.59000015258789,55.15999984741211,54.36000061035156,55.0099983215332,49.55542755126953,509500,NFG
2019-06-06,55.16999816894531,55.720001220703125,55.02000045776367,55.56999969482422,50.05990219116211,590400,NFG
2019-06-07,55.939998626708984,55.97999954223633,54.880001068115234,54.880001068115234,49.43832015991211,532600,NFG
2019-06-10,54.59000015258789,54.7400016784668,53.529998779296875,53.59000015258789,48.27622985839844,465600,NFG
2019-06-11,53.52000045776367,53.77000045776367,52.56999969482422,52.95000076293945,47.6996955871582,569300,NFG
2019-06-12,53.209999084472656,53.5,52.970001220703125,53.33000183105469,48.04201889038086,542000,NFG
2019-06-13,53.470001220703125,53.790000915527344,53.38999938964844,53.77000045776367,48.43838882446289,473000,NFG
2019-06-14,53.95000076293945,54.220001220703125,53.7599983215332,54.040000915527344,48.68161392211914,337900,NFG
2019-06-17,53.86000061035156,54.290000915527344,53.5,54.209999084472656,48.834754943847656,523100,NFG
2019-06-18,54.650001525878906,54.650001525878906,53.720001220703125,54.02000045776367,48.66360092163086,511800,NFG
2019-06-19,54.02000045776367,54.470001220703125,53.869998931884766,54.31999969482422,48.9338493347168,385500,NFG
2019-06-20,54.900001525878906,54.900001525878906,53.88999938964844,54.18000030517578,48.807735443115234,489900,NFG
2019-06-21,53.95000076293945,54.61000061035156,53.849998474121094,54.599998474121094,49.18608474731445,1095400,NFG
2019-06-24,54.880001068115234,54.91999816894531,54.36000061035156,54.470001220703125,49.06897735595703,452400,NFG
2019-06-25,54.529998779296875,54.880001068115234,54.369998931884766,54.439998626708984,49.04195022583008,611400,NFG
2019-06-26,54.52000045776367,54.52000045776367,53.220001220703125,53.220001220703125,47.94293212890625,444300,NFG
2019-06-27,52.779998779296875,52.970001220703125,51.709999084472656,51.869998931884766,47.11185836791992,637100,NFG
2019-06-28,51.970001220703125,52.84000015258789,51.970001220703125,52.75,47.911136627197266,922100,NFG
2019-07-01,52.880001068115234,53.150001525878906,52.70000076293945,53.119998931884766,48.247196197509766,578000,NFG
2019-07-02,53.33000183105469,53.849998474121094,53.16999816894531,53.709999084472656,48.78306579589844,722100,NFG
2019-07-03,53.880001068115234,54.61000061035156,53.77000045776367,53.90999984741211,48.9647216796875,1484700,NFG
2019-07-05,53.41999816894531,53.72999954223633,52.970001220703125,53.709999084472656,48.78306579589844,404000,NFG
2019-07-08,53.86000061035156,53.900001525878906,53.369998931884766,53.599998474121094,48.68315505981445,432700,NFG
2019-07-09,53.34000015258789,53.59000015258789,53.099998474121094,53.52000045776367,48.610496520996094,345400,NFG
2019-07-10,53.88999938964844,53.91999816894531,53.58000183105469,53.72999954223633,48.801231384277344,291500,NFG
2019-07-11,53.709999084472656,53.779998779296875,53.29999923706055,53.540000915527344,48.628665924072266,385300,NFG
2019-07-12,53.470001220703125,53.650001525878906,52.88999938964844,53.13999938964844,48.265357971191406,416800,NFG
2019-07-15,52.75,52.939998626708984,51.709999084472656,51.939998626708984,47.17543411254883,851900,NFG
2019-07-16,51.63999938964844,51.7400016784668,50.970001220703125,51.619998931884766,46.88479232788086,822200,NFG
2019-07-17,51.869998931884766,52.04999923706055,50.599998474121094,50.63999938964844,45.994686126708984,598500,NFG
2019-07-18,50.470001220703125,50.470001220703125,49.31999969482422,49.41999816894531,44.88660430908203,937900,NFG
2019-07-19,49.4900016784668,49.540000915527344,48.29999923706055,48.5,44.050994873046875,874500,NFG
2019-07-22,48.529998779296875,48.66999816894531,47.9900016784668,48.29999923706055,43.869346618652344,717300,NFG
2019-07-23,48.31999969482422,48.560001373291016,47.61000061035156,48.099998474121094,43.68768310546875,1165100,NFG
2019-07-24,48.15999984741211,48.380001068115234,47.90999984741211,47.95000076293945,43.55144500732422,816400,NFG
2019-07-25,47.93000030517578,48.2599983215332,46.599998474121094,46.84000015258789,42.54327392578125,992700,NFG
2019-07-26,46.810001373291016,46.970001220703125,45.790000915527344,46.06999969482422,41.84390640258789,1170000,NFG
2019-07-29,46.11000061035156,46.650001525878906,45.84000015258789,46.22999954223633,41.989219665527344,932100,NFG
2019-07-30,46.13999938964844,47.59000015258789,46.13999938964844,47.29999923706055,42.96107482910156,1628100,NFG
2019-07-31,47.38999938964844,48.56999969482422,47.29999923706055,47.7400016784668,43.360713958740234,3328500,NFG
2019-08-01,47.56999969482422,47.849998474121094,46.779998779296875,46.869998931884766,42.570518493652344,1187600,NFG
2019-08-02,47.040000915527344,49.0099983215332,46.65999984741211,48.86000061035156,44.377967834472656,1628400,NFG
2019-08-05,48.4900016784668,48.4900016784668,46.97999954223633,47.720001220703125,43.34254837036133,1353000,NFG
2019-08-06,47.880001068115234,47.97999954223633,46.97999954223633,47.86000061035156,43.46969985961914,940700,NFG
2019-08-07,47.70000076293945,48.75,47.09000015258789,48.59000015258789,44.13273239135742,893800,NFG
2019-08-08,48.439998626708984,49.06999969482422,47.9900016784668,49.029998779296875,44.532379150390625,891300,NFG
2019-08-09,49.04999923706055,49.16999816894531,47.15999984741211,47.470001220703125,43.115482330322266,911300,NFG
2019-08-12,47.25,47.41999816894531,46.47999954223633,47.13999938964844,42.81575012207031,395800,NFG
2019-08-13,46.7599983215332,47.959999084472656,46.70000076293945,47.31999969482422,42.97924041748047,861100,NFG
2019-08-14,47.060001373291016,47.209999084472656,46.38999938964844,46.47999954223633,42.2162971496582,640100,NFG
2019-08-15,46.439998626708984,46.93000030517578,46.11000061035156,46.59000015258789,42.31620407104492,580900,NFG
2019-08-16,46.58000183105469,47.150001525878906,46.459999084472656,47.040000915527344,42.72492599487305,838100,NFG
2019-08-19,47.18000030517578,47.650001525878906,47.029998779296875,47.470001220703125,43.115482330322266,444300,NFG
2019-08-20,47.65999984741211,47.65999984741211,46.90999984741211,46.939998626708984,42.634098052978516,320300,NFG
2019-08-21,46.959999084472656,47.56999969482422,46.939998626708984,47.529998779296875,43.16997146606445,454400,NFG
2019-08-22,47.47999954223633,47.599998474121094,46.84000015258789,46.939998626708984,42.634098052978516,486200,NFG
2019-08-23,46.86000061035156,46.970001220703125,45.470001220703125,45.58000183105469,41.39885711669922,460500,NFG
2019-08-26,45.7599983215332,46.52000045776367,45.560001373291016,46.40999984741211,42.15271759033203,460600,NFG
2019-08-27,46.72999954223633,46.72999954223633,45.7400016784668,45.75,41.553260803222656,303200,NFG
2019-08-28,45.83000183105469,46.22999954223633,45.61000061035156,45.7599983215332,41.56233596801758,581600,NFG
2019-08-29,46.13999938964844,46.83000183105469,46.13999938964844,46.61000061035156,42.33436965942383,406500,NFG
2019-08-30,46.630001068115234,46.9900016784668,46.209999084472656,46.7400016784668,42.45244598388672,617800,NFG
2019-09-03,46.56999969482422,46.88999938964844,46.029998779296875,46.810001373291016,42.51602554321289,564200,NFG
2019-09-04,46.900001525878906,47.20000076293945,46.59000015258789,46.97999954223633,42.67042922973633,390800,NFG
2019-09-05,46.88999938964844,47.849998474121094,46.88999938964844,47.459999084472656,43.10639572143555,784800,NFG
2019-09-06,47.59000015258789,47.59000015258789,46.86000061035156,47.0,42.688594818115234,414200,NFG
2019-09-09,47.09000015258789,48.220001220703125,46.880001068115234,48.209999084472656,43.78759765625,772400,NFG
2019-09-10,48.040000915527344,49.45000076293945,48.040000915527344,49.27000045776367,44.7503662109375,648900,NFG
2019-09-11,49.31999969482422,50.0,49.029998779296875,50.0,45.41339111328125,558600,NFG
2019-09-12,50.369998931884766,50.459999084472656,48.5099983215332,48.7400016784668,44.268985748291016,423500,NFG
2019-09-13,48.7599983215332,49.349998474121094,48.529998779296875,48.72999954223633,44.25989532470703,456600,NFG
2019-09-16,49.209999084472656,49.380001068115234,48.81999969482422,49.150001525878906,44.6413688659668,600500,NFG
2019-09-17,49.02000045776367,49.119998931884766,48.2599983215332,48.470001220703125,44.02375030517578,481100,NFG
2019-09-18,48.689998626708984,48.959999084472656,48.27000045776367,48.560001373291016,44.105491638183594,495900,NFG
2019-09-19,48.869998931884766,49.540000915527344,47.959999084472656,48.130001068115234,43.71493148803711,627600,NFG
2019-09-20,48.27000045776367,48.439998626708984,47.279998779296875,47.279998779296875,42.94290542602539,1248500,NFG
2019-09-23,47.310001373291016,48.25,47.310001373291016,47.84000015258789,43.451541900634766,625700,NFG
2019-09-24,48.099998474121094,48.209999084472656,47.77000045776367,47.869998931884766,43.478782653808594,531000,NFG
2019-09-25,47.77000045776367,48.189998626708984,47.77000045776367,48.02000045776367,43.615028381347656,482700,NFG
2019-09-26,48.13999938964844,48.13999938964844,46.869998931884766,47.34000015258789,42.997398376464844,526200,NFG
2019-09-27,46.86000061035156,47.540000915527344,46.790000915527344,47.060001373291016,43.13949203491211,512900,NFG
2019-09-30,46.9900016784668,47.209999084472656,46.779998779296875,46.91999816894531,43.01115798950195,472700,NFG
2019-10-01,47.0,47.0099983215332,45.33000183105469,45.59000015258789,41.791954040527344,598900,NFG
2019-10-02,45.560001373291016,45.66999816894531,44.619998931884766,45.119998931884766,41.36110305786133,766200,NFG
2019-10-03,45.029998779296875,45.380001068115234,44.61000061035156,45.11000061035156,41.35194396972656,1019800,NFG
2019-10-04,45.22999954223633,45.540000915527344,44.369998931884766,45.0099983215332,41.26026916503906,609500,NFG
2019-10-07,44.79999923706055,44.97999954223633,43.9900016784668,44.09000015258789,40.41691970825195,746100,NFG
2019-10-08,43.83000183105469,44.04999923706055,43.25,43.310001373291016,39.701900482177734,738000,NFG
2019-10-09,43.56999969482422,43.65999984741211,42.97999954223633,43.43000030517578,39.81190490722656,618300,NFG
2019-10-10,43.349998474121094,43.540000915527344,43.0099983215332,43.4900016784668,39.86690139770508,640200,NFG
2019-10-11,43.68000030517578,45.29999923706055,43.68000030517578,44.91999816894531,41.17776870727539,1193300,NFG
2019-10-14,44.91999816894531,45.27000045776367,44.40999984741211,44.77000045776367,41.0402717590332,629700,NFG
2019-10-15,45.15999984741211,45.72999954223633,44.5099983215332,44.84000015258789,41.10444259643555,1075600,NFG
2019-10-16,44.86000061035156,45.630001068115234,44.77000045776367,44.90999984741211,41.168601989746094,602600,NFG
2019-10-17,44.93000030517578,45.060001373291016,43.93000030517578,44.83000183105469,41.09526824951172,853100,NFG
2019-10-18,44.7599983215332,44.83000183105469,44.470001220703125,44.58000183105469,40.86609649658203,672000,NFG
2019-10-21,44.689998626708984,44.810001373291016,43.90999984741211,44.75,41.021934509277344,477800,NFG
2019-10-22,44.849998474121094,45.61000061035156,44.41999816894531,45.29999923706055,41.52611541748047,582800,NFG
2019-10-23,45.279998779296875,45.869998931884766,44.95000076293945,45.720001220703125,41.911128997802734,445300,NFG
2019-10-24,45.849998474121094,45.849998474121094,45.22999954223633,45.52000045776367,41.72779083251953,453000,NFG
2019-10-25,45.47999954223633,45.779998779296875,45.27000045776367,45.63999938964844,41.83778762817383,517700,NFG
2019-10-28,45.720001220703125,46.130001068115234,45.400001525878906,45.5099983215332,41.71862030029297,523600,NFG
2019-10-29,45.5,46.25,45.34000015258789,45.9900016784668,42.15863037109375,740200,NFG
2019-10-30,45.9900016784668,46.099998474121094,45.130001068115234,45.33000183105469,41.55361557006836,656100,NFG
2019-10-31,45.40999984741211,45.56999969482422,44.970001220703125,45.310001373291016,41.535282135009766,1976900,NFG
2019-11-01,45.29999923706055,45.900001525878906,44.0099983215332,45.459999084472656,41.67277908325195,1014500,NFG
2019-11-04,45.56999969482422,46.540000915527344,45.34000015258789,46.290000915527344,42.43363952636719,713000,NFG
2019-11-05,46.25,47.04999923706055,45.849998474121094,46.15999984741211,42.3144645690918,1019500,NFG
2019-11-06,46.04999923706055,46.75,45.72999954223633,46.06999969482422,42.231964111328125,735500,NFG
2019-11-07,46.13999938964844,46.61000061035156,46.02000045776367,46.540000915527344,42.662818908691406,669900,NFG
2019-11-08,46.2599983215332,46.68000030517578,45.86000061035156,46.65999984741211,42.77281188964844,615700,NFG
2019-11-11,46.529998779296875,46.58000183105469,45.70000076293945,45.779998779296875,41.96612548828125,587200,NFG
2019-11-12,45.779998779296875,46.18000030517578,45.27000045776367,46.029998779296875,42.19529724121094,451600,NFG
2019-11-13,45.9900016784668,46.689998626708984,45.93000030517578,46.13999938964844,42.2961311340332,551900,NFG
2019-11-14,46.16999816894531,46.290000915527344,44.959999084472656,45.11000061035156,41.35194396972656,684300,NFG
2019-11-15,45.220001220703125,45.95000076293945,45.220001220703125,45.95000076293945,42.12196731567383,875200,NFG
2019-11-18,45.86000061035156,46.20000076293945,45.72999954223633,45.93000030517578,42.103633880615234,672000,NFG
2019-11-19,45.9900016784668,46.540000915527344,45.529998779296875,45.560001373291016,41.76445388793945,603600,NFG
2019-11-20,45.34000015258789,45.619998931884766,45.130001068115234,45.380001068115234,41.59945297241211,816100,NFG
2019-11-21,45.38999938964844,45.619998931884766,44.9900016784668,45.08000183105469,41.32444381713867,489000,NFG
2019-11-22,45.220001220703125,45.52000045776367,44.720001220703125,45.310001373291016,41.535282135009766,376500,NFG
2019-11-25,45.40999984741211,46.189998626708984,45.13999938964844,45.7400016784668,41.92946243286133,435600,NFG
2019-11-26,45.77000045776367,45.88999938964844,45.150001525878906,45.2400016784668,41.471107482910156,416500,NFG
2019-11-27,45.220001220703125,45.72999954223633,45.209999084472656,45.72999954223633,41.920291900634766,386000,NFG
2019-11-29,45.689998626708984,45.709999084472656,45.0,45.02000045776367,41.269439697265625,187200,NFG
2019-12-02,45.08000183105469,45.40999984741211,44.77000045776367,44.939998626708984,41.19610595703125,455200,NFG
2019-12-03,44.93000030517578,45.029998779296875,44.459999084472656,44.56999969482422,40.856929779052734,374100,NFG
2019-12-04,44.43000030517578,45.27000045776367,44.369998931884766,45.09000015258789,41.33360290527344,728000,NFG
2019-12-05,45.27000045776367,45.400001525878906,44.810001373291016,44.939998626708984,41.19610595703125,520300,NFG
2019-12-06,45.2400016784668,45.79999923706055,45.099998474121094,45.130001068115234,41.370277404785156,634700,NFG
2019-12-09,45.099998474121094,45.36000061035156,44.849998474121094,45.08000183105469,41.32444381713867,401300,NFG
2019-12-10,45.04999923706055,45.86000061035156,44.81999969482422,45.83000183105469,42.011966705322266,441500,NFG
2019-12-11,45.79999923706055,46.29999923706055,45.7400016784668,45.91999816894531,42.09446334838867,510100,NFG
2019-12-12,46.0,46.599998474121094,45.869998931884766,46.11000061035156,42.26863479614258,633600,NFG
2019-12-13,46.15999984741211,46.40999984741211,45.90999984741211,46.369998931884766,42.5069694519043,513300,NFG
2019-12-16,46.43000030517578,46.7400016784668,46.27000045776367,46.65999984741211,42.77281188964844,759800,NFG
2019-12-17,46.650001525878906,46.91999816894531,46.380001068115234,46.52000045776367,42.644474029541016,441000,NFG
2019-12-18,46.439998626708984,47.58000183105469,46.33000183105469,47.29999923706055,43.3594970703125,696700,NFG
2019-12-19,47.2400016784668,47.560001373291016,47.2400016784668,47.29999923706055,43.3594970703125,368700,NFG
2019-12-20,47.560001373291016,47.70000076293945,46.880001068115234,47.34000015258789,43.39616012573242,2465900,NFG
2019-12-23,47.38999938964844,47.439998626708984,47.04999923706055,47.41999816894531,43.46949768066406,265400,NFG
2019-12-24,47.43000030517578,47.630001068115234,46.689998626708984,46.709999084472656,42.81865310668945,223400,NFG
2019-12-26,46.97999954223633,47.22999954223633,46.83000183105469,46.959999084472656,43.04781723022461,320200,NFG
2019-12-27,47.0,47.099998474121094,46.72999954223633,46.869998931884766,42.9653205871582,280700,NFG
2019-12-30,46.439998626708984,46.560001373291016,45.869998931884766,45.959999084472656,42.525814056396484,431400,NFG
2019-12-31,45.88999938964844,46.58000183105469,45.81999969482422,46.540000915527344,43.062477111816406,608300,NFG
2020-01-02,46.599998474121094,46.66999816894531,44.709999084472656,44.849998474121094,41.498748779296875,701100,NFG
2020-01-03,44.79999923706055,45.400001525878906,44.66999816894531,45.220001220703125,41.841102600097656,433700,NFG
2020-01-06,45.310001373291016,46.0099983215332,45.279998779296875,45.720001220703125,42.303749084472656,800600,NFG
2020-01-07,45.65999984741211,45.72999954223633,45.040000915527344,45.529998779296875,42.1279411315918,418800,NFG
2020-01-08,45.47999954223633,45.650001525878906,44.709999084472656,45.02000045776367,41.65604782104492,355900,NFG
2020-01-09,44.900001525878906,45.279998779296875,44.630001068115234,44.95000076293945,41.591278076171875,435100,NFG
2020-01-10,44.95000076293945,45.150001525878906,44.720001220703125,44.93000030517578,41.572776794433594,412300,NFG
2020-01-13,44.97999954223633,45.130001068115234,44.689998626708984,44.84000015258789,41.489501953125,614300,NFG
2020-01-14,44.61000061035156,44.93000030517578,44.150001525878906,44.84000015258789,41.489501953125,434300,NFG
2020-01-15,44.880001068115234,45.33000183105469,44.75,45.279998779296875,41.89662551879883,487900,NFG
2020-01-16,45.380001068115234,45.7400016784668,45.189998626708984,45.36000061035156,41.97064971923828,503800,NFG
2020-01-17,45.5,45.630001068115234,45.0,45.4900016784668,42.0909309387207,332700,NFG
2020-01-21,45.52000045776367,45.52000045776367,44.709999084472656,44.849998474121094,41.498748779296875,482800,NFG
2020-01-22,44.63999938964844,44.66999816894531,43.70000076293945,44.099998474121094,40.80479049682617,649100,NFG
2020-01-23,44.0,44.43000030517578,43.209999084472656,44.31999969482422,41.008358001708984,556500,NFG
2020-01-24,44.310001373291016,44.310001373291016,42.9900016784668,43.310001373291016,40.073822021484375,597000,NFG
2020-01-27,43.02000045776367,43.380001068115234,42.540000915527344,42.619998931884766,39.43538284301758,615500,NFG
2020-01-28,42.7400016784668,43.27000045776367,42.650001525878906,42.790000915527344,39.59267807006836,580200,NFG
2020-01-29,42.84000015258789,42.97999954223633,42.22999954223633,42.33000183105469,39.167049407958984,563400,NFG
2020-01-30,42.119998931884766,42.47999954223633,41.34000015258789,41.9900016784668,38.852455139160156,867700,NFG
2020-01-31,42.15999984741211,43.31999969482422,41.540000915527344,43.189998626708984,39.962791442871094,1883000,NFG
2020-02-03,43.220001220703125,43.349998474121094,42.2599983215332,42.470001220703125,39.29658889770508,958500,NFG
2020-02-04,42.630001068115234,43.56999969482422,42.52000045776367,43.2599983215332,40.02756118774414,889700,NFG
2020-02-05,43.470001220703125,44.81999969482422,43.470001220703125,44.5099983215332,41.18415451049805,766200,NFG
2020-02-06,44.70000076293945,44.70000076293945,43.189998626708984,43.220001220703125,39.99055099487305,552500,NFG
2020-02-07,43.150001525878906,43.220001220703125,42.52000045776367,42.63999938964844,39.453887939453125,291600,NFG
2020-02-10,42.63999938964844,42.77000045776367,41.900001525878906,42.279998779296875,39.120784759521484,439400,NFG
2020-02-11,42.47999954223633,43.189998626708984,42.47999954223633,42.68000030517578,39.49089813232422,552600,NFG
2020-02-12,42.869998931884766,43.220001220703125,42.630001068115234,42.869998931884766,39.66669845581055,507100,NFG
2020-02-13,42.88999938964844,43.25,42.68000030517578,43.13999938964844,39.916526794433594,518600,NFG
2020-02-14,43.220001220703125,43.470001220703125,43.02000045776367,43.2599983215332,40.02756118774414,430400,NFG
2020-02-18,43.18000030517578,43.81999969482422,43.02000045776367,43.650001525878906,40.388423919677734,419600,NFG
2020-02-19,43.52000045776367,43.689998626708984,43.290000915527344,43.400001525878906,40.157100677490234,461300,NFG
2020-02-20,43.33000183105469,43.56999969482422,43.11000061035156,43.209999084472656,39.98129653930664,512000,NFG
2020-02-21,43.13999938964844,43.349998474121094,42.900001525878906,42.97999954223633,39.76848602294922,511000,NFG
2020-02-24,42.400001525878906,42.43000030517578,41.619998931884766,41.90999984741211,38.77843475341797,434400,NFG
2020-02-25,42.0,42.0,39.849998474121094,39.869998931884766,36.89086151123047,552300,NFG
2020-02-26,40.0,40.16999816894531,38.349998474121094,38.529998779296875,35.6509895324707,619900,NFG
2020-02-27,38.0099983215332,38.83000183105469,36.61000061035156,37.41999816894531,34.62392807006836,1258000,NFG
2020-02-28,36.5,36.810001373291016,35.290000915527344,36.61000061035156,33.87445831298828,1186000,NFG
2020-03-02,37.029998779296875,38.65999984741211,36.560001373291016,38.459999084472656,35.586219787597656,917900,NFG
2020-03-03,38.5099983215332,39.20000076293945,37.22999954223633,37.4900016784668,34.68870162963867,643100,NFG
2020-03-04,38.029998779296875,38.86000061035156,37.689998626708984,38.7599983215332,35.86380386352539,547700,NFG
2020-03-05,37.849998474121094,38.15999984741211,36.79999923706055,37.400001525878906,34.60542297363281,532300,NFG
2020-03-06,36.36000061035156,39.20000076293945,36.06999969482422,38.59000015258789,35.706504821777344,1402900,NFG
2020-03-09,36.56999969482422,38.95000076293945,36.15999984741211,38.22999954223633,35.373409271240234,1405700,NFG
2020-03-10,39.31999969482422,39.90999984741211,37.380001068115234,39.560001373291016,36.60403060913086,1122900,NFG
2020-03-11,38.540000915527344,38.88999938964844,36.720001220703125,37.779998779296875,34.95703125,1211500,NFG
2020-03-12,35.959999084472656,36.83000183105469,34.41999816894531,34.7599983215332,32.162689208984375,1134900,NFG
2020-03-13,36.52000045776367,37.09000015258789,34.34000015258789,37.0,34.235313415527344,1015600,NFG
2020-03-16,34.22999954223633,38.959999084472656,33.88999938964844,36.56999969482422,33.83744430541992,1407000,NFG
2020-03-17,37.310001373291016,41.65999984741211,36.810001373291016,41.439998626708984,38.34354782104492,2083300,NFG
2020-03-18,40.70000076293945,40.70000076293945,32.43000030517578,35.15999984741211,32.532798767089844,1568900,NFG
2020-03-19,35.040000915527344,35.779998779296875,33.0099983215332,33.68000030517578,31.16338348388672,1241000,NFG
2020-03-20,33.79999923706055,35.75,33.290000915527344,33.9900016784668,31.450225830078125,1334200,NFG
2020-03-23,33.70000076293945,34.31999969482422,31.579999923706055,33.099998474121094,30.626728057861328,923400,NFG
2020-03-24,34.560001373291016,36.41999816894531,33.959999084472656,36.130001068115234,33.43032455444336,806500,NFG
2020-03-25,36.099998474121094,36.70000076293945,33.119998931884766,34.93000030517578,32.319984436035156,1058600,NFG
2020-03-26,35.2400016784668,37.779998779296875,34.93000030517578,37.5099983215332,34.70720672607422,536800,NFG
2020-03-27,36.060001373291016,37.04999923706055,34.0099983215332,36.130001068115234,33.43032455444336,606000,NFG
2020-03-30,35.20000076293945,38.47999954223633,34.91999816894531,38.18000030517578,35.75765609741211,734300,NFG
2020-03-31,38.18000030517578,38.84000015258789,36.86000061035156,37.290000915527344,34.92412185668945,703600,NFG
2020-04-01,36.04999923706055,37.22999954223633,34.97999954223633,35.400001525878906,33.15403747558594,785400,NFG
2020-04-02,35.619998931884766,36.88999938964844,34.43000030517578,35.58000183105469,33.3226203918457,780100,NFG
2020-04-03,35.43000030517578,36.22999954223633,34.33000183105469,35.560001373291016,33.30388641357422,1061800,NFG
2020-04-06,36.7599983215332,37.33000183105469,35.810001373291016,36.880001068115234,34.54014587402344,545700,NFG
2020-04-07,37.689998626708984,38.31999969482422,36.869998931884766,37.189998626708984,34.830467224121094,967700,NFG
2020-04-08,37.040000915527344,38.459999084472656,36.689998626708984,38.08000183105469,35.664005279541016,483600,NFG
2020-04-09,38.900001525878906,39.939998626708984,38.279998779296875,39.20000076293945,36.71294021606445,571900,NFG
2020-04-13,39.47999954223633,39.47999954223633,38.060001373291016,38.4900016784668,36.047996520996094,571000,NFG
2020-04-14,39.209999084472656,39.54999923706055,38.189998626708984,39.0099983215332,36.534996032714844,495800,NFG
2020-04-15,38.209999084472656,39.79999923706055,37.75,39.7400016784668,37.21868896484375,812600,NFG
2020-04-16,39.52000045776367,40.4900016784668,38.349998474121094,40.060001373291016,37.51838302612305,794200,NFG
2020-04-17,40.65999984741211,41.81999969482422,40.599998474121094,41.54999923706055,38.91385269165039,525300,NFG
2020-04-20,40.75,41.560001373291016,40.41999816894531,41.04999923706055,38.44557189941406,654500,NFG
2020-04-21,40.06999969482422,41.150001525878906,39.959999084472656,40.630001068115234,38.05221939086914,480000,NFG
2020-04-22,41.599998474121094,41.97999954223633,40.209999084472656,40.65999984741211,38.080318450927734,775000,NFG
2020-04-23,41.41999816894531,41.84000015258789,40.70000076293945,40.869998931884766,38.27699279785156,553100,NFG
2020-04-24,40.959999084472656,42.11000061035156,40.75,42.02000045776367,39.35403060913086,611800,NFG
2020-04-27,42.20000076293945,43.81999969482422,41.4900016784668,43.540000915527344,40.77759552001953,603700,NFG
2020-04-28,43.63999938964844,44.66999816894531,42.540000915527344,43.040000915527344,40.30931854248047,588100,NFG
2020-04-29,44.04999923706055,44.29999923706055,43.220001220703125,43.599998474121094,40.83378219604492,1484100,NFG
2020-04-30,43.0,43.0,40.59000015258789,41.0,38.398746490478516,3428500,NFG
2020-05-01,41.04999923706055,41.91999816894531,39.93000030517578,40.400001525878906,37.836814880371094,944500,NFG
2020-05-04,40.0,40.04999923706055,38.369998931884766,38.93000030517578,36.46007537841797,818300,NFG
2020-05-05,39.93000030517578,41.38999938964844,39.27000045776367,39.709999084472656,37.190589904785156,853800,NFG
2020-05-06,39.61000061035156,39.959999084472656,38.66999816894531,38.72999954223633,36.272762298583984,793800,NFG
2020-05-07,40.810001373291016,41.61000061035156,40.22999954223633,40.779998779296875,38.19269943237305,987000,NFG
2020-05-08,41.400001525878906,42.310001373291016,41.150001525878906,42.20000076293945,39.522605895996094,577200,NFG
2020-05-11,42.040000915527344,42.369998931884766,41.31999969482422,41.880001068115234,39.22291564941406,767500,NFG
2020-05-12,42.130001068115234,42.22999954223633,40.58000183105469,40.65999984741211,38.080318450927734,633500,NFG
2020-05-13,40.470001220703125,40.970001220703125,39.88999938964844,40.83000183105469,38.239532470703125,825300,NFG
2020-05-14,40.18000030517578,40.56999969482422,39.040000915527344,40.029998779296875,37.49028015136719,726000,NFG
2020-05-15,39.86000061035156,40.369998931884766,39.619998931884766,39.959999084472656,37.42472457885742,691800,NFG
2020-05-18,41.0099983215332,41.900001525878906,40.790000915527344,41.56999969482422,38.932579040527344,896700,NFG
2020-05-19,41.56999969482422,41.9900016784668,40.369998931884766,40.380001068115234,37.81808090209961,511700,NFG
2020-05-20,40.869998931884766,42.0,40.869998931884766,41.29999923706055,38.67970275878906,326000,NFG
2020-05-21,41.06999969482422,41.95000076293945,41.06999969482422,41.77000045776367,39.11988830566406,496600,NFG
2020-05-22,41.54999923706055,42.150001525878906,41.209999084472656,41.90999984741211,39.251014709472656,404900,NFG
2020-05-26,42.810001373291016,43.290000915527344,42.2599983215332,43.0,40.271854400634766,482900,NFG
2020-05-27,43.619998931884766,43.650001525878906,42.34000015258789,42.83000183105469,40.112640380859375,562300,NFG
2020-05-28,43.45000076293945,43.689998626708984,42.86000061035156,43.040000915527344,40.30931854248047,461100,NFG
2020-05-29,41.11000061035156,42.29999923706055,40.599998474121094,41.970001220703125,39.30720138549805,3248100,NFG
2020-06-01,42.5,43.119998931884766,42.27000045776367,42.52000045776367,39.822303771972656,938600,NFG
2020-06-02,42.52000045776367,42.7599983215332,41.38999938964844,42.540000915527344,39.84103775024414,1146300,NFG
2020-06-03,42.97999954223633,43.65999984741211,42.65999984741211,42.93000030517578,40.206298828125,670300,NFG
2020-06-04,42.58000183105469,42.709999084472656,41.880001068115234,42.63999938964844,39.934696197509766,1025800,NFG
2020-06-05,43.459999084472656,43.90999984741211,42.36000061035156,42.4900016784668,39.79420471191406,873900,NFG
2020-06-08,42.58000183105469,45.040000915527344,42.5,44.869998931884766,42.0232048034668,1034400,NFG
2020-06-09,44.47999954223633,44.709999084472656,43.349998474121094,44.11000061035156,41.31142807006836,1055000,NFG
2020-06-10,43.939998626708984,43.939998626708984,42.5,42.9900016784668,40.262489318847656,730800,NFG
2020-06-11,41.93000030517578,41.93000030517578,40.40999984741211,40.709999084472656,38.12714385986328,825600,NFG
2020-06-12,41.77000045776367,41.9900016784668,40.31999969482422,41.459999084472656,38.82955551147461,1058900,NFG
2020-06-15,40.619998931884766,41.400001525878906,39.38999938964844,40.83000183105469,38.239532470703125,1168100,NFG
2020-06-16,42.119998931884766,42.72999954223633,41.40999984741211,42.11000061035156,39.438323974609375,651100,NFG
2020-06-17,42.220001220703125,42.22999954223633,41.33000183105469,41.33000183105469,38.70780944824219,475500,NFG
2020-06-18,41.02000045776367,41.83000183105469,41.02000045776367,41.5,38.86701965332031,525100,NFG
2020-06-19,42.0099983215332,42.20000076293945,40.59000015258789,40.68000030517578,38.09904861450195,1404800,NFG
2020-06-22,40.689998626708984,40.7599983215332,40.02000045776367,40.2599983215332,37.705692291259766,559100,NFG
2020-06-23,40.7599983215332,40.91999816894531,40.150001525878906,40.25,37.69632339477539,595200,NFG
2020-06-24,39.88999938964844,40.54999923706055,39.650001525878906,40.34000015258789,37.78062057495117,747400,NFG
2020-06-25,40.060001373291016,40.52000045776367,39.34000015258789,40.0,37.46219253540039,945800,NFG
2020-06-26,39.70000076293945,40.13999938964844,39.380001068115234,39.86000061035156,37.3310661315918,863700,NFG
2020-06-29,39.849998474121094,40.65999984741211,39.650001525878906,40.560001373291016,38.41553497314453,571400,NFG
2020-06-30,40.619998931884766,42.16999816894531,40.56999969482422,41.93000030517578,39.713096618652344,880300,NFG
2020-07-01,41.70000076293945,42.130001068115234,40.33000183105469,40.93000030517578,38.765968322753906,763800,NFG
2020-07-02,41.25,41.790000915527344,40.849998474121094,41.279998779296875,39.09746170043945,507900,NFG
2020-07-06,41.959999084472656,42.220001220703125,41.34000015258789,41.84000015258789,39.627864837646484,585700,NFG
2020-07-07,41.470001220703125,42.86000061035156,41.18000030517578,42.400001525878906,40.15825653076172,851800,NFG
2020-07-08,42.33000183105469,42.33000183105469,41.06999969482422,41.31999969482422,39.13534927368164,453100,NFG
2020-07-09,41.31999969482422,41.31999969482422,39.279998779296875,39.77000045776367,37.667301177978516,569600,NFG
2020-07-10,39.630001068115234,40.40999984741211,39.59000015258789,40.119998931884766,37.99879455566406,651100,NFG
2020-07-13,40.34000015258789,40.75,39.88999938964844,39.970001220703125,37.85673141479492,491800,NFG
2020-07-14,39.86000061035156,40.650001525878906,39.86000061035156,40.45000076293945,38.311344146728516,364900,NFG
2020-07-15,41.0,41.689998626708984,40.599998474121094,40.81999969482422,38.66178512573242,426400,NFG
2020-07-16,40.75,41.43000030517578,40.47999954223633,40.849998474121094,38.69020080566406,306200,NFG
2020-07-17,40.81999969482422,41.349998474121094,40.77000045776367,40.900001525878906,38.73755645751953,336400,NFG
2020-07-20,40.81999969482422,40.86000061035156,39.84000015258789,40.060001373291016,37.94196701049805,648000,NFG
2020-07-21,40.45000076293945,41.68000030517578,40.310001373291016,41.11000061035156,38.93645477294922,474700,NFG
2020-07-22,40.7599983215332,41.380001068115234,40.310001373291016,41.2400016784668,39.0595817565918,746300,NFG
2020-07-23,41.34000015258789,42.0,40.869998931884766,41.959999084472656,39.74150848388672,464000,NFG
2020-07-24,41.81999969482422,42.47999954223633,41.290000915527344,41.439998626708984,39.24900436401367,467700,NFG
2020-07-27,41.5,41.689998626708984,40.959999084472656,41.310001373291016,39.12588119506836,596100,NFG
2020-07-28,41.13999938964844,42.06999969482422,41.13999938964844,41.459999084472656,39.2679443359375,411000,NFG
2020-07-29,41.369998931884766,41.56999969482422,40.630001068115234,41.439998626708984,39.24900436401367,511600,NFG
2020-07-30,40.869998931884766,41.619998931884766,40.58000183105469,41.43000030517578,39.239532470703125,470100,NFG
2020-07-31,41.349998474121094,41.439998626708984,40.130001068115234,40.56999969482422,38.42500305175781,1686600,NFG
2020-08-03,40.720001220703125,41.189998626708984,40.34000015258789,41.04999923706055,38.87962341308594,724500,NFG
2020-08-04,40.93000030517578,42.11000061035156,40.93000030517578,42.04999923706055,39.82675552368164,508700,NFG
2020-08-05,42.09000015258789,42.41999816894531,41.75,42.15999984741211,39.930938720703125,523400,NFG
2020-08-06,42.11000061035156,42.970001220703125,41.7400016784668,42.66999816894531,40.413970947265625,681600,NFG
2020-08-07,43.0,44.9900016784668,42.77000045776367,44.20000076293945,41.86307907104492,862700,NFG
2020-08-10,44.369998931884766,45.91999816894531,44.279998779296875,44.77000045776367,42.40294647216797,735100,NFG
2020-08-11,45.029998779296875,45.20000076293945,43.630001068115234,43.849998474121094,41.53158187866211,441300,NFG
2020-08-12,44.61000061035156,45.61000061035156,44.400001525878906,45.11000061035156,42.72496795654297,459500,NFG
2020-08-13,45.060001373291016,45.060001373291016,44.36000061035156,44.4900016784668,42.13774871826172,382700,NFG
2020-08-14,44.310001373291016,45.7599983215332,44.060001373291016,45.31999969482422,42.923866271972656,618200,NFG
2020-08-17,45.31999969482422,45.31999969482422,44.56999969482422,44.68000030517578,42.31770324707031,478800,NFG
2020-08-18,44.7400016784668,44.900001525878906,44.38999938964844,44.59000015258789,42.23246383666992,266700,NFG
2020-08-19,44.849998474121094,46.04999923706055,44.540000915527344,45.689998626708984,43.27429962158203,758100,NFG
2020-08-20,45.310001373291016,45.77000045776367,44.849998474121094,44.86000061035156,42.488182067871094,447400,NFG
2020-08-21,44.61000061035156,44.79999923706055,44.22999954223633,44.400001525878906,42.05250549316406,523200,NFG
2020-08-24,44.38999938964844,45.459999084472656,44.290000915527344,45.41999816894531,43.018577575683594,322100,NFG
2020-08-25,45.560001373291016,45.560001373291016,44.689998626708984,45.279998779296875,42.88597869873047,329700,NFG
2020-08-26,44.93000030517578,45.31999969482422,44.34000015258789,44.619998931884766,42.26087188720703,317200,NFG
2020-08-27,44.869998931884766,45.400001525878906,44.720001220703125,45.06999969482422,42.68708801269531,424700,NFG
2020-08-28,45.15999984741211,45.90999984741211,44.939998626708984,45.81999969482422,43.397430419921875,458900,NFG
2020-08-31,45.790000915527344,45.88999938964844,45.54999923706055,45.63999938964844,43.22694396972656,571500,NFG
2020-09-01,45.43000030517578,45.4900016784668,44.16999816894531,44.310001373291016,41.96726989746094,398500,NFG
2020-09-02,44.189998626708984,45.33000183105469,44.18000030517578,44.91999816894531,42.545013427734375,516200,NFG
2020-09-03,44.91999816894531,45.77000045776367,44.7599983215332,44.90999984741211,42.53554153442383,517600,NFG
2020-09-04,45.13999938964844,45.349998474121094,44.0,44.189998626708984,41.85360336303711,477500,NFG
2020-09-08,44.02000045776367,44.189998626708984,42.689998626708984,43.0,40.726524353027344,521500,NFG
2020-09-09,43.08000183105469,43.59000015258789,42.650001525878906,43.2599983215332,40.9727783203125,372900,NFG
2020-09-10,43.29999923706055,43.34000015258789,42.66999816894531,42.68000030517578,40.42344665527344,264600,NFG
2020-09-11,42.86000061035156,42.86000061035156,42.16999816894531,42.4900016784668,40.24348449707031,279600,NFG
2020-09-14,42.650001525878906,42.93000030517578,42.40999984741211,42.849998474121094,40.58445739746094,388600,NFG
2020-09-15,42.90999984741211,43.09000015258789,41.970001220703125,42.13999938964844,39.91199493408203,764400,NFG
2020-09-16,42.130001068115234,42.849998474121094,42.0099983215332,42.560001373291016,40.30978775024414,484100,NFG
2020-09-17,42.25,42.40999984741211,41.7599983215332,42.27000045776367,40.035125732421875,469800,NFG
2020-09-18,42.25,42.400001525878906,41.58000183105469,41.959999084472656,39.74150848388672,969000,NFG
2020-09-21,41.5,41.5,40.54999923706055,41.029998779296875,38.860679626464844,482300,NFG
2020-09-22,41.0,41.88999938964844,40.810001373291016,41.04999923706055,38.87962341308594,590700,NFG
2020-09-23,41.08000183105469,41.2599983215332,40.369998931884766,40.61000061035156,38.462890625,656800,NFG
2020-09-24,40.400001525878906,41.310001373291016,40.029998779296875,41.16999816894531,38.993282318115234,524100,NFG
2020-09-25,41.11000061035156,41.810001373291016,40.91999816894531,41.72999954223633,39.5236701965332,460300,NFG
2020-09-28,42.029998779296875,42.4900016784668,41.79999923706055,42.119998931884766,39.89305114746094,381400,NFG
2020-09-29,41.66999816894531,41.70000076293945,40.38999938964844,41.150001525878906,39.3905029296875,402900,NFG
2020-09-30,41.150001525878906,41.43000030517578,40.06999969482422,40.59000015258789,38.85444641113281,615800,NFG
2020-10-01,40.5099983215332,40.7599983215332,39.720001220703125,39.959999084472656,38.25137710571289,615500,NFG
2020-10-02,39.689998626708984,40.290000915527344,39.439998626708984,39.9900016784668,38.28010559082031,584100,NFG
2020-10-05,40.279998779296875,41.18000030517578,39.849998474121094,41.06999969482422,39.31392288208008,429500,NFG
2020-10-06,41.189998626708984,41.72999954223633,40.900001525878906,41.06999969482422,39.31392288208008,424100,NFG
2020-10-07,41.2400016784668,41.439998626708984,40.369998931884766,41.2599983215332,39.49580001831055,408600,NFG
2020-10-08,41.56999969482422,42.040000915527344,41.130001068115234,41.970001220703125,40.175445556640625,317000,NFG
2020-10-09,42.380001068115234,42.5,41.61000061035156,41.9900016784668,40.19458770751953,286000,NFG
2020-10-12,42.0,42.400001525878906,41.709999084472656,42.34000015258789,40.529624938964844,290200,NFG
2020-10-13,42.349998474121094,42.560001373291016,41.9900016784668,42.40999984741211,40.59662628173828,372000,NFG
2020-10-14,42.40999984741211,42.65999984741211,42.0,42.209999084472656,40.40517807006836,248600,NFG
2020-10-15,41.95000076293945,42.47999954223633,41.709999084472656,42.34000015258789,40.529624938964844,413000,NFG
2020-10-16,42.310001373291016,42.5,41.58000183105469,41.650001525878906,39.86912536621094,445400,NFG
2020-10-19,41.810001373291016,42.08000183105469,41.34000015258789,41.369998931884766,39.60110092163086,372100,NFG
2020-10-20,41.77000045776367,42.279998779296875,41.33000183105469,41.93000030517578,40.13715362548828,377400,NFG
2020-10-21,41.93000030517578,42.33000183105469,41.689998626708984,41.880001068115234,40.089290618896484,626200,NFG
2020-10-22,41.79999923706055,43.2400016784668,41.5099983215332,43.13999938964844,41.295413970947266,524000,NFG
2020-10-23,43.470001220703125,43.54999923706055,42.599998474121094,42.93000030517578,41.094390869140625,383200,NFG
2020-10-26,42.619998931884766,42.619998931884766,41.900001525878906,42.2400016784668,40.43389129638672,418800,NFG
2020-10-27,42.04999923706055,42.349998474121094,41.61000061035156,41.630001068115234,39.849979400634766,523900,NFG
2020-10-28,41.0,41.380001068115234,39.560001373291016,39.59000015258789,37.8972053527832,475600,NFG
2020-10-29,39.290000915527344,39.970001220703125,38.220001220703125,39.810001373291016,38.1077995300293,645400,NFG
2020-10-30,39.84000015258789,40.31999969482422,39.31999969482422,39.959999084472656,38.25137710571289,1695900,NFG
2020-11-02,40.45000076293945,40.709999084472656,39.83000183105469,40.41999816894531,38.69171142578125,480800,NFG
2020-11-03,40.869998931884766,41.689998626708984,40.869998931884766,41.34000015258789,39.5723762512207,500900,NFG
2020-11-04,41.11000061035156,41.900001525878906,40.84000015258789,40.86000061035156,39.1129035949707,358500,NFG
2020-11-05,41.029998779296875,41.63999938964844,40.290000915527344,40.349998474121094,38.62471008300781,355100,NFG
2020-11-06,40.349998474121094,40.75,37.869998931884766,38.16999816894531,36.53791809082031,508200,NFG
2020-11-09,39.689998626708984,40.15999984741211,38.79999923706055,38.959999084472656,37.29414367675781,522000,NFG
2020-11-10,39.33000183105469,41.279998779296875,39.0,41.08000183105469,39.3234977722168,576100,NFG
2020-11-11,41.09000015258789,41.779998779296875,40.68000030517578,41.75,39.96485137939453,430300,NFG
2020-11-12,41.33000183105469,41.72999954223633,40.40999984741211,40.619998931884766,38.88316345214844,406200,NFG
2020-11-13,40.959999084472656,42.02000045776367,40.869998931884766,41.900001525878906,40.108428955078125,263800,NFG
2020-11-16,42.369998931884766,42.54999923706055,41.779998779296875,42.220001220703125,40.41475296020508,612900,NFG
2020-11-17,41.959999084472656,42.90999984741211,41.720001220703125,42.619998931884766,40.797645568847656,362400,NFG
2020-11-18,42.84000015258789,43.220001220703125,41.75,41.880001068115234,40.089290618896484,360700,NFG
2020-11-19,41.63999938964844,41.75,40.58000183105469,41.41999816894531,39.648956298828125,386300,NFG
2020-11-20,41.2400016784668,41.400001525878906,40.84000015258789,41.16999816894531,39.40964126586914,376600,NFG
2020-11-23,41.31999969482422,42.31999969482422,41.09000015258789,42.060001373291016,40.261592864990234,259400,NFG
2020-11-24,42.65999984741211,43.47999954223633,42.599998474121094,43.15999984741211,41.31455612182617,389500,NFG
2020-11-25,43.25,43.290000915527344,42.45000076293945,42.56999969482422,40.749786376953125,249600,NFG
2020-11-27,42.47999954223633,42.540000915527344,41.84000015258789,42.0,40.20415496826172,116300,NFG
2020-11-30,41.880001068115234,42.18000030517578,41.150001525878906,41.16999816894531,39.40964126586914,490500,NFG
2020-12-01,41.52000045776367,41.810001373291016,40.310001373291016,40.779998779296875,39.03632354736328,407500,NFG
2020-12-02,40.790000915527344,41.13999938964844,40.63999938964844,40.84000015258789,39.09375762939453,395400,NFG
2020-12-03,40.630001068115234,41.099998474121094,39.9900016784668,41.060001373291016,39.30434799194336,526800,NFG
2020-12-04,41.150001525878906,41.81999969482422,41.150001525878906,41.68000030517578,39.8978385925293,271900,NFG
2020-12-07,41.43000030517578,41.90999984741211,41.2599983215332,41.470001220703125,39.69681930541992,373000,NFG
2020-12-08,41.16999816894531,42.31999969482422,41.16999816894531,42.04999923706055,40.25202178955078,353000,NFG
2020-12-09,42.220001220703125,42.599998474121094,41.880001068115234,42.5099983215332,40.692352294921875,296600,NFG
2020-12-10,42.5,43.220001220703125,42.5,43.189998626708984,41.34327697753906,321200,NFG
2020-12-11,42.970001220703125,43.439998626708984,42.970001220703125,43.11000061035156,41.266693115234375,319300,NFG
2020-12-14,43.470001220703125,44.04999923706055,42.59000015258789,42.599998474121094,40.77850341796875,377000,NFG
2020-12-15,42.70000076293945,43.7400016784668,42.619998931884766,43.630001068115234,41.76446533203125,482800,NFG
2020-12-16,43.7599983215332,43.7599983215332,43.11000061035156,43.31999969482422,41.467716217041016,374900,NFG
2020-12-17,43.220001220703125,43.91999816894531,42.88999938964844,43.13999938964844,41.295413970947266,444100,NFG
2020-12-18,43.33000183105469,43.68000030517578,42.75,42.86000061035156,41.02738571166992,1285900,NFG
2020-12-21,42.22999954223633,42.47999954223633,41.0,41.52000045776367,39.74467849731445,623800,NFG
2020-12-22,41.560001373291016,42.130001068115234,41.220001220703125,42.0,40.20415496826172,411000,NFG
2020-12-23,42.13999938964844,42.939998626708984,42.04999923706055,42.130001068115234,40.32859802246094,297700,NFG
2020-12-24,42.2599983215332,42.2599983215332,41.83000183105469,42.13999938964844,40.33816909790039,165400,NFG
2020-12-28,42.060001373291016,42.18000030517578,41.209999084472656,41.70000076293945,39.91698455810547,364500,NFG
2020-12-29,41.720001220703125,41.939998626708984,41.0,41.369998931884766,39.60110092163086,391000,NFG
2020-12-30,40.95000076293945,41.650001525878906,40.45000076293945,40.95000076293945,39.62528610229492,462200,NFG
2020-12-31,40.93000030517578,41.2599983215332,40.630001068115234,41.130001068115234,39.799461364746094,353500,NFG
2021-01-04,41.33000183105469,41.41999816894531,40.599998474121094,41.25,39.91558074951172,432600,NFG
2021-01-05,41.54999923706055,42.709999084472656,41.25,42.189998626708984,40.82517623901367,628500,NFG
2021-01-06,42.7599983215332,44.16999816894531,42.5,44.08000183105469,42.65403366088867,836500,NFG
2021-01-07,44.25,45.06999969482422,43.900001525878906,44.08000183105469,42.65403366088867,828100,NFG
2021-01-08,44.2400016784668,44.29999923706055,43.09000015258789,43.45000076293945,42.04441452026367,591100,NFG
2021-01-11,43.040000915527344,44.0,43.0,43.619998931884766,42.20890808105469,323300,NFG
2021-01-12,44.0,44.630001068115234,43.650001525878906,44.2400016784668,42.80885696411133,417600,NFG
2021-01-13,44.209999084472656,44.779998779296875,43.91999816894531,43.939998626708984,42.518558502197266,452600,NFG
2021-01-14,44.310001373291016,44.65999984741211,43.88999938964844,44.0,42.57661819458008,684100,NFG
2021-01-15,43.7599983215332,44.72999954223633,43.02000045776367,44.279998779296875,42.84756088256836,1284200,NFG
2021-01-19,44.369998931884766,44.369998931884766,42.599998474121094,42.83000183105469,41.4444694519043,511100,NFG
2021-01-20,42.70000076293945,42.7400016784668,41.9900016784668,42.66999816894531,41.289642333984375,464400,NFG
2021-01-21,42.529998779296875,42.72999954223633,41.33000183105469,41.5099983215332,40.16716766357422,522900,NFG
2021-01-22,41.220001220703125,41.720001220703125,41.0,41.70000076293945,40.35102462768555,496200,NFG
2021-01-25,41.70000076293945,42.290000915527344,41.2599983215332,42.060001373291016,40.69937515258789,789400,NFG
2021-01-26,42.36000061035156,42.36000061035156,40.90999984741211,40.93000030517578,39.605934143066406,485400,NFG
2021-01-27,40.560001373291016,40.970001220703125,39.79999923706055,40.58000183105469,39.26725769042969,559900,NFG
2021-01-28,40.630001068115234,41.439998626708984,40.36000061035156,40.470001220703125,39.16081619262695,541400,NFG
2021-01-29,40.65999984741211,41.15999984741211,40.0099983215332,40.2599983215332,38.95760726928711,1127000,NFG
2021-02-01,40.279998779296875,41.220001220703125,40.0,40.810001373291016,39.48981475830078,403400,NFG
2021-02-02,41.189998626708984,41.38999938964844,40.619998931884766,40.869998931884766,39.547874450683594,371400,NFG
2021-02-03,40.810001373291016,41.029998779296875,40.209999084472656,40.54999923706055,39.238224029541016,434100,NFG
2021-02-04,40.66999816894531,41.33000183105469,40.22999954223633,41.31999969482422,39.98331832885742,544700,NFG
2021-02-05,41.63999938964844,42.959999084472656,41.56999969482422,42.209999084472656,40.84452438354492,427100,NFG
2021-02-08,42.34000015258789,43.220001220703125,42.22999954223633,43.20000076293945,41.8025016784668,418800,NFG
2021-02-09,43.400001525878906,43.41999816894531,42.77000045776367,42.91999816894531,41.53155517578125,289700,NFG
2021-02-10,43.2400016784668,43.970001220703125,43.0,43.7599983215332,42.34437942504883,344500,NFG
2021-02-11,43.93000030517578,44.41999816894531,43.34000015258789,43.970001220703125,42.5475959777832,424900,NFG
2021-02-12,43.880001068115234,44.150001525878906,43.47999954223633,43.9900016784668,42.56694793701172,419900,NFG
2021-02-16,44.400001525878906,45.61000061035156,44.220001220703125,45.349998474121094,43.8829460144043,541400,NFG
2021-02-17,45.529998779296875,46.83000183105469,45.47999954223633,46.63999938964844,45.13121795654297,758600,NFG
2021-02-18,46.56999969482422,46.86000061035156,45.150001525878906,45.209999084472656,43.747474670410156,513400,NFG
2021-02-19,45.13999938964844,45.880001068115234,45.13999938964844,45.459999084472656,43.9893913269043,288600,NFG
2021-02-22,45.34000015258789,45.79999923706055,44.939998626708984,44.9900016784668,43.53459548950195,353100,NFG
2021-02-23,45.38999938964844,46.130001068115234,44.84000015258789,45.83000183105469,44.3474235534668,371400,NFG
2021-02-24,46.09000015258789,46.810001373291016,45.65999984741211,46.029998779296875,44.540950775146484,527600,NFG
2021-02-25,46.2599983215332,47.029998779296875,46.09000015258789,46.59000015258789,45.08283233642578,462100,NFG
2021-02-26,46.560001373291016,46.63999938964844,45.40999984741211,45.439998626708984,43.97003173828125,718400,NFG
2021-03-01,45.88999938964844,46.34000015258789,45.790000915527344,45.880001068115234,44.39580154418945,362100,NFG
2021-03-02,45.779998779296875,46.34000015258789,45.40999984741211,46.15999984741211,44.66674041748047,261700,NFG
2021-03-03,46.5,47.56999969482422,46.060001373291016,47.150001525878906,45.624717712402344,331300,NFG
2021-03-04,47.4900016784668,48.66999816894531,47.150001525878906,47.33000183105469,45.79890060424805,497700,NFG
2021-03-05,47.9900016784668,49.099998474121094,47.75,49.04999923706055,47.4632568359375,401300,NFG
2021-03-08,49.47999954223633,49.90999984741211,48.33000183105469,49.70000076293945,48.092227935791016,457900,NFG
2021-03-09,49.439998626708984,49.83000183105469,48.220001220703125,48.310001373291016,46.747196197509766,409900,NFG
2021-03-10,48.2599983215332,49.689998626708984,48.20000076293945,49.52000045776367,47.91804885864258,306100,NFG
2021-03-11,49.16999816894531,49.790000915527344,48.81999969482422,49.0,47.41487503051758,411300,NFG
2021-03-12,49.25,49.869998931884766,49.09000015258789,49.709999084472656,48.101905822753906,384500,NFG
2021-03-15,49.630001068115234,49.93000030517578,48.9900016784668,49.900001525878906,48.28575897216797,392200,NFG
2021-03-16,49.5099983215332,49.97999954223633,49.150001525878906,49.560001373291016,47.95676040649414,339200,NFG
2021-03-17,49.5099983215332,49.650001525878906,48.58000183105469,48.86000061035156,47.27940368652344,432500,NFG
2021-03-18,48.619998931884766,49.2400016784668,48.470001220703125,49.060001373291016,47.47293472290039,480400,NFG
2021-03-19,49.29999923706055,49.59000015258789,48.849998474121094,49.2599983215332,47.66645812988281,835800,NFG
2021-03-22,48.77000045776367,49.150001525878906,48.310001373291016,48.650001525878906,47.07619857788086,259200,NFG
2021-03-23,48.099998474121094,48.81999969482422,47.849998474121094,48.040000915527344,46.48592758178711,315000,NFG
2021-03-24,48.290000915527344,49.369998931884766,48.0,48.79999923706055,47.22134017944336,220700,NFG
2021-03-25,48.900001525878906,50.189998626708984,48.65999984741211,50.099998474121094,48.479286193847656,503000,NFG
2021-03-26,50.31999969482422,50.599998474121094,49.90999984741211,50.52000045776367,48.88570022583008,386900,NFG
2021-03-29,50.52000045776367,51.130001068115234,50.310001373291016,50.79999923706055,49.15664291381836,372200,NFG
2021-03-30,50.22999954223633,50.65999984741211,49.52000045776367,50.220001220703125,49.02485656738281,285600,NFG
2021-03-31,50.0,50.400001525878906,49.810001373291016,49.9900016784668,48.80033493041992,337200,NFG
2021-04-01,49.90999984741211,50.2599983215332,49.31999969482422,50.040000915527344,48.849143981933594,305400,NFG
2021-04-05,50.040000915527344,50.56999969482422,49.849998474121094,50.25,49.054141998291016,370200,NFG
2021-04-06,50.18000030517578,50.40999984741211,49.81999969482422,50.15999984741211,48.966285705566406,270400,NFG
2021-04-07,50.2599983215332,50.79999923706055,50.119998931884766,50.56999969482422,49.36652755737305,250100,NFG
2021-04-08,50.5,50.779998779296875,49.58000183105469,50.150001525878906,48.95652770996094,346400,NFG
2021-04-09,50.0099983215332,50.2400016784668,49.54999923706055,49.790000915527344,48.6050910949707,254500,NFG
2021-04-12,50.09000015258789,50.310001373291016,49.689998626708984,49.790000915527344,48.6050910949707,222700,NFG
2021-04-13,49.560001373291016,50.08000183105469,49.220001220703125,49.84000015258789,48.653900146484375,296900,NFG
2021-04-14,50.06999969482422,50.459999084472656,49.849998474121094,50.29999923706055,49.10295104980469,295600,NFG
2021-04-15,50.290000915527344,50.88999938964844,49.9900016784668,50.869998931884766,49.65938949584961,357400,NFG
2021-04-16,50.900001525878906,51.029998779296875,50.619998931884766,50.790000915527344,49.58129119873047,242500,NFG
2021-04-19,50.91999816894531,51.029998779296875,50.52000045776367,50.779998779296875,49.571529388427734,329800,NFG
2021-04-20,50.72999954223633,51.04999923706055,50.34000015258789,50.959999084472656,49.74724578857422,214100,NFG
2021-04-21,50.7599983215332,51.38999938964844,50.59000015258789,51.09000015258789,49.87415313720703,350400,NFG
2021-04-22,51.16999816894531,51.29999923706055,50.41999816894531,51.029998779296875,49.815582275390625,243200,NFG
2021-04-23,51.029998779296875,51.47999954223633,50.75,51.380001068115234,50.15725326538086,433000,NFG
2021-04-26,51.41999816894531,51.529998779296875,50.40999984741211,50.470001220703125,49.2689094543457,321000,NFG
2021-04-27,50.459999084472656,50.709999084472656,50.040000915527344,50.18000030517578,48.985809326171875,399700,NFG
2021-04-28,50.25,50.72999954223633,50.18000030517578,50.220001220703125,49.02485656738281,288200,NFG
2021-04-29,50.61000061035156,50.79999923706055,50.22999954223633,50.2599983215332,49.06390380859375,264000,NFG
2021-04-30,50.2599983215332,50.459999084472656,49.400001525878906,49.65999984741211,48.47818374633789,1018600,NFG
2021-05-03,49.88999938964844,51.0,49.540000915527344,50.61000061035156,49.40557861328125,540000,NFG
2021-05-04,50.77000045776367,50.970001220703125,50.310001373291016,50.459999084472656,49.2591438293457,275200,NFG
2021-05-05,50.400001525878906,50.54999923706055,49.95000076293945,50.52000045776367,49.31771469116211,306000,NFG
2021-05-06,50.47999954223633,51.400001525878906,50.18000030517578,51.2400016784668,50.02058410644531,443600,NFG
2021-05-07,51.45000076293945,52.79999923706055,50.4900016784668,52.59000015258789,51.33845520019531,415900,NFG
2021-05-10,52.7599983215332,53.33000183105469,52.29999923706055,52.880001068115234,51.62155532836914,364000,NFG
2021-05-11,52.790000915527344,53.040000915527344,52.209999084472656,52.540000915527344,51.28964614868164,381800,NFG
2021-05-12,52.66999816894531,52.970001220703125,51.369998931884766,51.380001068115234,50.15725326538086,301500,NFG
2021-05-13,51.150001525878906,52.47999954223633,51.060001373291016,52.220001220703125,50.97726058959961,353400,NFG
2021-05-14,52.439998626708984,52.880001068115234,52.18000030517578,52.31999969482422,51.07487869262695,309400,NFG
2021-05-17,52.22999954223633,52.5,51.959999084472656,52.06999969482422,50.83082962036133,262700,NFG
2021-05-18,52.04999923706055,52.45000076293945,51.880001068115234,52.02000045776367,50.782020568847656,308800,NFG
2021-05-19,51.720001220703125,51.810001373291016,51.16999816894531,51.75,50.51844787597656,200200,NFG
2021-05-20,51.560001373291016,51.91999816894531,51.36000061035156,51.59000015258789,50.36225509643555,264100,NFG
2021-05-21,51.86000061035156,52.119998931884766,51.36000061035156,51.83000183105469,50.5965461730957,377400,NFG
2021-05-24,52.130001068115234,52.63999938964844,52.02000045776367,52.459999084472656,51.211544036865234,258400,NFG
2021-05-25,52.470001220703125,52.470001220703125,51.060001373291016,51.150001525878906,49.9327278137207,224800,NFG
2021-05-26,51.310001373291016,51.84000015258789,51.0,51.79999923706055,50.56725311279297,164400,NFG
2021-05-27,52.04999923706055,52.18000030517578,51.38999938964844,51.40999984741211,50.1865348815918,270100,NFG
2021-05-28,51.68000030517578,51.90999984741211,51.43000030517578,51.88999938964844,50.655113220214844,148200,NFG
2021-06-01,52.130001068115234,52.97999954223633,51.95000076293945,52.970001220703125,51.709415435791016,305900,NFG
2021-06-02,53.0,53.540000915527344,52.4900016784668,53.11000061035156,51.8460807800293,391600,NFG
2021-06-03,53.130001068115234,53.810001373291016,52.59000015258789,53.630001068115234,52.35370635986328,264700,NFG
2021-06-04,53.56999969482422,53.880001068115234,53.47999954223633,53.619998931884766,52.34394073486328,278800,NFG
2021-06-07,53.84000015258789,53.970001220703125,53.279998779296875,53.91999816894531,52.636802673339844,178900,NFG
2021-06-08,54.150001525878906,54.290000915527344,53.43000030517578,54.18000030517578,52.89061737060547,348500,NFG
2021-06-09,54.20000076293945,54.93000030517578,54.09000015258789,54.54999923706055,53.25181198120117,275800,NFG
2021-06-10,54.900001525878906,55.150001525878906,54.47999954223633,54.83000183105469,53.525150299072266,246100,NFG
2021-06-11,55.0099983215332,55.220001220703125,54.7400016784668,55.18000030517578,53.8668212890625,177700,NFG
2021-06-14,55.0,55.029998779296875,53.720001220703125,54.310001373291016,53.01752471923828,402900,NFG
2021-06-15,54.38999938964844,54.90999984741211,53.970001220703125,54.75,53.447052001953125,349200,NFG
2021-06-16,54.709999084472656,54.709999084472656,53.709999084472656,54.04999923706055,52.763710021972656,305300,NFG
2021-06-17,53.77000045776367,54.16999816894531,52.959999084472656,53.04999923706055,51.787506103515625,285400,NFG
2021-06-18,52.68000030517578,52.68000030517578,51.439998626708984,51.470001220703125,50.2451057434082,576200,NFG
2021-06-21,51.75,52.630001068115234,51.75,52.47999954223633,51.23107147216797,265400,NFG
2021-06-22,52.400001525878906,52.61000061035156,51.86000061035156,52.349998474121094,51.104164123535156,263000,NFG
2021-06-23,52.5099983215332,52.5099983215332,52.0099983215332,52.189998626708984,50.94797134399414,196000,NFG
2021-06-24,52.400001525878906,52.68000030517578,51.7599983215332,52.68000030517578,51.42631530761719,213800,NFG
2021-06-25,52.650001525878906,53.91999816894531,52.43000030517578,53.869998931884766,52.58799362182617,676400,NFG
2021-06-28,53.91999816894531,53.91999816894531,52.83000183105469,53.209999084472656,51.94369888305664,433000,NFG
2021-06-29,53.11000061035156,53.38999938964844,51.70000076293945,51.720001220703125,50.924617767333984,311100,NFG
2021-06-30,51.61000061035156,52.349998474121094,51.61000061035156,52.25,51.446468353271484,383900,NFG
2021-07-01,52.58000183105469,53.20000076293945,52.349998474121094,52.790000915527344,51.9781608581543,334000,NFG
2021-07-02,52.779998779296875,52.779998779296875,51.88999938964844,52.45000076293945,51.64339065551758,308100,NFG
2021-07-06,52.38999938964844,52.38999938964844,51.38999938964844,51.88999938964844,51.092002868652344,277400,NFG
2021-07-07,51.619998931884766,52.20000076293945,51.439998626708984,52.08000183105469,51.279083251953125,259800,NFG
2021-07-08,51.540000915527344,52.470001220703125,51.43000030517578,52.08000183105469,51.279083251953125,375900,NFG
2021-07-09,52.540000915527344,52.63999938964844,51.779998779296875,52.16999816894531,51.36769485473633,519900,NFG
2021-07-12,51.939998626708984,52.91999816894531,51.68000030517578,52.33000183105469,51.525238037109375,383200,NFG
2021-07-13,52.18000030517578,52.40999984741211,51.61000061035156,51.619998931884766,50.82615280151367,320300,NFG
2021-07-14,51.97999954223633,52.099998474121094,51.439998626708984,51.66999816894531,50.87538528442383,441500,NFG
2021-07-15,51.45000076293945,51.4900016784668,50.86000061035156,51.310001373291016,50.52092361450195,443100,NFG
2021-07-16,51.5,52.029998779296875,50.68000030517578,50.79999923706055,50.01876449584961,420200,NFG
2021-07-19,50.36000061035156,50.70000076293945,49.15999984741211,49.81999969482422,49.053836822509766,477600,NFG
2021-07-20,49.939998626708984,50.9900016784668,49.779998779296875,50.709999084472656,49.93014907836914,494600,NFG
2021-07-21,51.02000045776367,51.41999816894531,50.72999954223633,50.75,49.96953201293945,253100,NFG
2021-07-22,50.61000061035156,50.79999923706055,50.060001373291016,50.459999084472656,49.683990478515625,296100,NFG
2021-07-23,50.63999938964844,51.25,50.099998474121094,51.13999938964844,50.35353469848633,274600,NFG
2021-07-26,51.369998931884766,51.810001373291016,51.209999084472656,51.630001068115234,50.836002349853516,432400,NFG
2021-07-27,51.61000061035156,52.84000015258789,50.959999084472656,52.41999816894531,51.61384963989258,430500,NFG
2021-07-28,52.470001220703125,52.7400016784668,51.68000030517578,52.0099983215332,51.21015548706055,298100,NFG
2021-07-29,52.29999923706055,52.380001068115234,51.83000183105469,52.22999954223633,51.42677307128906,572900,NFG
2021-07-30,51.959999084472656,52.209999084472656,51.130001068115234,51.43000030517578,50.639076232910156,2187100,NFG
2021-08-02,51.869998931884766,52.91999816894531,51.40999984741211,51.43000030517578,50.639076232910156,262700,NFG
2021-08-03,51.34000015258789,52.27000045776367,50.9900016784668,52.150001525878906,51.34800720214844,340900,NFG
2021-08-04,51.849998474121094,52.189998626708984,51.279998779296875,51.84000015258789,51.04277038574219,478400,NFG
2021-08-05,52.060001373291016,52.2400016784668,51.630001068115234,51.970001220703125,51.1707763671875,268100,NFG
2021-08-06,53.0,53.5,52.38999938964844,53.06999969482422,52.25385284423828,360600,NFG
2021-08-09,52.709999084472656,53.18000030517578,52.08000183105469,53.0,52.184932708740234,255800,NFG
2021-08-10,53.06999969482422,53.13999938964844,52.34000015258789,52.849998474121094,52.037235260009766,236900,NFG
2021-08-11,52.849998474121094,53.560001373291016,52.4900016784668,53.5,52.677242279052734,189800,NFG
2021-08-12,53.34000015258789,53.400001525878906,52.7400016784668,52.95000076293945,52.13570022583008,141700,NFG
2021-08-13,53.189998626708984,53.220001220703125,52.560001373291016,52.75,51.938777923583984,308100,NFG
2021-08-16,52.52000045776367,53.060001373291016,52.06999969482422,52.08000183105469,51.279083251953125,278100,NFG
2021-08-17,51.779998779296875,52.220001220703125,51.630001068115234,52.20000076293945,51.39723587036133,316200,NFG
2021-08-18,52.09000015258789,52.18000030517578,51.060001373291016,51.119998931884766,50.33384323120117,186200,NFG
2021-08-19,50.90999984741211,51.150001525878906,50.060001373291016,50.380001068115234,49.605224609375,209300,NFG
2021-08-20,50.18000030517578,50.70000076293945,50.04999923706055,50.630001068115234,49.85137939453125,285800,NFG
2021-08-23,50.83000183105469,50.9900016784668,50.43000030517578,50.689998626708984,49.91045379638672,178900,NFG
2021-08-24,50.869998931884766,50.869998931884766,50.34000015258789,50.400001525878906,49.624916076660156,181700,NFG
2021-08-25,50.72999954223633,51.20000076293945,50.20000076293945,50.91999816894531,50.13692092895508,208500,NFG
2021-08-26,50.97999954223633,51.04999923706055,50.34000015258789,50.380001068115234,49.605224609375,224300,NFG
2021-08-27,50.7599983215332,51.43000030517578,50.7599983215332,51.310001373291016,50.52092361450195,238700,NFG
2021-08-30,51.31999969482422,51.900001525878906,51.310001373291016,51.61000061035156,50.816307067871094,179700,NFG
2021-08-31,51.540000915527344,51.939998626708984,51.439998626708984,51.810001373291016,51.01323699951172,245600,NFG
2021-09-01,51.95000076293945,52.380001068115234,51.59000015258789,52.11000061035156,51.30862045288086,182200,NFG
2021-09-02,52.0099983215332,52.56999969482422,51.86000061035156,52.41999816894531,51.61384963989258,262000,NFG
2021-09-03,52.41999816894531,52.7400016784668,52.04999923706055,52.5099983215332,51.70246505737305,240200,NFG
2021-09-07,52.38999938964844,52.38999938964844,51.58000183105469,51.59000015258789,50.79661560058594,242300,NFG
2021-09-08,51.58000183105469,52.66999816894531,51.33000183105469,52.439998626708984,51.633541107177734,233800,NFG
2021-09-09,52.290000915527344,52.45000076293945,51.93000030517578,52.130001068115234,51.328311920166016,274100,NFG
2021-09-10,52.2599983215332,52.33000183105469,51.75,51.869998931884766,51.07231140136719,303300,NFG
2021-09-13,52.36000061035156,53.040000915527344,51.25,51.56999969482422,50.776920318603516,413200,NFG
2021-09-14,51.880001068115234,52.099998474121094,50.529998779296875,50.689998626708984,49.91045379638672,261400,NFG
2021-09-15,51.0,52.93000030517578,50.84000015258789,52.7599983215332,51.94862365722656,574900,NFG
2021-09-16,52.75,52.790000915527344,51.65999984741211,51.939998626708984,51.141231536865234,335400,NFG
2021-09-17,52.04999923706055,52.13999938964844,51.119998931884766,51.189998626708984,50.40276336669922,918200,NFG
2021-09-20,50.63999938964844,51.279998779296875,50.2599983215332,50.58000183105469,49.802146911621094,398300,NFG
2021-09-21,51.0,51.369998931884766,50.31999969482422,50.31999969482422,49.546146392822266,213500,NFG
2021-09-22,50.709999084472656,51.45000076293945,50.63999938964844,50.83000183105469,50.04830551147461,296800,NFG
2021-09-23,51.13999938964844,51.72999954223633,51.0,51.2599983215332,50.4716911315918,218600,NFG
2021-09-24,51.279998779296875,52.0099983215332,51.11000061035156,51.79999923706055,51.00338363647461,244800,NFG
2021-09-27,52.59000015258789,54.689998626708984,52.45000076293945,54.2400016784668,53.40586471557617,456000,NFG
2021-09-28,54.4900016784668,55.04999923706055,53.79999923706055,54.279998779296875,53.44524383544922,388300,NFG
2021-09-29,53.599998474121094,54.02000045776367,53.029998779296875,53.41999816894531,53.0431022644043,490400,NFG
2021-09-30,53.52000045776367,53.81999969482422,52.41999816894531,52.52000045776367,52.149452209472656,370100,NFG
2021-10-01,52.65999984741211,54.25,52.380001068115234,54.099998474121094,53.71830368041992,459400,NFG
2021-10-04,54.400001525878906,56.02000045776367,54.20000076293945,55.709999084472656,55.31694412231445,474900,NFG
2021-10-05,56.09000015258789,56.2599983215332,55.11000061035156,55.720001220703125,55.32687759399414,485300,NFG
2021-10-06,55.25,55.959999084472656,54.650001525878906,55.95000076293945,55.55525588989258,327600,NFG
2021-10-07,55.97999954223633,56.72999954223633,55.77000045776367,56.4900016784668,56.09144592285156,275500,NFG
2021-10-08,56.79999923706055,57.560001373291016,56.470001220703125,56.790000915527344,56.38932800292969,219000,NFG
2021-10-11,56.970001220703125,57.630001068115234,56.47999954223633,56.4900016784668,56.09144592285156,277800,NFG
2021-10-12,56.279998779296875,57.220001220703125,55.880001068115234,56.90999984741211,56.508480072021484,270400,NFG
2021-10-13,56.720001220703125,56.95000076293945,56.290000915527344,56.880001068115234,56.478694915771484,162600,NFG
2021-10-14,57.709999084472656,58.029998779296875,57.209999084472656,57.5,57.09431838989258,406500,NFG
2021-10-15,57.709999084472656,58.529998779296875,57.400001525878906,57.790000915527344,57.38227081298828,386500,NFG
2021-10-18,57.66999816894531,57.95000076293945,57.34000015258789,57.54999923706055,57.14396286010742,294000,NFG
2021-10-19,57.63999938964844,57.75,57.029998779296875,57.63999938964844,57.23332977294922,277800,NFG
2021-10-20,57.4900016784668,58.849998474121094,57.2599983215332,58.47999954223633,58.06740188598633,292900,NFG
2021-10-21,58.18000030517578,58.369998931884766,57.66999816894531,57.790000915527344,57.38227081298828,257200,NFG
2021-10-22,57.90999984741211,58.33000183105469,57.68000030517578,58.189998626708984,57.779449462890625,170900,NFG
2021-10-25,58.5099983215332,59.40999984741211,58.20000076293945,59.15999984741211,58.74260711669922,314100,NFG
2021-10-26,59.119998931884766,59.4900016784668,58.58000183105469,58.59000015258789,58.17662811279297,255400,NFG
2021-10-27,58.970001220703125,58.970001220703125,57.630001068115234,57.77000045776367,57.36241149902344,267400,NFG
2021-10-28,57.540000915527344,58.209999084472656,57.540000915527344,58.060001373291016,57.650367736816406,225200,NFG
2021-10-29,57.95000076293945,58.15999984741211,57.38999938964844,57.43000030517578,57.024810791015625,739000,NFG
2021-11-01,57.779998779296875,58.869998931884766,57.15999984741211,58.79999923706055,58.3851432800293,548700,NFG
2021-11-02,59.0,59.0,57.150001525878906,58.150001525878906,57.7397346496582,304800,NFG
2021-11-03,57.86000061035156,58.380001068115234,57.47999954223633,57.70000076293945,57.29290771484375,388700,NFG
2021-11-04,57.91999816894531,58.130001068115234,57.150001525878906,57.7400016784668,57.33262634277344,656500,NFG
2021-11-05,57.7400016784668,59.380001068115234,57.4900016784668,59.31999969482422,58.9014778137207,588000,NFG
2021-11-08,59.810001373291016,60.20000076293945,59.0099983215332,59.459999084472656,59.040489196777344,360900,NFG
2021-11-09,59.400001525878906,59.560001373291016,58.84000015258789,59.290000915527344,58.87168884277344,318300,NFG
2021-11-10,59.13999938964844,59.9900016784668,58.630001068115234,58.90999984741211,58.49436950683594,480500,NFG
2021-11-11,58.86000061035156,60.459999084472656,58.86000061035156,60.310001373291016,59.88449478149414,386400,NFG
2021-11-12,60.25,61.119998931884766,59.75,60.20000076293945,59.7752685546875,1025000,NFG
2021-11-15,60.290000915527344,60.88999938964844,60.0,60.630001068115234,60.20223617553711,325200,NFG
2021-11-16,60.72999954223633,60.72999954223633,60.099998474121094,60.5,60.073150634765625,371400,NFG
2021-11-17,60.18000030517578,60.900001525878906,60.06999969482422,60.2599983215332,59.834842681884766,287200,NFG
2021-11-18,60.58000183105469,60.77000045776367,59.220001220703125,59.47999954223633,59.06034851074219,276800,NFG
2021-11-19,59.02000045776367,59.38999938964844,58.599998474121094,58.95000076293945,58.534088134765625,458300,NFG
2021-11-22,58.91999816894531,60.66999816894531,58.91999816894531,59.880001068115234,59.45752716064453,320000,NFG
2021-11-23,60.06999969482422,61.5099983215332,60.04999923706055,61.36000061035156,60.927085876464844,314300,NFG
2021-11-24,61.38999938964844,62.0,61.2599983215332,61.869998931884766,61.4334831237793,253300,NFG
2021-11-26,60.650001525878906,60.849998474121094,59.459999084472656,60.18000030517578,59.755409240722656,277300,NFG
2021-11-29,60.310001373291016,60.7400016784668,59.7400016784668,59.75,59.32844161987305,786800,NFG
2021-11-30,59.20000076293945,59.279998779296875,57.70000076293945,57.810001373291016,57.402130126953125,1040200,NFG
2021-12-01,58.72999954223633,60.5,58.029998779296875,58.060001373291016,57.650367736816406,564300,NFG
2021-12-02,58.380001068115234,60.619998931884766,58.380001068115234,60.220001220703125,59.795127868652344,591100,NFG
2021-12-03,60.689998626708984,60.83000183105469,59.86000061035156,60.540000915527344,60.11286926269531,391900,NFG
2021-12-06,61.349998474121094,62.45000076293945,61.22999954223633,61.650001525878906,61.21503829956055,350900,NFG
2021-12-07,62.0,62.93000030517578,61.5099983215332,61.83000183105469,61.393768310546875,454900,NFG
2021-12-08,62.02000045776367,62.65999984741211,61.9900016784668,62.540000915527344,62.098758697509766,322500,NFG
2021-12-09,62.25,62.970001220703125,61.5099983215332,62.060001373291016,61.62214660644531,448300,NFG
2021-12-10,62.70000076293945,62.70000076293945,61.619998931884766,62.04999923706055,61.61221694946289,476100,NFG
2021-12-13,61.689998626708984,62.2400016784668,61.349998474121094,61.68000030517578,61.24482727050781,567600,NFG
2021-12-14,61.63999938964844,62.939998626708984,61.36000061035156,62.63999938964844,62.19805145263672,633100,NFG
2021-12-15,62.86000061035156,63.33000183105469,61.68000030517578,63.13999938964844,62.69452667236328,415400,NFG
2021-12-16,63.04999923706055,63.439998626708984,62.0099983215332,62.279998779296875,61.84059143066406,330800,NFG
2021-12-17,62.29999923706055,63.20000076293945,61.54999923706055,62.08000183105469,61.642005920410156,1990500,NFG
2021-12-20,61.75,62.45000076293945,60.630001068115234,62.380001068115234,61.93988800048828,351600,NFG
2021-12-21,62.7400016784668,63.38999938964844,62.33000183105469,62.720001220703125,62.277488708496094,299700,NFG
2021-12-22,63.029998779296875,63.290000915527344,62.40999984741211,63.060001373291016,62.61509323120117,232900,NFG
2021-12-23,63.029998779296875,63.58000183105469,62.959999084472656,63.11000061035156,62.664737701416016,252500,NFG
2021-12-27,63.439998626708984,63.88999938964844,62.52000045776367,63.880001068115234,63.42930603027344,247600,NFG
2021-12-28,63.869998931884766,64.72000122070312,63.869998931884766,64.13999938964844,63.687469482421875,243100,NFG
2021-12-29,64.30000305175781,64.6500015258789,63.59000015258789,64.48999786376953,64.03499603271484,240400,NFG
2021-12-30,64.2300033569336,64.41999816894531,63.4900016784668,63.77000045776367,63.77000045776367,237500,NFG
