Date,Open,High,Low,Close,Adj Close,Volume,ticker
2007-01-03,69.94999694824219,71.73999786376953,69.55000305175781,71.62000274658203,61.429080963134766,132900,USM
2007-01-04,71.0999984741211,71.75,70.68000030517578,71.61000061035156,61.420501708984375,90700,USM
2007-01-05,71.44999694824219,71.56999969482422,70.80999755859375,70.80999755859375,60.73433303833008,44300,USM
2007-01-08,70.76000213623047,71.76000213623047,70.76000213623047,71.69999694824219,61.4976921081543,54400,USM
2007-01-09,71.19999694824219,71.9800033569336,70.41999816894531,70.8499984741211,60.76864242553711,100000,USM
2007-01-10,70.86000061035156,71.9000015258789,70.52999877929688,71.9000015258789,61.66923904418945,62900,USM
2007-01-11,71.9000015258789,74.0,71.83000183105469,72.75,62.39828872680664,109300,USM
2007-01-12,72.76000213623047,74.0,72.44000244140625,72.83999633789062,62.47547912597656,126400,USM
2007-01-16,72.83999633789062,73.73999786376953,71.51000213623047,72.30999755859375,62.020896911621094,166800,USM
2007-01-17,72.4000015258789,73.18000030517578,71.66999816894531,71.9800033569336,61.737857818603516,88400,USM
2007-01-18,72.08000183105469,72.95999908447266,70.5,70.80000305175781,60.72576141357422,129000,USM
2007-01-19,70.80000305175781,71.37000274658203,70.70999908447266,70.97000122070312,60.8715705871582,77700,USM
2007-01-22,70.97000122070312,71.58000183105469,70.69999694824219,71.06999969482422,60.957340240478516,121100,USM
2007-01-23,71.0,71.25,70.83000183105469,70.93000030517578,60.83726119995117,131700,USM
2007-01-24,71.08000183105469,73.38999938964844,71.08000183105469,73.0999984741211,62.698486328125,89300,USM
2007-01-25,73.3499984741211,73.3499984741211,71.52999877929688,72.33000183105469,62.038055419921875,81400,USM
2007-01-26,72.2300033569336,72.55000305175781,71.54000091552734,71.94000244140625,61.703548431396484,63200,USM
2007-01-29,71.9000015258789,72.81999969482422,71.68000030517578,71.70999908447266,61.50627136230469,61900,USM
2007-01-30,71.70999908447266,73.04000091552734,71.70999908447266,72.80000305175781,62.44117736816406,51000,USM
2007-01-31,72.69999694824219,72.69999694824219,72.01000213623047,72.0999984741211,61.84077835083008,43400,USM
2007-02-01,72.3499984741211,74.8499984741211,72.3499984741211,73.80999755859375,63.30746078491211,104900,USM
2007-02-02,73.5999984741211,74.94999694824219,73.5999984741211,74.31999969482422,63.74489212036133,77300,USM
2007-02-05,74.25,74.25,69.83000183105469,72.7699966430664,62.41543960571289,56700,USM
2007-02-06,72.6500015258789,73.66000366210938,72.30000305175781,73.0999984741211,62.698486328125,67800,USM
2007-02-07,73.19999694824219,75.25,72.9800033569336,74.81999969482422,64.17374420166016,86800,USM
2007-02-08,74.5999984741211,74.5999984741211,73.7300033569336,73.7699966430664,63.27315139770508,57100,USM
2007-02-09,73.66999816894531,74.16000366210938,72.30000305175781,72.5,62.18386459350586,69200,USM
2007-02-12,72.25,73.2300033569336,72.25,72.94000244140625,62.561256408691406,38900,USM
2007-02-13,73.0,73.22000122070312,72.47000122070312,73.20999908447266,62.7928352355957,68200,USM
2007-02-14,73.1500015258789,74.55000305175781,73.1500015258789,73.69999694824219,63.213111877441406,79800,USM
2007-02-15,73.79000091552734,74.83999633789062,73.79000091552734,74.6500015258789,64.02793884277344,72600,USM
2007-02-16,74.80000305175781,74.88999938964844,72.1500015258789,72.91999816894531,62.544097900390625,74800,USM
2007-02-20,71.05000305175781,72.73999786376953,71.0,72.0,61.755008697509766,92900,USM
2007-02-21,70.3499984741211,71.98999786376953,70.3499984741211,71.3499984741211,61.1974983215332,91900,USM
2007-02-22,71.0,72.5,71.0,71.66000366210938,61.4633903503418,57800,USM
2007-02-23,71.62000274658203,71.8499984741211,70.41000366210938,71.30000305175781,61.15461349487305,50300,USM
2007-02-26,71.75,72.4000015258789,71.22000122070312,71.6500015258789,61.454811096191406,115900,USM
2007-02-27,71.5,71.61000061035156,70.56999969482422,70.8499984741211,60.76864242553711,69900,USM
2007-02-28,71.69999694824219,71.98999786376953,71.30000305175781,71.75,61.54058074951172,56800,USM
2007-03-01,71.0,71.5,70.37999725341797,70.83000183105469,60.75149154663086,90800,USM
2007-03-02,70.83000183105469,72.01000213623047,70.5999984741211,71.30000305175781,61.15461349487305,90000,USM
2007-03-05,71.0,71.01000213623047,68.5,69.5999984741211,59.69650650024414,161700,USM
2007-03-06,69.8499984741211,71.72000122070312,69.8499984741211,71.30000305175781,61.15461349487305,95100,USM
2007-03-07,70.4000015258789,71.73999786376953,70.4000015258789,70.73999786376953,60.674293518066406,64500,USM
2007-03-08,70.98999786376953,71.4000015258789,70.19999694824219,70.5199966430664,60.485595703125,92900,USM
2007-03-09,70.47000122070312,72.48999786376953,70.47000122070312,72.25,61.96943664550781,81600,USM
2007-03-12,72.19999694824219,72.97000122070312,71.62999725341797,72.06999969482422,61.81504821777344,77800,USM
2007-03-13,71.9000015258789,72.19999694824219,71.0999984741211,71.25,61.11172866821289,44000,USM
2007-03-14,71.25,71.4000015258789,69.52999877929688,69.69999694824219,59.78227615356445,132500,USM
2007-03-15,69.19999694824219,71.20999908447266,69.19999694824219,70.55000305175781,60.51133346557617,95700,USM
2007-03-16,69.8499984741211,70.11000061035156,67.69999694824219,68.5,58.753028869628906,167400,USM
2007-03-19,69.0,70.5,69.0,69.80000305175781,59.8680534362793,106600,USM
2007-03-20,69.5999984741211,70.30000305175781,69.4000015258789,70.08999633789062,60.116783142089844,68800,USM
2007-03-21,69.88999938964844,71.88999938964844,69.86000061035156,71.7300033569336,61.52342987060547,81100,USM
2007-03-22,73.61000061035156,73.61000061035156,71.30000305175781,72.11000061035156,61.84935760498047,64000,USM
2007-03-23,72.05000305175781,73.80999755859375,71.95999908447266,72.5999984741211,62.26963424682617,60200,USM
2007-03-26,72.8499984741211,73.05000305175781,71.95999908447266,72.37999725341797,62.080936431884766,49900,USM
2007-03-27,72.25,72.6500015258789,70.30000305175781,71.63999938964844,61.446231842041016,161800,USM
2007-03-28,71.69999694824219,72.06999969482422,71.30000305175781,71.94999694824219,61.712120056152344,47100,USM
2007-03-29,72.19999694824219,73.44000244140625,72.19999694824219,73.33999633789062,62.904335021972656,66000,USM
2007-03-30,73.5,74.01000213623047,72.9800033569336,73.44999694824219,62.99868392944336,54100,USM
2007-04-02,73.6500015258789,75.98999786376953,73.6500015258789,73.83999633789062,63.33319091796875,67300,USM
2007-04-03,73.9800033569336,74.68000030517578,73.47000122070312,73.5999984741211,63.127342224121094,94300,USM
2007-04-04,73.58000183105469,74.16999816894531,73.30000305175781,73.81999969482422,63.316036224365234,184000,USM
2007-04-05,73.93000030517578,74.33999633789062,73.36000061035156,73.4800033569336,63.02442169189453,91200,USM
2007-04-09,73.55000305175781,74.05000305175781,73.01000213623047,73.4000015258789,62.95580291748047,111700,USM
2007-04-10,73.44999694824219,73.7699966430664,73.27999877929688,73.3499984741211,62.91291427612305,104800,USM
2007-04-11,73.3499984741211,73.3499984741211,72.62000274658203,72.62000274658203,62.28678894042969,80000,USM
2007-04-12,72.62999725341797,73.83000183105469,72.4000015258789,73.55999755859375,63.09303283691406,106800,USM
2007-04-13,73.55999755859375,75.0,73.5199966430664,74.5,63.8992805480957,103800,USM
2007-04-16,74.51000213623047,75.25,74.5,74.58999633789062,63.976470947265625,90800,USM
2007-04-17,74.69999694824219,74.76000213623047,74.0999984741211,74.55000305175781,63.942169189453125,53700,USM
2007-04-18,74.44999694824219,74.44999694824219,73.72000122070312,74.04000091552734,63.50473403930664,33700,USM
2007-04-19,74.0999984741211,74.36000061035156,73.2300033569336,74.25,63.684852600097656,43700,USM
2007-04-20,74.75,75.08000183105469,74.30000305175781,74.30999755859375,63.73631286621094,58800,USM
2007-04-23,75.19999694824219,76.5999984741211,74.30000305175781,74.9000015258789,64.24236297607422,91700,USM
2007-04-24,73.0,74.0,73.0,73.83999633789062,63.33319091796875,68600,USM
2007-04-25,73.44999694824219,74.9000015258789,73.44999694824219,74.69000244140625,64.06224822998047,82400,USM
2007-04-26,74.5,74.58999633789062,73.36000061035156,73.41999816894531,62.97295379638672,52100,USM
2007-04-27,75.30999755859375,75.30999755859375,73.0,73.95999908447266,63.43611526489258,64900,USM
2007-04-30,73.8499984741211,73.98999786376953,72.48999786376953,72.5,62.18386459350586,46000,USM
2007-05-01,72.9000015258789,72.9000015258789,71.01000213623047,71.9000015258789,61.66923904418945,68600,USM
2007-05-02,72.0999984741211,73.19999694824219,72.0999984741211,73.19999694824219,62.78425598144531,71700,USM
2007-05-03,72.69999694824219,73.8499984741211,72.5,73.0999984741211,62.698486328125,91500,USM
2007-05-04,72.8499984741211,74.2300033569336,72.51000213623047,72.94999694824219,62.569828033447266,119100,USM
2007-05-07,72.5,74.25,72.05000305175781,74.18000030517578,63.624813079833984,89100,USM
2007-05-08,73.69999694824219,74.5,73.08999633789062,74.5,63.8992805480957,122400,USM
2007-05-09,74.25,74.48999786376953,73.62999725341797,74.0999984741211,63.55619430541992,74000,USM
2007-05-10,73.5999984741211,74.19999694824219,73.5,73.69000244140625,63.20453643798828,74700,USM
2007-05-11,73.5,74.25,73.26000213623047,73.7300033569336,63.23884582519531,51100,USM
2007-05-14,73.83000183105469,74.19999694824219,73.19999694824219,73.30000305175781,62.870033264160156,51200,USM
2007-05-15,73.5999984741211,75.0,73.5999984741211,73.94999694824219,63.42753601074219,318000,USM
2007-05-16,72.0,75.0,71.94999694824219,74.80000305175781,64.1565933227539,324000,USM
2007-05-17,74.5,74.80000305175781,74.0999984741211,74.2300033569336,63.667701721191406,110900,USM
2007-05-18,74.2300033569336,75.43000030517578,71.80999755859375,74.37999725341797,63.79635238647461,134800,USM
2007-05-21,74.58000183105469,75.37000274658203,74.4800033569336,75.1500015258789,64.45679473876953,182100,USM
2007-05-22,74.9000015258789,75.9800033569336,74.6500015258789,75.1500015258789,64.45679473876953,162400,USM
2007-05-23,75.1500015258789,76.66000366210938,75.1500015258789,75.9000015258789,65.1000747680664,80100,USM
2007-05-24,76.4000015258789,77.48999786376953,75.44000244140625,75.44000244140625,64.70552825927734,132100,USM
2007-05-25,75.44000244140625,76.87000274658203,75.44000244140625,76.58999633789062,65.69188690185547,95400,USM
2007-05-29,76.69999694824219,78.47000122070312,76.69999694824219,78.30000305175781,67.15857696533203,105700,USM
2007-05-30,77.69999694824219,79.8499984741211,77.6500015258789,79.8499984741211,68.48802185058594,114900,USM
2007-05-31,79.5999984741211,80.0,78.91000366210938,79.37000274658203,68.07632446289062,104100,USM
2007-06-01,79.62000274658203,82.7300033569336,79.62000274658203,82.5199966430664,70.7780990600586,169700,USM
2007-06-04,82.5,84.16000366210938,81.1500015258789,83.58999633789062,71.69584655761719,143800,USM
2007-06-05,82.44999694824219,84.33000183105469,82.44999694824219,83.75,71.83308410644531,110600,USM
2007-06-06,83.73999786376953,84.58000183105469,83.05000305175781,83.29000091552734,71.43853759765625,148100,USM
2007-06-07,84.19999694824219,84.37000274658203,83.22000122070312,83.76000213623047,71.84165954589844,161600,USM
2007-06-08,83.51000213623047,86.3499984741211,83.3499984741211,86.05999755859375,73.81438446044922,162800,USM
2007-06-11,86.19999694824219,89.97000122070312,86.19999694824219,89.51000213623047,76.77348327636719,236500,USM
2007-06-12,87.30000305175781,89.12000274658203,87.30000305175781,88.75,76.12162780761719,199700,USM
2007-06-13,88.5,89.94999694824219,88.23999786376953,89.33999633789062,76.62767028808594,129200,USM
2007-06-14,89.0999984741211,90.94000244140625,89.0999984741211,89.47000122070312,76.73917388916016,99700,USM
2007-06-15,89.55000305175781,90.48999786376953,89.3499984741211,89.5,76.76490783691406,125200,USM
2007-06-18,90.25,90.98999786376953,89.5199966430664,90.94999694824219,78.00858306884766,114700,USM
2007-06-19,90.69999694824219,90.98999786376953,89.87000274658203,90.5999984741211,77.70838165283203,98400,USM
2007-06-20,90.3499984741211,90.9800033569336,89.18000030517578,89.19000244140625,76.49901580810547,72900,USM
2007-06-21,90.12000274658203,90.58000183105469,87.26000213623047,90.5,77.62261199951172,111400,USM
2007-06-22,90.3499984741211,90.62000274658203,89.77999877929688,90.5,77.62261199951172,121600,USM
2007-06-25,90.5,91.19000244140625,89.12000274658203,89.6500015258789,76.89356231689453,73600,USM
2007-06-26,89.5,89.66999816894531,87.70999908447266,88.1500015258789,75.60700225830078,127000,USM
2007-06-27,87.25,89.44999694824219,87.1500015258789,89.4000015258789,76.67913818359375,108100,USM
2007-06-28,89.16999816894531,89.87000274658203,88.3499984741211,89.87000274658203,77.08226013183594,74700,USM
2007-06-29,89.9000015258789,90.5999984741211,89.69000244140625,90.5999984741211,77.70838165283203,85400,USM
2007-07-02,91.0,93.0,91.0,92.7300033569336,79.53530883789062,172000,USM
2007-07-03,93.69999694824219,94.94999694824219,93.19999694824219,93.8499984741211,80.49593353271484,62100,USM
2007-07-05,93.8499984741211,94.41999816894531,93.08000183105469,93.5,80.19573974609375,69600,USM
2007-07-06,93.25,95.19999694824219,93.25,94.69999694824219,81.22499084472656,87100,USM
2007-07-09,94.8499984741211,96.0999984741211,94.44999694824219,96.0999984741211,82.42578125,113600,USM
2007-07-10,96.0999984741211,97.05000305175781,95.2699966430664,96.08000183105469,82.40863037109375,128600,USM
2007-07-11,95.5,99.45999908447266,95.5,99.3499984741211,85.21333312988281,363800,USM
2007-07-12,100.11000061035156,103.33000183105469,99.58999633789062,103.0999984741211,88.42974090576172,229900,USM
2007-07-13,101.0,101.73999786376953,100.0,100.55000305175781,86.24258422851562,260200,USM
2007-07-16,100.30000305175781,103.4000015258789,100.19000244140625,102.58999633789062,87.9923095703125,169800,USM
2007-07-17,102.80000305175781,104.66999816894531,102.4000015258789,102.9000015258789,88.2582015991211,154200,USM
2007-07-18,102.94999694824219,102.98999786376953,101.08999633789062,102.5,87.91511535644531,113900,USM
2007-07-19,103.0,103.44000244140625,101.7300033569336,102.19999694824219,87.65779876708984,152200,USM
2007-07-20,102.19999694824219,102.19999694824219,101.19999694824219,101.44999694824219,87.01451873779297,62500,USM
2007-07-23,101.0,102.73999786376953,100.80000305175781,101.98999786376953,87.4776840209961,92000,USM
2007-07-24,102.1500015258789,102.69999694824219,99.9000015258789,100.25,85.98527526855469,128100,USM
2007-07-25,100.5,102.16999816894531,99.9800033569336,100.4000015258789,86.11392974853516,120800,USM
2007-07-26,100.0,100.0,97.66000366210938,98.58999633789062,84.56147003173828,122500,USM
2007-07-27,98.33999633789062,98.36000061035156,96.20999908447266,96.30000305175781,82.59732818603516,100000,USM
2007-07-30,97.30000305175781,97.95999908447266,96.44999694824219,97.23999786376953,83.403564453125,161700,USM
2007-07-31,99.12999725341797,99.12999725341797,96.86000061035156,97.0,83.19772338867188,67500,USM
2007-08-01,97.0,97.7300033569336,94.4000015258789,96.5,82.76886749267578,152600,USM
2007-08-02,96.9000015258789,97.5,95.58000183105469,97.0,83.19772338867188,173400,USM
2007-08-03,97.0,97.33999633789062,93.95999908447266,94.4000015258789,80.96768188476562,92700,USM
2007-08-06,95.0,96.0999984741211,92.62999725341797,93.3499984741211,80.06708526611328,162800,USM
2007-08-07,93.5999984741211,93.94999694824219,91.0,91.0999984741211,78.13723754882812,156000,USM
2007-08-08,91.08999633789062,91.75,83.58999633789062,83.9000015258789,71.96173858642578,352800,USM
2007-08-09,82.05999755859375,84.27999877929688,76.16999816894531,80.76000213623047,69.26853942871094,572600,USM
2007-08-10,79.25,94.75,78.75,94.75,81.26787567138672,373400,USM
2007-08-13,95.0,97.75,87.87000274658203,97.5999984741211,83.71234130859375,283200,USM
2007-08-14,97.44999694824219,99.12000274658203,84.5,86.0,73.76292419433594,315700,USM
2007-08-15,86.5,89.33999633789062,84.3499984741211,84.69999694824219,72.64790344238281,229400,USM
2007-08-16,84.25,87.1500015258789,84.0,86.55999755859375,74.24324035644531,245100,USM
2007-08-17,86.13999938964844,92.9000015258789,79.37999725341797,88.0,75.47834777832031,128900,USM
2007-08-20,87.75,91.41000366210938,87.75,90.25,77.40818786621094,126900,USM
2007-08-21,89.5,91.5,88.25,91.30000305175781,78.30878448486328,117500,USM
2007-08-22,92.30000305175781,94.86000061035156,90.80000305175781,93.94999694824219,80.58170318603516,129600,USM
2007-08-23,93.5999984741211,95.0999984741211,93.22000122070312,94.19999694824219,80.79613494873047,105200,USM
2007-08-24,89.0199966430664,96.29000091552734,89.0199966430664,95.23999786376953,81.68814849853516,95100,USM
2007-08-27,95.5999984741211,99.3499984741211,95.0,99.20999908447266,85.09325408935547,219500,USM
2007-08-28,99.5,99.5,94.0,98.0,84.05542755126953,180800,USM
2007-08-29,95.93000030517578,98.5,92.70999908447266,95.75,82.1255874633789,217400,USM
2007-08-30,95.72000122070312,96.1500015258789,93.69999694824219,95.88999938964844,82.24566650390625,145800,USM
2007-08-31,96.19999694824219,97.9000015258789,95.62000274658203,97.25,83.41214752197266,101500,USM
2007-09-04,97.58999633789062,101.0,97.43000030517578,100.80000305175781,86.45701599121094,168000,USM
2007-09-05,100.0,104.73999786376953,98.05000305175781,104.2300033569336,89.39895629882812,369300,USM
2007-09-06,103.5,103.9000015258789,99.0999984741211,99.69999694824219,85.5135269165039,222100,USM
2007-09-07,99.69999694824219,99.86000061035156,97.54000091552734,97.54000091552734,83.66088104248047,110500,USM
2007-09-10,97.54000091552734,98.2300033569336,95.5,96.75,82.98329162597656,94300,USM
2007-09-11,97.0,99.4000015258789,95.76000213623047,98.30000305175781,84.312744140625,94600,USM
2007-09-12,98.0,98.73999786376953,95.69000244140625,95.8499984741211,82.21135711669922,157200,USM
2007-09-13,96.0999984741211,97.30999755859375,95.81999969482422,96.5999984741211,82.8546371459961,123500,USM
2007-09-14,96.3499984741211,96.3499984741211,95.1500015258789,95.5,81.9111557006836,106600,USM
2007-09-17,96.29000091552734,97.08000183105469,94.91000366210938,96.2300033569336,82.53728485107422,147600,USM
2007-09-18,95.80000305175781,97.13999938964844,94.37000274658203,96.0999984741211,82.42578125,101900,USM
2007-09-19,96.0,97.86000061035156,95.86000061035156,96.0,82.34001159667969,106700,USM
2007-09-20,96.30000305175781,100.9000015258789,96.30000305175781,100.69999694824219,86.3712387084961,106600,USM
2007-09-21,100.80000305175781,103.19000244140625,94.4000015258789,95.02999877929688,81.5080337524414,215600,USM
2007-09-24,96.01000213623047,99.38999938964844,96.01000213623047,97.76000213623047,83.84957885742188,139000,USM
2007-09-25,97.0,99.23999786376953,95.95999908447266,98.1500015258789,84.18408966064453,114900,USM
2007-09-26,98.0,99.80000305175781,96.62000274658203,97.95999908447266,84.0211181640625,95600,USM
2007-09-27,98.55999755859375,101.41000366210938,98.41999816894531,100.75,86.41412353515625,85400,USM
2007-09-28,100.5,101.25,98.19999694824219,98.19999694824219,84.22696685791016,84000,USM
2007-10-01,98.0,101.4000015258789,97.76000213623047,101.4000015258789,86.97164154052734,80700,USM
2007-10-02,102.0,103.51000213623047,101.2699966430664,102.0,87.48625946044922,154000,USM
2007-10-03,101.5,101.95999908447266,98.5199966430664,98.75,84.6987075805664,84100,USM
2007-10-04,98.5,99.1500015258789,96.81999969482422,97.52999877929688,83.65230560302734,100300,USM
2007-10-05,97.75,98.87999725341797,97.75,98.8499984741211,84.78447723388672,62900,USM
2007-10-08,97.69999694824219,99.30000305175781,96.05999755859375,96.6500015258789,82.89752197265625,118600,USM
2007-10-09,96.5,97.55000305175781,94.75,97.55000305175781,83.66946411132812,165900,USM
2007-10-10,97.9000015258789,98.0999984741211,96.87999725341797,98.0999984741211,84.14119720458984,80700,USM
2007-10-11,98.4000015258789,98.5999984741211,95.26000213623047,96.5999984741211,82.8546371459961,82800,USM
2007-10-12,96.5,98.54000091552734,96.4000015258789,98.19999694824219,84.22696685791016,72800,USM
2007-10-15,97.9000015258789,97.95999908447266,95.51000213623047,96.83999633789062,83.06048583984375,80800,USM
2007-10-16,96.75,97.48999786376953,95.08000183105469,96.0,82.34001159667969,76700,USM
2007-10-17,97.88999938964844,97.88999938964844,96.0,97.4000015258789,83.54080200195312,89900,USM
2007-10-18,97.5,97.83000183105469,96.19999694824219,96.69999694824219,82.9404067993164,53700,USM
2007-10-19,97.0,98.75,97.0,97.22000122070312,83.38641357421875,66500,USM
2007-10-22,97.0,97.44999694824219,95.5,96.47000122070312,82.74313354492188,50600,USM
2007-10-23,98.38999938964844,98.38999938964844,95.13999938964844,96.0999984741211,82.42578125,55900,USM
2007-10-24,96.25,96.41000366210938,94.43000030517578,95.8499984741211,82.21135711669922,59700,USM
2007-10-25,96.19999694824219,96.4000015258789,94.77999877929688,95.1500015258789,81.6109619140625,57900,USM
2007-10-26,95.2699966430664,97.41000366210938,94.55999755859375,96.5,82.76886749267578,241500,USM
2007-10-29,96.62999725341797,98.75,96.11000061035156,96.75,82.98329162597656,80500,USM
2007-10-30,96.05000305175781,97.2300033569336,95.3499984741211,95.3499984741211,81.78250122070312,98200,USM
2007-10-31,95.3499984741211,96.5,92.08999633789062,94.1500015258789,80.75325012207031,141700,USM
2007-11-01,94.4000015258789,96.3499984741211,94.4000015258789,95.75,82.1255874633789,90400,USM
2007-11-02,95.25,95.44999694824219,91.2699966430664,91.75,78.69474792480469,157600,USM
2007-11-05,94.9000015258789,94.9000015258789,90.93000030517578,91.5,78.4803237915039,152400,USM
2007-11-06,85.0,93.5,85.0,89.5999984741211,76.85067749023438,135100,USM
2007-11-07,89.2300033569336,89.45999908447266,86.1500015258789,87.69999694824219,75.22103118896484,258800,USM
2007-11-08,88.66999816894531,88.66999816894531,83.86000061035156,84.80000305175781,72.73368072509766,228900,USM
2007-11-09,83.02999877929688,86.94999694824219,83.02999877929688,86.5,74.19178009033203,157200,USM
2007-11-12,87.2300033569336,89.19000244140625,85.2300033569336,86.19999694824219,73.93446350097656,186400,USM
2007-11-13,86.26000213623047,86.26000213623047,83.51000213623047,83.9000015258789,71.96173858642578,176600,USM
2007-11-14,83.91000366210938,84.83999633789062,82.54000091552734,82.68000030517578,70.91533660888672,172400,USM
2007-11-15,82.68000030517578,83.66000366210938,81.0,81.41000366210938,69.8260498046875,137500,USM
2007-11-16,81.43000030517578,83.0,80.75,83.0,71.18980407714844,274500,USM
2007-11-19,82.0,82.98999786376953,77.44999694824219,78.30000305175781,67.15857696533203,237300,USM
2007-11-20,79.0,80.19999694824219,78.30000305175781,79.33999633789062,68.05058288574219,157200,USM
2007-11-21,78.23999786376953,79.1500015258789,75.26000213623047,76.30000305175781,65.44316101074219,128000,USM
2007-11-23,76.69999694824219,77.0199966430664,75.12000274658203,75.5999984741211,64.84275817871094,59900,USM
2007-11-26,75.75,77.88999938964844,75.56999969482422,75.56999969482422,64.81702423095703,185200,USM
2007-11-27,75.0,76.75,74.62000274658203,75.62999725341797,64.86848449707031,164500,USM
2007-11-28,75.5199966430664,80.41000366210938,75.5199966430664,80.33999633789062,68.90829467773438,196800,USM
2007-11-29,79.3499984741211,84.70999908447266,77.80000305175781,82.30000305175781,70.58940887451172,211200,USM
2007-11-30,84.01000213623047,84.01000213623047,80.62000274658203,82.0,70.33209228515625,213000,USM
2007-12-03,81.1500015258789,83.76000213623047,81.1500015258789,82.5,70.76094818115234,136800,USM
2007-12-04,81.30999755859375,84.41000366210938,81.30999755859375,83.0,71.18980407714844,215700,USM
2007-12-05,84.2699966430664,85.48999786376953,83.3499984741211,84.80000305175781,72.73368072509766,131700,USM
2007-12-06,84.30000305175781,84.9000015258789,83.01000213623047,83.66999816894531,71.76446533203125,244000,USM
2007-12-07,83.5,84.95999908447266,82.9000015258789,84.3499984741211,72.34770965576172,178800,USM
2007-12-10,85.01000213623047,85.9800033569336,84.26000213623047,85.5,73.33407592773438,103600,USM
2007-12-11,85.25,87.93000030517578,84.58999633789062,87.55000305175781,75.09237670898438,236500,USM
2007-12-12,88.73999786376953,89.62999725341797,86.5,88.0,75.47834777832031,202300,USM
2007-12-13,86.76000213623047,88.16000366210938,86.76000213623047,87.01000213623047,74.62921142578125,111100,USM
2007-12-14,87.25,88.80000305175781,87.20999908447266,87.80000305175781,75.30680847167969,152600,USM
2007-12-17,86.69999694824219,87.9800033569336,86.0,86.19999694824219,73.93446350097656,163300,USM
2007-12-18,86.5,87.33000183105469,85.5999984741211,86.31999969482422,74.03739166259766,133400,USM
2007-12-19,86.44999694824219,87.4000015258789,84.6500015258789,85.5999984741211,73.41984558105469,144300,USM
2007-12-20,85.8499984741211,86.80000305175781,84.2699966430664,86.80000305175781,74.4490966796875,130500,USM
2007-12-21,86.77999877929688,87.58000183105469,85.5,85.5,73.33407592773438,221400,USM
2007-12-24,86.0,87.4800033569336,86.0,87.4800033569336,75.03234100341797,26500,USM
2007-12-26,87.30000305175781,87.33000183105469,86.5,86.5,74.19178009033203,83200,USM
2007-12-27,86.38999938964844,86.38999938964844,84.19999694824219,84.19999694824219,72.21904754638672,92400,USM
2007-12-28,84.4000015258789,85.0999984741211,82.83999633789062,83.83000183105469,71.90170288085938,201900,USM
2007-12-31,84.08000183105469,85.12999725341797,82.83000183105469,84.0999984741211,72.1332778930664,346900,USM
2008-01-02,83.48999786376953,85.8499984741211,83.48999786376953,84.75,72.69078826904297,168200,USM
2008-01-03,85.72000122070312,85.72000122070312,83.38999938964844,84.30000305175781,72.30482482910156,105900,USM
2008-01-04,84.0,85.23999786376953,83.08999633789062,83.8499984741211,71.91885375976562,122700,USM
2008-01-07,83.75,83.9800033569336,80.80999755859375,82.30000305175781,70.58940887451172,211700,USM
2008-01-08,82.47000122070312,83.5199966430664,80.8499984741211,80.8499984741211,69.3457260131836,119400,USM
2008-01-09,80.75,81.9800033569336,80.02999877929688,81.86000061035156,70.2120132446289,102100,USM
2008-01-10,81.62999725341797,85.0,81.36000061035156,84.4000015258789,72.39059448242188,126300,USM
2008-01-11,82.94999694824219,84.36000061035156,82.02999877929688,82.02999877929688,70.35782623291016,61500,USM
2008-01-14,81.4000015258789,83.19999694824219,81.4000015258789,83.0,71.18980407714844,74900,USM
2008-01-15,82.5,82.5,80.25,81.05000305175781,69.51727294921875,115200,USM
2008-01-16,80.75,81.33000183105469,79.55000305175781,80.75,69.25995635986328,71600,USM
2008-01-17,80.4000015258789,80.4000015258789,74.31999969482422,74.5999984741211,63.985050201416016,154600,USM
2008-01-18,74.70999908447266,75.83000183105469,72.62999725341797,72.94000244140625,62.561256408691406,181300,USM
2008-01-22,70.81999969482422,72.4000015258789,69.75,70.69999694824219,60.639984130859375,179200,USM
2008-01-23,69.80999755859375,71.30000305175781,67.91000366210938,70.16999816894531,60.185401916503906,140800,USM
2008-01-24,70.5,73.18000030517578,69.5,72.73999786376953,62.38970947265625,106000,USM
2008-01-25,72.5999984741211,73.30000305175781,69.2300033569336,69.3499984741211,59.482078552246094,83900,USM
2008-01-28,70.38999938964844,72.11000061035156,68.51000213623047,71.0999984741211,60.983070373535156,94000,USM
2008-01-29,72.0,72.7699966430664,71.20999908447266,72.45999908447266,62.14955520629883,51100,USM
2008-01-30,71.54000091552734,72.33000183105469,70.1500015258789,70.1500015258789,60.168251037597656,94900,USM
2008-01-31,69.9000015258789,71.0999984741211,68.69000244140625,71.0999984741211,60.983070373535156,107300,USM
2008-02-01,70.94999694824219,71.38999938964844,69.55000305175781,70.69999694824219,60.639984130859375,155300,USM
2008-02-04,71.0,73.05000305175781,70.5,73.05000305175781,62.65560531616211,87300,USM
2008-02-05,71.30999755859375,72.75,67.94999694824219,69.5,59.61073684692383,83500,USM
2008-02-06,69.44999694824219,69.44999694824219,64.6500015258789,68.3499984741211,58.62437057495117,312700,USM
2008-02-07,68.2300033569336,69.25,65.18000030517578,65.5999984741211,56.26567459106445,195700,USM
2008-02-08,65.44999694824219,67.38999938964844,65.41000366210938,66.69999694824219,57.20915222167969,151100,USM
2008-02-11,66.1500015258789,68.26000213623047,66.1500015258789,68.19999694824219,58.49571228027344,76100,USM
2008-02-12,68.19999694824219,68.6500015258789,67.01000213623047,67.5,57.895320892333984,161900,USM
2008-02-13,67.43000030517578,71.70999908447266,67.43000030517578,70.8499984741211,60.76864242553711,112100,USM
2008-02-14,70.69999694824219,71.1500015258789,67.97000122070312,68.12999725341797,58.435672760009766,69700,USM
2008-02-15,68.20999908447266,69.41999816894531,67.19999694824219,68.4000015258789,58.667259216308594,94000,USM
2008-02-19,68.68000030517578,69.75,66.41000366210938,66.55000305175781,57.080501556396484,75900,USM
2008-02-20,65.7300033569336,65.7300033569336,60.150001525878906,62.29999923706055,53.435237884521484,288900,USM
2008-02-21,62.029998779296875,63.900001525878906,59.2599983215332,60.04999923706055,51.50539016723633,227300,USM
2008-02-22,60.20000076293945,62.779998779296875,58.790000915527344,62.0,53.17792510986328,179100,USM
2008-02-25,61.45000076293945,63.54999923706055,61.349998474121094,63.5,54.46448516845703,103600,USM
2008-02-26,63.400001525878906,67.0,61.459999084472656,67.0,57.46646499633789,191600,USM
2008-02-27,66.75,66.80999755859375,62.5099983215332,62.900001525878906,53.94986343383789,120400,USM
2008-02-28,62.79999923706055,64.25,62.599998474121094,64.25,55.10776901245117,79500,USM
2008-02-29,64.0,64.0,60.470001220703125,63.0,54.0356330871582,117600,USM
2008-03-03,61.900001525878906,62.0,56.56999969482422,57.099998474121094,48.97515106201172,217800,USM
2008-03-04,57.20000076293945,58.599998474121094,56.0,57.29999923706055,49.14669418334961,454300,USM
2008-03-05,57.040000915527344,60.08000183105469,55.0,59.29999923706055,50.86211013793945,213900,USM
2008-03-06,59.04999923706055,60.029998779296875,56.91999816894531,58.27000045776367,49.97867202758789,164100,USM
2008-03-07,57.900001525878906,59.0,57.709999084472656,59.0,50.60479736328125,116800,USM
2008-03-10,58.59000015258789,58.75,56.45000076293945,56.5,48.46052932739258,166300,USM
2008-03-11,57.2599983215332,58.75,56.279998779296875,56.630001068115234,48.57202911376953,174700,USM
2008-03-12,56.54999923706055,57.849998474121094,56.11000061035156,57.599998474121094,49.40400695800781,88900,USM
2008-03-13,57.25,57.34000015258789,56.20000076293945,57.18000030517578,49.04376983642578,95700,USM
2008-03-14,57.15999984741211,58.5099983215332,55.849998474121094,56.22999954223633,48.228946685791016,109200,USM
2008-03-17,55.4900016784668,58.40999984741211,54.13999938964844,54.400001525878906,46.659339904785156,135900,USM
2008-03-18,54.400001525878906,57.15999984741211,54.150001525878906,56.5,48.46052932739258,183300,USM
2008-03-19,57.25,57.83000183105469,54.2400016784668,55.5,47.60281753540039,115400,USM
2008-03-20,56.209999084472656,56.209999084472656,53.81999969482422,54.0,46.31625747680664,99800,USM
2008-03-24,54.7599983215332,55.36000061035156,52.08000183105469,54.900001525878906,47.08819580078125,185800,USM
2008-03-25,54.88999938964844,56.939998626708984,54.11000061035156,55.75,47.81724548339844,133700,USM
2008-03-26,55.70000076293945,57.38999938964844,55.61000061035156,57.0,48.889381408691406,124500,USM
2008-03-27,56.400001525878906,57.5099983215332,56.400001525878906,57.20000076293945,49.0609245300293,87900,USM
2008-03-28,57.38999938964844,58.04999923706055,55.790000915527344,56.349998474121094,48.331871032714844,77200,USM
2008-03-31,55.5,56.5,54.08000183105469,55.0,47.17396545410156,139400,USM
2008-04-01,55.54999923706055,58.25,55.0,57.189998626708984,49.052345275878906,158700,USM
2008-04-02,56.75,58.349998474121094,56.0,56.900001525878906,48.803611755371094,117800,USM
2008-04-03,55.84000015258789,58.650001525878906,55.84000015258789,58.349998474121094,50.04728698730469,110000,USM
2008-04-04,58.650001525878906,58.650001525878906,55.689998626708984,56.04999923706055,48.07455825805664,96200,USM
2008-04-07,57.150001525878906,57.84000015258789,56.75,57.400001525878906,49.23246765136719,106400,USM
2008-04-08,57.5,57.5,55.560001373291016,56.400001525878906,48.374759674072266,56500,USM
2008-04-09,56.5,57.349998474121094,53.849998474121094,54.54999923706055,46.787994384765625,62000,USM
2008-04-10,54.400001525878906,54.779998779296875,53.33000183105469,54.099998474121094,46.40202713012695,54100,USM
2008-04-11,54.09000015258789,54.09000015258789,51.2599983215332,51.849998474121094,44.47218322753906,111800,USM
2008-04-14,51.5,51.79999923706055,50.290000915527344,50.40999984741211,43.237083435058594,87300,USM
2008-04-15,50.130001068115234,52.380001068115234,50.130001068115234,51.25,43.957557678222656,154600,USM
2008-04-16,51.5,53.79999923706055,51.439998626708984,53.79999923706055,46.14471435546875,134700,USM
2008-04-17,50.54999923706055,53.459999084472656,50.16999816894531,53.04999923706055,45.501434326171875,110400,USM
2008-04-18,53.54999923706055,56.5,53.54999923706055,55.75,47.81724548339844,138200,USM
2008-04-21,55.099998474121094,55.880001068115234,55.0,55.20000076293945,47.34550857543945,165500,USM
2008-04-22,55.29999923706055,56.0,53.77000045776367,53.79999923706055,46.14471435546875,172500,USM
2008-04-23,53.5,55.93000030517578,53.5,55.93000030517578,47.97163391113281,90300,USM
2008-04-24,55.81999969482422,56.349998474121094,54.43000030517578,56.0,48.031673431396484,67600,USM
2008-04-25,56.25,56.400001525878906,55.20000076293945,56.29999923706055,48.28898620605469,51500,USM
2008-04-28,57.4900016784668,58.0,54.849998474121094,55.54999923706055,47.64570236206055,79000,USM
2008-04-29,55.11000061035156,56.72999954223633,55.11000061035156,55.75,47.81724548339844,73700,USM
2008-04-30,56.61000061035156,57.45000076293945,54.77000045776367,55.150001525878906,47.3026237487793,158000,USM
2008-05-01,54.54999923706055,58.0,50.0099983215332,57.310001373291016,49.1552734375,150500,USM
2008-05-02,57.25,59.119998931884766,57.16999816894531,58.900001525878906,50.51902770996094,121500,USM
2008-05-05,58.119998931884766,59.5,58.0099983215332,59.11000061035156,50.69914627075195,87800,USM
2008-05-06,59.29999923706055,60.810001373291016,58.540000915527344,60.70000076293945,52.062904357910156,125300,USM
2008-05-07,60.0099983215332,62.0,58.75,59.150001525878906,50.733455657958984,125400,USM
2008-05-08,59.189998626708984,59.20000076293945,56.150001525878906,57.34000015258789,49.18100357055664,265800,USM
2008-05-09,56.189998626708984,57.400001525878906,55.45000076293945,56.25,48.24610137939453,83500,USM
2008-05-12,56.02000045776367,56.060001373291016,55.220001220703125,55.5,47.60281753540039,145800,USM
2008-05-13,55.09000015258789,59.29999923706055,55.09000015258789,59.29999923706055,50.86211013793945,216800,USM
2008-05-14,60.220001220703125,60.220001220703125,58.75,59.75,51.24808120727539,108400,USM
2008-05-15,59.20000076293945,66.27999877929688,59.20000076293945,65.83999633789062,56.47152328491211,313500,USM
2008-05-16,65.25,68.0,63.130001068115234,65.25,55.965476989746094,370200,USM
2008-05-19,64.58999633789062,65.9000015258789,61.97999954223633,64.0,54.893341064453125,233600,USM
2008-05-20,63.02000045776367,63.79999923706055,62.04999923706055,62.81999969482422,53.88124465942383,94400,USM
2008-05-21,62.34000015258789,62.90999984741211,61.58000183105469,61.77000045776367,52.98065185546875,127900,USM
2008-05-22,61.20000076293945,62.27000045776367,60.130001068115234,61.599998474121094,52.8348388671875,152300,USM
2008-05-23,61.599998474121094,62.599998474121094,60.29999923706055,61.63999938964844,52.86914825439453,113100,USM
2008-05-27,61.849998474121094,62.75,60.689998626708984,61.83000183105469,53.0321159362793,108000,USM
2008-05-28,61.83000183105469,61.83000183105469,60.0099983215332,61.54999923706055,52.791954040527344,112600,USM
2008-05-29,61.04999923706055,62.38999938964844,60.869998931884766,61.4900016784668,52.74049377441406,108200,USM
2008-05-30,61.29999923706055,62.630001068115234,61.09000015258789,62.630001068115234,53.71828079223633,113000,USM
2008-06-02,62.869998931884766,62.869998931884766,60.279998779296875,62.25,53.39235305786133,99000,USM
2008-06-03,62.0,62.220001220703125,60.90999984741211,61.349998474121094,52.62041091918945,156700,USM
2008-06-04,60.43000030517578,63.66999816894531,60.43000030517578,63.650001525878906,54.593143463134766,120900,USM
2008-06-05,63.5,64.5,63.22999954223633,64.5,55.32219696044922,89000,USM
2008-06-06,64.25,64.25,62.599998474121094,62.869998931884766,53.924129486083984,76500,USM
2008-06-09,61.349998474121094,62.86000061035156,61.349998474121094,61.5,52.74906921386719,113800,USM
2008-06-10,61.25,61.36000061035156,59.63999938964844,60.400001525878906,51.80559158325195,74300,USM
2008-06-11,59.59000015258789,60.5099983215332,58.66999816894531,58.900001525878906,50.51902770996094,72400,USM
2008-06-12,60.81999969482422,60.81999969482422,57.11000061035156,57.5,49.3182373046875,80700,USM
2008-06-13,58.0,61.29999923706055,58.0,61.29999923706055,52.5775260925293,113500,USM
2008-06-16,61.4900016784668,61.4900016784668,60.06999969482422,60.70000076293945,52.062904357910156,53100,USM
2008-06-17,60.95000076293945,61.349998474121094,60.52000045776367,60.810001373291016,52.15725326538086,102500,USM
2008-06-18,59.849998474121094,60.529998779296875,58.84000015258789,59.060001373291016,50.6562614440918,73400,USM
2008-06-19,58.970001220703125,60.099998474121094,58.849998474121094,59.150001525878906,50.733455657958984,76200,USM
2008-06-20,58.09000015258789,60.18000030517578,58.09000015258789,60.0099983215332,51.47108459472656,167300,USM
2008-06-23,59.90999984741211,60.2599983215332,57.720001220703125,57.849998474121094,49.618431091308594,114000,USM
2008-06-24,56.88999938964844,57.849998474121094,56.560001373291016,56.599998474121094,48.54629898071289,98900,USM
2008-06-25,56.08000183105469,58.66999816894531,56.08000183105469,58.25,49.961517333984375,76000,USM
2008-06-26,58.0,58.189998626708984,55.400001525878906,56.0,48.031673431396484,110100,USM
2008-06-27,56.25,56.40999984741211,55.130001068115234,55.650001525878906,47.731475830078125,109400,USM
2008-06-30,55.119998931884766,57.209999084472656,55.119998931884766,56.54999923706055,48.503414154052734,73400,USM
2008-07-01,55.15999984741211,56.56999969482422,54.529998779296875,56.56999969482422,48.52056884765625,175700,USM
2008-07-02,57.20000076293945,57.20000076293945,54.52000045776367,55.25,47.38839340209961,173900,USM
2008-07-03,55.08000183105469,55.369998931884766,54.33000183105469,54.79999923706055,47.00242233276367,30500,USM
2008-07-07,55.20000076293945,55.7400016784668,54.20000076293945,55.04999923706055,47.21685028076172,61300,USM
2008-07-08,55.939998626708984,56.29999923706055,53.709999084472656,55.529998779296875,47.62854766845703,125000,USM
2008-07-09,55.119998931884766,57.11000061035156,54.63999938964844,55.599998474121094,47.6885871887207,90900,USM
2008-07-10,55.04999923706055,56.41999816894531,54.900001525878906,55.25,47.38839340209961,71600,USM
2008-07-11,53.810001373291016,56.0,53.810001373291016,55.38999938964844,47.50847244262695,93000,USM
2008-07-14,55.599998474121094,56.4900016784668,54.54999923706055,54.70000076293945,46.91665267944336,65400,USM
2008-07-15,53.75,56.150001525878906,52.869998931884766,56.06999969482422,48.091712951660156,77300,USM
2008-07-16,56.470001220703125,56.470001220703125,53.689998626708984,55.5099983215332,47.611392974853516,68200,USM
2008-07-17,55.66999816894531,56.540000915527344,55.08000183105469,56.25,48.24610137939453,166800,USM
2008-07-18,56.34000015258789,57.630001068115234,55.22999954223633,56.599998474121094,48.54629898071289,216500,USM
2008-07-21,56.290000915527344,57.959999084472656,56.290000915527344,57.70000076293945,49.489776611328125,120800,USM
2008-07-22,56.220001220703125,57.29999923706055,55.43000030517578,55.7599983215332,47.82582092285156,111100,USM
2008-07-23,55.54999923706055,58.459999084472656,55.54999923706055,58.349998474121094,50.04728698730469,157400,USM
2008-07-24,58.349998474121094,59.29999923706055,57.400001525878906,57.599998474121094,49.40400695800781,92300,USM
2008-07-25,58.0,59.040000915527344,57.70000076293945,58.25,49.961517333984375,79800,USM
2008-07-28,58.349998474121094,59.45000076293945,57.959999084472656,58.5,50.17594528198242,45100,USM
2008-07-29,58.75,60.5,58.650001525878906,60.0,51.46250915527344,73800,USM
2008-07-30,59.650001525878906,61.47999954223633,59.59000015258789,61.45000076293945,52.70618438720703,116800,USM
2008-07-31,61.29999923706055,61.790000915527344,59.58000183105469,59.650001525878906,51.16231155395508,76300,USM
2008-08-01,59.349998474121094,61.310001373291016,59.349998474121094,61.0,52.32021713256836,43900,USM
2008-08-04,61.20000076293945,61.59000015258789,59.77000045776367,61.25,52.53464126586914,40100,USM
2008-08-05,61.25,63.0,61.0099983215332,63.0,54.0356330871582,74900,USM
2008-08-06,62.13999938964844,62.650001525878906,61.45000076293945,62.20000076293945,53.34946823120117,88900,USM
2008-08-07,60.59000015258789,62.34000015258789,58.86000061035156,58.900001525878906,50.51902770996094,122500,USM
2008-08-08,58.599998474121094,60.25,58.40999984741211,59.779998779296875,51.27381134033203,133200,USM
2008-08-11,60.0,60.130001068115234,57.599998474121094,59.150001525878906,50.733455657958984,144300,USM
2008-08-12,59.400001525878906,59.529998779296875,57.59000015258789,57.75,49.53266143798828,81000,USM
2008-08-13,57.599998474121094,57.88999938964844,55.650001525878906,56.119998931884766,48.13459777832031,117000,USM
2008-08-14,57.0099983215332,57.2400016784668,55.959999084472656,56.349998474121094,48.331871032714844,49600,USM
2008-08-15,56.040000915527344,57.16999816894531,55.58000183105469,56.70000076293945,48.6320686340332,45300,USM
2008-08-18,56.349998474121094,56.959999084472656,55.709999084472656,55.79999923706055,47.860130310058594,50600,USM
2008-08-19,54.7599983215332,55.650001525878906,53.43000030517578,53.54999923706055,45.9302864074707,53300,USM
2008-08-20,53.31999969482422,55.220001220703125,53.31999969482422,54.2400016784668,46.5221061706543,54000,USM
2008-08-21,54.43000030517578,54.43000030517578,52.560001373291016,53.119998931884766,45.56147384643555,93600,USM
2008-08-22,53.0,53.790000915527344,52.869998931884766,53.29999923706055,45.715858459472656,40900,USM
2008-08-25,53.150001525878906,53.150001525878906,51.720001220703125,51.75,44.38641357421875,62700,USM
2008-08-26,52.0,52.2599983215332,50.75,51.36000061035156,44.05190658569336,176200,USM
2008-08-27,51.5,51.56999969482422,50.31999969482422,51.349998474121094,44.04332733154297,156000,USM
2008-08-28,51.400001525878906,51.7599983215332,50.779998779296875,51.650001525878906,44.30064392089844,88100,USM
2008-08-29,50.15999984741211,52.29999923706055,50.029998779296875,52.29999923706055,44.858150482177734,81400,USM
2008-09-02,52.25,52.9900016784668,51.619998931884766,52.29999923706055,44.858150482177734,110000,USM
2008-09-03,52.33000183105469,52.75,51.279998779296875,51.91999816894531,44.532222747802734,113300,USM
2008-09-04,51.91999816894531,52.040000915527344,50.150001525878906,50.29999923706055,43.14273452758789,101300,USM
2008-09-05,50.099998474121094,50.560001373291016,49.869998931884766,50.15999984741211,43.02265548706055,107400,USM
2008-09-08,50.599998474121094,51.72999954223633,50.290000915527344,51.689998626708984,44.3349494934082,75600,USM
2008-09-09,50.61000061035156,52.25,49.79999923706055,49.849998474121094,42.75676345825195,152300,USM
2008-09-10,50.400001525878906,50.619998931884766,49.5099983215332,49.75,42.67099380493164,107300,USM
2008-09-11,49.0,49.0,47.58000183105469,48.25,41.38443374633789,164500,USM
2008-09-12,48.4900016784668,48.81999969482422,47.709999084472656,48.560001373291016,41.65032196044922,87700,USM
2008-09-15,48.560001373291016,48.560001373291016,45.5,46.0,39.45458984375,66300,USM
2008-09-16,45.79999923706055,46.59000015258789,44.459999084472656,45.959999084472656,39.42028045654297,103100,USM
2008-09-17,44.029998779296875,48.06999969482422,44.029998779296875,46.20000076293945,39.62613296508789,165600,USM
2008-09-18,47.4900016784668,47.4900016784668,43.5,46.9900016784668,40.3037223815918,136700,USM
2008-09-19,47.5,51.15999984741211,47.5,49.54999923706055,42.499454498291016,72300,USM
2008-09-22,49.95000076293945,50.4900016784668,47.060001373291016,47.16999816894531,40.458106994628906,89200,USM
2008-09-23,47.099998474121094,47.5,46.060001373291016,46.08000183105469,39.52320861816406,102400,USM
2008-09-24,45.099998474121094,46.0,44.66999816894531,45.43000030517578,38.965694427490234,71700,USM
2008-09-25,47.41999816894531,47.41999816894531,45.11000061035156,46.68000030517578,40.0378303527832,135700,USM
2008-09-26,46.720001220703125,47.849998474121094,46.27000045776367,47.61000061035156,40.83549880981445,54800,USM
2008-09-29,47.11000061035156,47.11000061035156,44.209999084472656,45.040000915527344,38.63119125366211,112700,USM
2008-09-30,45.27000045776367,47.2400016784668,44.34000015258789,46.91999816894531,40.24367904663086,118500,USM
2008-10-01,47.20000076293945,47.86000061035156,46.4900016784668,47.5,40.74114990234375,85400,USM
2008-10-02,47.75,47.900001525878906,44.150001525878906,44.470001220703125,38.142295837402344,74100,USM
2008-10-03,44.75,45.369998931884766,42.099998474121094,42.099998474121094,36.10952377319336,94100,USM
2008-10-06,41.56999969482422,41.56999969482422,37.75,40.02000045776367,34.32549285888672,195000,USM
2008-10-07,39.0,40.4900016784668,37.810001373291016,37.810001373291016,32.42995834350586,171700,USM
2008-10-08,37.04999923706055,38.45000076293945,35.38999938964844,36.060001373291016,30.92896842956543,190400,USM
2008-10-09,36.5,36.93000030517578,32.369998931884766,32.959999084472656,28.270069122314453,123600,USM
2008-10-10,32.75,33.27000045776367,27.760000228881836,28.600000381469727,24.53046226501465,276700,USM
2008-10-13,29.25,37.400001525878906,28.93000030517578,37.400001525878906,32.07829666137695,247600,USM
2008-10-14,37.90999984741211,39.5,35.54999923706055,36.20000076293945,31.049047470092773,189900,USM
2008-10-15,35.79999923706055,35.79999923706055,32.16999816894531,32.16999816894531,27.592479705810547,163100,USM
2008-10-16,31.979999542236328,32.650001525878906,30.110000610351562,31.799999237060547,27.275127410888672,151600,USM
2008-10-17,31.5,34.16999816894531,31.0,33.380001068115234,28.63031005859375,117400,USM
2008-10-20,33.599998474121094,35.290000915527344,33.540000915527344,34.95000076293945,29.976911544799805,100900,USM
2008-10-21,34.900001525878906,35.0099983215332,33.86000061035156,33.9900016784668,29.15351104736328,79600,USM
2008-10-22,33.75,33.75,31.299999237060547,31.90999984741211,27.369476318359375,79700,USM
2008-10-23,31.799999237060547,32.70000076293945,29.65999984741211,30.600000381469727,26.245878219604492,137500,USM
2008-10-24,30.100000381469727,30.719999313354492,29.0,29.790000915527344,25.551136016845703,135500,USM
2008-10-27,28.959999084472656,30.489999771118164,28.959999084472656,29.850000381469727,25.602598190307617,115300,USM
2008-10-28,30.350000381469727,32.540000915527344,30.309999465942383,31.600000381469727,27.103588104248047,159000,USM
2008-10-29,31.899999618530273,34.29999923706055,31.899999618530273,33.04999923706055,28.34726333618164,115200,USM
2008-10-30,33.79999923706055,35.9900016784668,33.650001525878906,35.79999923706055,30.705961227416992,141500,USM
2008-10-31,35.79999923706055,38.86000061035156,35.79999923706055,38.310001373291016,32.85881042480469,172900,USM
2008-11-03,38.11000061035156,40.91999816894531,38.11000061035156,39.779998779296875,34.1196403503418,166900,USM
2008-11-04,41.08000183105469,41.31999969482422,38.9900016784668,40.2599983215332,34.531341552734375,206800,USM
2008-11-05,40.41999816894531,43.060001373291016,34.61000061035156,35.7400016784668,30.65450096130371,554400,USM
2008-11-06,35.7400016784668,37.22999954223633,34.66999816894531,34.79999923706055,29.84825325012207,420700,USM
2008-11-07,35.54999923706055,35.84000015258789,34.22999954223633,34.939998626708984,29.968332290649414,362400,USM
2008-11-10,36.130001068115234,37.459999084472656,35.75,37.2400016784668,31.941064834594727,283900,USM
2008-11-11,37.4900016784668,37.4900016784668,35.16999816894531,36.29999923706055,31.134817123413086,214000,USM
2008-11-12,36.060001373291016,36.43000030517578,31.3799991607666,31.829999923706055,27.300859451293945,327100,USM
2008-11-13,32.02000045776367,33.75,31.420000076293945,33.45000076293945,28.69034767150879,633900,USM
2008-11-14,33.45000076293945,33.630001068115234,32.25,32.470001220703125,27.849794387817383,409700,USM
2008-11-17,31.520000457763672,34.29999923706055,31.520000457763672,33.13999938964844,28.424457550048828,230800,USM
2008-11-18,32.75,34.0,31.1299991607666,32.02000045776367,27.463825225830078,371200,USM
2008-11-19,31.8700008392334,33.7599983215332,30.559999465942383,30.559999465942383,26.211570739746094,232400,USM
2008-11-20,30.81999969482422,30.850000381469727,28.229999542236328,28.610000610351562,24.539039611816406,258800,USM
2008-11-21,29.889999389648438,30.190000534057617,27.18000030517578,29.25,25.08797264099121,407000,USM
2008-11-24,30.5,34.869998931884766,30.049999237060547,33.939998626708984,29.110624313354492,425300,USM
2008-11-25,34.900001525878906,35.95000076293945,34.400001525878906,35.36000061035156,30.328571319580078,501400,USM
2008-11-26,34.5,38.29999923706055,34.5,38.150001525878906,32.721580505371094,205600,USM
2008-11-28,38.400001525878906,39.65999984741211,38.0,39.43000030517578,33.81944274902344,169100,USM
2008-12-01,39.0,39.0,35.75,35.810001373291016,30.714540481567383,232300,USM
2008-12-02,35.66999816894531,38.70000076293945,35.45000076293945,38.70000076293945,33.19331741333008,235000,USM
2008-12-03,38.5,39.08000183105469,36.52000045776367,38.5,33.02177429199219,204600,USM
2008-12-04,37.75,39.400001525878906,36.20000076293945,36.869998931884766,31.62371063232422,261800,USM
2008-12-05,36.849998474121094,37.79999923706055,34.2599983215332,37.720001220703125,32.35276412963867,398700,USM
2008-12-08,38.5,40.209999084472656,38.4900016784668,39.7599983215332,34.10248565673828,231800,USM
2008-12-09,39.2599983215332,40.66999816894531,39.15999984741211,40.400001525878906,34.651424407958984,304800,USM
2008-12-10,40.900001525878906,42.9900016784668,40.880001068115234,42.27000045776367,36.25533676147461,340100,USM
2008-12-11,42.099998474121094,42.720001220703125,41.439998626708984,42.18000030517578,36.17814254760742,297300,USM
2008-12-12,41.63999938964844,41.79999923706055,39.630001068115234,40.150001525878906,34.43699645996094,168200,USM
2008-12-15,40.099998474121094,40.900001525878906,38.25,39.06999969482422,33.51066970825195,253500,USM
2008-12-16,40.36000061035156,40.810001373291016,39.25,40.36000061035156,34.61711502075195,195700,USM
2008-12-17,40.0,40.20000076293945,37.06999969482422,38.06999969482422,32.65296173095703,341000,USM
2008-12-18,38.06999969482422,38.630001068115234,37.09000015258789,37.45000076293945,32.12118148803711,336900,USM
2008-12-19,37.650001525878906,38.13999938964844,36.810001373291016,36.900001525878906,31.649442672729492,171200,USM
2008-12-22,37.0,39.54999923706055,36.54999923706055,39.2400016784668,33.6564826965332,302300,USM
2008-12-23,39.63999938964844,42.040000915527344,39.599998474121094,42.02000045776367,36.04090881347656,382900,USM
2008-12-24,41.02000045776367,42.439998626708984,39.939998626708984,40.209999084472656,34.48845672607422,69400,USM
2008-12-26,39.95000076293945,41.869998931884766,39.79999923706055,41.41999816894531,35.526283264160156,110700,USM
2008-12-29,41.5,41.52000045776367,39.65999984741211,40.5,34.7371940612793,110900,USM
2008-12-30,40.56999969482422,42.810001373291016,40.560001373291016,42.54999923706055,36.4954948425293,174400,USM
2008-12-31,42.54999923706055,43.7599983215332,42.189998626708984,43.2400016784668,37.08731460571289,131500,USM
2009-01-02,43.45000076293945,44.959999084472656,41.9900016784668,44.709999084472656,38.34814453125,125900,USM
2009-01-05,44.25,44.90999984741211,43.54999923706055,44.20000076293945,37.91071319580078,254900,USM
2009-01-06,44.20000076293945,44.63999938964844,43.58000183105469,43.599998474121094,37.396087646484375,393700,USM
2009-01-07,43.150001525878906,43.459999084472656,42.72999954223633,43.29999923706055,37.13877487182617,173000,USM
2009-01-08,43.099998474121094,43.56999969482422,42.459999084472656,43.09000015258789,36.958656311035156,275900,USM
2009-01-09,43.29999923706055,43.470001220703125,41.619998931884766,41.810001373291016,35.86079025268555,317300,USM
2009-01-12,41.599998474121094,42.79999923706055,41.09000015258789,42.150001525878906,36.15241241455078,125100,USM
2009-01-13,42.29999923706055,43.029998779296875,41.720001220703125,42.36000061035156,36.3325309753418,99600,USM
2009-01-14,41.79999923706055,41.869998931884766,40.4900016784668,41.380001068115234,35.49197769165039,105300,USM
2009-01-15,41.20000076293945,41.56999969482422,39.130001068115234,41.290000915527344,35.4147834777832,147000,USM
2009-01-16,41.619998931884766,42.130001068115234,40.459999084472656,41.459999084472656,35.56059265136719,101100,USM
2009-01-20,41.5099983215332,41.5099983215332,39.689998626708984,39.939998626708984,34.256874084472656,148700,USM
2009-01-21,40.119998931884766,42.11000061035156,39.880001068115234,42.04999923706055,36.0666389465332,132500,USM
2009-01-22,41.75,41.9900016784668,40.5,41.150001525878906,35.29470443725586,91200,USM
2009-01-23,39.939998626708984,40.849998474121094,39.63999938964844,40.38999938964844,34.642845153808594,204300,USM
2009-01-26,40.689998626708984,43.349998474121094,40.689998626708984,42.630001068115234,36.56411361694336,155600,USM
2009-01-27,42.75,42.83000183105469,41.47999954223633,41.959999084472656,35.989444732666016,89700,USM
2009-01-28,42.5,43.959999084472656,42.36000061035156,43.630001068115234,37.42182159423828,102200,USM
2009-01-29,43.33000183105469,43.33000183105469,41.2400016784668,41.56999969482422,35.65494155883789,67000,USM
2009-01-30,42.0,42.150001525878906,40.84000015258789,41.95000076293945,35.98086929321289,111000,USM
2009-02-02,41.939998626708984,42.38999938964844,41.209999084472656,42.0,36.02375411987305,91100,USM
2009-02-03,42.25,43.189998626708984,41.83000183105469,42.83000183105469,36.735652923583984,88100,USM
2009-02-04,43.029998779296875,44.209999084472656,42.83000183105469,43.33000183105469,37.16450881958008,79800,USM
2009-02-05,43.459999084472656,43.939998626708984,42.77000045776367,43.09000015258789,36.958656311035156,139000,USM
2009-02-06,42.70000076293945,45.91999816894531,42.619998931884766,45.22999954223633,38.794151306152344,143500,USM
2009-02-09,44.79999923706055,45.810001373291016,44.75,45.36000061035156,38.90565490722656,144100,USM
2009-02-10,44.900001525878906,46.560001373291016,44.220001220703125,45.5,39.025733947753906,229000,USM
2009-02-11,45.75,46.619998931884766,45.290000915527344,46.619998931884766,39.986366271972656,149700,USM
2009-02-12,46.470001220703125,47.279998779296875,44.88999938964844,46.38999938964844,39.789093017578125,148000,USM
2009-02-13,46.560001373291016,47.95000076293945,46.2599983215332,47.08000183105469,40.380916595458984,135300,USM
2009-02-17,45.970001220703125,46.04999923706055,44.06999969482422,44.349998474121094,38.03936767578125,172600,USM
2009-02-18,44.400001525878906,44.720001220703125,43.439998626708984,43.619998931884766,37.41324234008789,167300,USM
2009-02-19,43.09000015258789,44.41999816894531,39.119998931884766,39.540000915527344,33.91379165649414,454000,USM
2009-02-20,39.41999816894531,42.599998474121094,38.4900016784668,41.93000030517578,35.963714599609375,363000,USM
2009-02-23,42.029998779296875,42.31999969482422,39.619998931884766,39.900001525878906,34.22256851196289,239300,USM
2009-02-24,39.869998931884766,42.04999923706055,39.650001525878906,41.86000061035156,35.9036750793457,116000,USM
2009-02-25,41.7599983215332,42.5,38.459999084472656,41.34000015258789,35.45766830444336,230700,USM
2009-02-26,42.0,42.02000045776367,36.400001525878906,37.04999923706055,31.77809715270996,266700,USM
2009-02-27,35.0,36.689998626708984,34.11000061035156,34.400001525878906,29.505172729492188,463500,USM
2009-03-02,33.5,33.5,31.610000610351562,32.880001068115234,28.201454162597656,324800,USM
2009-03-03,32.939998626708984,33.220001220703125,31.920000076293945,32.47999954223633,27.858369827270508,334900,USM
2009-03-04,33.540000915527344,35.09000015258789,32.72999954223633,34.15999984741211,29.299320220947266,217200,USM
2009-03-05,32.70000076293945,33.31999969482422,29.700000762939453,30.3799991607666,26.05718231201172,332900,USM
2009-03-06,30.239999771118164,31.200000762939453,29.780000686645508,30.34000015258789,26.02287483215332,242400,USM
2009-03-09,29.850000381469727,31.110000610351562,29.6200008392334,30.579999923706055,26.228723526000977,222300,USM
2009-03-10,31.860000610351562,33.779998779296875,31.530000686645508,32.91999816894531,28.235761642456055,338800,USM
2009-03-11,32.560001373291016,34.0,32.529998779296875,33.22999954223633,28.501651763916016,242000,USM
2009-03-12,33.22999954223633,34.099998474121094,32.630001068115234,33.970001220703125,29.136356353759766,319500,USM
2009-03-13,33.790000915527344,34.38999938964844,33.02000045776367,33.58000183105469,28.801851272583008,115500,USM
2009-03-16,33.2599983215332,35.15999984741211,33.2599983215332,33.529998779296875,28.758962631225586,192100,USM
2009-03-17,34.0099983215332,34.84000015258789,33.77000045776367,34.84000015258789,29.8825626373291,187200,USM
2009-03-18,34.9900016784668,36.11000061035156,34.560001373291016,35.529998779296875,30.474380493164062,262300,USM
2009-03-19,35.529998779296875,36.2400016784668,34.970001220703125,35.220001220703125,30.208492279052734,310300,USM
2009-03-20,35.369998931884766,35.619998931884766,34.0,34.31999969482422,29.436553955078125,203100,USM
2009-03-23,35.560001373291016,36.81999969482422,35.4900016784668,36.72999954223633,31.503631591796875,173800,USM
2009-03-24,36.04999923706055,36.72999954223633,35.22999954223633,36.65999984741211,31.443592071533203,260900,USM
2009-03-25,36.880001068115234,37.47999954223633,33.939998626708984,35.25,30.234222412109375,246100,USM
2009-03-26,35.20000076293945,35.86000061035156,34.90999984741211,35.41999816894531,30.38003158569336,173900,USM
2009-03-27,34.900001525878906,35.04999923706055,33.63999938964844,34.52000045776367,29.608097076416016,233800,USM
2009-03-30,34.0,34.0,32.63999938964844,33.15999984741211,28.441612243652344,206300,USM
2009-03-31,33.09000015258789,33.79999923706055,32.25,33.34000015258789,28.59600067138672,270700,USM
2009-04-01,32.58000183105469,34.400001525878906,32.5,34.099998474121094,29.24785614013672,152100,USM
2009-04-02,34.400001525878906,36.470001220703125,34.119998931884766,36.02000045776367,30.8946590423584,136500,USM
2009-04-03,35.61000061035156,36.150001525878906,35.540000915527344,36.130001068115234,30.9890079498291,103600,USM
2009-04-06,35.9900016784668,36.08000183105469,34.439998626708984,35.310001373291016,30.285686492919922,143900,USM
2009-04-07,35.029998779296875,35.2400016784668,34.38999938964844,34.459999084472656,29.55663299560547,140100,USM
2009-04-08,34.470001220703125,35.08000183105469,34.25,34.68000030517578,29.745328903198242,114000,USM
2009-04-09,35.099998474121094,35.689998626708984,34.61000061035156,35.689998626708984,30.611614227294922,101600,USM
2009-04-13,35.0,35.25,34.54999923706055,34.91999816894531,29.9511775970459,88900,USM
2009-04-14,34.81999969482422,34.869998931884766,33.7400016784668,34.029998779296875,29.18781852722168,122200,USM
2009-04-15,33.880001068115234,34.47999954223633,33.7400016784668,34.36000061035156,29.470863342285156,84500,USM
2009-04-16,34.08000183105469,34.91999816894531,34.029998779296875,34.63999938964844,29.71101951599121,83300,USM
2009-04-17,34.61000061035156,34.900001525878906,33.900001525878906,34.029998779296875,29.18781852722168,65200,USM
2009-04-20,33.5099983215332,33.61000061035156,32.13999938964844,32.45000076293945,27.832639694213867,106500,USM
2009-04-21,31.969999313354492,32.619998931884766,31.610000610351562,31.950000762939453,27.403785705566406,148100,USM
2009-04-22,31.68000030517578,32.29999923706055,31.510000228881836,31.709999084472656,27.197935104370117,215700,USM
2009-04-23,32.0099983215332,32.27000045776367,31.0,31.290000915527344,26.837697982788086,205300,USM
2009-04-24,31.1299991607666,32.310001373291016,31.1299991607666,32.029998779296875,27.472400665283203,202700,USM
2009-04-27,31.829999923706055,33.040000915527344,31.520000457763672,32.369998931884766,27.764020919799805,183900,USM
2009-04-28,32.04999923706055,33.90999984741211,32.04999923706055,33.45000076293945,28.69034767150879,147300,USM
2009-04-29,33.290000915527344,34.720001220703125,33.290000915527344,33.7599983215332,28.956235885620117,136400,USM
2009-04-30,30.0,34.65999984741211,30.0,34.0,29.162086486816406,189900,USM
2009-05-01,33.7400016784668,34.459999084472656,33.369998931884766,34.20000076293945,29.333629608154297,179900,USM
2009-05-04,34.79999923706055,35.41999816894531,34.29999923706055,35.310001373291016,30.285686492919922,216400,USM
2009-05-05,35.27000045776367,35.38999938964844,34.70000076293945,35.029998779296875,30.0455265045166,114100,USM
2009-05-06,36.25,41.869998931884766,36.119998931884766,41.459999084472656,35.56059265136719,542500,USM
2009-05-07,42.75,43.400001525878906,41.060001373291016,41.560001373291016,35.646366119384766,247400,USM
2009-05-08,41.61000061035156,42.790000915527344,41.20000076293945,42.689998626708984,36.61557388305664,134000,USM
2009-05-11,42.810001373291016,43.18000030517578,41.84000015258789,41.86000061035156,35.9036750793457,158800,USM
2009-05-12,42.400001525878906,42.5099983215332,41.61000061035156,42.369998931884766,36.34110641479492,126100,USM
2009-05-13,41.849998474121094,41.849998474121094,40.02000045776367,40.20000076293945,34.479881286621094,257000,USM
2009-05-14,39.88999938964844,41.22999954223633,39.790000915527344,40.79999923706055,34.994503021240234,194700,USM
2009-05-15,40.970001220703125,41.7599983215332,40.560001373291016,41.209999084472656,35.34616470336914,221200,USM
2009-05-18,41.29999923706055,42.189998626708984,41.0099983215332,41.90999984741211,35.94655990600586,189300,USM
2009-05-19,41.599998474121094,41.88999938964844,40.56999969482422,40.70000076293945,34.90873336791992,136800,USM
2009-05-20,40.70000076293945,41.2400016784668,40.34000015258789,40.7599983215332,34.9601936340332,175000,USM
2009-05-21,40.0,40.36000061035156,38.70000076293945,39.119998931884766,33.55355453491211,177300,USM
2009-05-22,39.29999923706055,40.209999084472656,38.4900016784668,39.810001373291016,34.1453742980957,182500,USM
2009-05-26,39.70000076293945,41.66999816894531,39.70000076293945,41.650001525878906,35.72355651855469,172700,USM
2009-05-27,41.220001220703125,42.400001525878906,41.099998474121094,41.7400016784668,35.800750732421875,185000,USM
2009-05-28,41.61000061035156,42.33000183105469,40.619998931884766,41.72999954223633,35.79217529296875,160700,USM
2009-05-29,42.5,42.5,40.619998931884766,41.529998779296875,35.62063217163086,153100,USM
2009-06-01,42.13999938964844,44.7400016784668,42.119998931884766,44.470001220703125,38.142295837402344,245600,USM
2009-06-02,44.709999084472656,44.720001220703125,43.0,43.650001525878906,37.4389762878418,215200,USM
2009-06-03,43.88999938964844,43.959999084472656,41.290000915527344,42.02000045776367,36.04090881347656,137300,USM
2009-06-04,41.79999923706055,42.529998779296875,41.630001068115234,42.29999923706055,36.28106689453125,92500,USM
2009-06-05,42.63999938964844,43.790000915527344,41.79999923706055,43.099998474121094,36.96723175048828,150200,USM
2009-06-08,42.5,42.7400016784668,41.599998474121094,41.97999954223633,36.00659942626953,134300,USM
2009-06-09,41.93000030517578,42.400001525878906,41.279998779296875,41.540000915527344,35.62921142578125,110100,USM
2009-06-10,41.56999969482422,42.189998626708984,40.36000061035156,40.90999984741211,35.08885192871094,110500,USM
2009-06-11,40.9900016784668,41.56999969482422,40.790000915527344,41.279998779296875,35.40620422363281,92200,USM
2009-06-12,40.70000076293945,41.06999969482422,39.83000183105469,41.0099983215332,35.17462158203125,122200,USM
2009-06-15,40.849998474121094,41.06999969482422,40.2599983215332,40.88999938964844,35.07169723510742,177700,USM
2009-06-16,41.099998474121094,41.18000030517578,40.29999923706055,40.59000015258789,34.81438446044922,149200,USM
2009-06-17,40.439998626708984,40.59000015258789,39.84000015258789,40.40999984741211,34.65999984741211,113200,USM
2009-06-18,40.65999984741211,40.900001525878906,40.2599983215332,40.650001525878906,34.865848541259766,57100,USM
2009-06-19,40.79999923706055,41.31999969482422,40.38999938964844,41.0099983215332,35.17462158203125,173000,USM
2009-06-22,40.79999923706055,40.79999923706055,38.5099983215332,39.0099983215332,33.459205627441406,134400,USM
2009-06-23,38.93000030517578,39.279998779296875,38.5099983215332,38.689998626708984,33.18473815917969,99700,USM
2009-06-24,38.77000045776367,39.119998931884766,38.529998779296875,38.810001373291016,33.28766632080078,204800,USM
2009-06-25,38.81999969482422,39.209999084472656,38.40999984741211,39.040000915527344,33.48493957519531,102600,USM
2009-06-26,38.689998626708984,39.16999816894531,38.4900016784668,39.16999816894531,33.596439361572266,297300,USM
2009-06-29,39.5,39.779998779296875,38.88999938964844,39.349998474121094,33.75082778930664,89100,USM
2009-06-30,39.369998931884766,39.65999984741211,38.150001525878906,38.45000076293945,32.97888946533203,143700,USM
2009-07-01,37.939998626708984,39.029998779296875,37.650001525878906,38.439998626708984,32.97031021118164,138700,USM
2009-07-02,38.20000076293945,38.20000076293945,36.72999954223633,37.08000183105469,31.803831100463867,62800,USM
2009-07-06,37.060001373291016,37.279998779296875,36.310001373291016,37.150001525878906,31.86387062072754,129200,USM
2009-07-07,37.25,37.25,36.36000061035156,36.52000045776367,31.32351303100586,111500,USM
2009-07-08,36.5,36.790000915527344,35.61000061035156,36.13999938964844,30.997583389282227,88700,USM
2009-07-09,36.09000015258789,37.0099983215332,35.83000183105469,36.869998931884766,31.62371063232422,106300,USM
2009-07-10,36.5,36.790000915527344,35.689998626708984,36.349998474121094,31.177701950073242,53400,USM
2009-07-13,36.54999923706055,36.869998931884766,35.720001220703125,36.869998931884766,31.62371063232422,54700,USM
2009-07-14,37.02000045776367,37.02000045776367,36.36000061035156,36.84000015258789,31.597980499267578,86300,USM
2009-07-15,37.04999923706055,37.72999954223633,37.029998779296875,37.439998626708984,32.11260223388672,58900,USM
2009-07-16,37.2599983215332,38.13999938964844,37.0099983215332,37.97999954223633,32.575767517089844,66500,USM
2009-07-17,37.68000030517578,38.75,37.68000030517578,38.52000045776367,33.0389289855957,98400,USM
2009-07-20,38.65999984741211,39.2599983215332,38.56999969482422,38.75,33.236202239990234,59200,USM
2009-07-21,38.939998626708984,39.029998779296875,38.2400016784668,38.66999816894531,33.16758346557617,72900,USM
2009-07-22,38.380001068115234,39.470001220703125,38.060001373291016,39.209999084472656,33.6307487487793,82600,USM
2009-07-23,38.9900016784668,39.84000015258789,37.9900016784668,39.150001525878906,33.579288482666016,123200,USM
2009-07-24,38.61000061035156,38.650001525878906,36.900001525878906,37.31999969482422,32.00967788696289,251500,USM
2009-07-27,37.0099983215332,37.11000061035156,36.189998626708984,36.54999923706055,31.3492431640625,100400,USM
2009-07-28,36.47999954223633,36.68000030517578,36.029998779296875,36.470001220703125,31.280628204345703,101800,USM
2009-07-29,36.27000045776367,36.279998779296875,35.65999984741211,35.84000015258789,30.740270614624023,53600,USM
2009-07-30,36.0099983215332,36.38999938964844,35.84000015258789,36.08000183105469,30.946123123168945,121500,USM
2009-07-31,36.04999923706055,36.310001373291016,35.41999816894531,35.81999969482422,30.723115921020508,106500,USM
2009-08-03,35.81999969482422,36.20000076293945,35.16999816894531,35.900001525878906,30.79173469543457,81400,USM
2009-08-04,35.56999969482422,36.43000030517578,35.41999816894531,35.83000183105469,30.7316951751709,93100,USM
2009-08-05,36.029998779296875,36.31999969482422,34.84000015258789,35.689998626708984,30.611614227294922,120800,USM
2009-08-06,37.189998626708984,37.189998626708984,35.720001220703125,35.95000076293945,30.834619522094727,126800,USM
2009-08-07,36.11000061035156,36.400001525878906,35.459999084472656,35.81999969482422,30.723115921020508,62200,USM
2009-08-10,35.810001373291016,36.0099983215332,35.2599983215332,35.900001525878906,30.79173469543457,138400,USM
2009-08-11,35.29999923706055,35.619998931884766,34.5,34.540000915527344,29.6252498626709,119800,USM
2009-08-12,34.59000015258789,34.83000183105469,34.13999938964844,34.40999984741211,29.513748168945312,230700,USM
2009-08-13,34.40999984741211,35.209999084472656,34.40999984741211,34.709999084472656,29.771059036254883,113900,USM
2009-08-14,34.790000915527344,34.790000915527344,34.040000915527344,34.34000015258789,29.45370864868164,61500,USM
2009-08-17,33.900001525878906,35.20000076293945,33.86000061035156,34.650001525878906,29.7195987701416,185600,USM
2009-08-18,34.689998626708984,35.5099983215332,34.689998626708984,35.2599983215332,30.2427978515625,127800,USM
2009-08-19,34.86000061035156,35.5099983215332,34.650001525878906,34.95000076293945,29.976911544799805,96000,USM
2009-08-20,34.83000183105469,35.31999969482422,34.56999969482422,34.95000076293945,29.976911544799805,143800,USM
2009-08-21,35.040000915527344,36.18000030517578,34.93000030517578,35.72999954223633,30.645923614501953,126500,USM
2009-08-24,36.040000915527344,36.439998626708984,35.66999816894531,36.06999969482422,30.937543869018555,103200,USM
2009-08-25,36.08000183105469,36.689998626708984,35.970001220703125,36.040000915527344,30.911813735961914,86100,USM
2009-08-26,35.79999923706055,36.060001373291016,35.459999084472656,36.040000915527344,30.911813735961914,83200,USM
2009-08-27,35.81999969482422,36.130001068115234,34.959999084472656,36.0099983215332,30.886079788208008,128500,USM
2009-08-28,36.400001525878906,38.34000015258789,35.97999954223633,37.84000015258789,32.4556884765625,362800,USM
2009-08-31,37.59000015258789,37.650001525878906,36.150001525878906,36.5099983215332,31.31493377685547,100400,USM
2009-09-01,36.41999816894531,37.099998474121094,35.81999969482422,36.0,30.877504348754883,189300,USM
2009-09-02,35.630001068115234,36.279998779296875,35.369998931884766,35.97999954223633,30.860349655151367,126900,USM
2009-09-03,35.959999084472656,36.470001220703125,35.83000183105469,36.189998626708984,31.040468215942383,78500,USM
2009-09-04,36.13999938964844,37.599998474121094,36.13999938964844,37.470001220703125,32.138336181640625,76400,USM
2009-09-08,37.70000076293945,38.66999816894531,37.68000030517578,38.279998779296875,32.83308029174805,109700,USM
2009-09-09,38.0099983215332,38.66999816894531,37.959999084472656,38.54999923706055,33.064659118652344,100100,USM
2009-09-10,38.380001068115234,39.22999954223633,38.349998474121094,39.0,33.45063018798828,115300,USM
2009-09-11,38.880001068115234,39.59000015258789,38.83000183105469,39.470001220703125,33.85375213623047,108200,USM
2009-09-14,39.06999969482422,39.540000915527344,38.81999969482422,39.0,33.45063018798828,90200,USM
2009-09-15,38.869998931884766,40.150001525878906,38.66999816894531,40.04999923706055,34.35122299194336,96800,USM
2009-09-16,40.439998626708984,40.869998931884766,40.20000076293945,40.5,34.7371940612793,60600,USM
2009-09-17,40.43000030517578,40.5,39.20000076293945,39.630001068115234,33.99098587036133,132200,USM
2009-09-18,40.0,40.439998626708984,39.63999938964844,39.90999984741211,34.231143951416016,112800,USM
2009-09-21,39.5,39.93000030517578,39.2400016784668,39.810001373291016,34.1453742980957,60200,USM
2009-09-22,39.65999984741211,40.220001220703125,39.65999984741211,39.810001373291016,34.1453742980957,104600,USM
2009-09-23,40.099998474121094,40.2400016784668,39.2400016784668,39.33000183105469,33.73367691040039,63400,USM
2009-09-24,39.22999954223633,39.560001373291016,38.560001373291016,39.09000015258789,33.52782440185547,75700,USM
2009-09-25,39.16999816894531,39.779998779296875,38.52000045776367,39.310001373291016,33.716522216796875,61500,USM
2009-09-28,39.630001068115234,40.290000915527344,39.25,40.290000915527344,34.55707550048828,140400,USM
2009-09-29,40.130001068115234,40.45000076293945,39.290000915527344,39.380001068115234,33.77656173706055,85400,USM
2009-09-30,39.2400016784668,39.5099983215332,38.61000061035156,39.06999969482422,33.51066970825195,77000,USM
2009-10-01,38.66999816894531,38.810001373291016,37.41999816894531,37.709999084472656,32.34418487548828,118400,USM
2009-10-02,37.41999816894531,37.529998779296875,36.060001373291016,36.060001373291016,30.92896842956543,208800,USM
2009-10-05,36.15999984741211,37.06999969482422,35.66999816894531,37.0,31.735212326049805,164000,USM
2009-10-06,37.15999984741211,38.11000061035156,37.15999984741211,37.75,32.37849426269531,96800,USM
2009-10-07,37.5099983215332,38.75,37.34000015258789,38.7400016784668,33.22762680053711,126600,USM
2009-10-08,38.849998474121094,38.849998474121094,38.34000015258789,38.400001525878906,32.936004638671875,79200,USM
2009-10-09,38.279998779296875,38.790000915527344,38.0099983215332,38.5099983215332,33.03034973144531,59200,USM
2009-10-12,38.54999923706055,38.709999084472656,38.2599983215332,38.59000015258789,33.098968505859375,37400,USM
2009-10-13,38.29999923706055,38.66999816894531,38.16999816894531,38.4900016784668,33.01319885253906,53200,USM
2009-10-14,38.5,39.65999984741211,38.38999938964844,39.650001525878906,34.008140563964844,155300,USM
2009-10-15,39.34000015258789,39.900001525878906,39.33000183105469,39.900001525878906,34.22256851196289,60600,USM
2009-10-16,39.689998626708984,39.689998626708984,39.16999816894531,39.43000030517578,33.81944274902344,45700,USM
2009-10-19,39.279998779296875,40.38999938964844,39.279998779296875,39.95000076293945,34.26545333862305,46800,USM
2009-10-20,40.119998931884766,40.20000076293945,39.459999084472656,39.65999984741211,34.01671600341797,78900,USM
2009-10-21,39.790000915527344,40.18000030517578,39.349998474121094,39.47999954223633,33.862327575683594,52000,USM
2009-10-22,39.630001068115234,39.84000015258789,39.400001525878906,39.81999969482422,34.15394973754883,68500,USM
2009-10-23,39.68000030517578,39.95000076293945,39.2599983215332,39.5099983215332,33.888057708740234,74000,USM
2009-10-26,39.75,40.150001525878906,38.86000061035156,38.970001220703125,33.42490005493164,94700,USM
2009-10-27,38.86000061035156,39.2599983215332,38.77000045776367,38.97999954223633,33.433475494384766,136700,USM
2009-10-28,39.0099983215332,39.15999984741211,37.77000045776367,37.90999984741211,32.51572799682617,82800,USM
2009-10-29,38.400001525878906,38.689998626708984,37.65999984741211,38.040000915527344,32.62723159790039,134100,USM
2009-10-30,38.060001373291016,38.060001373291016,36.459999084472656,36.61000061035156,31.400707244873047,107500,USM
2009-11-02,36.56999969482422,37.0099983215332,36.0,36.560001373291016,31.35782241821289,126700,USM
2009-11-03,36.119998931884766,38.220001220703125,35.959999084472656,37.790000915527344,32.412803649902344,118400,USM
2009-11-04,38.099998474121094,38.720001220703125,37.599998474121094,37.849998474121094,32.464263916015625,104700,USM
2009-11-05,37.40999984741211,38.86000061035156,37.04999923706055,38.290000915527344,32.84165573120117,151700,USM
2009-11-06,38.27000045776367,38.630001068115234,37.939998626708984,38.459999084472656,32.987464904785156,68900,USM
2009-11-09,38.84000015258789,39.540000915527344,38.84000015258789,39.25,33.66505813598633,64500,USM
2009-11-10,38.75,39.31999969482422,38.689998626708984,38.970001220703125,33.42490005493164,142000,USM
2009-11-11,39.06999969482422,39.36000061035156,38.70000076293945,38.86000061035156,33.33055114746094,76700,USM
2009-11-12,38.68000030517578,38.88999938964844,37.75,37.880001068115234,32.48999786376953,74000,USM
2009-11-13,37.900001525878906,38.15999984741211,37.599998474121094,38.02000045776367,32.610076904296875,58400,USM
2009-11-16,37.880001068115234,38.79999923706055,37.83000183105469,38.79999923706055,33.27908706665039,81900,USM
2009-11-17,38.7400016784668,39.119998931884766,38.099998474121094,39.04999923706055,33.49351501464844,85000,USM
2009-11-18,38.869998931884766,39.31999969482422,38.310001373291016,39.22999954223633,33.64790344238281,80200,USM
2009-11-19,39.150001525878906,39.16999816894531,37.47999954223633,38.119998931884766,32.69584655761719,119200,USM
2009-11-20,37.849998474121094,38.970001220703125,37.849998474121094,38.810001373291016,33.28766632080078,56900,USM
2009-11-23,39.22999954223633,39.56999969482422,38.70000076293945,38.7599983215332,33.24477767944336,62400,USM
2009-11-24,38.7599983215332,38.779998779296875,37.91999816894531,38.20000076293945,32.76446533203125,45600,USM
2009-11-25,38.400001525878906,38.400001525878906,38.11000061035156,38.15999984741211,32.73015594482422,26800,USM
2009-11-27,37.400001525878906,38.0,37.20000076293945,37.599998474121094,32.24983596801758,21100,USM
2009-11-30,37.599998474121094,37.880001068115234,36.93000030517578,37.2599983215332,31.958215713500977,87300,USM
2009-12-01,37.47999954223633,38.54999923706055,37.33000183105469,38.380001068115234,32.91884994506836,161400,USM
2009-12-02,38.25,38.4900016784668,37.970001220703125,37.97999954223633,32.575767517089844,84400,USM
2009-12-03,38.25,38.25,37.13999938964844,37.43000030517578,32.104026794433594,72000,USM
2009-12-04,37.68000030517578,38.119998931884766,37.54999923706055,37.86000061035156,32.472843170166016,54200,USM
2009-12-07,37.959999084472656,38.869998931884766,37.779998779296875,38.83000183105469,33.3048210144043,75200,USM
2009-12-08,38.630001068115234,39.650001525878906,38.5,39.29999923706055,33.707942962646484,84200,USM
2009-12-09,39.09000015258789,40.060001373291016,39.09000015258789,39.2400016784668,33.6564826965332,85200,USM
2009-12-10,39.279998779296875,39.72999954223633,39.029998779296875,39.310001373291016,33.716522216796875,60600,USM
2009-12-11,39.27000045776367,39.5,39.0099983215332,39.25,33.66505813598633,85100,USM
2009-12-14,39.75,40.5099983215332,39.470001220703125,40.40999984741211,34.65999984741211,69800,USM
2009-12-15,40.060001373291016,40.81999969482422,40.02000045776367,40.41999816894531,34.668575286865234,63600,USM
2009-12-16,40.459999084472656,40.93000030517578,40.459999084472656,40.88999938964844,35.07169723510742,40500,USM
2009-12-17,40.939998626708984,40.939998626708984,40.15999984741211,40.45000076293945,34.69430923461914,66200,USM
2009-12-18,40.779998779296875,41.52000045776367,40.22999954223633,41.52000045776367,35.612056732177734,110900,USM
2009-12-21,41.2599983215332,41.83000183105469,40.86000061035156,41.0099983215332,35.17462158203125,98700,USM
2009-12-22,40.95000076293945,41.869998931884766,40.56999969482422,41.47999954223633,35.5777473449707,44200,USM
2009-12-23,41.41999816894531,41.65999984741211,40.75,41.02000045776367,35.18320083618164,53200,USM
2009-12-24,40.77000045776367,41.459999084472656,40.77000045776367,41.310001373291016,35.43193817138672,9000,USM
2009-12-28,41.709999084472656,42.33000183105469,41.58000183105469,42.119998931884766,36.126678466796875,37700,USM
2009-12-29,42.439998626708984,42.65999984741211,42.029998779296875,42.59000015258789,36.52980422973633,57200,USM
2009-12-30,42.61000061035156,42.7400016784668,41.81999969482422,41.900001525878906,35.937984466552734,31300,USM
2009-12-31,41.65999984741211,42.79999923706055,41.65999984741211,42.40999984741211,36.37541580200195,63800,USM
2010-01-04,42.5,43.11000061035156,41.790000915527344,41.9900016784668,36.01517868041992,97500,USM
2010-01-05,41.7599983215332,42.61000061035156,41.689998626708984,41.970001220703125,35.998023986816406,82300,USM
2010-01-06,41.65999984741211,42.099998474121094,41.439998626708984,41.599998474121094,35.68067169189453,87000,USM
2010-01-07,41.779998779296875,41.779998779296875,40.869998931884766,41.04999923706055,35.20893096923828,69400,USM
2010-01-08,40.72999954223633,40.72999954223633,40.0,40.400001525878906,34.651424407958984,71600,USM
2010-01-11,40.650001525878906,41.040000915527344,40.369998931884766,40.849998474121094,35.03738784790039,60200,USM
2010-01-12,40.79999923706055,40.79999923706055,39.86000061035156,40.029998779296875,34.334068298339844,121400,USM
2010-01-13,40.369998931884766,40.54999923706055,39.40999984741211,40.290000915527344,34.55707550048828,55000,USM
2010-01-14,40.119998931884766,40.41999816894531,39.79999923706055,40.13999938964844,34.42841720581055,46200,USM
2010-01-15,40.290000915527344,40.349998474121094,39.43000030517578,39.56999969482422,33.93952178955078,73700,USM
2010-01-19,39.47999954223633,40.150001525878906,39.04999923706055,40.040000915527344,34.342647552490234,70400,USM
2010-01-20,39.59000015258789,39.66999816894531,38.63999938964844,39.189998626708984,33.61359405517578,69000,USM
2010-01-21,39.220001220703125,39.220001220703125,38.2599983215332,38.33000183105469,32.8759651184082,53200,USM
2010-01-22,38.099998474121094,38.4900016784668,37.52000045776367,37.619998931884766,32.266990661621094,33200,USM
2010-01-25,37.880001068115234,38.599998474121094,37.34000015258789,37.540000915527344,32.1983757019043,103000,USM
2010-01-26,37.400001525878906,37.560001373291016,36.9900016784668,37.18000030517578,31.88960075378418,46200,USM
2010-01-27,36.93000030517578,37.630001068115234,36.869998931884766,37.52000045776367,32.18122100830078,57400,USM
2010-01-28,37.29999923706055,37.709999084472656,37.0,37.27000045776367,31.966794967651367,44500,USM
2010-01-29,37.33000183105469,37.33000183105469,36.4900016784668,36.56999969482422,31.366397857666016,65500,USM
2010-02-01,36.630001068115234,36.630001068115234,35.959999084472656,36.45000076293945,31.263473510742188,87400,USM
2010-02-02,36.38999938964844,36.720001220703125,36.0,36.689998626708984,31.469322204589844,54800,USM
2010-02-03,36.63999938964844,36.68000030517578,36.2599983215332,36.4900016784668,31.29778289794922,41000,USM
2010-02-04,36.349998474121094,36.349998474121094,35.5099983215332,35.599998474121094,30.534420013427734,40200,USM
2010-02-05,35.77000045776367,35.77000045776367,33.84000015258789,34.75,29.805368423461914,77200,USM
2010-02-08,34.81999969482422,35.20000076293945,34.38999938964844,34.7599983215332,29.81394386291504,49000,USM
2010-02-09,34.959999084472656,35.43000030517578,34.86000061035156,35.099998474121094,30.105566024780273,27500,USM
2010-02-10,35.08000183105469,35.619998931884766,34.70000076293945,35.459999084472656,30.41434097290039,61600,USM
2010-02-11,35.40999984741211,35.81999969482422,35.29999923706055,35.689998626708984,30.611614227294922,59300,USM
2010-02-12,35.349998474121094,36.459999084472656,35.29999923706055,36.400001525878906,31.22058868408203,93100,USM
2010-02-16,36.33000183105469,36.54999923706055,35.90999984741211,36.52000045776367,31.32351303100586,42800,USM
2010-02-17,36.4900016784668,36.68000030517578,36.02000045776367,36.25,31.09193229675293,52500,USM
2010-02-18,36.459999084472656,36.459999084472656,36.0,36.29999923706055,31.134817123413086,36200,USM
2010-02-19,35.97999954223633,36.709999084472656,35.97999954223633,36.310001373291016,31.143394470214844,64800,USM
2010-02-22,36.470001220703125,36.91999816894531,36.279998779296875,36.88999938964844,31.6408634185791,83500,USM
2010-02-23,36.7599983215332,36.900001525878906,36.5,36.709999084472656,31.48647689819336,86400,USM
2010-02-24,36.68000030517578,36.88999938964844,36.349998474121094,36.459999084472656,31.272048950195312,172100,USM
2010-02-25,36.099998474121094,36.5,35.540000915527344,36.099998474121094,30.963274002075195,114200,USM
2010-02-26,35.91999816894531,36.630001068115234,35.540000915527344,36.630001068115234,31.417861938476562,123300,USM
2010-03-01,36.810001373291016,37.630001068115234,36.810001373291016,37.029998779296875,31.760942459106445,138800,USM
2010-03-02,37.27000045776367,38.279998779296875,37.22999954223633,38.209999084472656,32.773040771484375,211400,USM
2010-03-03,38.31999969482422,39.099998474121094,38.31999969482422,38.849998474121094,33.32197189331055,124900,USM
2010-03-04,39.0,39.0,38.5099983215332,38.810001373291016,33.28766632080078,121600,USM
2010-03-05,38.939998626708984,39.439998626708984,38.91999816894531,39.13999938964844,33.570709228515625,67200,USM
2010-03-08,39.029998779296875,39.7400016784668,39.029998779296875,39.58000183105469,33.94810104370117,51500,USM
2010-03-09,39.470001220703125,39.869998931884766,39.349998474121094,39.47999954223633,33.862327575683594,76000,USM
2010-03-10,39.31999969482422,40.7400016784668,39.31999969482422,40.439998626708984,34.68572998046875,117700,USM
2010-03-11,40.20000076293945,41.029998779296875,40.20000076293945,40.88999938964844,35.07169723510742,67800,USM
2010-03-12,41.189998626708984,41.33000183105469,40.52000045776367,40.7599983215332,34.9601936340332,82000,USM
2010-03-15,40.86000061035156,41.130001068115234,40.56999969482422,40.75,34.95161819458008,57700,USM
2010-03-16,41.040000915527344,41.59000015258789,40.779998779296875,41.349998474121094,35.466243743896484,57500,USM
2010-03-17,41.540000915527344,41.91999816894531,41.22999954223633,41.52000045776367,35.612056732177734,74300,USM
2010-03-18,41.54999923706055,41.9900016784668,41.349998474121094,41.81999969482422,35.86936569213867,59500,USM
2010-03-19,41.70000076293945,42.08000183105469,41.45000076293945,41.70000076293945,35.766441345214844,130600,USM
2010-03-22,41.349998474121094,41.91999816894531,41.15999984741211,41.720001220703125,35.78359603881836,76500,USM
2010-03-23,41.59000015258789,42.040000915527344,41.40999984741211,41.90999984741211,35.94655990600586,54300,USM
2010-03-24,41.95000076293945,41.97999954223633,41.25,41.349998474121094,35.466243743896484,41300,USM
2010-03-25,41.75,41.75,40.68000030517578,40.720001220703125,34.92588806152344,79500,USM
2010-03-26,40.9900016784668,41.02000045776367,40.41999816894531,40.5099983215332,34.74576950073242,97100,USM
2010-03-29,40.5,41.439998626708984,40.5,41.41999816894531,35.526283264160156,102000,USM
2010-03-30,41.2400016784668,42.09000015258789,41.2400016784668,41.88999938964844,35.929405212402344,61100,USM
2010-03-31,42.0099983215332,42.209999084472656,41.349998474121094,41.380001068115234,35.49197769165039,111000,USM
2010-04-01,41.81999969482422,42.2400016784668,41.810001373291016,42.220001220703125,36.21245193481445,53400,USM
2010-04-05,42.16999816894531,43.18000030517578,42.029998779296875,42.61000061035156,36.546958923339844,48700,USM
2010-04-06,42.2599983215332,42.5,42.02000045776367,42.22999954223633,36.22102737426758,50800,USM
2010-04-07,42.34000015258789,42.34000015258789,41.33000183105469,41.65999984741211,35.73213577270508,56700,USM
2010-04-08,41.630001068115234,41.790000915527344,41.40999984741211,41.68000030517578,35.749290466308594,66900,USM
2010-04-09,41.689998626708984,42.25,41.689998626708984,42.15999984741211,36.160987854003906,67800,USM
2010-04-12,42.04999923706055,42.459999084472656,42.04999923706055,42.310001373291016,36.28964614868164,38500,USM
2010-04-13,42.38999938964844,42.56999969482422,41.88999938964844,42.29999923706055,36.28106689453125,72800,USM
2010-04-14,42.279998779296875,42.790000915527344,41.939998626708984,42.689998626708984,36.61557388305664,80200,USM
2010-04-15,42.52000045776367,42.97999954223633,42.439998626708984,42.79999923706055,36.709922790527344,37900,USM
2010-04-16,42.81999969482422,42.84000015258789,42.220001220703125,42.2599983215332,36.24675750732422,47000,USM
2010-04-19,42.36000061035156,42.56999969482422,41.84000015258789,42.29999923706055,36.28106689453125,59500,USM
2010-04-20,42.70000076293945,43.11000061035156,42.650001525878906,42.86000061035156,36.761383056640625,47200,USM
2010-04-21,43.06999969482422,43.189998626708984,42.38999938964844,42.54999923706055,36.4954948425293,55200,USM
2010-04-22,42.56999969482422,42.810001373291016,42.25,42.810001373291016,36.71849822998047,82200,USM
2010-04-23,42.849998474121094,43.65999984741211,42.380001068115234,43.58000183105469,37.378936767578125,68300,USM
2010-04-26,43.41999816894531,43.540000915527344,43.0099983215332,43.099998474121094,36.96723175048828,36900,USM
2010-04-27,43.0,43.36000061035156,42.540000915527344,42.65999984741211,36.58984375,32800,USM
2010-04-28,42.970001220703125,42.970001220703125,41.97999954223633,42.29999923706055,36.28106689453125,55500,USM
2010-04-29,42.400001525878906,42.84000015258789,42.33000183105469,42.779998779296875,36.69276809692383,62800,USM
2010-04-30,42.650001525878906,43.29999923706055,42.04999923706055,42.08000183105469,36.09237289428711,72000,USM
2010-05-03,42.13999938964844,43.029998779296875,42.13999938964844,42.84000015258789,36.744232177734375,47400,USM
2010-05-04,42.47999954223633,42.47999954223633,40.9900016784668,41.810001373291016,35.86079025268555,51900,USM
2010-05-05,41.400001525878906,41.7400016784668,41.11000061035156,41.47999954223633,35.5777473449707,43700,USM
2010-05-06,41.16999816894531,41.16999816894531,39.130001068115234,39.52000045776367,33.896636962890625,88100,USM
2010-05-07,39.279998779296875,39.790000915527344,38.16999816894531,38.279998779296875,32.83308029174805,114600,USM
2010-05-10,39.33000183105469,41.540000915527344,39.06999969482422,41.529998779296875,35.62063217163086,86300,USM
2010-05-11,40.79999923706055,41.849998474121094,40.150001525878906,41.38999938964844,35.500553131103516,129800,USM
2010-05-12,41.63999938964844,43.2599983215332,41.63999938964844,42.52000045776367,36.469764709472656,120500,USM
2010-05-13,42.119998931884766,42.5,42.060001373291016,42.20000076293945,36.19529724121094,36000,USM
2010-05-14,41.7400016784668,41.84000015258789,41.150001525878906,41.36000061035156,35.474822998046875,42700,USM
2010-05-17,41.689998626708984,42.279998779296875,40.959999084472656,42.25,36.238182067871094,86700,USM
2010-05-18,42.83000183105469,42.83000183105469,41.959999084472656,41.97999954223633,36.00659942626953,77500,USM
2010-05-19,41.869998931884766,42.04999923706055,41.34000015258789,41.79999923706055,35.852210998535156,44100,USM
2010-05-20,41.16999816894531,41.16999816894531,39.38999938964844,39.38999938964844,33.78513717651367,112100,USM
2010-05-21,38.56999969482422,39.91999816894531,38.56999969482422,39.650001525878906,34.008140563964844,85600,USM
2010-05-24,39.25,40.58000183105469,39.189998626708984,40.40999984741211,34.65999984741211,118300,USM
2010-05-25,39.40999984741211,39.84000015258789,38.90999984741211,39.59000015258789,33.9566764831543,82100,USM
2010-05-26,39.720001220703125,40.58000183105469,39.47999954223633,40.2400016784668,34.514190673828125,152500,USM
2010-05-27,40.849998474121094,41.790000915527344,40.709999084472656,41.7599983215332,35.81790542602539,50500,USM
2010-05-28,41.59000015258789,42.04999923706055,41.349998474121094,41.5099983215332,35.603477478027344,60000,USM
2010-06-01,41.34000015258789,42.09000015258789,40.709999084472656,40.810001373291016,35.003082275390625,124800,USM
2010-06-02,40.880001068115234,41.56999969482422,40.79999923706055,41.119998931884766,35.26897048950195,172900,USM
2010-06-03,41.77000045776367,42.099998474121094,41.08000183105469,41.97999954223633,36.00659942626953,111400,USM
2010-06-04,41.2599983215332,41.709999084472656,40.380001068115234,40.52000045776367,34.75434875488281,108200,USM
2010-06-07,40.720001220703125,41.189998626708984,40.31999969482422,40.41999816894531,34.668575286865234,72900,USM
2010-06-08,40.709999084472656,40.709999084472656,39.900001525878906,40.08000183105469,34.376956939697266,104100,USM
2010-06-09,40.119998931884766,41.36000061035156,40.119998931884766,40.310001373291016,34.5742301940918,81300,USM
2010-06-10,41.0,41.5,40.790000915527344,41.45000076293945,35.55201721191406,92100,USM
2010-06-11,40.970001220703125,42.0099983215332,40.970001220703125,41.91999816894531,35.955135345458984,52200,USM
2010-06-14,42.029998779296875,43.0,41.38999938964844,41.650001525878906,35.72355651855469,156900,USM
2010-06-15,41.84000015258789,42.70000076293945,41.380001068115234,42.61000061035156,36.546958923339844,47200,USM
2010-06-16,42.22999954223633,42.45000076293945,41.869998931884766,42.279998779296875,36.263912200927734,45900,USM
2010-06-17,42.25,42.529998779296875,42.0,42.22999954223633,36.22102737426758,44500,USM
2010-06-18,42.189998626708984,42.2599983215332,41.790000915527344,41.790000915527344,35.84363555908203,65100,USM
2010-06-21,42.13999938964844,42.380001068115234,41.65999984741211,41.849998474121094,35.89509582519531,56900,USM
2010-06-22,42.0,42.560001373291016,42.0,42.4900016784668,36.444034576416016,152800,USM
2010-06-23,42.38999938964844,42.59000015258789,42.02000045776367,42.29999923706055,36.28106689453125,59100,USM
2010-06-24,42.29999923706055,42.59000015258789,41.720001220703125,41.959999084472656,35.989444732666016,80000,USM
2010-06-25,41.939998626708984,42.70000076293945,41.86000061035156,42.56999969482422,36.51264953613281,134000,USM
2010-06-28,42.470001220703125,42.790000915527344,42.16999816894531,42.470001220703125,36.4268798828125,57500,USM
2010-06-29,41.79999923706055,42.0099983215332,41.2599983215332,41.70000076293945,35.766441345214844,148800,USM
2010-06-30,41.720001220703125,42.560001373291016,41.130001068115234,41.150001525878906,35.29470443725586,161700,USM
2010-07-01,41.349998474121094,41.380001068115234,40.68000030517578,41.18000030517578,35.3204345703125,112500,USM
2010-07-02,41.27000045776367,41.38999938964844,40.689998626708984,41.150001525878906,35.29470443725586,69600,USM
2010-07-06,41.540000915527344,42.060001373291016,40.869998931884766,41.209999084472656,35.34616470336914,96400,USM
2010-07-07,41.34000015258789,42.5099983215332,41.34000015258789,42.5099983215332,36.461185455322266,48900,USM
2010-07-08,42.7599983215332,42.97999954223633,42.38999938964844,42.90999984741211,36.80426788330078,54700,USM
2010-07-09,43.0,43.0,42.58000183105469,42.779998779296875,36.69276809692383,42100,USM
2010-07-12,42.40999984741211,42.66999816894531,41.959999084472656,42.099998474121094,36.10952377319336,69900,USM
2010-07-13,42.560001373291016,43.65999984741211,42.560001373291016,43.439998626708984,37.258853912353516,140900,USM
2010-07-14,43.400001525878906,43.40999984741211,43.06999969482422,43.29999923706055,37.13877487182617,23500,USM
2010-07-15,43.220001220703125,44.0099983215332,43.20000076293945,43.970001220703125,37.71343994140625,103600,USM
2010-07-16,43.779998779296875,43.779998779296875,42.0099983215332,42.040000915527344,36.05806350708008,50300,USM
2010-07-19,41.970001220703125,42.380001068115234,41.5099983215332,42.29999923706055,36.28106689453125,71600,USM
2010-07-20,41.90999984741211,43.11000061035156,41.90999984741211,43.11000061035156,36.97581100463867,57100,USM
2010-07-21,43.45000076293945,44.189998626708984,43.150001525878906,43.400001525878906,37.22454833984375,120300,USM
2010-07-22,44.0,45.20000076293945,44.0,45.0099983215332,38.6054573059082,67500,USM
2010-07-23,44.7400016784668,45.84000015258789,44.529998779296875,45.720001220703125,39.21443176269531,54500,USM
2010-07-26,46.06999969482422,46.34000015258789,45.849998474121094,46.16999816894531,39.600399017333984,67900,USM
2010-07-27,46.2400016784668,46.470001220703125,45.29999923706055,45.72999954223633,39.22300720214844,58900,USM
2010-07-28,45.79999923706055,46.209999084472656,45.380001068115234,45.560001373291016,39.07719802856445,47000,USM
2010-07-29,45.93000030517578,46.02000045776367,45.2400016784668,45.650001525878906,39.15439224243164,59200,USM
2010-07-30,45.290000915527344,47.27000045776367,45.08000183105469,47.029998779296875,40.33802795410156,92600,USM
2010-08-02,48.0,48.0,46.900001525878906,47.209999084472656,40.49241638183594,95400,USM
2010-08-03,46.97999954223633,46.9900016784668,46.060001373291016,46.099998474121094,39.54035949707031,61900,USM
2010-08-04,46.36000061035156,46.65999984741211,46.11000061035156,46.59000015258789,39.960636138916016,32700,USM
2010-08-05,45.11000061035156,46.619998931884766,44.2599983215332,46.540000915527344,39.91775131225586,96300,USM
2010-08-06,45.959999084472656,46.13999938964844,44.439998626708984,45.2599983215332,38.819881439208984,85500,USM
2010-08-09,45.290000915527344,45.290000915527344,44.56999969482422,45.060001373291016,38.648345947265625,96200,USM
2010-08-10,44.720001220703125,44.7599983215332,43.83000183105469,44.619998931884766,38.27095031738281,96000,USM
2010-08-11,43.97999954223633,43.97999954223633,42.97999954223633,43.029998779296875,36.90719223022461,96600,USM
2010-08-12,42.650001525878906,43.25,42.220001220703125,43.099998474121094,36.96723175048828,84000,USM
2010-08-13,42.79999923706055,43.689998626708984,42.79999923706055,43.38999938964844,37.21596908569336,95200,USM
2010-08-16,42.880001068115234,43.83000183105469,42.81999969482422,43.81999969482422,37.58478546142578,75500,USM
2010-08-17,44.41999816894531,44.41999816894531,43.790000915527344,44.09000015258789,37.81636428833008,62000,USM
2010-08-18,43.900001525878906,44.540000915527344,43.689998626708984,44.31999969482422,38.01363754272461,54100,USM
2010-08-19,44.2599983215332,44.2599983215332,43.36000061035156,43.66999816894531,37.45612716674805,62100,USM
2010-08-20,43.310001373291016,43.779998779296875,43.04999923706055,43.68000030517578,37.46470642089844,59600,USM
2010-08-23,44.04999923706055,44.119998931884766,43.439998626708984,43.47999954223633,37.29316329956055,54700,USM
2010-08-24,43.11000061035156,43.11000061035156,42.52000045776367,42.619998931884766,36.55553436279297,39600,USM
2010-08-25,42.150001525878906,43.02000045776367,41.959999084472656,42.93000030517578,36.8214225769043,77400,USM
2010-08-26,42.93000030517578,43.68000030517578,42.65999984741211,43.5,37.31031799316406,195000,USM
2010-08-27,43.75,43.90999984741211,42.52000045776367,43.380001068115234,37.207393646240234,224400,USM
2010-08-30,42.959999084472656,43.040000915527344,42.2599983215332,42.33000183105469,36.306800842285156,107900,USM
2010-08-31,42.119998931884766,42.66999816894531,41.88999938964844,41.91999816894531,35.955135345458984,119100,USM
2010-09-01,42.29999923706055,42.900001525878906,42.29999923706055,42.75,36.66703796386719,132700,USM
2010-09-02,42.75,42.939998626708984,42.4900016784668,42.7400016784668,36.65846252441406,129100,USM
2010-09-03,43.29999923706055,43.7599983215332,42.68000030517578,43.7599983215332,37.533321380615234,113100,USM
2010-09-07,43.619998931884766,44.060001373291016,43.41999816894531,43.630001068115234,37.42182159423828,61800,USM
2010-09-08,43.790000915527344,44.279998779296875,43.790000915527344,44.029998779296875,37.7649040222168,38500,USM
2010-09-09,44.439998626708984,44.7599983215332,44.13999938964844,44.22999954223633,37.93644332885742,35400,USM
2010-09-10,44.470001220703125,44.470001220703125,43.97999954223633,44.20000076293945,37.91071319580078,33400,USM
2010-09-13,44.689998626708984,45.2599983215332,44.380001068115234,44.56999969482422,38.228065490722656,49400,USM
2010-09-14,44.58000183105469,45.27000045776367,44.31999969482422,45.029998779296875,38.62261199951172,70900,USM
2010-09-15,45.040000915527344,45.15999984741211,44.560001373291016,45.029998779296875,38.62261199951172,36900,USM
2010-09-16,45.040000915527344,45.040000915527344,44.27000045776367,44.40999984741211,38.0908317565918,23200,USM
2010-09-17,44.72999954223633,45.20000076293945,44.27000045776367,45.20000076293945,38.7684211730957,103600,USM
2010-09-20,45.04999923706055,45.7400016784668,45.04999923706055,45.65999984741211,39.162967681884766,65500,USM
2010-09-21,45.68000030517578,45.849998474121094,45.290000915527344,45.529998779296875,39.05146408081055,38400,USM
2010-09-22,45.47999954223633,45.720001220703125,44.66999816894531,44.79999923706055,38.42533874511719,65100,USM
2010-09-23,44.31999969482422,45.02000045776367,44.150001525878906,44.58000183105469,38.23664474487305,115000,USM
2010-09-24,45.13999938964844,45.77000045776367,45.119998931884766,45.75,39.24016189575195,37700,USM
2010-09-27,45.83000183105469,45.95000076293945,45.529998779296875,45.72999954223633,39.22300720214844,41400,USM
2010-09-28,45.75,46.36000061035156,45.279998779296875,46.22999954223633,39.65186309814453,46400,USM
2010-09-29,46.16999816894531,46.279998779296875,45.869998931884766,46.11000061035156,39.5489387512207,24700,USM
2010-09-30,46.47999954223633,46.77000045776367,45.91999816894531,45.970001220703125,39.42885971069336,46800,USM
2010-10-01,46.40999984741211,46.47999954223633,45.86000061035156,46.11000061035156,39.5489387512207,36700,USM
2010-10-04,46.150001525878906,46.470001220703125,45.459999084472656,45.84000015258789,39.31735610961914,38100,USM
2010-10-05,46.209999084472656,46.63999938964844,45.9900016784668,46.400001525878906,39.797672271728516,39800,USM
2010-10-06,46.47999954223633,47.0099983215332,46.27000045776367,46.91999816894531,40.24367904663086,77000,USM
2010-10-07,47.040000915527344,47.41999816894531,46.41999816894531,46.599998474121094,39.96921157836914,43300,USM
2010-10-08,46.560001373291016,46.779998779296875,46.209999084472656,46.5099983215332,39.89201736450195,41200,USM
2010-10-11,46.43000030517578,46.91999816894531,45.97999954223633,46.150001525878906,39.583248138427734,60400,USM
2010-10-12,46.099998474121094,46.33000183105469,45.61000061035156,46.130001068115234,39.56609344482422,42100,USM
2010-10-13,46.36000061035156,46.91999816894531,46.13999938964844,46.7599983215332,40.1064453125,22200,USM
2010-10-14,46.529998779296875,46.72999954223633,46.22999954223633,46.5,39.88344192504883,34200,USM
2010-10-15,46.540000915527344,46.70000076293945,46.08000183105469,46.29999923706055,39.7119026184082,34700,USM
2010-10-18,46.279998779296875,46.349998474121094,46.04999923706055,46.220001220703125,39.643287658691406,25300,USM
2010-10-19,45.720001220703125,46.0,45.33000183105469,45.5,39.025733947753906,39000,USM
2010-10-20,45.689998626708984,46.099998474121094,45.59000015258789,45.779998779296875,39.265892028808594,68500,USM
2010-10-21,45.86000061035156,46.11000061035156,45.0099983215332,45.36000061035156,38.90565490722656,58500,USM
2010-10-22,45.45000076293945,45.86000061035156,45.369998931884766,45.7599983215332,39.24873733520508,97800,USM
2010-10-25,45.959999084472656,46.58000183105469,45.959999084472656,46.369998931884766,39.77193832397461,64000,USM
2010-10-26,46.15999984741211,46.61000061035156,45.86000061035156,46.33000183105469,39.737632751464844,27200,USM
2010-10-27,46.06999969482422,46.22999954223633,45.52000045776367,45.779998779296875,39.265892028808594,41000,USM
2010-10-28,46.18000030517578,46.77000045776367,45.91999816894531,46.599998474121094,39.96921157836914,29800,USM
2010-10-29,46.38999938964844,46.810001373291016,46.279998779296875,46.459999084472656,39.8491325378418,19000,USM
2010-11-01,46.5099983215332,47.0,46.290000915527344,46.88999938964844,40.21794891357422,66300,USM
2010-11-02,47.119998931884766,47.41999816894531,46.5,47.18000030517578,40.4666862487793,47100,USM
2010-11-03,47.11000061035156,47.459999084472656,46.810001373291016,47.439998626708984,40.68968963623047,35100,USM
2010-11-04,47.15999984741211,47.79999923706055,47.119998931884766,47.47999954223633,40.723995208740234,69100,USM
2010-11-05,47.560001373291016,48.0,47.29999923706055,47.72999954223633,40.93842315673828,61700,USM
2010-11-08,47.70000076293945,47.83000183105469,47.130001068115234,47.560001373291016,40.7926139831543,89000,USM
2010-11-09,47.68000030517578,47.7599983215332,47.08000183105469,47.27000045776367,40.543880462646484,53400,USM
2010-11-10,47.36000061035156,47.650001525878906,47.099998474121094,47.41999816894531,40.67253494262695,37200,USM
2010-11-11,47.060001373291016,47.38999938964844,46.77000045776367,47.16999816894531,40.458106994628906,78600,USM
2010-11-12,46.86000061035156,47.029998779296875,46.040000915527344,46.20000076293945,39.62613296508789,88200,USM
2010-11-15,46.20000076293945,46.77000045776367,45.9900016784668,46.060001373291016,39.50605392456055,72100,USM
2010-11-16,45.93000030517578,46.040000915527344,45.029998779296875,45.25,38.81130599975586,64100,USM
2010-11-17,45.279998779296875,45.47999954223633,45.040000915527344,45.25,38.81130599975586,88400,USM
2010-11-18,45.650001525878906,46.97999954223633,45.650001525878906,46.7400016784668,40.08929443359375,98400,USM
2010-11-19,46.72999954223633,47.04999923706055,46.33000183105469,46.779998779296875,40.123600006103516,41000,USM
2010-11-22,46.43000030517578,46.75,46.25,46.34000015258789,39.74620819091797,49500,USM
2010-11-23,45.900001525878906,45.91999816894531,45.5,45.7400016784668,39.23158645629883,111200,USM
2010-11-24,46.04999923706055,46.97999954223633,45.95000076293945,46.810001373291016,40.14933395385742,33500,USM
2010-11-26,46.439998626708984,47.18000030517578,46.439998626708984,46.90999984741211,40.235103607177734,26300,USM
2010-11-29,46.81999969482422,46.849998474121094,45.5099983215332,46.31999969482422,39.72905349731445,67900,USM
2010-11-30,45.9900016784668,46.08000183105469,45.72999954223633,45.779998779296875,39.265892028808594,96400,USM
2010-12-01,46.400001525878906,47.2400016784668,46.33000183105469,47.060001373291016,40.36376190185547,51000,USM
2010-12-02,47.0,47.72999954223633,47.0,47.43000030517578,40.68111038208008,35200,USM
2010-12-03,47.36000061035156,47.93000030517578,47.290000915527344,47.790000915527344,40.98988723754883,44000,USM
2010-12-06,47.81999969482422,48.0,47.5,47.650001525878906,40.869808197021484,26500,USM
2010-12-07,48.0,48.16999816894531,47.77000045776367,47.95000076293945,41.12712097167969,41200,USM
2010-12-08,48.0,48.290000915527344,47.43000030517578,47.70000076293945,40.91269302368164,55800,USM
2010-12-09,48.06999969482422,48.150001525878906,47.31999969482422,47.599998474121094,40.82691955566406,29000,USM
2010-12-10,47.61000061035156,48.290000915527344,47.4900016784668,48.029998779296875,41.195735931396484,50600,USM
2010-12-13,48.20000076293945,48.63999938964844,47.86000061035156,47.959999084472656,41.13569641113281,39100,USM
2010-12-14,47.88999938964844,48.439998626708984,47.88999938964844,48.08000183105469,41.238624572753906,50700,USM
2010-12-15,47.90999984741211,48.540000915527344,47.90999984741211,47.959999084472656,41.13569641113281,51600,USM
2010-12-16,47.959999084472656,48.33000183105469,47.77000045776367,47.849998474121094,41.04134750366211,63600,USM
2010-12-17,47.810001373291016,48.209999084472656,47.7599983215332,47.9900016784668,41.16143035888672,48300,USM
2010-12-20,48.029998779296875,48.47999954223633,48.029998779296875,48.400001525878906,41.513092041015625,43400,USM
2010-12-21,48.47999954223633,48.790000915527344,48.38999938964844,48.560001373291016,41.65032196044922,27100,USM
2010-12-22,48.650001525878906,49.279998779296875,48.560001373291016,48.95000076293945,41.98482894897461,20900,USM
2010-12-23,48.939998626708984,49.15999984741211,48.75,48.84000015258789,41.890480041503906,19200,USM
2010-12-27,48.619998931884766,49.45000076293945,48.40999984741211,49.439998626708984,42.40510559082031,25100,USM
2010-12-28,49.43000030517578,50.150001525878906,49.380001068115234,49.79999923706055,42.7138786315918,58800,USM
2010-12-29,49.9900016784668,50.209999084472656,49.63999938964844,50.04999923706055,42.928306579589844,34600,USM
2010-12-30,50.099998474121094,50.11000061035156,49.68000030517578,49.810001373291016,42.72245788574219,23100,USM
2010-12-31,49.849998474121094,50.2400016784668,49.790000915527344,49.939998626708984,42.83395767211914,27300,USM
2011-01-03,50.25,50.849998474121094,49.70000076293945,50.369998931884766,43.20277404785156,37300,USM
2011-01-04,50.43000030517578,50.52000045776367,49.65999984741211,50.349998474121094,43.18561935424805,29900,USM
2011-01-05,50.119998931884766,50.65999984741211,50.119998931884766,50.52000045776367,43.3314323425293,32500,USM
2011-01-06,50.439998626708984,50.68000030517578,49.7400016784668,49.970001220703125,42.85969161987305,34600,USM
2011-01-07,50.08000183105469,50.09000015258789,49.209999084472656,49.52000045776367,42.473724365234375,30700,USM
2011-01-10,49.209999084472656,50.18000030517578,48.83000183105469,50.150001525878906,43.01408004760742,63000,USM
2011-01-11,50.279998779296875,50.459999084472656,50.04999923706055,50.45000076293945,43.271392822265625,30000,USM
2011-01-12,50.52000045776367,50.66999816894531,49.849998474121094,50.29999923706055,43.14273452758789,44000,USM
2011-01-13,49.97999954223633,50.209999084472656,49.18000030517578,49.58000183105469,42.52518844604492,60200,USM
2011-01-14,49.45000076293945,49.95000076293945,49.27000045776367,49.5099983215332,42.465145111083984,34400,USM
2011-01-18,49.34000015258789,49.529998779296875,49.0099983215332,49.279998779296875,42.26787185668945,45800,USM
2011-01-19,49.15999984741211,49.2599983215332,48.369998931884766,48.619998931884766,41.7017822265625,26400,USM
2011-01-20,48.41999816894531,49.04999923706055,48.119998931884766,48.810001373291016,41.864749908447266,30500,USM
2011-01-21,48.9900016784668,49.290000915527344,48.349998474121094,48.63999938964844,41.718936920166016,27300,USM
2011-01-24,48.70000076293945,48.970001220703125,48.04999923706055,48.970001220703125,42.001983642578125,48000,USM
2011-01-25,48.84000015258789,49.33000183105469,48.4900016784668,49.33000183105469,42.310760498046875,43500,USM
2011-01-26,49.5099983215332,49.5099983215332,48.939998626708984,49.470001220703125,42.43083953857422,26500,USM
2011-01-27,49.45000076293945,49.45000076293945,49.11000061035156,49.2599983215332,42.25071716308594,11700,USM
2011-01-28,49.36000061035156,49.59000015258789,48.4900016784668,48.529998779296875,41.62459182739258,24700,USM
2011-01-31,48.7400016784668,49.029998779296875,48.220001220703125,48.7400016784668,41.804710388183594,53200,USM
2011-02-01,48.93000030517578,49.79999923706055,48.7400016784668,49.630001068115234,42.56807327270508,34500,USM
2011-02-02,49.619998931884766,49.790000915527344,49.22999954223633,49.310001373291016,42.29360580444336,15000,USM
2011-02-03,48.84000015258789,49.41999816894531,47.91999816894531,49.25,42.24214172363281,89800,USM
2011-02-04,49.15999984741211,49.349998474121094,48.599998474121094,49.290000915527344,42.276451110839844,42300,USM
2011-02-07,49.279998779296875,49.279998779296875,48.599998474121094,48.689998626708984,41.76182174682617,36500,USM
2011-02-08,48.959999084472656,48.959999084472656,48.25,48.790000915527344,41.84759521484375,35500,USM
2011-02-09,48.599998474121094,48.599998474121094,48.2400016784668,48.45000076293945,41.55597686767578,33100,USM
2011-02-10,48.31999969482422,48.65999984741211,48.310001373291016,48.439998626708984,41.54739761352539,13200,USM
2011-02-11,48.369998931884766,49.0,48.369998931884766,48.90999984741211,41.95051956176758,25900,USM
2011-02-14,48.959999084472656,49.119998931884766,48.70000076293945,48.880001068115234,41.92478942871094,26100,USM
2011-02-15,48.86000061035156,49.04999923706055,48.59000015258789,48.84000015258789,41.890480041503906,27300,USM
2011-02-16,48.90999984741211,49.29999923706055,48.869998931884766,49.2599983215332,42.25071716308594,25900,USM
2011-02-17,49.02000045776367,49.18000030517578,48.45000076293945,48.650001525878906,41.727516174316406,43200,USM
2011-02-18,48.5,48.93000030517578,48.220001220703125,48.93000030517578,41.967674255371094,56300,USM
2011-02-22,48.279998779296875,48.65999984741211,47.540000915527344,47.72999954223633,40.93842315673828,36200,USM
2011-02-23,47.630001068115234,47.75,46.5099983215332,46.709999084472656,40.063560485839844,52200,USM
2011-02-24,45.81999969482422,48.189998626708984,45.81999969482422,47.880001068115234,41.067081451416016,117500,USM
2011-02-25,48.31999969482422,49.93000030517578,48.27000045776367,49.630001068115234,42.56807327270508,131300,USM
2011-02-28,49.130001068115234,50.34000015258789,49.130001068115234,49.97999954223633,42.86826705932617,171900,USM
2011-03-01,50.08000183105469,50.13999938964844,48.04999923706055,48.40999984741211,41.52166748046875,76700,USM
2011-03-02,48.630001068115234,48.81999969482422,48.029998779296875,48.20000076293945,41.341548919677734,50700,USM
2011-03-03,48.15999984741211,49.56999969482422,48.15999984741211,49.189998626708984,42.190677642822266,70700,USM
2011-03-04,49.310001373291016,49.310001373291016,47.790000915527344,48.25,41.38443374633789,41700,USM
2011-03-07,48.40999984741211,48.95000076293945,48.060001373291016,48.54999923706055,41.641746520996094,38200,USM
2011-03-08,48.45000076293945,49.09000015258789,47.83000183105469,48.939998626708984,41.97624969482422,74800,USM
2011-03-09,49.369998931884766,49.369998931884766,48.689998626708984,49.18000030517578,42.18210220336914,48100,USM
2011-03-10,48.7599983215332,49.040000915527344,48.349998474121094,48.58000183105469,41.667476654052734,137600,USM
2011-03-11,48.4900016784668,48.90999984741211,44.209999084472656,48.720001220703125,41.78755569458008,58100,USM
2011-03-14,48.29999923706055,48.7400016784668,47.970001220703125,48.47999954223633,41.58170700073242,45800,USM
2011-03-15,48.40999984741211,48.40999984741211,47.369998931884766,47.75,40.9555778503418,73900,USM
2011-03-16,47.4900016784668,48.2599983215332,47.06999969482422,47.209999084472656,40.49241638183594,108900,USM
2011-03-17,47.97999954223633,47.97999954223633,46.97999954223633,47.380001068115234,40.63822937011719,41800,USM
2011-03-18,47.849998474121094,47.90999984741211,46.209999084472656,46.209999084472656,39.634708404541016,232200,USM
2011-03-21,47.5,48.650001525878906,47.5,48.439998626708984,41.54739761352539,160200,USM
2011-03-22,48.31999969482422,49.029998779296875,48.31999969482422,48.779998779296875,41.83901596069336,97700,USM
2011-03-23,48.790000915527344,49.220001220703125,48.25,48.95000076293945,41.98482894897461,77700,USM
2011-03-24,48.900001525878906,49.5,48.86000061035156,49.31999969482422,42.302181243896484,62300,USM
2011-03-25,49.41999816894531,49.900001525878906,49.15999984741211,49.4900016784668,42.447994232177734,40300,USM
2011-03-28,49.75,50.47999954223633,49.70000076293945,50.0,42.88542175292969,72000,USM
2011-03-29,49.93000030517578,50.47999954223633,49.849998474121094,50.290000915527344,43.134159088134766,37900,USM
2011-03-30,50.5,51.88999938964844,50.349998474121094,51.599998474121094,44.257755279541016,101400,USM
2011-03-31,51.439998626708984,52.099998474121094,51.380001068115234,51.4900016784668,44.16341018676758,85800,USM
2011-04-01,51.40999984741211,52.40999984741211,51.40999984741211,51.9900016784668,44.592262268066406,75200,USM
2011-04-04,51.16999816894531,52.209999084472656,51.16999816894531,51.650001525878906,44.30064392089844,62300,USM
2011-04-05,51.349998474121094,51.56999969482422,51.099998474121094,51.27000045776367,43.97471237182617,83900,USM
2011-04-06,50.84000015258789,51.38999938964844,50.84000015258789,51.04999923706055,43.786014556884766,91300,USM
2011-04-07,51.0,51.119998931884766,50.540000915527344,50.56999969482422,43.37431716918945,83700,USM
2011-04-08,50.59000015258789,50.61000061035156,49.29999923706055,49.470001220703125,42.43083953857422,96600,USM
2011-04-11,49.349998474121094,49.720001220703125,49.11000061035156,49.27000045776367,42.25929641723633,85200,USM
2011-04-12,48.83000183105469,49.060001373291016,48.630001068115234,48.68000030517578,41.75324630737305,47400,USM
2011-04-13,48.72999954223633,49.15999984741211,48.72999954223633,49.060001373291016,42.07917785644531,56100,USM
2011-04-14,48.59000015258789,49.060001373291016,48.540000915527344,48.959999084472656,41.993404388427734,61900,USM
2011-04-15,48.880001068115234,49.130001068115234,48.709999084472656,48.970001220703125,42.001983642578125,53600,USM
2011-04-18,48.540000915527344,48.540000915527344,47.13999938964844,47.56999969482422,40.80118942260742,54000,USM
2011-04-19,47.529998779296875,48.130001068115234,47.529998779296875,47.88999938964844,41.07565689086914,79700,USM
2011-04-20,48.59000015258789,48.65999984741211,48.31999969482422,48.54999923706055,41.641746520996094,39300,USM
2011-04-21,48.689998626708984,48.9900016784668,48.349998474121094,48.86000061035156,41.90763473510742,40800,USM
2011-04-25,48.220001220703125,48.83000183105469,48.220001220703125,48.58000183105469,41.667476654052734,35600,USM
2011-04-26,48.59000015258789,49.119998931884766,48.540000915527344,49.06999969482422,42.08775329589844,89700,USM
2011-04-27,49.02000045776367,49.540000915527344,48.84000015258789,49.540000915527344,42.49087905883789,60000,USM
2011-04-28,49.38999938964844,49.959999084472656,49.220001220703125,49.52000045776367,42.473724365234375,118300,USM
2011-04-29,49.27000045776367,49.68000030517578,49.13999938964844,49.2400016784668,42.23356628417969,62000,USM
2011-05-02,49.06999969482422,49.2599983215332,48.779998779296875,48.95000076293945,41.98482894897461,67000,USM
2011-05-03,48.77000045776367,49.45000076293945,48.77000045776367,49.0099983215332,42.03628921508789,58000,USM
2011-05-04,49.0,49.209999084472656,48.400001525878906,48.5099983215332,41.60743713378906,47000,USM
2011-05-05,48.2599983215332,49.0099983215332,48.2599983215332,48.5,41.59886169433594,52400,USM
2011-05-06,50.52000045776367,50.52000045776367,48.54999923706055,48.88999938964844,41.93336486816406,83700,USM
2011-05-09,48.72999954223633,50.54999923706055,48.72999954223633,50.08000183105469,42.95404052734375,85000,USM
2011-05-10,49.88999938964844,51.099998474121094,49.290000915527344,50.880001068115234,43.64020538330078,99900,USM
2011-05-11,50.68000030517578,50.84000015258789,49.81999969482422,50.13999938964844,43.00550079345703,68700,USM
2011-05-12,49.810001373291016,50.630001068115234,49.810001373291016,50.439998626708984,43.262813568115234,38000,USM
2011-05-13,50.400001525878906,50.459999084472656,49.5099983215332,49.79999923706055,42.7138786315918,44300,USM
2011-05-16,49.459999084472656,49.81999969482422,49.119998931884766,49.18000030517578,42.18210220336914,38600,USM
2011-05-17,48.77000045776367,49.029998779296875,47.22999954223633,47.52000045776367,40.758304595947266,184400,USM
2011-05-18,47.40999984741211,48.66999816894531,47.40999984741211,48.54999923706055,41.641746520996094,88800,USM
2011-05-19,48.720001220703125,48.939998626708984,48.27000045776367,48.529998779296875,41.62459182739258,67900,USM
2011-05-20,48.4900016784668,48.58000183105469,47.939998626708984,48.08000183105469,41.238624572753906,99400,USM
2011-05-23,47.38999938964844,48.04999923706055,47.20000076293945,47.959999084472656,41.13569641113281,71000,USM
2011-05-24,48.0099983215332,48.0099983215332,47.47999954223633,47.560001373291016,40.7926139831543,33700,USM
2011-05-25,47.349998474121094,47.810001373291016,47.13999938964844,47.619998931884766,40.84407424926758,44100,USM
2011-05-26,47.36000061035156,48.380001068115234,47.209999084472656,48.25,41.38443374633789,60100,USM
2011-05-27,48.25,48.9900016784668,48.25,48.7400016784668,41.804710388183594,57200,USM
2011-05-31,49.119998931884766,49.41999816894531,48.65999984741211,49.400001525878906,42.37080001831055,252400,USM
2011-06-01,49.33000183105469,49.560001373291016,48.70000076293945,48.790000915527344,41.84759521484375,75300,USM
2011-06-02,48.779998779296875,49.15999984741211,48.529998779296875,48.709999084472656,41.77897644042969,76600,USM
2011-06-03,48.22999954223633,48.349998474121094,47.380001068115234,47.47999954223633,40.723995208740234,104800,USM
2011-06-06,47.31999969482422,47.59000015258789,47.15999984741211,47.20000076293945,40.48384094238281,87000,USM
2011-06-07,47.189998626708984,47.79999923706055,47.040000915527344,47.41999816894531,40.67253494262695,98400,USM
2011-06-08,47.13999938964844,47.34000015258789,46.91999816894531,46.91999816894531,40.24367904663086,77900,USM
2011-06-09,46.970001220703125,47.400001525878906,46.93000030517578,47.2599983215332,40.535301208496094,92800,USM
2011-06-10,46.939998626708984,47.25,46.720001220703125,46.849998474121094,40.18363952636719,93100,USM
2011-06-13,46.95000076293945,47.439998626708984,46.83000183105469,47.16999816894531,40.458106994628906,75100,USM
2011-06-14,47.619998931884766,47.619998931884766,47.060001373291016,47.279998779296875,40.55245590209961,99500,USM
2011-06-15,46.81999969482422,47.189998626708984,46.349998474121094,46.529998779296875,39.90917205810547,114100,USM
2011-06-16,46.38999938964844,46.880001068115234,46.25,46.59000015258789,39.960636138916016,88600,USM
2011-06-17,46.939998626708984,47.2400016784668,46.650001525878906,46.810001373291016,40.14933395385742,130600,USM
2011-06-20,46.58000183105469,47.220001220703125,46.4900016784668,47.18000030517578,40.4666862487793,69100,USM
2011-06-21,47.349998474121094,47.88999938964844,47.310001373291016,47.790000915527344,40.98988723754883,97100,USM
2011-06-22,47.47999954223633,48.060001373291016,47.400001525878906,47.709999084472656,40.921268463134766,36400,USM
2011-06-23,47.18000030517578,47.54999923706055,46.59000015258789,47.470001220703125,40.71541976928711,135800,USM
2011-06-24,47.56999969482422,47.709999084472656,46.97999954223633,47.5099983215332,40.749725341796875,141900,USM
2011-06-27,47.380001068115234,48.22999954223633,47.2599983215332,48.029998779296875,41.195735931396484,55100,USM
2011-06-28,48.09000015258789,48.52000045776367,47.880001068115234,48.459999084472656,41.564552307128906,48400,USM
2011-06-29,48.630001068115234,48.83000183105469,48.470001220703125,48.619998931884766,41.7017822265625,28400,USM
2011-06-30,48.65999984741211,48.84000015258789,48.40999984741211,48.41999816894531,41.530242919921875,48000,USM
2011-07-01,48.41999816894531,49.470001220703125,48.36000061035156,49.41999816894531,42.3879508972168,69600,USM
2011-07-05,49.400001525878906,49.54999923706055,49.029998779296875,49.349998474121094,42.327911376953125,76200,USM
2011-07-06,49.22999954223633,49.439998626708984,48.939998626708984,49.290000915527344,42.276451110839844,48800,USM
2011-07-07,49.619998931884766,49.72999954223633,49.27000045776367,49.630001068115234,42.56807327270508,77300,USM
2011-07-08,49.040000915527344,49.75,49.040000915527344,49.75,42.67099380493164,109400,USM
2011-07-11,49.099998474121094,49.27000045776367,48.689998626708984,48.849998474121094,41.89905548095703,39000,USM
2011-07-12,48.599998474121094,49.20000076293945,48.47999954223633,48.79999923706055,41.856170654296875,35700,USM
2011-07-13,48.959999084472656,49.380001068115234,48.869998931884766,48.959999084472656,41.993404388427734,34500,USM
2011-07-14,49.0,49.220001220703125,47.84000015258789,47.90999984741211,41.092811584472656,82900,USM
2011-07-15,48.130001068115234,48.130001068115234,47.20000076293945,47.560001373291016,40.7926139831543,111000,USM
2011-07-18,47.33000183105469,47.33000183105469,45.779998779296875,46.310001373291016,39.72047805786133,165900,USM
2011-07-19,46.689998626708984,46.689998626708984,45.880001068115234,46.29999923706055,39.7119026184082,102800,USM
2011-07-20,46.33000183105469,46.33000183105469,45.79999923706055,46.209999084472656,39.634708404541016,39800,USM
2011-07-21,46.31999969482422,47.0099983215332,46.209999084472656,46.75,40.097869873046875,50400,USM
2011-07-22,46.619998931884766,47.06999969482422,46.2400016784668,46.959999084472656,40.27798843383789,68800,USM
2011-07-25,46.5,46.86000061035156,46.220001220703125,46.43000030517578,39.823402404785156,55600,USM
2011-07-26,46.43000030517578,46.619998931884766,46.09000015258789,46.15999984741211,39.59182357788086,39600,USM
2011-07-27,45.88999938964844,46.029998779296875,45.029998779296875,45.22999954223633,38.794151306152344,64200,USM
2011-07-28,45.209999084472656,45.59000015258789,44.849998474121094,45.0,38.59688186645508,47700,USM
2011-07-29,44.439998626708984,44.83000183105469,44.08000183105469,44.189998626708984,37.90213394165039,111800,USM
2011-08-01,44.630001068115234,44.630001068115234,43.400001525878906,43.72999954223633,37.507591247558594,78000,USM
2011-08-02,43.54999923706055,43.54999923706055,41.83000183105469,41.970001220703125,35.998023986816406,90500,USM
2011-08-03,41.9900016784668,42.4900016784668,40.779998779296875,42.43000030517578,36.39257049560547,104200,USM
2011-08-04,41.86000061035156,41.86000061035156,39.79999923706055,39.91999816894531,34.23971939086914,79700,USM
2011-08-05,40.31999969482422,40.31999969482422,38.63999938964844,39.70000076293945,34.051025390625,101300,USM
2011-08-08,38.47999954223633,39.38999938964844,36.040000915527344,36.06999969482422,30.937543869018555,201200,USM
2011-08-09,36.599998474121094,40.27000045776367,35.58000183105469,39.459999084472656,33.845176696777344,293300,USM
2011-08-10,36.65999984741211,39.2599983215332,36.619998931884766,37.61000061035156,32.25841522216797,133500,USM
2011-08-11,37.83000183105469,40.349998474121094,37.83000183105469,39.88999938964844,34.2139892578125,91200,USM
2011-08-12,40.27000045776367,40.65999984741211,39.4900016784668,39.869998931884766,34.196834564208984,87800,USM
2011-08-15,40.34000015258789,41.380001068115234,39.779998779296875,41.380001068115234,35.49197769165039,61600,USM
2011-08-16,40.869998931884766,41.5,40.66999816894531,41.209999084472656,35.34616470336914,52700,USM
2011-08-17,41.34000015258789,41.79999923706055,41.0,41.43000030517578,35.53486251831055,42300,USM
2011-08-18,40.279998779296875,40.5,39.58000183105469,39.91999816894531,34.23971939086914,62900,USM
2011-08-19,39.40999984741211,40.41999816894531,39.290000915527344,39.560001373291016,33.930946350097656,59900,USM
2011-08-22,40.54999923706055,40.54999923706055,39.18000030517578,39.459999084472656,33.845176696777344,67500,USM
2011-08-23,39.4900016784668,41.0,39.2400016784668,41.0,35.166046142578125,80400,USM
2011-08-24,40.810001373291016,41.88999938964844,40.810001373291016,41.790000915527344,35.84363555908203,69600,USM
2011-08-25,42.099998474121094,42.099998474121094,40.5099983215332,40.779998779296875,34.97734832763672,41500,USM
2011-08-26,40.4900016784668,41.09000015258789,39.63999938964844,40.97999954223633,35.14889144897461,62500,USM
2011-08-29,41.54999923706055,42.220001220703125,41.349998474121094,42.209999084472656,36.20387268066406,42200,USM
2011-08-30,42.15999984741211,42.5,41.630001068115234,42.310001373291016,36.28964614868164,39000,USM
2011-08-31,42.619998931884766,43.310001373291016,42.5,43.2400016784668,37.08731460571289,81200,USM
2011-09-01,43.29999923706055,43.63999938964844,42.619998931884766,42.83000183105469,36.735652923583984,150800,USM
2011-09-02,41.93000030517578,42.31999969482422,41.54999923706055,41.7400016784668,35.800750732421875,66300,USM
2011-09-06,40.650001525878906,41.150001525878906,40.279998779296875,40.91999816894531,35.09742736816406,57800,USM
2011-09-07,41.4900016784668,42.279998779296875,41.349998474121094,42.209999084472656,36.20387268066406,122600,USM
2011-09-08,42.029998779296875,42.34000015258789,41.5099983215332,41.68000030517578,35.749290466308594,74200,USM
2011-09-09,41.20000076293945,41.58000183105469,40.09000015258789,40.2400016784668,34.514190673828125,100800,USM
2011-09-12,39.75,40.0099983215332,39.279998779296875,39.959999084472656,34.27402877807617,82200,USM
2011-09-13,40.279998779296875,40.41999816894531,39.79999923706055,40.20000076293945,34.479881286621094,131300,USM
2011-09-14,40.58000183105469,41.41999816894531,39.959999084472656,40.91999816894531,35.09742736816406,79200,USM
2011-09-15,41.16999816894531,41.59000015258789,40.93000030517578,41.5099983215332,35.603477478027344,54900,USM
2011-09-16,41.58000183105469,41.83000183105469,41.029998779296875,41.189998626708984,35.329010009765625,98700,USM
2011-09-19,40.29999923706055,41.2599983215332,40.2599983215332,41.04999923706055,35.20893096923828,76900,USM
2011-09-20,41.40999984741211,41.970001220703125,41.040000915527344,41.16999816894531,35.31185531616211,106400,USM
2011-09-21,41.13999938964844,41.209999084472656,39.689998626708984,39.779998779296875,34.1196403503418,35200,USM
2011-09-22,38.779998779296875,38.95000076293945,37.83000183105469,38.459999084472656,32.987464904785156,96500,USM
2011-09-23,38.2400016784668,39.27000045776367,38.08000183105469,38.900001525878906,33.36486053466797,46600,USM
2011-09-26,39.16999816894531,39.41999816894531,38.709999084472656,39.34000015258789,33.742252349853516,76300,USM
2011-09-27,40.130001068115234,41.06999969482422,40.040000915527344,40.619998931884766,34.84011459350586,94000,USM
2011-09-28,40.619998931884766,40.709999084472656,40.0,40.0,34.3083381652832,66400,USM
2011-09-29,41.06999969482422,41.439998626708984,39.88999938964844,40.79999923706055,34.994503021240234,79500,USM
2011-09-30,40.11000061035156,40.86000061035156,39.4900016784668,39.650001525878906,34.008140563964844,251700,USM
2011-10-03,39.290000915527344,40.13999938964844,37.2400016784668,37.27000045776367,31.966794967651367,106000,USM
2011-10-04,37.04999923706055,38.43000030517578,36.84000015258789,38.43000030517578,32.961734771728516,164800,USM
2011-10-05,38.5,39.22999954223633,38.08000183105469,39.0099983215332,33.459205627441406,112100,USM
2011-10-06,39.04999923706055,39.4900016784668,38.790000915527344,39.31999969482422,33.72509765625,71000,USM
2011-10-07,39.43000030517578,39.43000030517578,38.040000915527344,38.06999969482422,32.65296173095703,62400,USM
2011-10-10,38.41999816894531,39.130001068115234,38.41999816894531,38.97999954223633,33.433475494384766,45700,USM
2011-10-11,38.790000915527344,38.880001068115234,38.41999816894531,38.58000183105469,33.09039306640625,77700,USM
2011-10-12,38.7599983215332,39.650001525878906,38.68000030517578,39.380001068115234,33.77656173706055,88500,USM
2011-10-13,39.08000183105469,39.779998779296875,37.880001068115234,39.560001373291016,33.930946350097656,71600,USM
2011-10-14,40.0,40.439998626708984,39.849998474121094,40.31999969482422,34.58280563354492,69400,USM
2011-10-17,39.95000076293945,40.400001525878906,39.95000076293945,40.2400016784668,34.514190673828125,87600,USM
2011-10-18,40.34000015258789,41.25,39.869998931884766,41.119998931884766,35.26897048950195,73900,USM
2011-10-19,41.02000045776367,41.34000015258789,40.400001525878906,40.63999938964844,34.857269287109375,54900,USM
2011-10-20,40.83000183105469,40.83000183105469,39.56999969482422,40.52000045776367,34.75434875488281,73000,USM
2011-10-21,41.02000045776367,41.65999984741211,40.7599983215332,41.650001525878906,35.72355651855469,50700,USM
2011-10-24,41.650001525878906,42.650001525878906,41.650001525878906,42.459999084472656,36.41830062866211,79200,USM
2011-10-25,42.08000183105469,42.189998626708984,41.54999923706055,41.79999923706055,35.852210998535156,68800,USM
2011-10-26,41.5,42.209999084472656,40.650001525878906,41.099998474121094,35.25181579589844,153200,USM
2011-10-27,42.279998779296875,42.439998626708984,41.220001220703125,41.970001220703125,35.998023986816406,72300,USM
2011-10-28,41.689998626708984,41.970001220703125,40.7599983215332,40.849998474121094,35.03738784790039,104600,USM
2011-10-31,40.369998931884766,40.689998626708984,39.869998931884766,39.869998931884766,34.196834564208984,52100,USM
2011-11-01,38.720001220703125,39.5,38.56999969482422,38.66999816894531,33.16758346557617,58900,USM
2011-11-02,38.29999923706055,39.779998779296875,38.29999923706055,39.38999938964844,33.78513717651367,200700,USM
2011-11-03,39.720001220703125,40.959999084472656,39.47999954223633,40.810001373291016,35.003082275390625,95300,USM
2011-11-04,40.45000076293945,42.72999954223633,39.61000061035156,40.540000915527344,34.77149963378906,170100,USM
2011-11-07,40.540000915527344,41.83000183105469,40.459999084472656,41.5,35.59490203857422,144500,USM
2011-11-08,41.709999084472656,42.400001525878906,41.70000076293945,42.25,36.238182067871094,94200,USM
2011-11-09,41.630001068115234,42.7400016784668,41.400001525878906,41.95000076293945,35.98086929321289,115300,USM
2011-11-10,42.45000076293945,42.59000015258789,42.04999923706055,42.16999816894531,36.16956329345703,78300,USM
2011-11-11,42.650001525878906,44.02000045776367,42.650001525878906,43.5,37.31031799316406,48100,USM
2011-11-14,43.45000076293945,43.45000076293945,42.349998474121094,42.47999954223633,36.435455322265625,69400,USM
2011-11-15,42.18000030517578,43.22999954223633,42.16999816894531,43.04999923706055,36.924346923828125,50300,USM
2011-11-16,42.58000183105469,43.220001220703125,42.38999938964844,42.560001373291016,36.50407409667969,70200,USM
2011-11-17,42.59000015258789,43.2599983215332,42.27000045776367,42.5099983215332,36.461185455322266,60800,USM
2011-11-18,42.810001373291016,42.810001373291016,42.220001220703125,42.47999954223633,36.435455322265625,50000,USM
2011-11-21,41.900001525878906,42.029998779296875,41.2400016784668,41.58000183105469,35.66352081298828,34200,USM
2011-11-22,41.63999938964844,41.83000183105469,41.220001220703125,41.58000183105469,35.66352081298828,43800,USM
2011-11-23,41.18000030517578,41.18000030517578,40.13999938964844,40.15999984741211,34.44557189941406,36700,USM
2011-11-25,39.880001068115234,40.7400016784668,39.849998474121094,39.95000076293945,34.26545333862305,20900,USM
2011-11-28,41.16999816894531,41.70000076293945,40.56999969482422,41.09000015258789,35.24324035644531,98500,USM
2011-11-29,41.029998779296875,42.65999984741211,41.0099983215332,41.91999816894531,35.955135345458984,196200,USM
2011-11-30,43.11000061035156,44.04999923706055,42.95000076293945,43.720001220703125,37.49901580810547,144700,USM
2011-12-01,43.470001220703125,43.939998626708984,42.84000015258789,43.060001373291016,36.932926177978516,120800,USM
2011-12-02,43.369998931884766,43.45000076293945,42.779998779296875,42.9900016784668,36.872886657714844,73700,USM
2011-12-05,43.529998779296875,43.689998626708984,43.0099983215332,43.099998474121094,36.96723175048828,78200,USM
2011-12-06,43.220001220703125,43.72999954223633,42.880001068115234,43.40999984741211,37.233123779296875,45600,USM
2011-12-07,43.119998931884766,43.310001373291016,42.400001525878906,43.119998931884766,36.9843864440918,48000,USM
2011-12-08,42.95000076293945,43.060001373291016,41.209999084472656,41.38999938964844,35.500553131103516,83600,USM
2011-12-09,41.54999923706055,42.560001373291016,41.540000915527344,42.38999938964844,36.35826110839844,69000,USM
2011-12-12,42.0099983215332,42.2400016784668,41.599998474121094,41.84000015258789,35.88652038574219,53200,USM
2011-12-13,42.25,42.599998474121094,41.470001220703125,41.79999923706055,35.852210998535156,42900,USM
2011-12-14,41.5099983215332,41.779998779296875,41.09000015258789,41.380001068115234,35.49197769165039,52300,USM
2011-12-15,41.77000045776367,41.970001220703125,41.36000061035156,41.45000076293945,35.55201721191406,47900,USM
2011-12-16,41.790000915527344,42.2599983215332,41.209999084472656,42.2599983215332,36.24675750732422,132000,USM
2011-12-19,42.380001068115234,43.06999969482422,41.130001068115234,41.58000183105469,35.66352081298828,70200,USM
2011-12-20,42.400001525878906,42.959999084472656,42.400001525878906,42.68000030517578,36.606998443603516,89300,USM
2011-12-21,42.61000061035156,43.349998474121094,42.310001373291016,43.290000915527344,37.13019943237305,60200,USM
2011-12-22,43.29999923706055,43.9900016784668,43.04999923706055,43.790000915527344,37.55905532836914,50300,USM
2011-12-23,43.900001525878906,44.09000015258789,43.2400016784668,43.86000061035156,37.61909484863281,47300,USM
2011-12-27,43.83000183105469,44.0099983215332,43.63999938964844,43.7599983215332,37.533321380615234,51000,USM
2011-12-28,43.81999969482422,43.81999969482422,42.77000045776367,43.0099983215332,36.890037536621094,128900,USM
2011-12-29,42.9900016784668,43.7400016784668,42.9900016784668,43.400001525878906,37.22454833984375,49200,USM
2011-12-30,43.529998779296875,43.790000915527344,43.209999084472656,43.630001068115234,37.42182159423828,38900,USM
2012-01-03,44.61000061035156,44.61000061035156,43.47999954223633,43.5,37.31031799316406,122700,USM
2012-01-04,43.45000076293945,43.599998474121094,43.15999984741211,43.36000061035156,37.19023895263672,37400,USM
2012-01-05,43.13999938964844,43.13999938964844,42.380001068115234,42.70000076293945,36.62415313720703,117500,USM
2012-01-06,42.52000045776367,43.33000183105469,42.470001220703125,43.040000915527344,36.915771484375,55800,USM
2012-01-09,42.9900016784668,43.08000183105469,42.5099983215332,42.88999938964844,36.787113189697266,50500,USM
2012-01-10,43.34000015258789,44.13999938964844,43.2400016784668,44.02000045776367,37.756324768066406,29300,USM
2012-01-11,43.790000915527344,44.97999954223633,43.790000915527344,44.88999938964844,38.502532958984375,71500,USM
2012-01-12,44.869998931884766,46.06999969482422,44.52000045776367,45.90999984741211,39.37739562988281,110500,USM
2012-01-13,45.61000061035156,45.90999984741211,44.970001220703125,45.869998931884766,39.34308624267578,96600,USM
2012-01-17,46.279998779296875,46.279998779296875,45.15999984741211,45.470001220703125,39.000003814697266,44800,USM
2012-01-18,45.5,45.77000045776367,45.16999816894531,45.529998779296875,39.05146408081055,76200,USM
2012-01-19,45.5099983215332,45.9900016784668,45.47999954223633,45.66999816894531,39.17154312133789,37100,USM
2012-01-20,45.58000183105469,46.369998931884766,45.58000183105469,46.040000915527344,39.48889923095703,29900,USM
2012-01-23,46.08000183105469,46.619998931884766,45.959999084472656,46.16999816894531,39.600399017333984,45600,USM
2012-01-24,45.970001220703125,46.18000030517578,45.619998931884766,46.119998931884766,39.55751419067383,61500,USM
2012-01-25,46.16999816894531,47.0,46.0,46.77000045776367,40.11502456665039,80400,USM
2012-01-26,46.97999954223633,46.97999954223633,45.58000183105469,45.790000915527344,39.274471282958984,86600,USM
2012-01-27,45.72999954223633,46.34000015258789,45.560001373291016,45.91999816894531,39.38597106933594,34600,USM
2012-01-30,45.54999923706055,45.939998626708984,45.31999969482422,45.88999938964844,39.3602409362793,45200,USM
2012-01-31,46.029998779296875,46.040000915527344,45.09000015258789,45.869998931884766,39.34308624267578,73400,USM
2012-02-01,46.290000915527344,46.81999969482422,46.06999969482422,46.75,40.097869873046875,68400,USM
2012-02-02,46.93000030517578,46.970001220703125,46.470001220703125,46.709999084472656,40.063560485839844,60600,USM
2012-02-03,47.029998779296875,47.70000076293945,46.88999938964844,47.61000061035156,40.83549880981445,40900,USM
2012-02-06,47.4900016784668,47.4900016784668,47.04999923706055,47.459999084472656,40.706844329833984,59100,USM
2012-02-07,47.209999084472656,47.61000061035156,47.209999084472656,47.470001220703125,40.71541976928711,41400,USM
2012-02-08,47.5099983215332,47.56999969482422,46.91999816894531,47.279998779296875,40.55245590209961,56700,USM
2012-02-09,47.4900016784668,47.4900016784668,46.470001220703125,46.7599983215332,40.1064453125,77400,USM
2012-02-10,46.400001525878906,46.59000015258789,45.650001525878906,46.119998931884766,39.55751419067383,83900,USM
2012-02-13,46.59000015258789,46.72999954223633,45.63999938964844,46.619998931884766,39.986366271972656,108200,USM
2012-02-14,46.58000183105469,46.650001525878906,46.130001068115234,46.47999954223633,39.86628723144531,68900,USM
2012-02-15,46.66999816894531,47.0099983215332,46.529998779296875,46.75,40.097869873046875,62700,USM
2012-02-16,46.75,47.7400016784668,46.75,47.720001220703125,40.929847717285156,55000,USM
2012-02-17,47.84000015258789,48.2599983215332,47.56999969482422,47.97999954223633,41.15285110473633,60300,USM
2012-02-21,47.90999984741211,48.29999923706055,47.560001373291016,48.119998931884766,41.27293014526367,86600,USM
2012-02-22,47.63999938964844,47.880001068115234,46.15999984741211,47.060001373291016,40.36376190185547,148700,USM
2012-02-23,47.06999969482422,47.31999969482422,47.0,47.29999923706055,40.569610595703125,136000,USM
2012-02-24,47.13999938964844,47.77000045776367,45.16999816894531,45.29999923706055,38.854190826416016,184100,USM
2012-02-27,45.099998474121094,45.7599983215332,44.689998626708984,45.18000030517578,38.75126647949219,169700,USM
2012-02-28,45.15999984741211,45.439998626708984,44.63999938964844,44.790000915527344,38.41676330566406,94200,USM
2012-02-29,44.880001068115234,44.880001068115234,42.88999938964844,43.13999938964844,37.00154113769531,279300,USM
2012-03-01,43.459999084472656,43.54999923706055,42.81999969482422,43.34000015258789,37.1730842590332,149000,USM
2012-03-02,43.220001220703125,43.38999938964844,42.56999969482422,42.75,36.66703796386719,89700,USM
2012-03-05,42.540000915527344,42.720001220703125,41.79999923706055,42.540000915527344,36.48691940307617,87800,USM
2012-03-06,42.18000030517578,42.18000030517578,40.93000030517578,41.560001373291016,35.646366119384766,101100,USM
2012-03-07,41.689998626708984,42.27000045776367,41.29999923706055,42.2599983215332,36.24675750732422,101200,USM
2012-03-08,42.56999969482422,42.66999816894531,41.959999084472656,42.61000061035156,36.546958923339844,135000,USM
2012-03-09,42.540000915527344,42.9900016784668,42.5099983215332,42.869998931884766,36.769962310791016,103400,USM
2012-03-12,42.880001068115234,43.209999084472656,42.599998474121094,42.77000045776367,36.6841926574707,94900,USM
2012-03-13,43.029998779296875,43.540000915527344,42.83000183105469,43.540000915527344,37.344627380371094,122800,USM
2012-03-14,43.38999938964844,43.59000015258789,42.400001525878906,42.58000183105469,36.5212287902832,53600,USM
2012-03-15,41.959999084472656,42.630001068115234,41.220001220703125,42.369998931884766,36.34110641479492,158200,USM
2012-03-16,42.16999816894531,42.599998474121094,42.040000915527344,42.40999984741211,36.37541580200195,134300,USM
2012-03-19,42.58000183105469,42.7400016784668,42.0099983215332,42.029998779296875,36.04948425292969,66700,USM
2012-03-20,41.880001068115234,42.06999969482422,41.54999923706055,41.61000061035156,35.68925094604492,59600,USM
2012-03-21,41.709999084472656,42.20000076293945,41.4900016784668,41.86000061035156,35.9036750793457,61200,USM
2012-03-22,41.59000015258789,41.95000076293945,41.279998779296875,41.38999938964844,35.500553131103516,92100,USM
2012-03-23,41.4900016784668,41.5099983215332,41.099998474121094,41.22999954223633,35.363319396972656,57300,USM
2012-03-26,41.77000045776367,41.779998779296875,41.33000183105469,41.72999954223633,35.79217529296875,65200,USM
2012-03-27,41.849998474121094,41.849998474121094,40.900001525878906,40.900001525878906,35.08027648925781,94200,USM
2012-03-28,40.849998474121094,40.86000061035156,40.189998626708984,40.400001525878906,34.651424407958984,92700,USM
2012-03-29,40.119998931884766,41.11000061035156,39.970001220703125,40.93000030517578,35.10600662231445,174200,USM
2012-03-30,41.220001220703125,41.439998626708984,40.650001525878906,40.93000030517578,35.10600662231445,122600,USM
2012-04-02,40.619998931884766,41.150001525878906,40.45000076293945,40.7400016784668,34.94304275512695,187100,USM
2012-04-03,40.59000015258789,40.79999923706055,40.189998626708984,40.650001525878906,34.865848541259766,211600,USM
2012-04-04,40.36000061035156,40.79999923706055,40.31999969482422,40.31999969482422,34.58280563354492,170600,USM
2012-04-05,40.25,40.40999984741211,39.81999969482422,40.20000076293945,34.479881286621094,91600,USM
2012-04-09,39.77000045776367,39.77000045776367,39.2599983215332,39.40999984741211,33.80229187011719,71800,USM
2012-04-10,39.29999923706055,39.68000030517578,38.75,38.810001373291016,33.28766632080078,131300,USM
2012-04-11,39.16999816894531,39.63999938964844,38.9900016784668,39.4900016784668,33.870906829833984,154500,USM
2012-04-12,39.439998626708984,39.959999084472656,39.439998626708984,39.77000045776367,34.11106491088867,98000,USM
2012-04-13,39.84000015258789,39.900001525878906,39.45000076293945,39.61000061035156,33.97383117675781,215400,USM
2012-04-16,39.7599983215332,40.060001373291016,39.5,39.599998474121094,33.96525192260742,115000,USM
2012-04-17,39.970001220703125,40.59000015258789,39.72999954223633,39.90999984741211,34.231143951416016,183800,USM
2012-04-18,39.709999084472656,39.810001373291016,38.540000915527344,38.81999969482422,33.296241760253906,75200,USM
2012-04-19,38.63999938964844,39.4900016784668,38.540000915527344,38.689998626708984,33.18473815917969,132900,USM
2012-04-20,38.88999938964844,39.2400016784668,38.88999938964844,39.08000183105469,33.519248962402344,84600,USM
2012-04-23,38.63999938964844,38.720001220703125,38.2599983215332,38.43000030517578,32.961734771728516,87200,USM
2012-04-24,38.470001220703125,39.209999084472656,38.380001068115234,38.900001525878906,33.36486053466797,163200,USM
2012-04-25,39.380001068115234,39.959999084472656,39.060001373291016,39.189998626708984,33.61359405517578,121000,USM
2012-04-26,38.959999084472656,39.119998931884766,38.75,38.97999954223633,33.433475494384766,147100,USM
2012-04-27,38.90999984741211,39.099998474121094,38.689998626708984,38.790000915527344,33.270511627197266,124500,USM
2012-04-30,38.5099983215332,39.310001373291016,38.5099983215332,39.220001220703125,33.63932800292969,142000,USM
2012-05-01,39.20000076293945,39.689998626708984,39.040000915527344,39.040000915527344,33.48493957519531,91600,USM
2012-05-02,38.79999923706055,39.2599983215332,38.79999923706055,39.18000030517578,33.605018615722656,125000,USM
2012-05-03,39.79999923706055,40.849998474121094,39.209999084472656,40.5099983215332,34.74576950073242,271200,USM
2012-05-04,40.9900016784668,40.9900016784668,38.970001220703125,39.970001220703125,34.28260803222656,203400,USM
2012-05-07,40.0099983215332,40.47999954223633,39.959999084472656,40.41999816894531,34.668575286865234,345800,USM
2012-05-08,40.130001068115234,40.47999954223633,39.470001220703125,40.029998779296875,34.334068298339844,202000,USM
2012-05-09,39.84000015258789,40.060001373291016,39.27000045776367,39.72999954223633,34.07675552368164,128000,USM
2012-05-10,40.099998474121094,40.099998474121094,39.18000030517578,39.290000915527344,33.69936752319336,128500,USM
2012-05-11,39.0,39.689998626708984,39.0,39.22999954223633,33.64790344238281,123000,USM
2012-05-14,38.83000183105469,38.900001525878906,38.25,38.31999969482422,32.86738586425781,111000,USM
2012-05-15,38.38999938964844,38.70000076293945,38.040000915527344,38.54999923706055,33.064659118652344,135000,USM
2012-05-16,38.61000061035156,38.81999969482422,37.70000076293945,37.79999923706055,32.42137908935547,112900,USM
2012-05-17,37.86000061035156,37.880001068115234,36.91999816894531,37.150001525878906,31.86387062072754,115700,USM
2012-05-18,37.2599983215332,37.41999816894531,36.939998626708984,37.29999923706055,31.992525100708008,174400,USM
2012-05-21,37.29999923706055,37.40999984741211,37.029998779296875,37.290000915527344,31.983949661254883,63100,USM
2012-05-22,37.34000015258789,37.65999984741211,37.11000061035156,37.27000045776367,31.966794967651367,84000,USM
2012-05-23,36.95000076293945,37.439998626708984,36.63999938964844,37.349998474121094,32.03540802001953,108000,USM
2012-05-24,37.4900016784668,37.619998931884766,36.880001068115234,37.22999954223633,31.932485580444336,44200,USM
2012-05-25,37.13999938964844,37.459999084472656,36.939998626708984,37.25,31.94964027404785,39900,USM
2012-05-29,37.470001220703125,37.970001220703125,37.349998474121094,37.72999954223633,32.3613395690918,65400,USM
2012-05-30,37.369998931884766,37.369998931884766,36.869998931884766,36.939998626708984,31.683748245239258,71200,USM
2012-05-31,37.06999969482422,37.58000183105469,36.84000015258789,37.38999938964844,32.06971740722656,124400,USM
2012-06-01,36.900001525878906,37.400001525878906,36.54999923706055,37.060001373291016,31.78667640686035,110700,USM
2012-06-04,37.18000030517578,37.18000030517578,36.61000061035156,37.0099983215332,31.74378776550293,94700,USM
2012-06-05,36.900001525878906,37.59000015258789,36.84000015258789,37.56999969482422,32.22410583496094,129100,USM
2012-06-06,37.81999969482422,38.75,37.47999954223633,38.560001373291016,33.073238372802734,107000,USM
2012-06-07,38.91999816894531,38.970001220703125,38.13999938964844,38.2400016784668,32.798770904541016,92100,USM
2012-06-08,37.9900016784668,38.2599983215332,37.58000183105469,38.11000061035156,32.68727111816406,110300,USM
2012-06-11,38.380001068115234,38.70000076293945,38.310001373291016,38.33000183105469,32.8759651184082,217800,USM
2012-06-12,38.5099983215332,38.650001525878906,38.31999969482422,38.52000045776367,33.0389289855957,144200,USM
2012-06-13,38.529998779296875,38.61000061035156,37.95000076293945,38.02000045776367,32.610076904296875,170900,USM
2012-06-14,38.0,38.27000045776367,37.77000045776367,38.150001525878906,32.721580505371094,192600,USM
2012-06-15,38.150001525878906,38.56999969482422,38.150001525878906,38.470001220703125,32.99604415893555,253200,USM
2012-06-18,38.400001525878906,38.619998931884766,38.099998474121094,38.209999084472656,32.773040771484375,160600,USM
2012-06-19,38.38999938964844,38.560001373291016,38.189998626708984,38.29999923706055,32.85023498535156,200100,USM
2012-06-20,38.22999954223633,38.2599983215332,37.54999923706055,37.810001373291016,32.42995834350586,110700,USM
2012-06-21,37.779998779296875,38.0,37.2400016784668,37.290000915527344,31.983949661254883,87300,USM
2012-06-22,37.439998626708984,37.52000045776367,37.119998931884766,37.119998931884766,31.838136672973633,281200,USM
2012-06-25,36.810001373291016,37.029998779296875,36.59000015258789,36.939998626708984,31.683748245239258,72100,USM
2012-06-26,37.04999923706055,37.66999816894531,36.79999923706055,37.45000076293945,32.12118148803711,105100,USM
2012-06-27,37.650001525878906,38.209999084472656,37.5099983215332,37.939998626708984,32.54145812988281,114000,USM
2012-06-28,37.7599983215332,38.0099983215332,37.470001220703125,37.959999084472656,32.55861282348633,66100,USM
2012-06-29,38.400001525878906,38.86000061035156,38.150001525878906,38.619998931884766,33.124698638916016,124300,USM
2012-07-02,38.77000045776367,39.939998626708984,38.63999938964844,39.90999984741211,34.231143951416016,171000,USM
2012-07-03,39.90999984741211,39.97999954223633,39.47999954223633,39.630001068115234,33.99098587036133,80700,USM
2012-07-05,39.599998474121094,39.63999938964844,38.9900016784668,39.31999969482422,33.72509765625,140100,USM
2012-07-06,39.11000061035156,39.5,38.869998931884766,39.380001068115234,33.77656173706055,74300,USM
2012-07-09,39.54999923706055,39.869998931884766,38.75,39.060001373291016,33.50209426879883,85600,USM
2012-07-10,39.279998779296875,39.619998931884766,39.2400016784668,39.34000015258789,33.742252349853516,87200,USM
2012-07-11,39.400001525878906,39.849998474121094,39.189998626708984,39.72999954223633,34.07675552368164,104000,USM
2012-07-12,39.47999954223633,39.47999954223633,38.75,39.18000030517578,33.605018615722656,100000,USM
2012-07-13,39.34000015258789,40.11000061035156,39.34000015258789,39.86000061035156,34.18825912475586,72600,USM
2012-07-16,39.93000030517578,39.93000030517578,39.65999984741211,39.880001068115234,34.205413818359375,61100,USM
2012-07-17,40.16999816894531,41.290000915527344,40.099998474121094,41.0099983215332,35.17462158203125,92600,USM
2012-07-18,40.88999938964844,41.540000915527344,40.75,41.29999923706055,35.42335891723633,104800,USM
2012-07-19,41.29999923706055,41.400001525878906,40.7599983215332,40.880001068115234,35.0631217956543,83700,USM
2012-07-20,40.7599983215332,41.16999816894531,40.43000030517578,41.02000045776367,35.18320083618164,74500,USM
2012-07-23,40.380001068115234,40.540000915527344,39.880001068115234,40.04999923706055,34.35122299194336,95400,USM
2012-07-24,40.18000030517578,40.18000030517578,39.22999954223633,39.5,33.87948226928711,59800,USM
2012-07-25,39.560001373291016,39.650001525878906,39.15999984741211,39.279998779296875,33.69078826904297,101300,USM
2012-07-26,39.869998931884766,40.709999084472656,39.7400016784668,40.40999984741211,34.65999984741211,111500,USM
2012-07-27,40.529998779296875,41.119998931884766,40.41999816894531,40.88999938964844,35.07169723510742,59800,USM
2012-07-30,40.83000183105469,41.279998779296875,40.77000045776367,41.22999954223633,35.363319396972656,66700,USM
2012-07-31,41.08000183105469,41.29999923706055,40.77000045776367,41.119998931884766,35.26897048950195,94900,USM
2012-08-01,41.279998779296875,41.40999984741211,40.33000183105469,40.56999969482422,34.79723358154297,91200,USM
2012-08-02,40.25,40.54999923706055,40.119998931884766,40.52000045776367,34.75434875488281,85300,USM
2012-08-03,40.63999938964844,40.79999923706055,36.7599983215332,37.33000183105469,32.01825714111328,241900,USM
2012-08-06,37.400001525878906,37.790000915527344,36.68000030517578,36.7599983215332,31.529361724853516,181900,USM
2012-08-07,36.77000045776367,37.279998779296875,36.29999923706055,37.08000183105469,31.803831100463867,169200,USM
2012-08-08,37.040000915527344,38.220001220703125,37.040000915527344,38.04999923706055,32.635807037353516,208800,USM
2012-08-09,37.959999084472656,38.38999938964844,37.900001525878906,38.02000045776367,32.610076904296875,92800,USM
2012-08-10,38.02000045776367,38.83000183105469,38.02000045776367,38.779998779296875,33.261932373046875,69500,USM
2012-08-13,38.709999084472656,38.86000061035156,38.2599983215332,38.54999923706055,33.064659118652344,103400,USM
2012-08-14,38.790000915527344,39.20000076293945,38.38999938964844,38.4900016784668,33.01319885253906,87600,USM
2012-08-15,38.43000030517578,39.130001068115234,38.40999984741211,38.97999954223633,33.433475494384766,47700,USM
2012-08-16,38.97999954223633,39.16999816894531,38.33000183105469,38.630001068115234,33.133277893066406,81000,USM
2012-08-17,38.63999938964844,39.02000045776367,38.36000061035156,38.439998626708984,32.97031021118164,114700,USM
2012-08-20,38.52000045776367,38.709999084472656,38.16999816894531,38.45000076293945,32.97888946533203,104300,USM
2012-08-21,38.59000015258789,39.400001525878906,38.369998931884766,38.52000045776367,33.0389289855957,163600,USM
2012-08-22,38.52000045776367,38.52000045776367,37.779998779296875,38.04999923706055,32.635807037353516,69500,USM
2012-08-23,38.099998474121094,38.099998474121094,37.439998626708984,37.77000045776367,32.39564895629883,51300,USM
2012-08-24,37.630001068115234,38.439998626708984,37.41999816894531,38.220001220703125,32.781620025634766,56300,USM
2012-08-27,38.25,38.25,37.779998779296875,37.83000183105469,32.447113037109375,73600,USM
2012-08-28,37.86000061035156,38.31999969482422,37.810001373291016,37.959999084472656,32.55861282348633,59600,USM
2012-08-29,38.11000061035156,38.47999954223633,38.0,38.18000030517578,32.747310638427734,46100,USM
2012-08-30,38.119998931884766,38.119998931884766,37.47999954223633,37.790000915527344,32.412803649902344,34700,USM
2012-08-31,38.04999923706055,38.279998779296875,37.540000915527344,37.95000076293945,32.5500373840332,36900,USM
2012-09-04,37.97999954223633,38.099998474121094,37.08000183105469,37.869998931884766,32.48141860961914,124000,USM
2012-09-05,37.939998626708984,38.290000915527344,37.72999954223633,37.97999954223633,32.575767517089844,87000,USM
2012-09-06,38.18000030517578,38.720001220703125,38.09000015258789,38.2599983215332,32.81592559814453,53700,USM
2012-09-07,38.439998626708984,38.630001068115234,38.029998779296875,38.470001220703125,32.99604415893555,52100,USM
2012-09-10,38.619998931884766,38.619998931884766,38.04999923706055,38.099998474121094,32.67869186401367,62200,USM
2012-09-11,38.029998779296875,38.709999084472656,38.029998779296875,38.61000061035156,33.11612319946289,45800,USM
2012-09-12,38.720001220703125,39.08000183105469,38.54999923706055,38.91999816894531,33.38201141357422,67300,USM
2012-09-13,38.86000061035156,39.68000030517578,38.65999984741211,39.16999816894531,33.596439361572266,50300,USM
2012-09-14,39.470001220703125,39.68000030517578,38.95000076293945,39.09000015258789,33.52782440185547,61700,USM
2012-09-17,38.939998626708984,38.939998626708984,37.869998931884766,38.15999984741211,32.73015594482422,92300,USM
2012-09-18,38.11000061035156,38.470001220703125,37.93000030517578,38.43000030517578,32.961734771728516,54500,USM
2012-09-19,38.369998931884766,38.54999923706055,37.88999938964844,38.47999954223633,33.00461959838867,59000,USM
2012-09-20,38.45000076293945,38.650001525878906,38.16999816894531,38.279998779296875,32.83308029174805,102500,USM
2012-09-21,38.47999954223633,39.25,38.470001220703125,39.099998474121094,33.536399841308594,341700,USM
2012-09-24,38.90999984741211,39.20000076293945,38.380001068115234,39.130001068115234,33.5621337890625,86700,USM
2012-09-25,39.279998779296875,39.279998779296875,38.779998779296875,38.86000061035156,33.33055114746094,52000,USM
2012-09-26,38.88999938964844,39.400001525878906,38.52000045776367,39.189998626708984,33.61359405517578,67200,USM
2012-09-27,39.2599983215332,39.56999969482422,39.18000030517578,39.40999984741211,33.80229187011719,34000,USM
2012-09-28,39.349998474121094,39.5099983215332,39.06999969482422,39.130001068115234,33.5621337890625,30800,USM
2012-10-01,39.099998474121094,39.41999816894531,38.630001068115234,38.90999984741211,33.373435974121094,98300,USM
2012-10-02,38.970001220703125,39.40999984741211,38.79999923706055,38.9900016784668,33.442054748535156,124500,USM
2012-10-03,39.0,39.099998474121094,38.33000183105469,38.43000030517578,32.961734771728516,128200,USM
2012-10-04,38.689998626708984,38.689998626708984,38.06999969482422,38.290000915527344,32.84165573120117,112500,USM
2012-10-05,38.47999954223633,38.790000915527344,38.2599983215332,38.310001373291016,32.85881042480469,118000,USM
2012-10-08,38.31999969482422,38.4900016784668,37.7599983215332,37.86000061035156,32.472843170166016,133500,USM
2012-10-09,37.810001373291016,38.060001373291016,36.959999084472656,37.15999984741211,31.872446060180664,167800,USM
2012-10-10,37.09000015258789,37.439998626708984,36.91999816894531,37.060001373291016,31.78667640686035,105700,USM
2012-10-11,37.25,37.779998779296875,37.08000183105469,37.56999969482422,32.22410583496094,107600,USM
2012-10-12,37.56999969482422,37.58000183105469,37.279998779296875,37.380001068115234,32.06114196777344,47600,USM
2012-10-15,37.34000015258789,37.529998779296875,36.97999954223633,37.31999969482422,32.00967788696289,109300,USM
2012-10-16,37.619998931884766,37.720001220703125,37.27000045776367,37.709999084472656,32.34418487548828,129300,USM
2012-10-17,37.79999923706055,38.040000915527344,37.779998779296875,37.91999816894531,32.5243034362793,93900,USM
2012-10-18,38.029998779296875,38.459999084472656,37.83000183105469,38.150001525878906,32.721580505371094,115800,USM
2012-10-19,37.9900016784668,38.09000015258789,37.720001220703125,37.81999969482422,32.438533782958984,75700,USM
2012-10-22,37.81999969482422,37.86000061035156,37.459999084472656,37.709999084472656,32.34418487548828,89900,USM
2012-10-23,37.43000030517578,37.43000030517578,36.7599983215332,37.09000015258789,31.812406539916992,99700,USM
2012-10-24,37.13999938964844,37.529998779296875,36.599998474121094,37.22999954223633,31.932485580444336,77200,USM
2012-10-25,37.38999938964844,37.38999938964844,36.939998626708984,37.099998474121094,31.820981979370117,55100,USM
2012-10-26,37.0099983215332,37.08000183105469,36.66999816894531,36.95000076293945,31.69232749938965,39000,USM
2012-10-31,37.0,37.189998626708984,36.4900016784668,36.9900016784668,31.72663688659668,92400,USM
2012-11-01,36.95000076293945,37.93000030517578,36.68000030517578,37.16999816894531,31.88102149963379,100700,USM
2012-11-02,37.900001525878906,38.38999938964844,37.09000015258789,38.279998779296875,32.83308029174805,227500,USM
2012-11-05,38.099998474121094,38.470001220703125,37.77000045776367,38.369998931884766,32.91027069091797,131800,USM
2012-11-06,38.689998626708984,39.279998779296875,38.47999954223633,39.02000045776367,33.4677848815918,173000,USM
2012-11-07,40.15999984741211,40.400001525878906,33.9900016784668,34.18000030517578,29.31647491455078,253900,USM
2012-11-08,34.72999954223633,35.130001068115234,33.7599983215332,33.7599983215332,28.956235885620117,206700,USM
2012-11-09,33.779998779296875,34.97999954223633,33.779998779296875,34.38999938964844,29.496593475341797,157400,USM
2012-11-12,35.290000915527344,35.81999969482422,34.880001068115234,35.2400016784668,30.22564697265625,169300,USM
2012-11-13,35.189998626708984,35.4900016784668,34.279998779296875,34.54999923706055,29.633827209472656,141800,USM
2012-11-14,34.599998474121094,34.93000030517578,34.380001068115234,34.630001068115234,29.702444076538086,129600,USM
2012-11-15,34.59000015258789,34.790000915527344,33.75,33.9900016784668,29.15351104736328,85600,USM
2012-11-16,33.959999084472656,34.31999969482422,33.15999984741211,34.189998626708984,29.325050354003906,144400,USM
2012-11-19,34.5,34.900001525878906,33.84000015258789,33.95000076293945,29.119203567504883,196500,USM
2012-11-20,33.83000183105469,34.27000045776367,33.70000076293945,34.20000076293945,29.333629608154297,109100,USM
2012-11-21,34.099998474121094,34.349998474121094,33.939998626708984,34.18000030517578,29.31647491455078,64800,USM
2012-11-23,34.22999954223633,34.77000045776367,34.20000076293945,34.400001525878906,29.505172729492188,35500,USM
2012-11-26,34.290000915527344,34.619998931884766,34.220001220703125,34.58000183105469,29.65955924987793,77700,USM
2012-11-27,34.529998779296875,34.650001525878906,34.060001373291016,34.5,29.5909423828125,83700,USM
2012-11-28,34.650001525878906,34.81999969482422,33.5099983215332,34.0,29.162086486816406,157200,USM
2012-11-29,33.9900016784668,34.849998474121094,33.90999984741211,34.79999923706055,29.84825325012207,74200,USM
2012-11-30,34.75,34.97999954223633,34.52000045776367,34.849998474121094,29.891138076782227,96200,USM
2012-12-03,35.029998779296875,35.04999923706055,34.459999084472656,34.779998779296875,29.831098556518555,61200,USM
2012-12-04,34.470001220703125,35.11000061035156,34.18000030517578,35.04999923706055,30.062681198120117,89100,USM
2012-12-05,35.119998931884766,35.33000183105469,34.939998626708984,34.970001220703125,29.99406623840332,167700,USM
2012-12-06,34.88999938964844,35.34000015258789,33.86000061035156,34.70000076293945,29.762483596801758,154800,USM
2012-12-07,34.72999954223633,35.63999938964844,34.45000076293945,35.63999938964844,30.568729400634766,74500,USM
2012-12-10,35.61000061035156,35.630001068115234,35.33000183105469,35.41999816894531,30.38003158569336,58600,USM
2012-12-11,35.599998474121094,35.849998474121094,35.0,35.47999954223633,30.431495666503906,87900,USM
2012-12-12,35.7400016784668,36.060001373291016,35.40999984741211,35.40999984741211,30.371456146240234,98500,USM
2012-12-13,35.54999923706055,35.88999938964844,35.06999969482422,35.34000015258789,30.311416625976562,172300,USM
2012-12-14,35.380001068115234,36.0,35.2599983215332,35.61000061035156,30.542999267578125,95800,USM
2012-12-17,35.689998626708984,36.529998779296875,35.31999969482422,36.4900016784668,31.29778289794922,177200,USM
2012-12-18,36.52000045776367,36.84000015258789,35.380001068115234,35.849998474121094,30.74884605407715,216500,USM
2012-12-19,35.790000915527344,36.70000076293945,35.56999969482422,36.2599983215332,31.100507736206055,114900,USM
2012-12-20,36.060001373291016,37.02000045776367,36.060001373291016,36.70000076293945,31.477901458740234,113000,USM
2012-12-21,36.34000015258789,36.630001068115234,35.7400016784668,36.4900016784668,31.29778289794922,184000,USM
2012-12-24,36.36000061035156,36.630001068115234,35.779998779296875,35.90999984741211,30.800310134887695,32200,USM
2012-12-26,35.9900016784668,35.9900016784668,35.31999969482422,35.58000183105469,30.517269134521484,122600,USM
2012-12-27,35.459999084472656,35.689998626708984,35.220001220703125,35.599998474121094,30.534420013427734,88500,USM
2012-12-28,35.38999938964844,35.61000061035156,35.150001525878906,35.150001525878906,30.148452758789062,105300,USM
2012-12-31,34.91999816894531,35.29999923706055,34.470001220703125,35.2400016784668,30.22564697265625,144500,USM
2013-01-02,35.93000030517578,36.45000076293945,35.400001525878906,36.099998474121094,30.963274002075195,200000,USM
2013-01-03,36.0099983215332,36.86000061035156,36.0,36.709999084472656,31.48647689819336,157000,USM
2013-01-04,36.709999084472656,37.09000015258789,36.709999084472656,36.959999084472656,31.700902938842773,114600,USM
2013-01-07,36.83000183105469,37.119998931884766,36.66999816894531,36.88999938964844,31.6408634185791,71600,USM
2013-01-08,36.77000045776367,36.849998474121094,35.970001220703125,36.029998779296875,30.903234481811523,85200,USM
2013-01-09,36.119998931884766,36.56999969482422,36.09000015258789,36.189998626708984,31.040468215942383,86700,USM
2013-01-10,36.2599983215332,36.560001373291016,36.2599983215332,36.40999984741211,31.229164123535156,52400,USM
2013-01-11,36.630001068115234,36.630001068115234,35.54999923706055,35.90999984741211,30.800310134887695,91400,USM
2013-01-14,35.95000076293945,36.31999969482422,35.09000015258789,35.41999816894531,30.38003158569336,147400,USM
2013-01-15,35.380001068115234,35.560001373291016,35.0,35.400001525878906,30.36288070678711,80500,USM
2013-01-16,35.22999954223633,35.31999969482422,35.029998779296875,35.119998931884766,30.12272071838379,91300,USM
2013-01-17,35.25,35.25,34.77000045776367,34.9900016784668,30.011220932006836,93900,USM
2013-01-18,35.099998474121094,36.04999923706055,34.689998626708984,35.79999923706055,30.705961227416992,74600,USM
2013-01-22,35.72999954223633,35.959999084472656,35.5,35.709999084472656,30.628768920898438,73200,USM
2013-01-23,35.880001068115234,36.84000015258789,35.810001373291016,36.439998626708984,31.254894256591797,92200,USM
2013-01-24,36.47999954223633,36.619998931884766,36.119998931884766,36.38999938964844,31.21200942993164,94600,USM
2013-01-25,36.540000915527344,37.0099983215332,36.400001525878906,37.0099983215332,31.74378776550293,102000,USM
2013-01-28,36.959999084472656,37.20000076293945,36.61000061035156,36.959999084472656,31.700902938842773,127700,USM
2013-01-29,36.84000015258789,37.45000076293945,36.84000015258789,37.34000015258789,32.026832580566406,117000,USM
2013-01-30,37.209999084472656,37.36000061035156,36.81999969482422,37.02000045776367,31.75236701965332,147800,USM
2013-01-31,37.040000915527344,38.2400016784668,37.02000045776367,38.040000915527344,32.62723159790039,169200,USM
2013-02-01,38.20000076293945,38.47999954223633,38.060001373291016,38.31999969482422,32.86738586425781,175700,USM
2013-02-04,38.02000045776367,38.29999923706055,37.88999938964844,38.220001220703125,32.781620025634766,179800,USM
2013-02-05,38.290000915527344,38.689998626708984,38.25,38.5,33.02177429199219,183000,USM
2013-02-06,38.459999084472656,38.7400016784668,38.27000045776367,38.720001220703125,33.210472106933594,172600,USM
2013-02-07,38.540000915527344,39.119998931884766,38.540000915527344,38.84000015258789,33.31339645385742,149900,USM
2013-02-08,38.83000183105469,39.43000030517578,38.810001373291016,39.22999954223633,33.64790344238281,152800,USM
2013-02-11,39.13999938964844,39.369998931884766,38.709999084472656,38.939998626708984,33.399166107177734,184600,USM
2013-02-12,39.040000915527344,39.58000183105469,38.810001373291016,39.34000015258789,33.742252349853516,98600,USM
2013-02-13,39.45000076293945,39.7400016784668,38.9900016784668,39.150001525878906,33.579288482666016,177200,USM
2013-02-14,38.97999954223633,39.45000076293945,38.540000915527344,39.150001525878906,33.579288482666016,152600,USM
2013-02-15,39.20000076293945,39.4900016784668,39.02000045776367,39.36000061035156,33.75940704345703,88400,USM
2013-02-19,39.369998931884766,39.630001068115234,38.86000061035156,38.9900016784668,33.442054748535156,149800,USM
2013-02-20,38.95000076293945,39.43000030517578,38.56999969482422,38.68000030517578,33.17616271972656,123400,USM
2013-02-21,38.619998931884766,39.56999969482422,38.61000061035156,39.13999938964844,33.570709228515625,164200,USM
2013-02-22,39.2400016784668,39.5,39.06999969482422,39.20000076293945,33.62217330932617,97900,USM
2013-02-25,39.290000915527344,39.47999954223633,38.619998931884766,38.689998626708984,33.18473815917969,80900,USM
2013-02-26,38.86000061035156,38.86000061035156,36.7599983215332,37.040000915527344,31.769521713256836,322400,USM
2013-02-27,36.95000076293945,37.31999969482422,36.40999984741211,36.939998626708984,31.683748245239258,242400,USM
2013-02-28,36.75,37.5,36.63999938964844,36.790000915527344,31.555095672607422,144800,USM
2013-03-01,36.75,36.75,35.599998474121094,36.27000045776367,31.109085083007812,171700,USM
2013-03-04,36.16999816894531,36.630001068115234,36.16999816894531,36.380001068115234,31.203433990478516,81600,USM
2013-03-05,36.439998626708984,36.7599983215332,36.27000045776367,36.45000076293945,31.263473510742188,77600,USM
2013-03-06,36.5,36.650001525878906,36.119998931884766,36.470001220703125,31.280628204345703,64100,USM
2013-03-07,36.540000915527344,36.79999923706055,36.31999969482422,36.5,31.306358337402344,62600,USM
2013-03-08,36.529998779296875,36.779998779296875,36.29999923706055,36.630001068115234,31.417861938476562,92100,USM
2013-03-11,36.59000015258789,36.84000015258789,36.400001525878906,36.709999084472656,31.48647689819336,59900,USM
2013-03-12,36.779998779296875,36.779998779296875,36.5,36.630001068115234,31.417861938476562,41500,USM
2013-03-13,36.720001220703125,36.72999954223633,36.34000015258789,36.459999084472656,31.272048950195312,35000,USM
2013-03-14,36.47999954223633,36.81999969482422,36.400001525878906,36.720001220703125,31.49505615234375,63500,USM
2013-03-15,36.58000183105469,36.599998474121094,36.02000045776367,36.16999816894531,31.023313522338867,209200,USM
2013-03-18,35.810001373291016,36.34000015258789,35.709999084472656,35.95000076293945,30.834619522094727,81000,USM
2013-03-19,35.95000076293945,36.130001068115234,35.63999938964844,35.939998626708984,30.826040267944336,63200,USM
2013-03-20,36.099998474121094,36.2400016784668,35.81999969482422,35.95000076293945,30.834619522094727,55600,USM
2013-03-21,35.7599983215332,36.029998779296875,35.380001068115234,35.5,30.448650360107422,60800,USM
2013-03-22,35.369998931884766,35.7599983215332,35.369998931884766,35.58000183105469,30.517269134521484,70100,USM
2013-03-25,35.63999938964844,36.20000076293945,35.36000061035156,36.189998626708984,31.040468215942383,85200,USM
2013-03-26,36.34000015258789,36.540000915527344,35.810001373291016,36.04999923706055,30.92038917541504,46200,USM
2013-03-27,35.83000183105469,36.220001220703125,35.81999969482422,36.220001220703125,31.06620216369629,77200,USM
2013-03-28,36.29999923706055,36.29999923706055,35.88999938964844,36.0,30.877504348754883,96200,USM
2013-04-01,36.0,36.36000061035156,35.91999816894531,36.34000015258789,31.169124603271484,62500,USM
2013-04-02,36.349998474121094,36.63999938964844,36.290000915527344,36.380001068115234,31.203433990478516,37500,USM
2013-04-03,36.310001373291016,36.720001220703125,36.20000076293945,36.52000045776367,31.32351303100586,72500,USM
2013-04-04,36.470001220703125,36.75,36.209999084472656,36.40999984741211,31.229164123535156,39100,USM
2013-04-05,36.08000183105469,36.560001373291016,35.790000915527344,36.529998779296875,31.332088470458984,70600,USM
2013-04-08,36.56999969482422,36.83000183105469,36.29999923706055,36.810001373291016,31.572248458862305,30800,USM
2013-04-09,36.75,36.75,36.25,36.380001068115234,31.203433990478516,94500,USM
2013-04-10,36.380001068115234,37.33000183105469,36.290000915527344,37.189998626708984,31.898176193237305,58500,USM
2013-04-11,37.33000183105469,37.63999938964844,37.2599983215332,37.5099983215332,32.17264175415039,41400,USM
2013-04-12,37.290000915527344,37.83000183105469,37.09000015258789,37.7400016784668,32.36991882324219,66700,USM
2013-04-15,37.439998626708984,37.599998474121094,36.779998779296875,36.900001525878906,31.649442672729492,93800,USM
2013-04-16,37.20000076293945,37.439998626708984,36.81999969482422,37.349998474121094,32.03540802001953,45800,USM
2013-04-17,37.13999938964844,37.29999923706055,36.66999816894531,36.91999816894531,31.666595458984375,60800,USM
2013-04-18,37.11000061035156,37.599998474121094,37.11000061035156,37.22999954223633,31.932485580444336,53200,USM
2013-04-19,37.349998474121094,37.41999816894531,37.060001373291016,37.209999084472656,31.91533088684082,39800,USM
2013-04-22,37.16999816894531,37.29999923706055,36.630001068115234,37.16999816894531,31.88102149963379,80800,USM
2013-04-23,37.189998626708984,37.290000915527344,36.779998779296875,37.25,31.94964027404785,62300,USM
2013-04-24,36.970001220703125,37.25,36.86000061035156,37.2400016784668,31.941064834594727,45700,USM
2013-04-25,37.20000076293945,38.15999984741211,37.08000183105469,38.130001068115234,32.70442581176758,64900,USM
2013-04-26,38.0,38.189998626708984,37.709999084472656,37.88999938964844,32.498573303222656,25400,USM
2013-04-29,37.65999984741211,37.959999084472656,37.4900016784668,37.91999816894531,32.5243034362793,38100,USM
2013-04-30,37.83000183105469,38.4900016784668,37.83000183105469,38.439998626708984,32.97031021118164,45600,USM
2013-05-01,38.25,38.59000015258789,38.040000915527344,38.16999816894531,32.738731384277344,43600,USM
2013-05-02,38.13999938964844,38.58000183105469,38.02000045776367,38.470001220703125,32.99604415893555,43600,USM
2013-05-03,38.15999984741211,38.849998474121094,37.0,37.380001068115234,32.06114196777344,153900,USM
2013-05-06,37.47999954223633,37.869998931884766,37.34000015258789,37.70000076293945,32.335609436035156,63500,USM
2013-05-07,37.7599983215332,38.0,37.43000030517578,37.86000061035156,32.472843170166016,39500,USM
2013-05-08,38.040000915527344,38.189998626708984,37.75,37.959999084472656,32.55861282348633,50400,USM
2013-05-09,37.75,38.31999969482422,37.689998626708984,37.79999923706055,32.42137908935547,40400,USM
2013-05-10,37.68000030517578,37.93000030517578,37.439998626708984,37.869998931884766,32.48141860961914,35000,USM
2013-05-13,37.720001220703125,37.869998931884766,37.529998779296875,37.75,32.37849426269531,33300,USM
2013-05-14,37.63999938964844,38.189998626708984,37.4900016784668,38.0,32.59292221069336,50700,USM
2013-05-15,37.84000015258789,38.11000061035156,37.650001525878906,38.02000045776367,32.610076904296875,27700,USM
2013-05-16,38.0099983215332,38.349998474121094,37.70000076293945,37.810001373291016,32.42995834350586,54800,USM
2013-05-17,37.880001068115234,40.38999938964844,37.79999923706055,39.70000076293945,34.051025390625,201600,USM
2013-05-20,40.34000015258789,41.11000061035156,40.119998931884766,40.29999923706055,34.565650939941406,124300,USM
2013-05-21,40.52000045776367,41.220001220703125,40.349998474121094,41.15999984741211,35.303279876708984,112900,USM
2013-05-22,41.33000183105469,41.33000183105469,40.150001525878906,40.29999923706055,34.565650939941406,92700,USM
2013-05-23,40.0,40.40999984741211,39.599998474121094,40.279998779296875,34.54849624633789,60300,USM
2013-05-24,39.97999954223633,40.310001373291016,39.720001220703125,40.22999954223633,34.505611419677734,63700,USM
2013-05-28,40.369998931884766,40.88999938964844,40.2400016784668,40.27000045776367,34.539920806884766,71900,USM
2013-05-29,40.599998474121094,40.599998474121094,39.619998931884766,39.68000030517578,34.033870697021484,90900,USM
2013-05-30,39.93000030517578,40.22999954223633,39.619998931884766,39.619998931884766,33.98240661621094,45900,USM
2013-05-31,39.599998474121094,39.970001220703125,39.5,39.70000076293945,34.051025390625,58300,USM
2013-06-03,40.0,40.56999969482422,39.70000076293945,40.36000061035156,34.61711502075195,88100,USM
2013-06-04,40.70000076293945,40.72999954223633,39.7400016784668,40.25,34.52276611328125,95000,USM
2013-06-05,40.18000030517578,40.349998474121094,39.869998931884766,40.2400016784668,34.514190673828125,116500,USM
2013-06-06,40.40999984741211,40.45000076293945,40.0099983215332,40.40999984741211,34.65999984741211,233300,USM
2013-06-07,34.66999816894531,34.66999816894531,33.06999969482422,33.47999954223633,33.47999954223633,200400,USM
2013-06-10,33.349998474121094,34.38999938964844,33.2599983215332,33.709999084472656,33.709999084472656,151600,USM
2013-06-11,33.380001068115234,33.90999984741211,33.29999923706055,33.34000015258789,33.34000015258789,95900,USM
2013-06-12,33.40999984741211,33.470001220703125,32.93000030517578,33.2400016784668,33.2400016784668,93800,USM
2013-06-13,33.33000183105469,33.83000183105469,33.060001373291016,33.70000076293945,33.70000076293945,96400,USM
2013-06-14,33.61000061035156,33.810001373291016,33.34000015258789,33.599998474121094,33.599998474121094,67800,USM
2013-06-17,33.599998474121094,33.91999816894531,33.20000076293945,33.4900016784668,33.4900016784668,76000,USM
2013-06-18,33.45000076293945,33.84000015258789,33.279998779296875,33.619998931884766,33.619998931884766,58200,USM
2013-06-19,33.5099983215332,33.79999923706055,33.04999923706055,33.20000076293945,33.20000076293945,92700,USM
2013-06-20,33.029998779296875,33.15999984741211,32.29999923706055,32.720001220703125,32.720001220703125,58800,USM
2013-06-21,32.75,33.22999954223633,32.25,33.029998779296875,33.029998779296875,117900,USM
2013-06-24,32.869998931884766,32.869998931884766,32.45000076293945,32.619998931884766,32.619998931884766,118400,USM
2013-06-25,32.91999816894531,33.58000183105469,32.439998626708984,33.470001220703125,33.470001220703125,183400,USM
2013-06-26,33.779998779296875,34.119998931884766,33.5099983215332,33.86000061035156,33.86000061035156,181200,USM
2013-06-27,34.06999969482422,34.560001373291016,34.029998779296875,34.52000045776367,34.52000045776367,47300,USM
2013-06-28,34.72999954223633,36.83000183105469,34.72999954223633,36.689998626708984,36.689998626708984,198200,USM
2013-07-01,36.689998626708984,37.400001525878906,34.52000045776367,34.709999084472656,34.709999084472656,166600,USM
2013-07-02,34.86000061035156,35.119998931884766,34.220001220703125,34.869998931884766,34.869998931884766,75700,USM
2013-07-03,34.790000915527344,34.810001373291016,34.29999923706055,34.63999938964844,34.63999938964844,67100,USM
2013-07-05,34.77000045776367,35.08000183105469,34.290000915527344,35.060001373291016,35.060001373291016,34200,USM
2013-07-08,35.2599983215332,35.70000076293945,35.0099983215332,35.040000915527344,35.040000915527344,74700,USM
2013-07-09,35.150001525878906,35.16999816894531,34.79999923706055,35.0,35.0,46200,USM
2013-07-10,34.849998474121094,34.97999954223633,34.599998474121094,34.970001220703125,34.970001220703125,82100,USM
2013-07-11,35.13999938964844,35.650001525878906,35.09000015258789,35.61000061035156,35.61000061035156,56400,USM
2013-07-12,35.5099983215332,35.88999938964844,35.18000030517578,35.810001373291016,35.810001373291016,87400,USM
2013-07-15,38.09000015258789,38.9900016784668,37.810001373291016,38.77000045776367,38.77000045776367,405200,USM
2013-07-16,39.220001220703125,40.709999084472656,38.91999816894531,39.689998626708984,39.689998626708984,266400,USM
2013-07-17,39.52000045776367,39.61000061035156,39.029998779296875,39.2599983215332,39.2599983215332,93500,USM
2013-07-18,39.40999984741211,40.33000183105469,39.099998474121094,40.11000061035156,40.11000061035156,108600,USM
2013-07-19,40.25,40.349998474121094,39.619998931884766,40.02000045776367,40.02000045776367,84400,USM
2013-07-22,40.0,41.209999084472656,39.720001220703125,40.970001220703125,40.970001220703125,120600,USM
2013-07-23,41.2400016784668,41.2400016784668,40.630001068115234,40.880001068115234,40.880001068115234,72600,USM
2013-07-24,40.869998931884766,40.970001220703125,40.310001373291016,40.38999938964844,40.38999938964844,81900,USM
2013-07-25,40.16999816894531,40.7400016784668,40.04999923706055,40.25,40.25,72300,USM
2013-07-26,40.11000061035156,40.310001373291016,39.689998626708984,39.70000076293945,39.70000076293945,70900,USM
2013-07-29,39.970001220703125,39.970001220703125,39.36000061035156,39.5099983215332,39.5099983215332,131300,USM
2013-07-30,39.7599983215332,39.86000061035156,39.34000015258789,39.369998931884766,39.369998931884766,140600,USM
2013-07-31,39.20000076293945,39.7599983215332,39.040000915527344,39.709999084472656,39.709999084472656,163000,USM
2013-08-01,39.540000915527344,40.720001220703125,39.540000915527344,40.31999969482422,40.31999969482422,89400,USM
2013-08-02,40.380001068115234,40.93000030517578,39.599998474121094,39.939998626708984,39.939998626708984,118700,USM
2013-08-05,40.06999969482422,42.56999969482422,39.650001525878906,42.09000015258789,42.09000015258789,213600,USM
2013-08-06,42.369998931884766,43.529998779296875,42.119998931884766,42.86000061035156,42.86000061035156,190200,USM
2013-08-07,42.97999954223633,43.369998931884766,42.380001068115234,42.869998931884766,42.869998931884766,149200,USM
2013-08-08,42.650001525878906,43.5,42.619998931884766,43.34000015258789,43.34000015258789,132600,USM
2013-08-09,43.43000030517578,44.0,43.02000045776367,43.70000076293945,43.70000076293945,82000,USM
2013-08-12,43.33000183105469,44.349998474121094,43.33000183105469,43.709999084472656,43.709999084472656,109000,USM
2013-08-13,43.790000915527344,43.880001068115234,42.68000030517578,43.72999954223633,43.72999954223633,113900,USM
2013-08-14,43.7599983215332,44.33000183105469,43.20000076293945,43.369998931884766,43.369998931884766,170400,USM
2013-08-15,42.9900016784668,43.20000076293945,42.040000915527344,42.540000915527344,42.540000915527344,101700,USM
2013-08-16,42.66999816894531,42.7400016784668,42.150001525878906,42.36000061035156,42.36000061035156,108800,USM
2013-08-19,42.439998626708984,42.75,41.849998474121094,42.439998626708984,42.439998626708984,70300,USM
2013-08-20,42.529998779296875,42.959999084472656,42.290000915527344,42.779998779296875,42.779998779296875,69300,USM
2013-08-21,42.459999084472656,43.0,42.18000030517578,42.689998626708984,42.689998626708984,84900,USM
2013-08-22,42.66999816894531,43.4900016784668,42.459999084472656,43.220001220703125,43.220001220703125,65000,USM
2013-08-23,43.40999984741211,43.790000915527344,43.0,43.560001373291016,43.560001373291016,79300,USM
2013-08-26,43.4900016784668,44.209999084472656,43.0,43.439998626708984,43.439998626708984,63800,USM
2013-08-27,43.2400016784668,43.33000183105469,42.59000015258789,42.7599983215332,42.7599983215332,59300,USM
2013-08-28,42.77000045776367,43.529998779296875,42.619998931884766,43.2599983215332,43.2599983215332,99800,USM
2013-08-29,43.119998931884766,43.95000076293945,43.119998931884766,43.720001220703125,43.720001220703125,51000,USM
2013-08-30,43.4900016784668,43.83000183105469,42.4900016784668,42.779998779296875,42.779998779296875,71100,USM
2013-09-03,43.04999923706055,43.5,42.59000015258789,42.900001525878906,42.900001525878906,75600,USM
2013-09-04,42.84000015258789,43.40999984741211,42.810001373291016,43.13999938964844,43.13999938964844,58700,USM
2013-09-05,43.349998474121094,43.84000015258789,43.099998474121094,43.560001373291016,43.560001373291016,60200,USM
2013-09-06,43.81999969482422,43.869998931884766,42.81999969482422,43.06999969482422,43.06999969482422,62100,USM
2013-09-09,43.369998931884766,44.709999084472656,43.290000915527344,44.560001373291016,44.560001373291016,83000,USM
2013-09-10,44.630001068115234,44.95000076293945,44.400001525878906,44.93000030517578,44.93000030517578,81700,USM
2013-09-11,44.9900016784668,45.0,43.95000076293945,44.45000076293945,44.45000076293945,65000,USM
2013-09-12,44.5,44.5,43.63999938964844,43.84000015258789,43.84000015258789,35700,USM
2013-09-13,43.709999084472656,44.43000030517578,43.709999084472656,44.20000076293945,44.20000076293945,89400,USM
2013-09-16,43.97999954223633,44.470001220703125,41.93000030517578,42.54999923706055,42.54999923706055,267600,USM
2013-09-17,42.70000076293945,43.13999938964844,42.130001068115234,43.0099983215332,43.0099983215332,73800,USM
2013-09-18,43.06999969482422,44.380001068115234,42.84000015258789,43.63999938964844,43.63999938964844,115900,USM
2013-09-19,43.470001220703125,43.70000076293945,43.119998931884766,43.2400016784668,43.2400016784668,95300,USM
2013-09-20,43.40999984741211,43.709999084472656,42.91999816894531,43.34000015258789,43.34000015258789,197800,USM
2013-09-23,43.13999938964844,45.90999984741211,43.0099983215332,45.81999969482422,45.81999969482422,204700,USM
2013-09-24,45.619998931884766,45.79999923706055,44.83000183105469,44.939998626708984,44.939998626708984,90400,USM
2013-09-25,44.91999816894531,45.849998474121094,44.90999984741211,45.66999816894531,45.66999816894531,88200,USM
2013-09-26,45.4900016784668,45.849998474121094,45.310001373291016,45.59000015258789,45.59000015258789,61400,USM
2013-09-27,45.33000183105469,45.90999984741211,45.29999923706055,45.72999954223633,45.72999954223633,51300,USM
2013-09-30,45.099998474121094,45.66999816894531,44.75,45.529998779296875,45.529998779296875,99700,USM
2013-10-01,45.470001220703125,45.900001525878906,45.33000183105469,45.83000183105469,45.83000183105469,64900,USM
2013-10-02,45.400001525878906,46.349998474121094,45.15999984741211,46.2400016784668,46.2400016784668,76300,USM
2013-10-03,46.099998474121094,46.369998931884766,45.13999938964844,45.47999954223633,45.47999954223633,165900,USM
2013-10-04,45.720001220703125,45.97999954223633,45.29999923706055,45.380001068115234,45.380001068115234,76900,USM
2013-10-07,45.0,45.310001373291016,44.40999984741211,44.9900016784668,44.9900016784668,96500,USM
2013-10-08,45.08000183105469,45.45000076293945,43.66999816894531,43.869998931884766,43.869998931884766,148600,USM
2013-10-09,44.06999969482422,44.369998931884766,43.650001525878906,43.869998931884766,43.869998931884766,148600,USM
2013-10-10,44.2400016784668,44.65999984741211,43.9900016784668,44.22999954223633,44.22999954223633,220400,USM
2013-10-11,44.16999816894531,45.4900016784668,44.16999816894531,45.13999938964844,45.13999938964844,139100,USM
2013-10-14,45.06999969482422,45.15999984741211,43.97999954223633,44.790000915527344,44.790000915527344,178300,USM
2013-10-15,45.040000915527344,45.2599983215332,44.52000045776367,44.77000045776367,44.77000045776367,137900,USM
2013-10-16,45.04999923706055,45.63999938964844,44.84000015258789,45.33000183105469,45.33000183105469,45800,USM
2013-10-17,45.349998474121094,46.34000015258789,45.099998474121094,46.029998779296875,46.029998779296875,59800,USM
2013-10-18,45.09000015258789,46.90999984741211,44.959999084472656,46.349998474121094,46.349998474121094,78300,USM
2013-10-21,46.45000076293945,46.79999923706055,45.790000915527344,46.130001068115234,46.130001068115234,77500,USM
2013-10-22,46.38999938964844,46.68000030517578,46.06999969482422,46.65999984741211,46.65999984741211,74900,USM
2013-10-23,46.68000030517578,46.68000030517578,45.93000030517578,46.43000030517578,46.43000030517578,76100,USM
2013-10-24,46.599998474121094,46.66999816894531,46.130001068115234,46.47999954223633,46.47999954223633,50700,USM
2013-10-25,46.599998474121094,47.90999984741211,46.369998931884766,47.79999923706055,47.79999923706055,81900,USM
2013-10-28,47.79999923706055,48.900001525878906,47.4900016784668,48.79999923706055,48.79999923706055,147100,USM
2013-10-29,48.79999923706055,48.97999954223633,48.209999084472656,48.47999954223633,48.47999954223633,63000,USM
2013-10-30,48.349998474121094,48.66999816894531,47.650001525878906,48.02000045776367,48.02000045776367,100000,USM
2013-10-31,47.900001525878906,48.689998626708984,47.47999954223633,48.400001525878906,48.400001525878906,149100,USM
2013-11-01,47.279998779296875,47.70000076293945,46.459999084472656,47.029998779296875,47.029998779296875,191500,USM
2013-11-04,47.060001373291016,47.27000045776367,46.209999084472656,46.689998626708984,46.689998626708984,117000,USM
2013-11-05,46.439998626708984,47.68000030517578,46.439998626708984,47.02000045776367,47.02000045776367,189800,USM
2013-11-06,47.06999969482422,47.709999084472656,47.06999969482422,47.43000030517578,47.43000030517578,119700,USM
2013-11-07,47.5,47.5,45.34000015258789,45.56999969482422,45.56999969482422,92000,USM
2013-11-08,45.83000183105469,45.97999954223633,45.0,45.75,45.75,71400,USM
2013-11-11,45.869998931884766,46.470001220703125,45.459999084472656,46.02000045776367,46.02000045776367,74900,USM
2013-11-12,45.83000183105469,46.02000045776367,45.439998626708984,45.63999938964844,45.63999938964844,68500,USM
2013-11-13,45.40999984741211,46.040000915527344,45.029998779296875,45.91999816894531,45.91999816894531,63500,USM
2013-11-14,45.81999969482422,46.060001373291016,45.58000183105469,45.790000915527344,45.790000915527344,39200,USM
2013-11-15,46.040000915527344,46.209999084472656,45.63999938964844,46.09000015258789,46.09000015258789,44100,USM
2013-11-18,46.04999923706055,46.439998626708984,45.650001525878906,45.790000915527344,45.790000915527344,96700,USM
2013-11-19,45.97999954223633,46.04999923706055,44.849998474121094,45.060001373291016,45.060001373291016,73900,USM
2013-11-20,44.939998626708984,45.959999084472656,44.810001373291016,44.9900016784668,44.9900016784668,76200,USM
2013-11-21,45.0,45.86000061035156,44.900001525878906,45.5,45.5,38900,USM
2013-11-22,45.4900016784668,45.650001525878906,44.79999923706055,45.380001068115234,45.380001068115234,83900,USM
2013-11-25,45.5,45.5,44.5,44.779998779296875,44.779998779296875,57200,USM
2013-11-26,44.95000076293945,45.22999954223633,44.2599983215332,44.41999816894531,44.41999816894531,85100,USM
2013-11-27,44.40999984741211,44.58000183105469,43.970001220703125,44.16999816894531,44.16999816894531,34500,USM
2013-11-29,44.34000015258789,44.72999954223633,44.099998474121094,44.369998931884766,44.369998931884766,19200,USM
2013-12-02,44.22999954223633,44.529998779296875,43.40999984741211,43.65999984741211,43.65999984741211,59000,USM
2013-12-03,43.34000015258789,43.540000915527344,42.4900016784668,43.119998931884766,43.119998931884766,66400,USM
2013-12-04,43.25,43.25,42.290000915527344,42.709999084472656,42.709999084472656,55700,USM
2013-12-05,42.689998626708984,42.83000183105469,42.18000030517578,42.2599983215332,42.2599983215332,89600,USM
2013-12-06,42.56999969482422,43.25,42.5,43.16999816894531,43.16999816894531,82900,USM
2013-12-09,43.02000045776367,43.720001220703125,41.900001525878906,42.119998931884766,42.119998931884766,164500,USM
2013-12-10,42.29999923706055,42.31999969482422,40.86000061035156,41.209999084472656,41.209999084472656,114500,USM
2013-12-11,41.29999923706055,41.36000061035156,40.380001068115234,40.599998474121094,40.599998474121094,79300,USM
2013-12-12,40.45000076293945,40.45000076293945,39.470001220703125,39.65999984741211,39.65999984741211,101900,USM
2013-12-13,39.810001373291016,40.529998779296875,39.27000045776367,40.369998931884766,40.369998931884766,187700,USM
2013-12-16,40.54999923706055,41.619998931884766,40.47999954223633,41.25,41.25,139300,USM
2013-12-17,41.15999984741211,42.029998779296875,40.459999084472656,41.060001373291016,41.060001373291016,387800,USM
2013-12-18,41.060001373291016,41.060001373291016,39.81999969482422,40.290000915527344,40.290000915527344,125700,USM
2013-12-19,40.04999923706055,40.779998779296875,40.04999923706055,40.33000183105469,40.33000183105469,88100,USM
2013-12-20,40.47999954223633,40.79999923706055,40.189998626708984,40.5099983215332,40.5099983215332,89900,USM
2013-12-23,40.47999954223633,41.40999984741211,40.459999084472656,41.279998779296875,41.279998779296875,87200,USM
2013-12-24,41.220001220703125,41.97999954223633,41.220001220703125,41.72999954223633,41.72999954223633,38800,USM
2013-12-26,41.93000030517578,42.31999969482422,41.61000061035156,42.0099983215332,42.0099983215332,86000,USM
2013-12-27,42.119998931884766,42.650001525878906,42.02000045776367,42.2599983215332,42.2599983215332,59800,USM
2013-12-30,42.09000015258789,42.43000030517578,41.810001373291016,41.849998474121094,41.849998474121094,83600,USM
2013-12-31,41.869998931884766,42.18000030517578,41.5,41.81999969482422,41.81999969482422,67000,USM
2014-01-02,41.59000015258789,41.72999954223633,40.86000061035156,41.189998626708984,41.189998626708984,93200,USM
2014-01-03,41.310001373291016,41.93000030517578,41.189998626708984,41.779998779296875,41.779998779296875,81400,USM
2014-01-06,41.779998779296875,42.5,41.619998931884766,42.25,42.25,121800,USM
2014-01-07,42.290000915527344,43.220001220703125,42.290000915527344,42.900001525878906,42.900001525878906,71600,USM
2014-01-08,42.72999954223633,42.95000076293945,42.47999954223633,42.91999816894531,42.91999816894531,99200,USM
2014-01-09,42.83000183105469,43.0099983215332,42.38999938964844,42.880001068115234,42.880001068115234,120000,USM
2014-01-10,42.88999938964844,43.36000061035156,42.70000076293945,42.97999954223633,42.97999954223633,80500,USM
2014-01-13,42.720001220703125,43.31999969482422,42.61000061035156,42.790000915527344,42.790000915527344,65600,USM
2014-01-14,42.79999923706055,43.689998626708984,42.72999954223633,43.400001525878906,43.400001525878906,69400,USM
2014-01-15,43.38999938964844,44.06999969482422,43.09000015258789,43.720001220703125,43.720001220703125,69900,USM
2014-01-16,43.52000045776367,44.220001220703125,43.52000045776367,44.060001373291016,44.060001373291016,89200,USM
2014-01-17,44.02000045776367,44.66999816894531,43.79999923706055,44.15999984741211,44.15999984741211,115700,USM
2014-01-21,44.310001373291016,44.43000030517578,43.81999969482422,44.29999923706055,44.29999923706055,81300,USM
2014-01-22,44.27000045776367,44.4900016784668,43.95000076293945,44.34000015258789,44.34000015258789,90200,USM
2014-01-23,44.2400016784668,44.34000015258789,43.75,44.18000030517578,44.18000030517578,99800,USM
2014-01-24,43.91999816894531,44.25,43.31999969482422,44.040000915527344,44.040000915527344,139500,USM
2014-01-27,43.970001220703125,44.310001373291016,43.33000183105469,43.7400016784668,43.7400016784668,131300,USM
2014-01-28,43.70000076293945,44.86000061035156,43.279998779296875,44.45000076293945,44.45000076293945,123000,USM
2014-01-29,44.08000183105469,44.2599983215332,43.58000183105469,44.029998779296875,44.029998779296875,125900,USM
2014-01-30,44.2599983215332,44.40999984741211,43.54999923706055,44.119998931884766,44.119998931884766,159200,USM
2014-01-31,43.529998779296875,44.65999984741211,43.5099983215332,44.290000915527344,44.290000915527344,95900,USM
2014-02-03,44.150001525878906,44.43000030517578,42.7599983215332,43.099998474121094,43.099998474121094,225100,USM
2014-02-04,43.31999969482422,43.33000183105469,41.97999954223633,42.130001068115234,42.130001068115234,97000,USM
2014-02-05,41.939998626708984,41.939998626708984,41.2400016784668,41.61000061035156,41.61000061035156,127700,USM
2014-02-06,41.68000030517578,42.060001373291016,41.43000030517578,42.0,42.0,69300,USM
2014-02-07,42.209999084472656,42.209999084472656,41.59000015258789,42.02000045776367,42.02000045776367,71400,USM
2014-02-10,41.93000030517578,42.18000030517578,41.34000015258789,41.91999816894531,41.91999816894531,86700,USM
2014-02-11,42.04999923706055,42.650001525878906,41.7400016784668,42.22999954223633,42.22999954223633,156100,USM
2014-02-12,42.189998626708984,42.36000061035156,41.869998931884766,42.130001068115234,42.130001068115234,66100,USM
2014-02-13,41.810001373291016,43.22999954223633,41.810001373291016,43.099998474121094,43.099998474121094,84100,USM
2014-02-14,42.93000030517578,43.130001068115234,42.599998474121094,42.779998779296875,42.779998779296875,75600,USM
2014-02-18,42.77000045776367,42.779998779296875,41.47999954223633,41.52000045776367,41.52000045776367,147600,USM
2014-02-19,41.45000076293945,41.529998779296875,40.900001525878906,41.04999923706055,41.04999923706055,85100,USM
2014-02-20,40.970001220703125,41.59000015258789,40.849998474121094,41.41999816894531,41.41999816894531,47400,USM
2014-02-21,41.56999969482422,41.849998474121094,41.279998779296875,41.47999954223633,41.47999954223633,43300,USM
2014-02-24,41.5099983215332,41.5099983215332,40.7400016784668,40.97999954223633,40.97999954223633,49300,USM
2014-02-25,40.849998474121094,41.099998474121094,40.20000076293945,40.709999084472656,40.709999084472656,85200,USM
2014-02-26,40.63999938964844,40.63999938964844,36.060001373291016,36.790000915527344,36.790000915527344,466700,USM
2014-02-27,36.790000915527344,39.41999816894531,36.58000183105469,37.52000045776367,37.52000045776367,329300,USM
2014-02-28,37.43000030517578,37.43000030517578,35.93000030517578,36.09000015258789,36.09000015258789,283400,USM
2014-03-03,36.880001068115234,40.84000015258789,36.880001068115234,39.5,39.5,458000,USM
2014-03-04,39.709999084472656,39.95000076293945,39.279998779296875,39.47999954223633,39.47999954223633,158800,USM
2014-03-05,39.5,39.70000076293945,38.380001068115234,38.54999923706055,38.54999923706055,118300,USM
2014-03-06,38.709999084472656,38.79999923706055,38.16999816894531,38.56999969482422,38.56999969482422,109700,USM
2014-03-07,38.77000045776367,38.779998779296875,37.72999954223633,38.029998779296875,38.029998779296875,101600,USM
2014-03-10,38.029998779296875,38.2599983215332,37.529998779296875,38.15999984741211,38.15999984741211,98800,USM
2014-03-11,38.29999923706055,38.4900016784668,37.689998626708984,38.0099983215332,38.0099983215332,100400,USM
2014-03-12,37.849998474121094,38.2400016784668,37.77000045776367,38.0,38.0,90700,USM
2014-03-13,38.13999938964844,38.20000076293945,37.349998474121094,37.77000045776367,37.77000045776367,116800,USM
2014-03-14,37.61000061035156,38.0,37.61000061035156,37.790000915527344,37.790000915527344,76900,USM
2014-03-17,38.349998474121094,38.619998931884766,38.0099983215332,38.5099983215332,38.5099983215332,129300,USM
2014-03-18,38.459999084472656,39.900001525878906,38.459999084472656,39.369998931884766,39.369998931884766,91100,USM
2014-03-19,39.279998779296875,39.790000915527344,39.150001525878906,39.189998626708984,39.189998626708984,60800,USM
2014-03-20,39.13999938964844,41.220001220703125,39.04999923706055,40.4900016784668,40.4900016784668,117200,USM
2014-03-21,40.84000015258789,41.29999923706055,40.27000045776367,41.29999923706055,41.29999923706055,233900,USM
2014-03-24,41.310001373291016,41.43000030517578,40.33000183105469,40.81999969482422,40.81999969482422,110000,USM
2014-03-25,40.709999084472656,41.0,39.810001373291016,39.93000030517578,39.93000030517578,97000,USM
2014-03-26,40.150001525878906,40.41999816894531,39.75,40.06999969482422,40.06999969482422,79100,USM
2014-03-27,40.220001220703125,40.900001525878906,39.849998474121094,40.02000045776367,40.02000045776367,108300,USM
2014-03-28,39.939998626708984,40.900001525878906,39.939998626708984,40.70000076293945,40.70000076293945,102100,USM
2014-03-31,40.72999954223633,41.150001525878906,40.540000915527344,41.0099983215332,41.0099983215332,84700,USM
2014-04-01,40.790000915527344,41.66999816894531,40.09000015258789,41.220001220703125,41.220001220703125,148700,USM
2014-04-02,40.970001220703125,41.810001373291016,40.63999938964844,41.59000015258789,41.59000015258789,116000,USM
2014-04-03,41.2400016784668,41.86000061035156,41.0099983215332,41.7400016784668,41.7400016784668,115300,USM
2014-04-04,41.72999954223633,41.869998931884766,41.349998474121094,41.66999816894531,41.66999816894531,117000,USM
2014-04-07,41.47999954223633,41.560001373291016,40.65999984741211,41.38999938964844,41.38999938964844,160700,USM
2014-04-08,41.290000915527344,42.91999816894531,41.209999084472656,42.77000045776367,42.77000045776367,158000,USM
2014-04-09,42.599998474121094,42.72999954223633,41.880001068115234,42.31999969482422,42.31999969482422,94900,USM
2014-04-10,42.15999984741211,42.79999923706055,40.86000061035156,41.18000030517578,41.18000030517578,114900,USM
2014-04-11,41.119998931884766,41.25,40.349998474121094,40.68000030517578,40.68000030517578,102700,USM
2014-04-14,40.79999923706055,41.25,40.36000061035156,40.630001068115234,40.630001068115234,105000,USM
2014-04-15,40.68000030517578,41.029998779296875,40.08000183105469,40.79999923706055,40.79999923706055,143300,USM
2014-04-16,40.83000183105469,41.099998474121094,39.970001220703125,40.61000061035156,40.61000061035156,109000,USM
2014-04-17,40.689998626708984,41.459999084472656,40.310001373291016,40.849998474121094,40.849998474121094,130500,USM
2014-04-21,40.61000061035156,40.79999923706055,40.16999816894531,40.47999954223633,40.47999954223633,131800,USM
2014-04-22,40.33000183105469,41.4900016784668,40.16999816894531,41.380001068115234,41.380001068115234,121300,USM
2014-04-23,41.209999084472656,41.43000030517578,40.86000061035156,40.97999954223633,40.97999954223633,79700,USM
2014-04-24,41.060001373291016,41.060001373291016,40.189998626708984,40.630001068115234,40.630001068115234,141300,USM
2014-04-25,40.5,40.650001525878906,39.68000030517578,39.90999984741211,39.90999984741211,92100,USM
2014-04-28,39.86000061035156,40.709999084472656,39.54999923706055,40.47999954223633,40.47999954223633,130900,USM
2014-04-29,40.5,41.25,40.0099983215332,40.060001373291016,40.060001373291016,93200,USM
2014-04-30,39.90999984741211,41.720001220703125,39.90999984741211,41.540000915527344,41.540000915527344,133300,USM
2014-05-01,41.40999984741211,42.20000076293945,41.209999084472656,41.97999954223633,41.97999954223633,130700,USM
2014-05-02,41.11000061035156,43.5,41.11000061035156,41.79999923706055,41.79999923706055,131700,USM
2014-05-05,41.34000015258789,42.36000061035156,40.70000076293945,42.099998474121094,42.099998474121094,172700,USM
2014-05-06,41.7599983215332,42.220001220703125,41.47999954223633,41.70000076293945,41.70000076293945,120200,USM
2014-05-07,41.689998626708984,42.61000061035156,41.65999984741211,42.439998626708984,42.439998626708984,108300,USM
2014-05-08,42.27000045776367,42.75,41.630001068115234,41.79999923706055,41.79999923706055,51800,USM
2014-05-09,41.81999969482422,41.88999938964844,41.36000061035156,41.58000183105469,41.58000183105469,62000,USM
2014-05-12,41.619998931884766,42.45000076293945,41.619998931884766,42.349998474121094,42.349998474121094,44900,USM
2014-05-13,42.43000030517578,42.43000030517578,41.56999969482422,41.7599983215332,41.7599983215332,54800,USM
2014-05-14,41.630001068115234,42.02000045776367,41.41999816894531,41.70000076293945,41.70000076293945,69400,USM
2014-05-15,41.689998626708984,41.689998626708984,40.97999954223633,41.43000030517578,41.43000030517578,93000,USM
2014-05-16,41.5,41.619998931884766,40.93000030517578,41.220001220703125,41.220001220703125,59900,USM
2014-05-19,40.9900016784668,41.45000076293945,40.95000076293945,41.29999923706055,41.29999923706055,55600,USM
2014-05-20,41.099998474121094,41.5,40.310001373291016,40.45000076293945,40.45000076293945,74800,USM
2014-05-21,40.459999084472656,40.93000030517578,40.06999969482422,40.33000183105469,40.33000183105469,57600,USM
2014-05-22,40.45000076293945,41.13999938964844,40.279998779296875,40.689998626708984,40.689998626708984,50600,USM
2014-05-23,40.83000183105469,41.36000061035156,40.689998626708984,41.31999969482422,41.31999969482422,55400,USM
2014-05-27,41.41999816894531,41.54999923706055,40.79999923706055,41.2599983215332,41.2599983215332,41400,USM
2014-05-28,41.02000045776367,41.380001068115234,40.59000015258789,40.959999084472656,40.959999084472656,70300,USM
2014-05-29,40.88999938964844,41.9900016784668,40.88999938964844,41.790000915527344,41.790000915527344,59400,USM
2014-05-30,41.810001373291016,43.20000076293945,41.810001373291016,42.95000076293945,42.95000076293945,167400,USM
2014-06-02,42.81999969482422,43.08000183105469,41.47999954223633,41.7400016784668,41.7400016784668,80600,USM
2014-06-03,41.70000076293945,42.33000183105469,41.560001373291016,41.970001220703125,41.970001220703125,60200,USM
2014-06-04,42.08000183105469,42.279998779296875,41.209999084472656,41.25,41.25,82500,USM
2014-06-05,41.34000015258789,41.59000015258789,40.939998626708984,41.43000030517578,41.43000030517578,38000,USM
2014-06-06,41.38999938964844,41.88999938964844,41.060001373291016,41.13999938964844,41.13999938964844,48400,USM
2014-06-09,41.2400016784668,41.36000061035156,40.790000915527344,41.34000015258789,41.34000015258789,65400,USM
2014-06-10,41.34000015258789,41.5099983215332,40.459999084472656,40.959999084472656,40.959999084472656,51100,USM
2014-06-11,40.88999938964844,41.099998474121094,40.060001373291016,40.54999923706055,40.54999923706055,58400,USM
2014-06-12,40.599998474121094,40.599998474121094,39.38999938964844,39.59000015258789,39.59000015258789,42800,USM
2014-06-13,39.47999954223633,39.79999923706055,39.40999984741211,39.65999984741211,39.65999984741211,44100,USM
2014-06-16,39.31999969482422,39.619998931884766,38.33000183105469,39.61000061035156,39.61000061035156,209500,USM
2014-06-17,39.630001068115234,39.95000076293945,39.209999084472656,39.65999984741211,39.65999984741211,64300,USM
2014-06-18,39.540000915527344,40.970001220703125,39.540000915527344,40.619998931884766,40.619998931884766,107900,USM
2014-06-19,40.599998474121094,40.810001373291016,39.66999816894531,40.02000045776367,40.02000045776367,104400,USM
2014-06-20,40.279998779296875,40.279998779296875,38.779998779296875,39.529998779296875,39.529998779296875,311300,USM
2014-06-23,39.58000183105469,39.84000015258789,39.220001220703125,39.619998931884766,39.619998931884766,95700,USM
2014-06-24,39.709999084472656,40.119998931884766,39.52000045776367,39.66999816894531,39.66999816894531,108800,USM
2014-06-25,39.79999923706055,40.29999923706055,39.52000045776367,39.880001068115234,39.880001068115234,69900,USM
2014-06-26,40.0099983215332,40.29999923706055,39.540000915527344,40.09000015258789,40.09000015258789,66300,USM
2014-06-27,40.02000045776367,40.47999954223633,39.81999969482422,40.099998474121094,40.099998474121094,152600,USM
2014-06-30,40.16999816894531,40.90999984741211,40.150001525878906,40.79999923706055,40.79999923706055,141700,USM
2014-07-01,40.75,40.849998474121094,40.099998474121094,40.22999954223633,40.22999954223633,99100,USM
2014-07-02,40.18000030517578,41.36000061035156,40.09000015258789,41.060001373291016,41.060001373291016,129400,USM
2014-07-03,41.2599983215332,42.0,41.22999954223633,41.970001220703125,41.970001220703125,165300,USM
2014-07-07,41.7400016784668,41.970001220703125,41.33000183105469,41.95000076293945,41.95000076293945,105600,USM
2014-07-08,41.81999969482422,41.81999969482422,40.56999969482422,40.720001220703125,40.720001220703125,100100,USM
2014-07-09,40.70000076293945,40.810001373291016,40.060001373291016,40.189998626708984,40.189998626708984,79300,USM
2014-07-10,39.790000915527344,40.5099983215332,39.790000915527344,40.349998474121094,40.349998474121094,65000,USM
2014-07-11,41.31999969482422,41.31999969482422,40.040000915527344,40.06999969482422,40.06999969482422,66800,USM
2014-07-14,40.279998779296875,40.540000915527344,40.09000015258789,40.189998626708984,40.189998626708984,54300,USM
2014-07-15,40.15999984741211,40.31999969482422,39.54999923706055,40.060001373291016,40.060001373291016,64400,USM
2014-07-16,40.2400016784668,40.66999816894531,39.849998474121094,40.40999984741211,40.40999984741211,79700,USM
2014-07-17,40.29999923706055,40.459999084472656,39.709999084472656,39.81999969482422,39.81999969482422,75100,USM
2014-07-18,39.779998779296875,40.04999923706055,39.40999984741211,39.81999969482422,39.81999969482422,93800,USM
2014-07-21,39.619998931884766,39.619998931884766,37.65999984741211,38.369998931884766,38.369998931884766,198800,USM
2014-07-22,38.33000183105469,38.65999984741211,37.97999954223633,38.13999938964844,38.13999938964844,117100,USM
2014-07-23,38.0,38.880001068115234,37.91999816894531,38.81999969482422,38.81999969482422,90800,USM
2014-07-24,38.77000045776367,39.02000045776367,38.540000915527344,38.7599983215332,38.7599983215332,81400,USM
2014-07-25,38.77000045776367,38.77000045776367,38.20000076293945,38.349998474121094,38.349998474121094,67100,USM
2014-07-28,38.369998931884766,38.84000015258789,38.150001525878906,38.790000915527344,38.790000915527344,90400,USM
2014-07-29,39.349998474121094,40.599998474121094,38.709999084472656,40.189998626708984,40.189998626708984,164600,USM
2014-07-30,40.369998931884766,40.459999084472656,39.38999938964844,39.52000045776367,39.52000045776367,79800,USM
2014-07-31,39.20000076293945,39.220001220703125,38.43000030517578,39.09000015258789,39.09000015258789,123500,USM
2014-08-01,38.0,38.130001068115234,35.83000183105469,37.4900016784668,37.4900016784668,331800,USM
2014-08-04,37.470001220703125,37.470001220703125,33.16999816894531,33.61000061035156,33.61000061035156,628700,USM
2014-08-05,34.310001373291016,39.720001220703125,34.310001373291016,39.099998474121094,39.099998474121094,630600,USM
2014-08-06,38.689998626708984,38.689998626708984,36.119998931884766,36.470001220703125,36.470001220703125,344900,USM
2014-08-07,36.470001220703125,37.099998474121094,36.22999954223633,36.810001373291016,36.810001373291016,182300,USM
2014-08-08,37.06999969482422,37.06999969482422,35.650001525878906,36.349998474121094,36.349998474121094,131800,USM
2014-08-11,36.33000183105469,36.77000045776367,36.16999816894531,36.38999938964844,36.38999938964844,109900,USM
2014-08-12,36.459999084472656,37.93000030517578,36.09000015258789,37.369998931884766,37.369998931884766,172400,USM
2014-08-13,37.63999938964844,37.63999938964844,37.0099983215332,37.31999969482422,37.31999969482422,110400,USM
2014-08-14,37.34000015258789,37.86000061035156,37.29999923706055,37.7599983215332,37.7599983215332,158000,USM
2014-08-15,37.90999984741211,38.06999969482422,37.04999923706055,37.41999816894531,37.41999816894531,83400,USM
2014-08-18,37.52000045776367,37.66999816894531,37.22999954223633,37.459999084472656,37.459999084472656,57000,USM
2014-08-19,37.470001220703125,37.58000183105469,37.20000076293945,37.279998779296875,37.279998779296875,62300,USM
2014-08-20,37.2599983215332,37.619998931884766,37.08000183105469,37.599998474121094,37.599998474121094,124100,USM
2014-08-21,37.599998474121094,37.599998474121094,36.970001220703125,37.119998931884766,37.119998931884766,94900,USM
2014-08-22,37.119998931884766,37.599998474121094,37.04999923706055,37.599998474121094,37.599998474121094,52600,USM
2014-08-25,37.599998474121094,37.779998779296875,36.970001220703125,37.189998626708984,37.189998626708984,97700,USM
2014-08-26,37.20000076293945,37.439998626708984,36.68000030517578,37.290000915527344,37.290000915527344,121200,USM
2014-08-27,37.04999923706055,37.77000045776367,37.04999923706055,37.63999938964844,37.63999938964844,112400,USM
2014-08-28,37.400001525878906,37.5,37.029998779296875,37.150001525878906,37.150001525878906,67000,USM
2014-08-29,37.0099983215332,37.97999954223633,36.779998779296875,37.720001220703125,37.720001220703125,74300,USM
2014-09-02,37.779998779296875,38.0,37.22999954223633,37.869998931884766,37.869998931884766,95100,USM
2014-09-03,37.9900016784668,38.52000045776367,37.66999816894531,38.029998779296875,38.029998779296875,84400,USM
2014-09-04,37.93000030517578,38.47999954223633,37.7400016784668,38.0099983215332,38.0099983215332,104700,USM
2014-09-05,38.06999969482422,38.81999969482422,38.06999969482422,38.68000030517578,38.68000030517578,50800,USM
2014-09-08,38.630001068115234,38.849998474121094,38.34000015258789,38.72999954223633,38.72999954223633,158400,USM
2014-09-09,38.5099983215332,38.81999969482422,37.630001068115234,37.91999816894531,37.91999816894531,352700,USM
2014-09-10,38.0099983215332,38.04999923706055,36.959999084472656,37.65999984741211,37.65999984741211,134800,USM
2014-09-11,37.529998779296875,38.709999084472656,37.43000030517578,38.5,38.5,66900,USM
2014-09-12,38.5,38.63999938964844,37.720001220703125,38.27000045776367,38.27000045776367,140600,USM
2014-09-15,37.65999984741211,38.43000030517578,37.29999923706055,37.65999984741211,37.65999984741211,169800,USM
2014-09-16,37.5,38.13999938964844,37.040000915527344,37.2400016784668,37.2400016784668,112200,USM
2014-09-17,37.25,37.630001068115234,37.11000061035156,37.33000183105469,37.33000183105469,65000,USM
2014-09-18,37.630001068115234,37.77000045776367,37.02000045776367,37.099998474121094,37.099998474121094,62600,USM
2014-09-19,37.02000045776367,37.25,36.22999954223633,36.65999984741211,36.65999984741211,128900,USM
2014-09-22,36.790000915527344,36.790000915527344,36.11000061035156,36.2599983215332,36.2599983215332,119600,USM
2014-09-23,36.939998626708984,36.939998626708984,35.849998474121094,35.93000030517578,35.93000030517578,133400,USM
2014-09-24,35.9900016784668,36.470001220703125,35.619998931884766,36.220001220703125,36.220001220703125,119600,USM
2014-09-25,36.150001525878906,36.369998931884766,35.27000045776367,35.52000045776367,35.52000045776367,80500,USM
2014-09-26,35.380001068115234,35.56999969482422,35.060001373291016,35.400001525878906,35.400001525878906,56600,USM
2014-09-29,35.279998779296875,35.38999938964844,34.439998626708984,34.709999084472656,34.709999084472656,93400,USM
2014-09-30,34.779998779296875,35.619998931884766,34.349998474121094,35.47999954223633,35.47999954223633,136900,USM
2014-10-01,35.380001068115234,35.380001068115234,34.040000915527344,34.119998931884766,34.119998931884766,84900,USM
2014-10-02,33.939998626708984,34.310001373291016,33.02000045776367,33.59000015258789,33.59000015258789,197500,USM
2014-10-03,33.66999816894531,34.09000015258789,33.619998931884766,33.959999084472656,33.959999084472656,199600,USM
2014-10-06,34.09000015258789,34.91999816894531,33.959999084472656,34.54999923706055,34.54999923706055,76700,USM
2014-10-07,34.5,35.119998931884766,34.279998779296875,34.61000061035156,34.61000061035156,80700,USM
2014-10-08,34.369998931884766,34.90999984741211,33.93000030517578,34.58000183105469,34.58000183105469,50900,USM
2014-10-09,34.459999084472656,34.599998474121094,33.060001373291016,33.08000183105469,33.08000183105469,74700,USM
2014-10-10,32.95000076293945,33.380001068115234,31.81999969482422,31.93000030517578,31.93000030517578,103600,USM
2014-10-13,31.8700008392334,32.63999938964844,31.790000915527344,32.060001373291016,32.060001373291016,70700,USM
2014-10-14,32.16999816894531,32.900001525878906,32.060001373291016,32.4900016784668,32.4900016784668,134800,USM
2014-10-15,32.2400016784668,33.59000015258789,31.860000610351562,33.58000183105469,33.58000183105469,115500,USM
2014-10-16,33.310001373291016,34.290000915527344,33.0,34.06999969482422,34.06999969482422,107300,USM
2014-10-17,34.25,34.41999816894531,33.189998626708984,33.61000061035156,33.61000061035156,60300,USM
2014-10-20,33.599998474121094,34.400001525878906,33.599998474121094,34.38999938964844,34.38999938964844,73100,USM
2014-10-21,34.5099983215332,35.27000045776367,34.439998626708984,35.040000915527344,35.040000915527344,54700,USM
2014-10-22,35.16999816894531,35.459999084472656,34.810001373291016,35.060001373291016,35.060001373291016,63300,USM
2014-10-23,35.16999816894531,35.560001373291016,34.529998779296875,35.20000076293945,35.20000076293945,69400,USM
2014-10-24,35.310001373291016,35.47999954223633,34.86000061035156,35.279998779296875,35.279998779296875,64900,USM
2014-10-27,35.2599983215332,35.7400016784668,35.0,35.599998474121094,35.599998474121094,43200,USM
2014-10-28,35.560001373291016,36.13999938964844,35.5,36.08000183105469,36.08000183105469,54400,USM
2014-10-29,36.06999969482422,36.31999969482422,35.68000030517578,36.04999923706055,36.04999923706055,52900,USM
2014-10-30,35.81999969482422,36.25,35.560001373291016,35.959999084472656,35.959999084472656,70200,USM
2014-10-31,36.11000061035156,36.97999954223633,35.33000183105469,36.41999816894531,36.41999816894531,148500,USM
2014-11-03,36.43000030517578,37.65999984741211,36.380001068115234,37.09000015258789,37.09000015258789,111300,USM
2014-11-04,36.959999084472656,38.31999969482422,36.88999938964844,38.029998779296875,38.029998779296875,126500,USM
2014-11-05,38.2400016784668,38.2599983215332,37.540000915527344,37.86000061035156,37.86000061035156,128000,USM
2014-11-06,37.83000183105469,38.060001373291016,37.2599983215332,37.88999938964844,37.88999938964844,85100,USM
2014-11-07,37.689998626708984,39.439998626708984,37.560001373291016,39.31999969482422,39.31999969482422,96500,USM
2014-11-10,39.22999954223633,39.66999816894531,38.689998626708984,38.88999938964844,38.88999938964844,109000,USM
2014-11-11,39.02000045776367,39.13999938964844,38.619998931884766,38.79999923706055,38.79999923706055,50600,USM
2014-11-12,38.709999084472656,39.720001220703125,38.709999084472656,39.06999969482422,39.06999969482422,116300,USM
2014-11-13,39.16999816894531,39.29999923706055,38.0,38.04999923706055,38.04999923706055,58300,USM
2014-11-14,38.16999816894531,38.63999938964844,38.0099983215332,38.5,38.5,88900,USM
2014-11-17,38.220001220703125,38.470001220703125,37.77000045776367,38.15999984741211,38.15999984741211,65000,USM
2014-11-18,38.290000915527344,38.290000915527344,37.540000915527344,37.630001068115234,37.630001068115234,59500,USM
2014-11-19,37.52000045776367,37.52000045776367,36.52000045776367,36.709999084472656,36.709999084472656,53800,USM
2014-11-20,36.65999984741211,37.04999923706055,36.619998931884766,36.93000030517578,36.93000030517578,39600,USM
2014-11-21,37.0,37.619998931884766,37.0,37.34000015258789,37.34000015258789,37200,USM
2014-11-24,37.540000915527344,37.869998931884766,37.119998931884766,37.849998474121094,37.849998474121094,60300,USM
2014-11-25,37.65999984741211,37.65999984741211,36.939998626708984,37.41999816894531,37.41999816894531,108000,USM
2014-11-26,37.41999816894531,37.9900016784668,37.31999969482422,37.959999084472656,37.959999084472656,79800,USM
2014-11-28,37.81999969482422,38.52000045776367,37.709999084472656,38.4900016784668,38.4900016784668,58200,USM
2014-12-01,38.33000183105469,38.709999084472656,37.900001525878906,38.5,38.5,152300,USM
2014-12-02,38.369998931884766,38.95000076293945,37.72999954223633,37.959999084472656,37.959999084472656,103300,USM
2014-12-03,37.849998474121094,38.40999984741211,37.58000183105469,38.09000015258789,38.09000015258789,65100,USM
2014-12-04,37.939998626708984,38.09000015258789,37.650001525878906,38.060001373291016,38.060001373291016,51500,USM
2014-12-05,38.06999969482422,38.400001525878906,38.06999969482422,38.220001220703125,38.220001220703125,76500,USM
2014-12-08,38.209999084472656,38.61000061035156,37.79999923706055,38.22999954223633,38.22999954223633,37800,USM
2014-12-09,37.93000030517578,38.2599983215332,37.5,37.959999084472656,37.959999084472656,75400,USM
2014-12-10,37.959999084472656,38.029998779296875,36.400001525878906,36.560001373291016,36.560001373291016,108700,USM
2014-12-11,36.65999984741211,37.279998779296875,35.90999984741211,36.310001373291016,36.310001373291016,81400,USM
2014-12-12,36.04999923706055,36.27000045776367,35.5,35.869998931884766,35.869998931884766,46200,USM
2014-12-15,35.91999816894531,36.16999816894531,34.790000915527344,35.0,35.0,86800,USM
2014-12-16,35.0,35.90999984741211,34.7599983215332,35.58000183105469,35.58000183105469,37500,USM
2014-12-17,35.5099983215332,36.90999984741211,35.45000076293945,36.599998474121094,36.599998474121094,67900,USM
2014-12-18,36.90999984741211,37.869998931884766,36.599998474121094,37.709999084472656,37.709999084472656,62800,USM
2014-12-19,37.65999984741211,38.45000076293945,37.43000030517578,37.900001525878906,37.900001525878906,217700,USM
2014-12-22,37.91999816894531,38.459999084472656,37.91999816894531,38.41999816894531,38.41999816894531,33800,USM
2014-12-23,38.25,38.7599983215332,38.0,38.06999969482422,38.06999969482422,41600,USM
2014-12-24,38.08000183105469,38.11000061035156,37.29999923706055,37.470001220703125,37.470001220703125,45800,USM
2014-12-26,37.52000045776367,38.40999984741211,37.5,38.13999938964844,38.13999938964844,38100,USM
2014-12-29,38.04999923706055,40.61000061035156,38.04999923706055,40.52000045776367,40.52000045776367,197200,USM
2014-12-30,40.25,40.91999816894531,39.7599983215332,40.650001525878906,40.650001525878906,96600,USM
2014-12-31,40.709999084472656,40.79999923706055,39.529998779296875,39.83000183105469,39.83000183105469,89400,USM
2015-01-02,40.15999984741211,40.189998626708984,39.61000061035156,39.79999923706055,39.79999923706055,70300,USM
2015-01-05,39.22999954223633,39.22999954223633,34.779998779296875,35.66999816894531,35.66999816894531,541000,USM
2015-01-06,35.7400016784668,36.619998931884766,34.709999084472656,35.400001525878906,35.400001525878906,855400,USM
2015-01-07,35.79999923706055,36.34000015258789,35.459999084472656,36.130001068115234,36.130001068115234,166000,USM
2015-01-08,36.29999923706055,36.36000061035156,35.369998931884766,35.720001220703125,35.720001220703125,161700,USM
2015-01-09,35.59000015258789,35.959999084472656,35.220001220703125,35.5,35.5,102200,USM
2015-01-12,35.27000045776367,36.33000183105469,34.939998626708984,36.150001525878906,36.150001525878906,144400,USM
2015-01-13,36.470001220703125,36.90999984741211,35.86000061035156,36.459999084472656,36.459999084472656,75100,USM
2015-01-14,36.150001525878906,36.310001373291016,35.150001525878906,35.56999969482422,35.56999969482422,82500,USM
2015-01-15,35.54999923706055,35.66999816894531,34.880001068115234,34.939998626708984,34.939998626708984,103800,USM
2015-01-16,34.86000061035156,35.880001068115234,34.83000183105469,35.63999938964844,35.63999938964844,77100,USM
2015-01-20,35.59000015258789,35.779998779296875,35.08000183105469,35.63999938964844,35.63999938964844,71600,USM
2015-01-21,35.630001068115234,35.70000076293945,34.959999084472656,35.400001525878906,35.400001525878906,56500,USM
2015-01-22,35.5,35.810001373291016,34.959999084472656,35.7599983215332,35.7599983215332,63900,USM
2015-01-23,35.56999969482422,35.95000076293945,35.220001220703125,35.27000045776367,35.27000045776367,43600,USM
2015-01-26,35.310001373291016,36.31999969482422,34.84000015258789,36.279998779296875,36.279998779296875,91400,USM
2015-01-27,35.90999984741211,36.04999923706055,35.11000061035156,35.189998626708984,35.189998626708984,86500,USM
2015-01-28,35.529998779296875,35.529998779296875,34.77000045776367,34.790000915527344,34.790000915527344,50800,USM
2015-01-29,34.689998626708984,34.970001220703125,34.099998474121094,34.790000915527344,34.790000915527344,105500,USM
2015-01-30,34.47999954223633,35.16999816894531,34.25,34.790000915527344,34.790000915527344,126600,USM
2015-02-02,34.95000076293945,35.65999984741211,34.560001373291016,35.29999923706055,35.29999923706055,115200,USM
2015-02-03,35.47999954223633,36.7400016784668,35.34000015258789,36.619998931884766,36.619998931884766,158500,USM
2015-02-04,36.38999938964844,36.939998626708984,36.16999816894531,36.18000030517578,36.18000030517578,75900,USM
2015-02-05,36.40999984741211,37.52000045776367,36.380001068115234,37.400001525878906,37.400001525878906,57800,USM
2015-02-06,37.5,37.939998626708984,37.279998779296875,37.47999954223633,37.47999954223633,70100,USM
2015-02-09,37.40999984741211,37.970001220703125,37.369998931884766,37.599998474121094,37.599998474121094,74800,USM
2015-02-10,37.810001373291016,38.04999923706055,37.380001068115234,38.02000045776367,38.02000045776367,41900,USM
2015-02-11,38.040000915527344,38.31999969482422,37.65999984741211,38.27000045776367,38.27000045776367,92800,USM
2015-02-12,38.43000030517578,38.619998931884766,38.349998474121094,38.43000030517578,38.43000030517578,41800,USM
2015-02-13,38.459999084472656,38.75,38.16999816894531,38.529998779296875,38.529998779296875,56000,USM
2015-02-17,38.2599983215332,38.709999084472656,37.529998779296875,37.88999938964844,37.88999938964844,82300,USM
2015-02-18,37.7599983215332,37.88999938964844,37.189998626708984,37.47999954223633,37.47999954223633,86300,USM
2015-02-19,37.369998931884766,37.72999954223633,37.0,37.189998626708984,37.189998626708984,56500,USM
2015-02-20,36.959999084472656,37.18000030517578,36.470001220703125,37.130001068115234,37.130001068115234,49500,USM
2015-02-23,36.86000061035156,36.90999984741211,36.150001525878906,36.68000030517578,36.68000030517578,63600,USM
2015-02-24,36.5,37.209999084472656,36.349998474121094,37.09000015258789,37.09000015258789,56700,USM
2015-02-25,37.720001220703125,40.0,37.58000183105469,39.939998626708984,39.939998626708984,156200,USM
2015-02-26,39.720001220703125,40.0,36.790000915527344,37.470001220703125,37.470001220703125,209600,USM
2015-02-27,37.2599983215332,38.04999923706055,37.25,37.93000030517578,37.93000030517578,111300,USM
2015-03-02,37.72999954223633,37.93000030517578,37.33000183105469,37.7400016784668,37.7400016784668,80600,USM
2015-03-03,37.779998779296875,37.880001068115234,36.91999816894531,37.029998779296875,37.029998779296875,62600,USM
2015-03-04,36.79999923706055,37.06999969482422,36.27000045776367,36.439998626708984,36.439998626708984,81300,USM
2015-03-05,36.209999084472656,36.90999984741211,35.619998931884766,36.56999969482422,36.56999969482422,89700,USM
2015-03-06,36.380001068115234,36.5,36.0,36.189998626708984,36.189998626708984,72200,USM
2015-03-09,36.400001525878906,36.459999084472656,36.0,36.22999954223633,36.22999954223633,67900,USM
2015-03-10,36.130001068115234,36.2599983215332,35.150001525878906,35.36000061035156,35.36000061035156,38000,USM
2015-03-11,35.349998474121094,35.66999816894531,34.900001525878906,35.599998474121094,35.599998474121094,55300,USM
2015-03-12,35.72999954223633,36.11000061035156,35.5,35.959999084472656,35.959999084472656,44500,USM
2015-03-13,35.880001068115234,36.029998779296875,35.349998474121094,35.900001525878906,35.900001525878906,38800,USM
2015-03-16,36.150001525878906,37.09000015258789,35.79999923706055,36.91999816894531,36.91999816894531,115500,USM
2015-03-17,36.86000061035156,37.310001373291016,36.369998931884766,37.2400016784668,37.2400016784668,87000,USM
2015-03-18,36.95000076293945,37.630001068115234,36.869998931884766,37.38999938964844,37.38999938964844,73700,USM
2015-03-19,37.36000061035156,37.63999938964844,37.04999923706055,37.189998626708984,37.189998626708984,80600,USM
2015-03-20,37.31999969482422,38.09000015258789,37.31999969482422,37.75,37.75,267700,USM
2015-03-23,37.75,38.20000076293945,37.560001373291016,37.90999984741211,37.90999984741211,233300,USM
2015-03-24,37.61000061035156,37.75,36.45000076293945,36.56999969482422,36.56999969482422,72700,USM
2015-03-25,36.650001525878906,36.65999984741211,35.52000045776367,35.560001373291016,35.560001373291016,64900,USM
2015-03-26,35.400001525878906,35.59000015258789,35.08000183105469,35.47999954223633,35.47999954223633,75500,USM
2015-03-27,35.540000915527344,35.630001068115234,35.189998626708984,35.52000045776367,35.52000045776367,41200,USM
2015-03-30,35.58000183105469,35.83000183105469,35.41999816894531,35.599998474121094,35.599998474121094,49900,USM
2015-03-31,35.41999816894531,35.86000061035156,35.31999969482422,35.720001220703125,35.720001220703125,126700,USM
2015-04-01,35.97999954223633,37.16999816894531,35.779998779296875,36.41999816894531,36.41999816894531,132200,USM
2015-04-02,36.220001220703125,37.93000030517578,36.13999938964844,37.38999938964844,37.38999938964844,134500,USM
2015-04-06,37.0099983215332,37.849998474121094,37.0099983215332,37.369998931884766,37.369998931884766,103000,USM
2015-04-07,37.150001525878906,37.84000015258789,37.150001525878906,37.470001220703125,37.470001220703125,88600,USM
2015-04-08,37.45000076293945,37.77000045776367,37.119998931884766,37.54999923706055,37.54999923706055,68000,USM
2015-04-09,37.290000915527344,37.970001220703125,37.279998779296875,37.630001068115234,37.630001068115234,108000,USM
2015-04-10,37.720001220703125,38.22999954223633,37.380001068115234,37.470001220703125,37.470001220703125,69100,USM
2015-04-13,37.34000015258789,37.79999923706055,37.02000045776367,37.060001373291016,37.060001373291016,81900,USM
2015-04-14,37.040000915527344,37.849998474121094,36.810001373291016,37.7599983215332,37.7599983215332,109300,USM
2015-04-15,37.91999816894531,38.04999923706055,37.2599983215332,37.5,37.5,91800,USM
2015-04-16,37.439998626708984,37.61000061035156,36.97999954223633,37.189998626708984,37.189998626708984,55900,USM
2015-04-17,37.0,37.15999984741211,36.4900016784668,36.70000076293945,36.70000076293945,73700,USM
2015-04-20,36.84000015258789,37.33000183105469,36.70000076293945,37.040000915527344,37.040000915527344,53600,USM
2015-04-21,36.970001220703125,37.459999084472656,36.959999084472656,37.130001068115234,37.130001068115234,71000,USM
2015-04-22,37.09000015258789,37.869998931884766,37.0,37.68000030517578,37.68000030517578,82200,USM
2015-04-23,37.369998931884766,38.400001525878906,37.369998931884766,37.810001373291016,37.810001373291016,124900,USM
2015-04-24,37.58000183105469,38.0,37.41999816894531,37.93000030517578,37.93000030517578,88100,USM
2015-04-27,37.7599983215332,38.29999923706055,37.70000076293945,37.900001525878906,37.900001525878906,110200,USM
2015-04-28,37.72999954223633,38.22999954223633,37.72999954223633,38.060001373291016,38.060001373291016,129900,USM
2015-04-29,37.790000915527344,38.11000061035156,37.52000045776367,37.54999923706055,37.54999923706055,122400,USM
2015-04-30,37.59000015258789,37.59000015258789,36.810001373291016,36.93000030517578,36.93000030517578,109900,USM
2015-05-01,38.529998779296875,38.86000061035156,37.720001220703125,37.9900016784668,37.9900016784668,270900,USM
2015-05-04,37.9900016784668,38.45000076293945,37.7599983215332,38.33000183105469,38.33000183105469,274100,USM
2015-05-05,38.16999816894531,38.90999984741211,38.16999816894531,38.79999923706055,38.79999923706055,236400,USM
2015-05-06,38.779998779296875,39.09000015258789,38.2400016784668,38.470001220703125,38.470001220703125,281600,USM
2015-05-07,38.220001220703125,39.619998931884766,38.220001220703125,39.15999984741211,39.15999984741211,166300,USM
2015-05-08,39.5,39.5,38.79999923706055,39.02000045776367,39.02000045776367,125500,USM
2015-05-11,38.88999938964844,39.08000183105469,38.5,38.880001068115234,38.880001068115234,85200,USM
2015-05-12,38.79999923706055,39.709999084472656,38.599998474121094,39.599998474121094,39.599998474121094,115800,USM
2015-05-13,39.61000061035156,39.720001220703125,39.310001373291016,39.38999938964844,39.38999938964844,80000,USM
2015-05-14,39.310001373291016,39.599998474121094,39.119998931884766,39.119998931884766,39.119998931884766,47300,USM
2015-05-15,39.029998779296875,39.77000045776367,39.029998779296875,39.689998626708984,39.689998626708984,73600,USM
2015-05-18,39.7400016784668,39.810001373291016,39.31999969482422,39.400001525878906,39.400001525878906,42200,USM
2015-05-19,39.4900016784668,39.4900016784668,37.88999938964844,38.34000015258789,38.34000015258789,66600,USM
2015-05-20,38.31999969482422,38.95000076293945,38.0,38.86000061035156,38.86000061035156,85900,USM
2015-05-21,38.75,39.20000076293945,38.65999984741211,38.83000183105469,38.83000183105469,50600,USM
2015-05-22,39.2400016784668,39.2400016784668,38.2400016784668,38.650001525878906,38.650001525878906,126700,USM
2015-05-26,38.380001068115234,39.060001373291016,38.22999954223633,38.9900016784668,38.9900016784668,86700,USM
2015-05-27,39.06999969482422,39.900001525878906,38.880001068115234,39.7599983215332,39.7599983215332,70900,USM
2015-05-28,39.619998931884766,39.66999816894531,38.849998474121094,39.0,39.0,145100,USM
2015-05-29,38.91999816894531,39.18000030517578,37.91999816894531,39.099998474121094,39.099998474121094,231200,USM
2015-06-01,39.029998779296875,39.20000076293945,38.25,38.47999954223633,38.47999954223633,105900,USM
2015-06-02,38.29999923706055,38.869998931884766,38.29999923706055,38.790000915527344,38.790000915527344,61700,USM
2015-06-03,38.880001068115234,39.38999938964844,38.58000183105469,39.15999984741211,39.15999984741211,57500,USM
2015-06-04,39.0,39.459999084472656,38.900001525878906,39.060001373291016,39.060001373291016,65200,USM
2015-06-05,39.06999969482422,39.15999984741211,38.29999923706055,39.11000061035156,39.11000061035156,63100,USM
2015-06-08,39.0,39.2400016784668,38.66999816894531,38.880001068115234,38.880001068115234,27900,USM
2015-06-09,38.810001373291016,38.81999969482422,38.33000183105469,38.650001525878906,38.650001525878906,82400,USM
2015-06-10,38.709999084472656,39.5,38.709999084472656,39.0099983215332,39.0099983215332,64300,USM
2015-06-11,38.959999084472656,39.41999816894531,38.959999084472656,39.20000076293945,39.20000076293945,69100,USM
2015-06-12,38.93000030517578,39.34000015258789,38.54999923706055,38.72999954223633,38.72999954223633,120000,USM
2015-06-15,38.2599983215332,38.56999969482422,37.68000030517578,37.77000045776367,37.77000045776367,63000,USM
2015-06-16,37.65999984741211,37.880001068115234,37.380001068115234,37.52000045776367,37.52000045776367,69600,USM
2015-06-17,37.470001220703125,37.810001373291016,37.34000015258789,37.619998931884766,37.619998931884766,77100,USM
2015-06-18,37.540000915527344,38.11000061035156,37.36000061035156,37.84000015258789,37.84000015258789,101700,USM
2015-06-19,37.68000030517578,38.27000045776367,37.38999938964844,37.5,37.5,169900,USM
2015-06-22,37.790000915527344,38.380001068115234,37.599998474121094,38.2599983215332,38.2599983215332,60400,USM
2015-06-23,38.25,38.84000015258789,38.25,38.70000076293945,38.70000076293945,53600,USM
2015-06-24,38.599998474121094,38.790000915527344,38.380001068115234,38.56999969482422,38.56999969482422,48800,USM
2015-06-25,38.810001373291016,38.84000015258789,38.2599983215332,38.439998626708984,38.439998626708984,55400,USM
2015-06-26,38.40999984741211,38.779998779296875,38.31999969482422,38.630001068115234,38.630001068115234,64600,USM
2015-06-29,38.29999923706055,38.68000030517578,37.4900016784668,37.560001373291016,37.560001373291016,41800,USM
2015-06-30,37.7599983215332,37.83000183105469,37.150001525878906,37.66999816894531,37.66999816894531,90900,USM
2015-07-01,37.91999816894531,38.36000061035156,37.7599983215332,38.36000061035156,38.36000061035156,61800,USM
2015-07-02,38.36000061035156,38.63999938964844,38.0099983215332,38.459999084472656,38.459999084472656,65900,USM
2015-07-06,38.029998779296875,38.4900016784668,37.93000030517578,38.459999084472656,38.459999084472656,86900,USM
2015-07-07,38.54999923706055,38.59000015258789,36.84000015258789,37.84000015258789,37.84000015258789,78500,USM
2015-07-08,37.650001525878906,37.650001525878906,36.790000915527344,37.02000045776367,37.02000045776367,43400,USM
2015-07-09,37.5,37.529998779296875,36.68000030517578,36.75,36.75,45300,USM
2015-07-10,37.060001373291016,37.34000015258789,36.63999938964844,37.029998779296875,37.029998779296875,41800,USM
2015-07-13,37.310001373291016,37.439998626708984,36.81999969482422,37.40999984741211,37.40999984741211,60300,USM
2015-07-14,37.2599983215332,37.9900016784668,37.06999969482422,37.709999084472656,37.709999084472656,54300,USM
2015-07-15,37.650001525878906,37.810001373291016,37.189998626708984,37.41999816894531,37.41999816894531,52300,USM
2015-07-16,37.65999984741211,37.7400016784668,36.689998626708984,37.25,37.25,109900,USM
2015-07-17,37.189998626708984,37.220001220703125,36.54999923706055,36.880001068115234,36.880001068115234,34500,USM
2015-07-20,36.84000015258789,36.84000015258789,35.97999954223633,36.43000030517578,36.43000030517578,71800,USM
2015-07-21,36.349998474121094,36.43000030517578,35.79999923706055,35.869998931884766,35.869998931884766,54300,USM
2015-07-22,35.630001068115234,35.939998626708984,35.290000915527344,35.380001068115234,35.380001068115234,45400,USM
2015-07-23,35.349998474121094,35.56999969482422,35.040000915527344,35.36000061035156,35.36000061035156,44800,USM
2015-07-24,35.529998779296875,35.56999969482422,34.93000030517578,35.09000015258789,35.09000015258789,69900,USM
2015-07-27,34.790000915527344,35.06999969482422,34.27000045776367,34.41999816894531,34.41999816894531,54000,USM
2015-07-28,34.650001525878906,34.95000076293945,34.31999969482422,34.439998626708984,34.439998626708984,83200,USM
2015-07-29,34.599998474121094,35.459999084472656,34.5099983215332,35.02000045776367,35.02000045776367,65700,USM
2015-07-30,34.939998626708984,35.61000061035156,34.86000061035156,35.310001373291016,35.310001373291016,94000,USM
2015-07-31,38.0,38.5,36.54999923706055,37.220001220703125,37.220001220703125,170000,USM
2015-08-03,37.36000061035156,38.720001220703125,37.29999923706055,38.279998779296875,38.279998779296875,109900,USM
2015-08-04,38.209999084472656,38.95000076293945,37.619998931884766,38.04999923706055,38.04999923706055,78600,USM
2015-08-05,38.16999816894531,38.65999984741211,37.15999984741211,37.900001525878906,37.900001525878906,82700,USM
2015-08-06,37.849998474121094,37.88999938964844,37.130001068115234,37.779998779296875,37.779998779296875,48200,USM
2015-08-07,37.65999984741211,38.220001220703125,37.20000076293945,37.720001220703125,37.720001220703125,48100,USM
2015-08-10,38.0099983215332,38.790000915527344,37.849998474121094,38.40999984741211,38.40999984741211,77300,USM
2015-08-11,38.15999984741211,38.869998931884766,37.970001220703125,38.650001525878906,38.650001525878906,52800,USM
2015-08-12,38.310001373291016,38.5099983215332,36.77000045776367,37.93000030517578,37.93000030517578,83300,USM
2015-08-13,37.849998474121094,38.56999969482422,37.66999816894531,38.2400016784668,38.2400016784668,78300,USM
2015-08-14,38.25,38.900001525878906,37.81999969482422,38.79999923706055,38.79999923706055,33400,USM
2015-08-17,38.54999923706055,39.5,38.349998474121094,39.04999923706055,39.04999923706055,45300,USM
2015-08-18,39.150001525878906,39.38999938964844,38.63999938964844,39.029998779296875,39.029998779296875,32500,USM
2015-08-19,38.70000076293945,39.22999954223633,38.209999084472656,38.970001220703125,38.970001220703125,29700,USM
2015-08-20,38.790000915527344,39.119998931884766,37.90999984741211,37.95000076293945,37.95000076293945,70900,USM
2015-08-21,37.7400016784668,38.220001220703125,37.43000030517578,37.59000015258789,37.59000015258789,47700,USM
2015-08-24,35.959999084472656,37.45000076293945,35.06999969482422,35.810001373291016,35.810001373291016,58700,USM
2015-08-25,36.459999084472656,36.459999084472656,34.83000183105469,34.93000030517578,34.93000030517578,105200,USM
2015-08-26,35.349998474121094,36.08000183105469,34.95000076293945,35.880001068115234,35.880001068115234,76700,USM
2015-08-27,36.13999938964844,37.13999938964844,35.7400016784668,36.959999084472656,36.959999084472656,67300,USM
2015-08-28,36.959999084472656,37.459999084472656,36.68000030517578,36.9900016784668,36.9900016784668,65200,USM
2015-08-31,36.91999816894531,37.52000045776367,36.720001220703125,36.91999816894531,36.91999816894531,110700,USM
2015-09-01,36.279998779296875,36.84000015258789,35.7599983215332,35.84000015258789,35.84000015258789,71800,USM
2015-09-02,36.18000030517578,36.18000030517578,35.02000045776367,35.7400016784668,35.7400016784668,102800,USM
2015-09-03,35.90999984741211,36.31999969482422,35.65999984741211,35.9900016784668,35.9900016784668,50200,USM
2015-09-04,35.5099983215332,36.130001068115234,35.5099983215332,35.81999969482422,35.81999969482422,47200,USM
2015-09-08,36.11000061035156,36.91999816894531,35.93000030517578,36.68000030517578,36.68000030517578,77200,USM
2015-09-09,37.04999923706055,37.04999923706055,35.63999938964844,35.72999954223633,35.72999954223633,53700,USM
2015-09-10,35.459999084472656,35.790000915527344,35.0099983215332,35.25,35.25,78000,USM
2015-09-11,35.130001068115234,35.25,34.810001373291016,35.220001220703125,35.220001220703125,81000,USM
2015-09-14,35.18000030517578,35.470001220703125,34.95000076293945,35.130001068115234,35.130001068115234,64700,USM
2015-09-15,35.220001220703125,35.47999954223633,35.099998474121094,35.150001525878906,35.150001525878906,69300,USM
2015-09-16,35.38999938964844,36.650001525878906,35.099998474121094,35.939998626708984,35.939998626708984,85700,USM
2015-09-17,35.88999938964844,36.43000030517578,35.52000045776367,35.70000076293945,35.70000076293945,50200,USM
2015-09-18,35.380001068115234,35.709999084472656,35.119998931884766,35.5099983215332,35.5099983215332,100200,USM
2015-09-21,35.880001068115234,36.970001220703125,35.709999084472656,36.41999816894531,36.41999816894531,50800,USM
2015-09-22,36.04999923706055,36.130001068115234,35.33000183105469,35.33000183105469,35.33000183105469,88000,USM
2015-09-23,35.5099983215332,36.20000076293945,35.310001373291016,35.619998931884766,35.619998931884766,58700,USM
2015-09-24,35.40999984741211,35.689998626708984,35.310001373291016,35.349998474121094,35.349998474121094,47900,USM
2015-09-25,35.599998474121094,35.66999816894531,35.04999923706055,35.13999938964844,35.13999938964844,69500,USM
2015-09-28,35.09000015258789,35.290000915527344,34.54999923706055,34.7599983215332,34.7599983215332,122700,USM
2015-09-29,35.02000045776367,35.2400016784668,34.599998474121094,34.9900016784668,34.9900016784668,105700,USM
2015-09-30,35.099998474121094,35.47999954223633,34.77000045776367,35.43000030517578,35.43000030517578,109800,USM
2015-10-01,35.349998474121094,35.61000061035156,34.59000015258789,35.16999816894531,35.16999816894531,86200,USM
2015-10-02,34.7599983215332,35.459999084472656,34.41999816894531,35.43000030517578,35.43000030517578,109400,USM
2015-10-05,35.650001525878906,36.70000076293945,35.43000030517578,36.58000183105469,36.58000183105469,66000,USM
2015-10-06,36.439998626708984,36.869998931884766,36.31999969482422,36.4900016784668,36.4900016784668,65100,USM
2015-10-07,36.779998779296875,37.279998779296875,36.63999938964844,37.119998931884766,37.119998931884766,125400,USM
2015-10-08,37.02000045776367,37.959999084472656,36.880001068115234,37.880001068115234,37.880001068115234,84600,USM
2015-10-09,37.75,38.0099983215332,36.959999084472656,37.189998626708984,37.189998626708984,61400,USM
2015-10-12,37.25,37.619998931884766,36.880001068115234,37.529998779296875,37.529998779296875,73700,USM
2015-10-13,37.36000061035156,37.810001373291016,37.189998626708984,37.36000061035156,37.36000061035156,40900,USM
2015-10-14,37.41999816894531,37.54999923706055,36.63999938964844,36.86000061035156,36.86000061035156,61300,USM
2015-10-15,37.08000183105469,37.2400016784668,36.720001220703125,37.11000061035156,37.11000061035156,48000,USM
2015-10-16,37.20000076293945,37.619998931884766,36.88999938964844,37.16999816894531,37.16999816894531,100700,USM
2015-10-19,37.08000183105469,37.59000015258789,37.060001373291016,37.529998779296875,37.529998779296875,33000,USM
2015-10-20,37.4900016784668,37.63999938964844,37.369998931884766,37.4900016784668,37.4900016784668,54600,USM
2015-10-21,37.70000076293945,37.810001373291016,36.880001068115234,37.029998779296875,37.029998779296875,50300,USM
2015-10-22,37.31999969482422,37.70000076293945,37.209999084472656,37.540000915527344,37.540000915527344,45700,USM
2015-10-23,37.95000076293945,38.13999938964844,37.56999969482422,37.65999984741211,37.65999984741211,62300,USM
2015-10-26,37.7400016784668,38.04999923706055,37.59000015258789,37.95000076293945,37.95000076293945,35700,USM
2015-10-27,37.869998931884766,37.939998626708984,37.130001068115234,37.36000061035156,37.36000061035156,80800,USM
2015-10-28,37.56999969482422,38.470001220703125,37.4900016784668,38.400001525878906,38.400001525878906,61000,USM
2015-10-29,38.16999816894531,38.31999969482422,37.880001068115234,38.04999923706055,38.04999923706055,71100,USM
2015-10-30,38.779998779296875,40.970001220703125,38.779998779296875,40.7400016784668,40.7400016784668,170800,USM
2015-11-02,40.81999969482422,43.4900016784668,40.619998931884766,43.36000061035156,43.36000061035156,185200,USM
2015-11-03,43.279998779296875,43.290000915527344,41.939998626708984,42.119998931884766,42.119998931884766,144500,USM
2015-11-04,42.290000915527344,42.72999954223633,42.060001373291016,42.33000183105469,42.33000183105469,71000,USM
2015-11-05,42.15999984741211,42.95000076293945,42.15999984741211,42.689998626708984,42.689998626708984,103900,USM
2015-11-06,42.68000030517578,42.68000030517578,41.75,42.22999954223633,42.22999954223633,46100,USM
2015-11-09,42.029998779296875,42.310001373291016,41.7599983215332,42.06999969482422,42.06999969482422,71100,USM
2015-11-10,42.08000183105469,42.08000183105469,41.2400016784668,41.279998779296875,41.279998779296875,57600,USM
2015-11-11,41.52000045776367,41.58000183105469,40.95000076293945,41.130001068115234,41.130001068115234,46600,USM
2015-11-12,40.97999954223633,40.97999954223633,40.2599983215332,40.34000015258789,40.34000015258789,70800,USM
2015-11-13,40.11000061035156,40.52000045776367,40.08000183105469,40.31999969482422,40.31999969482422,42200,USM
2015-11-16,40.34000015258789,40.88999938964844,39.790000915527344,40.88999938964844,40.88999938964844,56400,USM
2015-11-17,40.88999938964844,41.529998779296875,40.88999938964844,41.27000045776367,41.27000045776367,49700,USM
2015-11-18,41.5099983215332,42.380001068115234,41.29999923706055,42.33000183105469,42.33000183105469,58500,USM
2015-11-19,42.380001068115234,42.650001525878906,42.04999923706055,42.529998779296875,42.529998779296875,43700,USM
2015-11-20,42.529998779296875,42.599998474121094,41.77000045776367,42.16999816894531,42.16999816894531,35600,USM
2015-11-23,42.189998626708984,42.40999984741211,41.900001525878906,42.02000045776367,42.02000045776367,46200,USM
2015-11-24,41.790000915527344,41.90999984741211,41.31999969482422,41.790000915527344,41.790000915527344,57900,USM
2015-11-25,41.86000061035156,41.869998931884766,41.310001373291016,41.63999938964844,41.63999938964844,31700,USM
2015-11-27,41.650001525878906,42.04999923706055,41.5,41.88999938964844,41.88999938964844,20500,USM
2015-11-30,41.63999938964844,41.88999938964844,41.06999969482422,41.689998626708984,41.689998626708984,67000,USM
2015-12-01,41.7599983215332,41.88999938964844,41.09000015258789,41.560001373291016,41.560001373291016,55200,USM
2015-12-02,41.5099983215332,41.59000015258789,40.779998779296875,40.9900016784668,40.9900016784668,31900,USM
2015-12-03,41.15999984741211,41.27000045776367,40.41999816894531,40.970001220703125,40.970001220703125,51500,USM
2015-12-04,40.88999938964844,41.619998931884766,40.88999938964844,41.189998626708984,41.189998626708984,53300,USM
2015-12-07,41.22999954223633,41.650001525878906,40.75,41.4900016784668,41.4900016784668,68100,USM
2015-12-08,41.189998626708984,42.310001373291016,41.13999938964844,42.130001068115234,42.130001068115234,97900,USM
2015-12-09,41.95000076293945,42.41999816894531,41.060001373291016,41.31999969482422,41.31999969482422,94200,USM
2015-12-10,41.52000045776367,41.52000045776367,40.650001525878906,40.790000915527344,40.790000915527344,80500,USM
2015-12-11,40.5099983215332,40.90999984741211,39.81999969482422,40.04999923706055,40.04999923706055,44600,USM
2015-12-14,39.91999816894531,40.310001373291016,39.290000915527344,40.16999816894531,40.16999816894531,100400,USM
2015-12-15,40.439998626708984,40.630001068115234,39.939998626708984,40.119998931884766,40.119998931884766,66700,USM
2015-12-16,40.5099983215332,41.040000915527344,39.970001220703125,40.95000076293945,40.95000076293945,56000,USM
2015-12-17,41.11000061035156,41.13999938964844,40.15999984741211,40.52000045776367,40.52000045776367,61300,USM
2015-12-18,40.290000915527344,40.290000915527344,39.11000061035156,39.540000915527344,39.540000915527344,178300,USM
2015-12-21,39.54999923706055,40.43000030517578,39.11000061035156,40.310001373291016,40.310001373291016,59200,USM
2015-12-22,40.560001373291016,41.04999923706055,40.220001220703125,41.02000045776367,41.02000045776367,42700,USM
2015-12-23,41.22999954223633,41.70000076293945,40.95000076293945,41.61000061035156,41.61000061035156,53400,USM
2015-12-24,41.709999084472656,41.77000045776367,41.09000015258789,41.27000045776367,41.27000045776367,18500,USM
2015-12-28,41.099998474121094,41.599998474121094,40.72999954223633,41.529998779296875,41.529998779296875,35000,USM
2015-12-29,41.75,41.9900016784668,41.189998626708984,41.54999923706055,41.54999923706055,41500,USM
2015-12-30,41.58000183105469,41.7599983215332,40.939998626708984,40.939998626708984,40.939998626708984,46300,USM
2015-12-31,40.77000045776367,41.459999084472656,40.70000076293945,40.810001373291016,40.810001373291016,38600,USM
2016-01-04,40.02000045776367,40.02000045776367,38.290000915527344,38.72999954223633,38.72999954223633,158600,USM
2016-01-05,38.58000183105469,38.70000076293945,37.400001525878906,38.130001068115234,38.130001068115234,122900,USM
2016-01-06,37.66999816894531,38.060001373291016,37.400001525878906,37.5,37.5,82400,USM
2016-01-07,37.099998474121094,37.459999084472656,36.869998931884766,37.2599983215332,37.2599983215332,60800,USM
2016-01-08,37.540000915527344,37.869998931884766,36.959999084472656,37.43000030517578,37.43000030517578,52600,USM
2016-01-11,37.5,38.27000045776367,37.22999954223633,37.650001525878906,37.650001525878906,48600,USM
2016-01-12,38.029998779296875,38.790000915527344,36.36000061035156,36.90999984741211,36.90999984741211,102600,USM
2016-01-13,37.220001220703125,37.38999938964844,36.02000045776367,36.150001525878906,36.150001525878906,96600,USM
2016-01-14,36.290000915527344,36.7400016784668,35.5,36.380001068115234,36.380001068115234,125000,USM
2016-01-15,35.709999084472656,36.06999969482422,34.75,35.060001373291016,35.060001373291016,72300,USM
2016-01-19,35.529998779296875,35.81999969482422,34.93000030517578,35.619998931884766,35.619998931884766,109300,USM
2016-01-20,34.90999984741211,35.209999084472656,34.060001373291016,34.93000030517578,34.93000030517578,140200,USM
2016-01-21,35.02000045776367,35.2599983215332,34.31999969482422,34.439998626708984,34.439998626708984,140500,USM
2016-01-22,37.849998474121094,37.849998474121094,34.650001525878906,35.459999084472656,35.459999084472656,62700,USM
2016-01-25,35.45000076293945,36.650001525878906,35.220001220703125,35.689998626708984,35.689998626708984,86600,USM
2016-01-26,36.040000915527344,37.11000061035156,35.86000061035156,36.650001525878906,36.650001525878906,127800,USM
2016-01-27,36.689998626708984,37.66999816894531,36.34000015258789,37.04999923706055,37.04999923706055,113500,USM
2016-01-28,37.22999954223633,37.36000061035156,36.75,36.849998474121094,36.849998474121094,65200,USM
2016-01-29,37.18000030517578,37.720001220703125,36.939998626708984,37.63999938964844,37.63999938964844,69000,USM
2016-02-01,37.560001373291016,37.70000076293945,37.29999923706055,37.66999816894531,37.66999816894531,59800,USM
2016-02-02,37.33000183105469,37.470001220703125,36.63999938964844,36.90999984741211,36.90999984741211,59700,USM
2016-02-03,37.2400016784668,38.15999984741211,37.119998931884766,37.560001373291016,37.560001373291016,123000,USM
2016-02-04,37.47999954223633,38.439998626708984,37.47999954223633,37.779998779296875,37.779998779296875,64100,USM
2016-02-05,37.650001525878906,38.4900016784668,37.540000915527344,37.75,37.75,93700,USM
2016-02-08,37.36000061035156,37.36000061035156,35.95000076293945,36.25,36.25,74000,USM
2016-02-09,35.900001525878906,36.369998931884766,35.31999969482422,36.189998626708984,36.189998626708984,41300,USM
2016-02-10,36.18000030517578,36.63999938964844,35.77000045776367,36.18000030517578,36.18000030517578,32100,USM
2016-02-11,35.5099983215332,36.349998474121094,34.70000076293945,36.15999984741211,36.15999984741211,56300,USM
2016-02-12,36.400001525878906,37.16999816894531,35.81999969482422,36.91999816894531,36.91999816894531,51300,USM
2016-02-16,37.0099983215332,37.349998474121094,35.83000183105469,36.7400016784668,36.7400016784668,76300,USM
2016-02-17,36.83000183105469,37.25,36.7400016784668,36.90999984741211,36.90999984741211,77400,USM
2016-02-18,37.02000045776367,37.58000183105469,36.720001220703125,37.04999923706055,37.04999923706055,69000,USM
2016-02-19,36.93000030517578,37.25,32.720001220703125,35.279998779296875,35.279998779296875,282800,USM
2016-02-22,35.68000030517578,37.0,34.619998931884766,35.880001068115234,35.880001068115234,101900,USM
2016-02-23,35.9900016784668,37.68000030517578,35.93000030517578,37.25,37.25,144300,USM
2016-02-24,37.060001373291016,39.95000076293945,37.0099983215332,39.86000061035156,39.86000061035156,146700,USM
2016-02-25,39.970001220703125,41.04999923706055,39.90999984741211,40.709999084472656,40.709999084472656,116500,USM
2016-02-26,40.709999084472656,40.709999084472656,39.54999923706055,40.33000183105469,40.33000183105469,172700,USM
2016-02-29,40.33000183105469,41.4900016784668,40.33000183105469,41.400001525878906,41.400001525878906,116300,USM
2016-03-01,41.20000076293945,41.529998779296875,40.56999969482422,41.529998779296875,41.529998779296875,90200,USM
2016-03-02,41.459999084472656,41.4900016784668,37.709999084472656,39.86000061035156,39.86000061035156,293400,USM
2016-03-03,39.91999816894531,41.060001373291016,39.83000183105469,40.90999984741211,40.90999984741211,72200,USM
2016-03-04,41.18000030517578,41.79999923706055,40.959999084472656,41.63999938964844,41.63999938964844,71300,USM
2016-03-07,41.54999923706055,42.279998779296875,41.18000030517578,42.029998779296875,42.029998779296875,90200,USM
2016-03-08,41.72999954223633,42.09000015258789,41.029998779296875,41.90999984741211,41.90999984741211,84000,USM
2016-03-09,42.0,42.0,40.93000030517578,40.9900016784668,40.9900016784668,41300,USM
2016-03-10,41.06999969482422,41.439998626708984,40.45000076293945,41.310001373291016,41.310001373291016,48500,USM
2016-03-11,41.4900016784668,41.939998626708984,41.11000061035156,41.5099983215332,41.5099983215332,51300,USM
2016-03-14,41.27000045776367,41.650001525878906,40.75,41.630001068115234,41.630001068115234,67600,USM
2016-03-15,41.4900016784668,41.97999954223633,41.34000015258789,41.779998779296875,41.779998779296875,52800,USM
2016-03-16,41.83000183105469,41.970001220703125,40.880001068115234,41.400001525878906,41.400001525878906,57300,USM
2016-03-17,41.38999938964844,42.43000030517578,41.220001220703125,42.290000915527344,42.290000915527344,71600,USM
2016-03-18,42.45000076293945,42.4900016784668,41.63999938964844,41.95000076293945,41.95000076293945,135900,USM
2016-03-21,41.959999084472656,42.52000045776367,41.279998779296875,42.439998626708984,42.439998626708984,74800,USM
2016-03-22,42.380001068115234,42.86000061035156,42.18000030517578,42.439998626708984,42.439998626708984,59900,USM
2016-03-23,42.439998626708984,42.5099983215332,41.790000915527344,42.0099983215332,42.0099983215332,69300,USM
2016-03-24,41.849998474121094,42.38999938964844,41.290000915527344,42.33000183105469,42.33000183105469,36600,USM
2016-03-28,42.560001373291016,43.560001373291016,42.29999923706055,43.25,43.25,69800,USM
2016-03-29,43.0,44.06999969482422,42.61000061035156,44.0,44.0,70200,USM
2016-03-30,44.0,44.470001220703125,43.369998931884766,44.0,44.0,91400,USM
2016-03-31,44.11000061035156,45.79999923706055,44.11000061035156,45.689998626708984,45.689998626708984,239900,USM
2016-04-01,45.400001525878906,45.869998931884766,44.209999084472656,45.869998931884766,45.869998931884766,190500,USM
2016-04-04,45.5,45.5,43.900001525878906,44.86000061035156,44.86000061035156,162900,USM
2016-04-05,44.7599983215332,45.31999969482422,43.25,43.66999816894531,43.66999816894531,141800,USM
2016-04-06,43.880001068115234,43.880001068115234,42.93000030517578,43.209999084472656,43.209999084472656,104000,USM
2016-04-07,42.81999969482422,43.369998931884766,42.81999969482422,42.90999984741211,42.90999984741211,149300,USM
2016-04-08,43.0099983215332,43.380001068115234,42.630001068115234,42.849998474121094,42.849998474121094,91000,USM
2016-04-11,42.79999923706055,43.31999969482422,42.79999923706055,43.0099983215332,43.0099983215332,54900,USM
2016-04-12,42.83000183105469,43.52000045776367,42.81999969482422,43.06999969482422,43.06999969482422,60700,USM
2016-04-13,43.40999984741211,43.4900016784668,42.279998779296875,42.779998779296875,42.779998779296875,55900,USM
2016-04-14,42.810001373291016,42.849998474121094,42.470001220703125,42.619998931884766,42.619998931884766,55600,USM
2016-04-15,42.41999816894531,43.33000183105469,42.41999816894531,43.06999969482422,43.06999969482422,70400,USM
2016-04-18,42.869998931884766,43.099998474121094,42.560001373291016,43.02000045776367,43.02000045776367,71200,USM
2016-04-19,42.880001068115234,43.4900016784668,42.689998626708984,43.09000015258789,43.09000015258789,96200,USM
2016-04-20,42.849998474121094,43.75,42.20000076293945,42.959999084472656,42.959999084472656,77000,USM
2016-04-21,42.84000015258789,42.84000015258789,41.88999938964844,42.220001220703125,42.220001220703125,66700,USM
2016-04-22,42.40999984741211,42.97999954223633,41.59000015258789,42.47999954223633,42.47999954223633,50800,USM
2016-04-25,42.84000015258789,42.84000015258789,42.130001068115234,42.72999954223633,42.72999954223633,58700,USM
2016-04-26,42.599998474121094,42.970001220703125,42.5,42.70000076293945,42.70000076293945,64500,USM
2016-04-27,42.79999923706055,43.25,42.45000076293945,42.779998779296875,42.779998779296875,60800,USM
2016-04-28,42.790000915527344,43.130001068115234,42.31999969482422,42.4900016784668,42.4900016784668,62300,USM
2016-04-29,42.470001220703125,42.83000183105469,41.79999923706055,42.63999938964844,42.63999938964844,71700,USM
2016-05-02,42.52000045776367,43.90999984741211,42.2599983215332,43.66999816894531,43.66999816894531,101000,USM
2016-05-03,43.130001068115234,43.630001068115234,42.70000076293945,43.400001525878906,43.400001525878906,74400,USM
2016-05-04,43.290000915527344,43.290000915527344,42.38999938964844,42.7599983215332,42.7599983215332,50100,USM
2016-05-05,42.95000076293945,42.95000076293945,42.099998474121094,42.720001220703125,42.720001220703125,88000,USM
2016-05-06,40.33000183105469,40.34000015258789,35.65999984741211,37.52000045776367,37.52000045776367,236800,USM
2016-05-09,37.040000915527344,39.45000076293945,36.61000061035156,38.220001220703125,38.220001220703125,141300,USM
2016-05-10,38.15999984741211,39.220001220703125,38.040000915527344,38.560001373291016,38.560001373291016,170200,USM
2016-05-11,38.689998626708984,39.119998931884766,38.599998474121094,38.83000183105469,38.83000183105469,80200,USM
2016-05-12,38.810001373291016,39.08000183105469,38.09000015258789,38.290000915527344,38.290000915527344,65900,USM
2016-05-13,38.16999816894531,38.540000915527344,37.68000030517578,37.79999923706055,37.79999923706055,49300,USM
2016-05-16,37.72999954223633,38.0,36.939998626708984,37.459999084472656,37.459999084472656,66300,USM
2016-05-17,37.4900016784668,37.810001373291016,36.560001373291016,36.72999954223633,36.72999954223633,69200,USM
2016-05-18,36.619998931884766,37.09000015258789,36.25,36.470001220703125,36.470001220703125,58300,USM
2016-05-19,36.349998474121094,36.540000915527344,35.939998626708984,36.41999816894531,36.41999816894531,56700,USM
2016-05-20,36.59000015258789,36.880001068115234,35.900001525878906,36.36000061035156,36.36000061035156,73500,USM
2016-05-23,35.79999923706055,36.959999084472656,35.70000076293945,36.459999084472656,36.459999084472656,61500,USM
2016-05-24,36.630001068115234,36.72999954223633,35.83000183105469,36.27000045776367,36.27000045776367,72400,USM
2016-05-25,36.560001373291016,37.209999084472656,36.209999084472656,36.90999984741211,36.90999984741211,87700,USM
2016-05-26,36.90999984741211,37.849998474121094,36.0,37.7400016784668,37.7400016784668,99300,USM
2016-05-27,37.61000061035156,38.11000061035156,37.61000061035156,37.630001068115234,37.630001068115234,83600,USM
2016-05-31,37.970001220703125,38.27000045776367,37.349998474121094,37.779998779296875,37.779998779296875,117700,USM
2016-06-01,37.619998931884766,37.790000915527344,36.619998931884766,37.18000030517578,37.18000030517578,93600,USM
2016-06-02,37.060001373291016,37.560001373291016,36.15999984741211,37.5,37.5,68500,USM
2016-06-03,37.5,37.70000076293945,37.0,37.61000061035156,37.61000061035156,91800,USM
2016-06-06,37.599998474121094,38.459999084472656,37.2400016784668,37.970001220703125,37.970001220703125,58200,USM
2016-06-07,38.189998626708984,38.72999954223633,37.400001525878906,38.439998626708984,38.439998626708984,53300,USM
2016-06-08,38.400001525878906,38.97999954223633,37.869998931884766,38.150001525878906,38.150001525878906,105900,USM
2016-06-09,38.27000045776367,38.869998931884766,37.5,37.90999984741211,37.90999984741211,116400,USM
2016-06-10,37.83000183105469,37.880001068115234,36.849998474121094,36.90999984741211,36.90999984741211,74600,USM
2016-06-13,36.900001525878906,37.349998474121094,36.400001525878906,37.16999816894531,37.16999816894531,97400,USM
2016-06-14,37.09000015258789,38.0,37.09000015258789,37.66999816894531,37.66999816894531,66400,USM
2016-06-15,37.91999816894531,38.279998779296875,37.5,37.56999969482422,37.56999969482422,58800,USM
2016-06-16,37.7400016784668,38.02000045776367,37.09000015258789,37.959999084472656,37.959999084472656,133200,USM
2016-06-17,37.7400016784668,37.93000030517578,37.22999954223633,37.7400016784668,37.7400016784668,235800,USM
2016-06-20,38.0,38.61000061035156,37.040000915527344,38.09000015258789,38.09000015258789,79300,USM
2016-06-21,38.33000183105469,39.11000061035156,37.83000183105469,38.900001525878906,38.900001525878906,87600,USM
2016-06-22,38.91999816894531,39.470001220703125,38.099998474121094,38.22999954223633,38.22999954223633,65000,USM
2016-06-23,38.2599983215332,39.310001373291016,38.2599983215332,39.119998931884766,39.119998931884766,55500,USM
2016-06-24,37.599998474121094,38.90999984741211,37.279998779296875,37.56999969482422,37.56999969482422,128200,USM
2016-06-27,37.16999816894531,37.65999984741211,36.720001220703125,37.02000045776367,37.02000045776367,59800,USM
2016-06-28,37.369998931884766,38.0099983215332,37.369998931884766,37.81999969482422,37.81999969482422,47700,USM
2016-06-29,38.0,38.459999084472656,38.0,38.33000183105469,38.33000183105469,103500,USM
2016-06-30,38.27000045776367,39.310001373291016,38.040000915527344,39.27000045776367,39.27000045776367,57900,USM
2016-07-01,39.25,39.529998779296875,38.130001068115234,39.47999954223633,39.47999954223633,66500,USM
2016-07-05,39.15999984741211,39.27000045776367,38.52000045776367,38.84000015258789,38.84000015258789,58000,USM
2016-07-06,38.65999984741211,38.790000915527344,38.13999938964844,38.43000030517578,38.43000030517578,90400,USM
2016-07-07,38.369998931884766,38.9900016784668,38.25,38.439998626708984,38.439998626708984,53100,USM
2016-07-08,38.70000076293945,39.38999938964844,38.38999938964844,39.369998931884766,39.369998931884766,63600,USM
2016-07-11,39.369998931884766,39.970001220703125,39.09000015258789,39.970001220703125,39.970001220703125,103200,USM
2016-07-12,40.0,40.959999084472656,40.0,40.63999938964844,40.63999938964844,73200,USM
2016-07-13,40.439998626708984,41.65999984741211,40.31999969482422,41.08000183105469,41.08000183105469,54300,USM
2016-07-14,41.25,41.650001525878906,41.09000015258789,41.2599983215332,41.2599983215332,53900,USM
2016-07-15,41.20000076293945,41.459999084472656,41.06999969482422,41.380001068115234,41.380001068115234,47300,USM
2016-07-18,41.209999084472656,41.209999084472656,40.27000045776367,40.720001220703125,40.720001220703125,37700,USM
2016-07-19,40.4900016784668,40.9900016784668,40.119998931884766,40.20000076293945,40.20000076293945,58000,USM
2016-07-20,40.290000915527344,40.41999816894531,39.939998626708984,40.349998474121094,40.349998474121094,45300,USM
2016-07-21,40.18000030517578,41.0,39.31999969482422,39.56999969482422,39.56999969482422,121100,USM
2016-07-22,39.63999938964844,41.2599983215332,39.63999938964844,41.04999923706055,41.04999923706055,59800,USM
2016-07-25,40.91999816894531,41.599998474121094,40.90999984741211,41.040000915527344,41.040000915527344,41000,USM
2016-07-26,40.869998931884766,41.15999984741211,40.540000915527344,40.650001525878906,40.650001525878906,34700,USM
2016-07-27,40.720001220703125,41.72999954223633,40.099998474121094,40.2599983215332,40.2599983215332,80100,USM
2016-07-28,40.290000915527344,40.290000915527344,39.66999816894531,40.15999984741211,40.15999984741211,41400,USM
2016-07-29,40.119998931884766,40.470001220703125,39.65999984741211,40.45000076293945,40.45000076293945,111300,USM
2016-08-01,40.34000015258789,40.38999938964844,39.560001373291016,39.90999984741211,39.90999984741211,63000,USM
2016-08-02,39.65999984741211,39.65999984741211,38.81999969482422,39.20000076293945,39.20000076293945,62800,USM
2016-08-03,39.06999969482422,39.5099983215332,38.849998474121094,39.439998626708984,39.439998626708984,61700,USM
2016-08-04,39.45000076293945,39.459999084472656,38.880001068115234,39.290000915527344,39.290000915527344,67900,USM
2016-08-05,39.650001525878906,41.68000030517578,39.459999084472656,40.130001068115234,40.130001068115234,62000,USM
2016-08-08,39.91999816894531,40.040000915527344,39.029998779296875,39.369998931884766,39.369998931884766,73800,USM
2016-08-09,39.59000015258789,39.7400016784668,39.2400016784668,39.56999969482422,39.56999969482422,79900,USM
2016-08-10,39.41999816894531,39.70000076293945,39.06999969482422,39.599998474121094,39.599998474121094,91600,USM
2016-08-11,39.810001373291016,39.810001373291016,39.11000061035156,39.31999969482422,39.31999969482422,59100,USM
2016-08-12,39.310001373291016,39.310001373291016,38.529998779296875,38.7400016784668,38.7400016784668,60300,USM
2016-08-15,38.689998626708984,39.400001525878906,38.52000045776367,38.75,38.75,70000,USM
2016-08-16,38.61000061035156,38.779998779296875,38.02000045776367,38.02000045776367,38.02000045776367,66800,USM
2016-08-17,38.209999084472656,38.209999084472656,37.47999954223633,38.06999969482422,38.06999969482422,110700,USM
2016-08-18,37.95000076293945,38.380001068115234,37.68000030517578,38.27000045776367,38.27000045776367,64900,USM
2016-08-19,38.0099983215332,38.06999969482422,37.38999938964844,37.900001525878906,37.900001525878906,60800,USM
2016-08-22,37.400001525878906,38.27000045776367,37.220001220703125,37.52000045776367,37.52000045776367,41000,USM
2016-08-23,37.61000061035156,38.31999969482422,37.61000061035156,37.689998626708984,37.689998626708984,52700,USM
2016-08-24,37.79999923706055,37.939998626708984,37.349998474121094,37.470001220703125,37.470001220703125,117900,USM
2016-08-25,37.5099983215332,38.29999923706055,37.400001525878906,38.0,38.0,162500,USM
2016-08-26,38.08000183105469,38.29999923706055,37.189998626708984,37.2599983215332,37.2599983215332,46300,USM
2016-08-29,37.11000061035156,37.77000045776367,37.11000061035156,37.650001525878906,37.650001525878906,129600,USM
2016-08-30,37.81999969482422,37.939998626708984,37.290000915527344,37.38999938964844,37.38999938964844,38400,USM
2016-08-31,37.540000915527344,37.540000915527344,36.970001220703125,37.220001220703125,37.220001220703125,69300,USM
2016-09-01,37.2400016784668,37.58000183105469,36.33000183105469,37.130001068115234,37.130001068115234,109600,USM
2016-09-02,37.18000030517578,37.81999969482422,37.130001068115234,37.59000015258789,37.59000015258789,51100,USM
2016-09-06,37.540000915527344,37.599998474121094,37.209999084472656,37.27000045776367,37.27000045776367,40600,USM
2016-09-07,37.279998779296875,38.06999969482422,37.279998779296875,38.040000915527344,38.040000915527344,60300,USM
2016-09-08,37.95000076293945,38.18000030517578,37.45000076293945,37.720001220703125,37.720001220703125,69300,USM
2016-09-09,37.5,37.5,36.0,36.02000045776367,36.02000045776367,64800,USM
2016-09-12,36.0,37.470001220703125,36.0,37.2400016784668,37.2400016784668,111000,USM
2016-09-13,36.86000061035156,36.88999938964844,35.97999954223633,36.41999816894531,36.41999816894531,96800,USM
2016-09-14,36.400001525878906,36.619998931884766,35.9900016784668,36.31999969482422,36.31999969482422,49800,USM
2016-09-15,36.20000076293945,36.9900016784668,36.20000076293945,36.97999954223633,36.97999954223633,95500,USM
2016-09-16,36.630001068115234,37.040000915527344,36.380001068115234,36.880001068115234,36.880001068115234,345000,USM
2016-09-19,37.11000061035156,37.29999923706055,36.279998779296875,36.529998779296875,36.529998779296875,97500,USM
2016-09-20,36.81999969482422,37.630001068115234,35.9900016784668,36.040000915527344,36.040000915527344,61700,USM
2016-09-21,36.150001525878906,36.68000030517578,35.86000061035156,36.61000061035156,36.61000061035156,86100,USM
2016-09-22,36.790000915527344,37.15999984741211,36.380001068115234,36.90999984741211,36.90999984741211,96400,USM
2016-09-23,36.810001373291016,36.849998474121094,36.27000045776367,36.4900016784668,36.4900016784668,84700,USM
2016-09-26,36.310001373291016,36.959999084472656,36.099998474121094,36.630001068115234,36.630001068115234,88400,USM
2016-09-27,36.52000045776367,37.380001068115234,36.310001373291016,36.380001068115234,36.380001068115234,47200,USM
2016-09-28,36.43000030517578,37.279998779296875,36.2400016784668,37.25,37.25,57500,USM
2016-09-29,37.150001525878906,37.27000045776367,36.72999954223633,36.7599983215332,36.7599983215332,34400,USM
2016-09-30,36.869998931884766,36.869998931884766,36.29999923706055,36.34000015258789,36.34000015258789,93600,USM
2016-10-03,36.20000076293945,36.45000076293945,36.06999969482422,36.29999923706055,36.29999923706055,63600,USM
2016-10-04,36.150001525878906,36.72999954223633,35.81999969482422,36.22999954223633,36.22999954223633,63700,USM
2016-10-05,36.36000061035156,36.36000061035156,35.880001068115234,35.9900016784668,35.9900016784668,81600,USM
2016-10-06,36.0,36.369998931884766,35.40999984741211,35.810001373291016,35.810001373291016,47500,USM
2016-10-07,35.83000183105469,36.349998474121094,35.11000061035156,35.38999938964844,35.38999938964844,193200,USM
2016-10-10,35.599998474121094,36.41999816894531,35.290000915527344,36.380001068115234,36.380001068115234,39300,USM
2016-10-11,36.189998626708984,36.41999816894531,35.56999969482422,36.0099983215332,36.0099983215332,54200,USM
2016-10-12,36.119998931884766,36.869998931884766,35.88999938964844,36.27000045776367,36.27000045776367,63700,USM
2016-10-13,36.130001068115234,36.2599983215332,35.619998931884766,35.959999084472656,35.959999084472656,40500,USM
2016-10-14,36.220001220703125,36.59000015258789,35.38999938964844,36.11000061035156,36.11000061035156,48100,USM
2016-10-17,36.16999816894531,36.4900016784668,35.72999954223633,36.119998931884766,36.119998931884766,36500,USM
2016-10-18,36.56999969482422,36.56999969482422,36.25,36.41999816894531,36.41999816894531,32800,USM
2016-10-19,36.40999984741211,36.720001220703125,36.13999938964844,36.43000030517578,36.43000030517578,33300,USM
2016-10-20,36.52000045776367,36.529998779296875,36.0,36.189998626708984,36.189998626708984,42700,USM
2016-10-21,36.220001220703125,36.220001220703125,35.52000045776367,35.720001220703125,35.720001220703125,67300,USM
2016-10-24,35.93000030517578,36.689998626708984,35.93000030517578,36.650001525878906,36.650001525878906,53100,USM
2016-10-25,36.790000915527344,36.88999938964844,35.689998626708984,35.79999923706055,35.79999923706055,30800,USM
2016-10-26,35.70000076293945,35.84000015258789,35.16999816894531,35.25,35.25,34900,USM
2016-10-27,35.41999816894531,36.02000045776367,35.060001373291016,35.9900016784668,35.9900016784668,71700,USM
2016-10-28,35.939998626708984,36.290000915527344,34.81999969482422,34.939998626708984,34.939998626708984,60700,USM
2016-10-31,35.0099983215332,35.38999938964844,34.93000030517578,35.04999923706055,35.04999923706055,57900,USM
2016-11-01,35.220001220703125,35.220001220703125,34.54999923706055,34.68000030517578,34.68000030517578,72100,USM
2016-11-02,34.61000061035156,34.84000015258789,33.43000030517578,34.029998779296875,34.029998779296875,107800,USM
2016-11-03,33.970001220703125,34.33000183105469,33.880001068115234,34.13999938964844,34.13999938964844,91400,USM
2016-11-04,34.33000183105469,35.400001525878906,33.709999084472656,34.439998626708984,34.439998626708984,174800,USM
2016-11-07,34.56999969482422,34.97999954223633,33.84000015258789,34.66999816894531,34.66999816894531,80400,USM
2016-11-08,34.4900016784668,35.099998474121094,34.16999816894531,34.810001373291016,34.810001373291016,86500,USM
2016-11-09,34.349998474121094,35.36000061035156,34.290000915527344,35.130001068115234,35.130001068115234,56000,USM
2016-11-10,35.150001525878906,35.400001525878906,33.29999923706055,34.189998626708984,34.189998626708984,96100,USM
2016-11-11,34.06999969482422,34.68000030517578,33.720001220703125,34.439998626708984,34.439998626708984,77300,USM
2016-11-14,34.599998474121094,34.81999969482422,33.59000015258789,33.970001220703125,33.970001220703125,217100,USM
2016-11-15,34.09000015258789,34.36000061035156,33.38999938964844,34.27000045776367,34.27000045776367,130400,USM
2016-11-16,34.2400016784668,34.68000030517578,33.97999954223633,34.369998931884766,34.369998931884766,103700,USM
2016-11-17,34.68000030517578,35.5099983215332,34.68000030517578,35.13999938964844,35.13999938964844,308300,USM
2016-11-18,35.18000030517578,35.4900016784668,34.91999816894531,35.130001068115234,35.130001068115234,160900,USM
2016-11-21,35.41999816894531,36.459999084472656,35.40999984741211,36.41999816894531,36.41999816894531,134000,USM
2016-11-22,36.56999969482422,37.04999923706055,35.81999969482422,36.58000183105469,36.58000183105469,107700,USM
2016-11-23,36.369998931884766,37.540000915527344,36.36000061035156,37.470001220703125,37.470001220703125,135200,USM
2016-11-25,37.33000183105469,37.54999923706055,37.20000076293945,37.27000045776367,37.27000045776367,50300,USM
2016-11-28,37.279998779296875,37.86000061035156,37.029998779296875,37.63999938964844,37.63999938964844,69800,USM
2016-11-29,37.560001373291016,37.88999938964844,37.439998626708984,37.70000076293945,37.70000076293945,127100,USM
2016-11-30,37.88999938964844,37.9900016784668,37.4900016784668,37.630001068115234,37.630001068115234,180300,USM
2016-12-01,37.650001525878906,37.97999954223633,37.41999816894531,37.83000183105469,37.83000183105469,110300,USM
2016-12-02,37.66999816894531,39.18000030517578,37.650001525878906,39.16999816894531,39.16999816894531,213400,USM
2016-12-05,39.04999923706055,39.75,39.04999923706055,39.72999954223633,39.72999954223633,119400,USM
2016-12-06,39.93000030517578,40.52000045776367,39.630001068115234,40.220001220703125,40.220001220703125,73900,USM
2016-12-07,40.119998931884766,41.47999954223633,40.119998931884766,41.060001373291016,41.060001373291016,117400,USM
2016-12-08,41.0,42.040000915527344,40.47999954223633,41.7599983215332,41.7599983215332,96800,USM
2016-12-09,41.68000030517578,41.91999816894531,41.04999923706055,41.65999984741211,41.65999984741211,105900,USM
2016-12-12,41.5099983215332,41.63999938964844,41.27000045776367,41.439998626708984,41.439998626708984,92900,USM
2016-12-13,41.47999954223633,41.650001525878906,41.279998779296875,41.47999954223633,41.47999954223633,97300,USM
2016-12-14,42.0,44.220001220703125,41.56999969482422,43.52000045776367,43.52000045776367,377500,USM
2016-12-15,43.709999084472656,43.709999084472656,42.560001373291016,43.060001373291016,43.060001373291016,159800,USM
2016-12-16,42.84000015258789,43.0,42.470001220703125,42.79999923706055,42.79999923706055,395000,USM
2016-12-19,42.869998931884766,43.79999923706055,42.599998474121094,43.52000045776367,43.52000045776367,124800,USM
2016-12-20,43.72999954223633,43.72999954223633,42.540000915527344,43.099998474121094,43.099998474121094,123000,USM
2016-12-21,43.220001220703125,43.72999954223633,42.7599983215332,43.119998931884766,43.119998931884766,90800,USM
2016-12-22,43.0,43.540000915527344,42.599998474121094,43.400001525878906,43.400001525878906,172100,USM
2016-12-23,43.400001525878906,44.0,43.220001220703125,43.90999984741211,43.90999984741211,67700,USM
2016-12-27,44.0,44.81999969482422,43.40999984741211,44.29999923706055,44.29999923706055,94300,USM
2016-12-28,44.20000076293945,44.290000915527344,43.22999954223633,43.72999954223633,43.72999954223633,56100,USM
2016-12-29,43.7400016784668,44.59000015258789,43.63999938964844,44.29999923706055,44.29999923706055,123500,USM
2016-12-30,44.2400016784668,44.4900016784668,43.61000061035156,43.720001220703125,43.720001220703125,69200,USM
2017-01-03,43.68000030517578,46.0,43.61000061035156,45.66999816894531,45.66999816894531,211600,USM
2017-01-04,45.25,46.0099983215332,45.2400016784668,45.630001068115234,45.630001068115234,211600,USM
2017-01-05,45.77000045776367,46.0099983215332,45.29999923706055,45.529998779296875,45.529998779296875,116900,USM
2017-01-06,45.47999954223633,45.790000915527344,44.97999954223633,45.18000030517578,45.18000030517578,73700,USM
2017-01-09,45.27000045776367,45.27000045776367,44.25,44.77000045776367,44.77000045776367,108200,USM
2017-01-10,44.66999816894531,44.77000045776367,44.25,44.66999816894531,44.66999816894531,111200,USM
2017-01-11,44.66999816894531,44.869998931884766,43.84000015258789,44.380001068115234,44.380001068115234,50600,USM
2017-01-12,44.47999954223633,44.619998931884766,43.7400016784668,44.58000183105469,44.58000183105469,80300,USM
2017-01-13,44.75,44.75,44.02000045776367,44.47999954223633,44.47999954223633,41100,USM
2017-01-17,44.15999984741211,44.75,43.900001525878906,44.18000030517578,44.18000030517578,129300,USM
2017-01-18,44.470001220703125,44.599998474121094,43.439998626708984,44.540000915527344,44.540000915527344,101000,USM
2017-01-19,44.650001525878906,45.16999816894531,44.349998474121094,44.91999816894531,44.91999816894531,114400,USM
2017-01-20,45.29999923706055,45.59000015258789,44.43000030517578,44.5099983215332,44.5099983215332,57700,USM
2017-01-23,44.650001525878906,45.11000061035156,44.310001373291016,44.47999954223633,44.47999954223633,44400,USM
2017-01-24,44.619998931884766,44.619998931884766,43.75,44.18000030517578,44.18000030517578,109100,USM
2017-01-25,44.2599983215332,44.45000076293945,43.630001068115234,44.33000183105469,44.33000183105469,80900,USM
2017-01-26,44.29999923706055,44.86000061035156,44.209999084472656,44.790000915527344,44.790000915527344,48500,USM
2017-01-27,44.880001068115234,45.29999923706055,44.5,45.20000076293945,45.20000076293945,80600,USM
2017-01-30,45.25,45.25,44.2400016784668,44.900001525878906,44.900001525878906,48000,USM
2017-01-31,44.959999084472656,45.25,44.52000045776367,44.59000015258789,44.59000015258789,92300,USM
2017-02-01,44.880001068115234,45.2400016784668,42.34000015258789,42.66999816894531,42.66999816894531,177200,USM
2017-02-02,42.77000045776367,42.81999969482422,41.95000076293945,42.72999954223633,42.72999954223633,77100,USM
2017-02-03,42.939998626708984,43.369998931884766,42.619998931884766,43.18000030517578,43.18000030517578,71800,USM
2017-02-06,43.25,43.25,41.91999816894531,41.939998626708984,41.939998626708984,50300,USM
2017-02-07,42.20000076293945,42.20000076293945,41.47999954223633,41.880001068115234,41.880001068115234,41200,USM
2017-02-08,41.970001220703125,42.41999816894531,41.720001220703125,42.310001373291016,42.310001373291016,54700,USM
2017-02-09,42.310001373291016,42.689998626708984,42.029998779296875,42.61000061035156,42.61000061035156,41900,USM
2017-02-10,42.720001220703125,43.439998626708984,42.34000015258789,43.40999984741211,43.40999984741211,61400,USM
2017-02-13,43.20000076293945,43.560001373291016,42.959999084472656,43.5,43.5,111200,USM
2017-02-14,43.27000045776367,43.400001525878906,42.90999984741211,43.400001525878906,43.400001525878906,80200,USM
2017-02-15,43.15999984741211,43.41999816894531,43.02000045776367,43.29999923706055,43.29999923706055,54900,USM
2017-02-16,43.27000045776367,43.7599983215332,43.27000045776367,43.619998931884766,43.619998931884766,49500,USM
2017-02-17,43.31999969482422,44.38999938964844,42.95000076293945,44.2400016784668,44.2400016784668,73100,USM
2017-02-21,44.380001068115234,44.709999084472656,44.029998779296875,44.630001068115234,44.630001068115234,62800,USM
2017-02-22,44.79999923706055,45.279998779296875,44.52000045776367,45.209999084472656,45.209999084472656,74900,USM
2017-02-23,45.25,45.75,44.79999923706055,44.84000015258789,44.84000015258789,64500,USM
2017-02-24,43.939998626708984,44.59000015258789,40.83000183105469,40.900001525878906,40.900001525878906,230700,USM
2017-02-27,40.18000030517578,40.18000030517578,38.66999816894531,39.04999923706055,39.04999923706055,275800,USM
2017-02-28,39.369998931884766,39.369998931884766,37.2599983215332,37.38999938964844,37.38999938964844,173600,USM
2017-03-01,37.16999816894531,38.06999969482422,37.16999816894531,37.81999969482422,37.81999969482422,243300,USM
2017-03-02,37.650001525878906,37.66999816894531,36.7400016784668,36.849998474121094,36.849998474121094,126000,USM
2017-03-03,36.619998931884766,36.63999938964844,36.13999938964844,36.43000030517578,36.43000030517578,212200,USM
2017-03-06,36.29999923706055,36.709999084472656,35.709999084472656,36.5,36.5,131500,USM
2017-03-07,36.33000183105469,37.0,36.0099983215332,36.29999923706055,36.29999923706055,110100,USM
2017-03-08,36.34000015258789,36.349998474121094,35.529998779296875,35.81999969482422,35.81999969482422,106700,USM
2017-03-09,35.91999816894531,36.2599983215332,35.810001373291016,36.02000045776367,36.02000045776367,90700,USM
2017-03-10,36.20000076293945,36.5,35.79999923706055,35.9900016784668,35.9900016784668,91600,USM
2017-03-13,35.97999954223633,36.47999954223633,35.93000030517578,36.41999816894531,36.41999816894531,161900,USM
2017-03-14,36.459999084472656,36.65999984741211,36.02000045776367,36.29999923706055,36.29999923706055,146400,USM
2017-03-15,36.439998626708984,37.15999984741211,36.29999923706055,36.959999084472656,36.959999084472656,135000,USM
2017-03-16,37.02000045776367,37.36000061035156,36.790000915527344,37.06999969482422,37.06999969482422,70300,USM
2017-03-17,37.130001068115234,37.400001525878906,36.88999938964844,37.150001525878906,37.150001525878906,386600,USM
2017-03-20,37.31999969482422,37.5,36.540000915527344,37.27000045776367,37.27000045776367,118900,USM
2017-03-21,37.529998779296875,37.59000015258789,36.59000015258789,37.27000045776367,37.27000045776367,179100,USM
2017-03-22,37.279998779296875,37.400001525878906,36.349998474121094,36.43000030517578,36.43000030517578,140200,USM
2017-03-23,36.4900016784668,37.04999923706055,36.16999816894531,36.619998931884766,36.619998931884766,86500,USM
2017-03-24,36.68000030517578,37.0,36.58000183105469,36.779998779296875,36.779998779296875,72200,USM
2017-03-27,36.529998779296875,37.209999084472656,35.939998626708984,36.2400016784668,36.2400016784668,63400,USM
2017-03-28,36.33000183105469,37.0099983215332,36.130001068115234,36.810001373291016,36.810001373291016,99000,USM
2017-03-29,36.83000183105469,37.099998474121094,36.689998626708984,37.060001373291016,37.060001373291016,57400,USM
2017-03-30,37.04999923706055,37.61000061035156,36.7599983215332,37.5099983215332,37.5099983215332,89800,USM
2017-03-31,37.58000183105469,37.779998779296875,37.16999816894531,37.33000183105469,37.33000183105469,142800,USM
2017-04-03,37.380001068115234,37.380001068115234,36.439998626708984,36.91999816894531,36.91999816894531,85700,USM
2017-04-04,36.650001525878906,37.5099983215332,36.650001525878906,37.36000061035156,37.36000061035156,138300,USM
2017-04-05,37.4900016784668,37.970001220703125,37.18000030517578,37.310001373291016,37.310001373291016,209100,USM
2017-04-06,37.349998474121094,37.630001068115234,36.91999816894531,37.470001220703125,37.470001220703125,108800,USM
2017-04-07,37.41999816894531,37.79999923706055,37.279998779296875,37.560001373291016,37.560001373291016,133400,USM
2017-04-10,37.7599983215332,38.88999938964844,37.7599983215332,38.16999816894531,38.16999816894531,138600,USM
2017-04-11,38.09000015258789,38.400001525878906,37.779998779296875,38.2599983215332,38.2599983215332,61600,USM
2017-04-12,38.11000061035156,38.45000076293945,38.02000045776367,38.27000045776367,38.27000045776367,87400,USM
2017-04-13,38.209999084472656,38.40999984741211,37.43000030517578,37.470001220703125,37.470001220703125,155900,USM
2017-04-17,37.56999969482422,38.25,37.560001373291016,38.04999923706055,38.04999923706055,140900,USM
2017-04-18,37.70000076293945,38.04999923706055,37.41999816894531,37.849998474121094,37.849998474121094,136100,USM
2017-04-19,37.95000076293945,38.33000183105469,37.52000045776367,37.83000183105469,37.83000183105469,159500,USM
2017-04-20,37.79999923706055,38.20000076293945,37.459999084472656,37.93000030517578,37.93000030517578,132400,USM
2017-04-21,37.79999923706055,37.810001373291016,37.40999984741211,37.77000045776367,37.77000045776367,98700,USM
2017-04-24,37.91999816894531,39.04999923706055,37.900001525878906,38.90999984741211,38.90999984741211,187900,USM
2017-04-25,38.849998474121094,39.5099983215332,38.560001373291016,39.0,39.0,158300,USM
2017-04-26,39.11000061035156,39.75,38.88999938964844,39.43000030517578,39.43000030517578,133000,USM
2017-04-27,39.43000030517578,39.599998474121094,39.029998779296875,39.16999816894531,39.16999816894531,105100,USM
2017-04-28,39.189998626708984,39.5099983215332,38.900001525878906,39.18000030517578,39.18000030517578,123700,USM
2017-05-01,39.290000915527344,39.290000915527344,38.38999938964844,38.650001525878906,38.650001525878906,106400,USM
2017-05-02,38.70000076293945,39.13999938964844,38.15999984741211,39.09000015258789,39.09000015258789,113400,USM
2017-05-03,38.9900016784668,38.9900016784668,37.220001220703125,37.25,37.25,183900,USM
2017-05-04,37.22999954223633,37.22999954223633,36.029998779296875,36.90999984741211,36.90999984741211,230000,USM
2017-05-05,37.25,40.34000015258789,37.25,40.0,40.0,299700,USM
2017-05-08,39.529998779296875,39.790000915527344,38.58000183105469,38.93000030517578,38.93000030517578,176900,USM
2017-05-09,39.099998474121094,39.099998474121094,38.52000045776367,38.810001373291016,38.810001373291016,165800,USM
2017-05-10,38.95000076293945,39.33000183105469,38.65999984741211,38.7599983215332,38.7599983215332,102600,USM
2017-05-11,38.880001068115234,38.939998626708984,38.099998474121094,38.310001373291016,38.310001373291016,117300,USM
2017-05-12,38.47999954223633,39.310001373291016,38.22999954223633,39.27000045776367,39.27000045776367,104000,USM
2017-05-15,39.2599983215332,39.70000076293945,39.0099983215332,39.31999969482422,39.31999969482422,124300,USM
2017-05-16,39.2400016784668,39.43000030517578,38.900001525878906,38.90999984741211,38.90999984741211,130400,USM
2017-05-17,38.439998626708984,38.63999938964844,37.939998626708984,38.02000045776367,38.02000045776367,100800,USM
2017-05-18,37.939998626708984,38.31999969482422,37.52000045776367,38.099998474121094,38.099998474121094,147800,USM
2017-05-19,38.15999984741211,39.0099983215332,38.15999984741211,38.75,38.75,100700,USM
2017-05-22,38.77000045776367,39.130001068115234,38.36000061035156,38.79999923706055,38.79999923706055,91500,USM
2017-05-23,38.88999938964844,39.540000915527344,38.66999816894531,38.7599983215332,38.7599983215332,109100,USM
2017-05-24,38.75,39.38999938964844,38.47999954223633,39.2599983215332,39.2599983215332,81500,USM
2017-05-25,39.349998474121094,40.0,39.2599983215332,39.56999969482422,39.56999969482422,106700,USM
2017-05-26,39.369998931884766,39.93000030517578,39.16999816894531,39.16999816894531,39.16999816894531,51500,USM
2017-05-30,38.83000183105469,39.470001220703125,38.630001068115234,39.349998474121094,39.349998474121094,126700,USM
2017-05-31,39.400001525878906,39.97999954223633,39.310001373291016,39.959999084472656,39.959999084472656,125600,USM
2017-06-01,39.84000015258789,40.470001220703125,39.81999969482422,40.41999816894531,40.41999816894531,112000,USM
2017-06-02,40.349998474121094,40.869998931884766,39.66999816894531,40.529998779296875,40.529998779296875,71100,USM
2017-06-05,40.45000076293945,40.84000015258789,40.41999816894531,40.619998931884766,40.619998931884766,47500,USM
2017-06-06,40.4900016784668,40.79999923706055,40.43000030517578,40.529998779296875,40.529998779296875,77900,USM
2017-06-07,40.33000183105469,40.66999816894531,40.150001525878906,40.2400016784668,40.2400016784668,56400,USM
2017-06-08,40.029998779296875,40.45000076293945,39.369998931884766,40.15999984741211,40.15999984741211,65300,USM
2017-06-09,40.060001373291016,40.47999954223633,39.36000061035156,39.54999923706055,39.54999923706055,81700,USM
2017-06-12,39.56999969482422,40.33000183105469,39.56999969482422,40.20000076293945,40.20000076293945,86300,USM
2017-06-13,40.13999938964844,40.13999938964844,39.20000076293945,39.34000015258789,39.34000015258789,78000,USM
2017-06-14,39.41999816894531,40.13999938964844,38.93000030517578,39.20000076293945,39.20000076293945,90800,USM
2017-06-15,38.75,39.15999984741211,38.33000183105469,38.52000045776367,38.52000045776367,114000,USM
2017-06-16,38.54999923706055,39.650001525878906,38.22999954223633,38.849998474121094,38.849998474121094,148100,USM
2017-06-19,38.77000045776367,38.77000045776367,38.31999969482422,38.630001068115234,38.630001068115234,74900,USM
2017-06-20,38.400001525878906,38.41999816894531,37.720001220703125,38.02000045776367,38.02000045776367,55600,USM
2017-06-21,38.11000061035156,38.13999938964844,37.2400016784668,37.369998931884766,37.369998931884766,90400,USM
2017-06-22,37.34000015258789,38.08000183105469,37.22999954223633,37.619998931884766,37.619998931884766,131700,USM
2017-06-23,37.619998931884766,38.08000183105469,37.31999969482422,37.790000915527344,37.790000915527344,132200,USM
2017-06-26,37.9900016784668,38.720001220703125,37.95000076293945,38.58000183105469,38.58000183105469,151800,USM
2017-06-27,38.61000061035156,39.06999969482422,38.09000015258789,38.119998931884766,38.119998931884766,103800,USM
2017-06-28,38.34000015258789,39.38999938964844,38.209999084472656,39.22999954223633,39.22999954223633,243300,USM
2017-06-29,39.2400016784668,39.2400016784668,37.91999816894531,38.40999984741211,38.40999984741211,117900,USM
2017-06-30,38.54999923706055,38.93000030517578,37.88999938964844,38.31999969482422,38.31999969482422,83700,USM
2017-07-03,38.540000915527344,39.099998474121094,38.43000030517578,38.880001068115234,38.880001068115234,37600,USM
2017-07-05,38.779998779296875,38.779998779296875,37.70000076293945,37.869998931884766,37.869998931884766,98800,USM
2017-07-06,37.630001068115234,37.88999938964844,37.31999969482422,37.560001373291016,37.560001373291016,103400,USM
2017-07-07,37.77000045776367,38.630001068115234,37.470001220703125,37.59000015258789,37.59000015258789,92400,USM
2017-07-10,37.59000015258789,38.349998474121094,37.38999938964844,37.72999954223633,37.72999954223633,146300,USM
2017-07-11,37.7400016784668,37.959999084472656,36.9900016784668,37.02000045776367,37.02000045776367,351000,USM
2017-07-12,37.34000015258789,38.08000183105469,37.13999938964844,37.16999816894531,37.16999816894531,121800,USM
2017-07-13,37.130001068115234,37.38999938964844,36.84000015258789,37.18000030517578,37.18000030517578,110900,USM
2017-07-14,37.310001373291016,37.86000061035156,37.150001525878906,37.75,37.75,122500,USM
2017-07-17,37.790000915527344,38.849998474121094,37.790000915527344,38.18000030517578,38.18000030517578,113700,USM
2017-07-18,38.18000030517578,38.31999969482422,37.68000030517578,38.189998626708984,38.189998626708984,99800,USM
2017-07-19,38.27000045776367,38.70000076293945,38.130001068115234,38.4900016784668,38.4900016784668,53100,USM
2017-07-20,38.599998474121094,38.93000030517578,38.34000015258789,38.400001525878906,38.400001525878906,77200,USM
2017-07-21,38.470001220703125,38.720001220703125,38.130001068115234,38.65999984741211,38.65999984741211,59300,USM
2017-07-24,38.66999816894531,38.66999816894531,37.810001373291016,37.849998474121094,37.849998474121094,75300,USM
2017-07-25,38.18000030517578,39.310001373291016,38.13999938964844,38.75,38.75,73900,USM
2017-07-26,38.790000915527344,38.790000915527344,38.0,38.099998474121094,38.099998474121094,68000,USM
2017-07-27,38.27000045776367,38.75,37.88999938964844,38.41999816894531,38.41999816894531,114600,USM
2017-07-28,38.290000915527344,39.189998626708984,37.88999938964844,38.060001373291016,38.060001373291016,97400,USM
2017-07-31,38.220001220703125,38.220001220703125,37.43000030517578,37.880001068115234,37.880001068115234,63900,USM
2017-08-01,38.220001220703125,38.77000045776367,38.029998779296875,38.470001220703125,38.470001220703125,104400,USM
2017-08-02,38.47999954223633,38.650001525878906,37.900001525878906,38.61000061035156,38.61000061035156,71100,USM
2017-08-03,38.619998931884766,38.880001068115234,37.9900016784668,38.66999816894531,38.66999816894531,98600,USM
2017-08-04,38.29999923706055,39.970001220703125,37.119998931884766,39.779998779296875,39.779998779296875,169500,USM
2017-08-07,39.90999984741211,40.790000915527344,39.720001220703125,40.58000183105469,40.58000183105469,127900,USM
2017-08-08,40.470001220703125,40.84000015258789,40.189998626708984,40.599998474121094,40.599998474121094,117800,USM
2017-08-09,40.38999938964844,40.81999969482422,39.849998474121094,40.040000915527344,40.040000915527344,99500,USM
2017-08-10,39.83000183105469,39.83000183105469,38.709999084472656,38.79999923706055,38.79999923706055,67300,USM
2017-08-11,38.25,39.279998779296875,37.58000183105469,38.79999923706055,38.79999923706055,109500,USM
2017-08-14,39.09000015258789,39.41999816894531,38.88999938964844,39.15999984741211,39.15999984741211,74300,USM
2017-08-15,39.25,39.25,38.439998626708984,38.63999938964844,38.63999938964844,67500,USM
2017-08-16,38.66999816894531,38.93000030517578,38.41999816894531,38.75,38.75,57200,USM
2017-08-17,38.650001525878906,38.93000030517578,38.0099983215332,38.08000183105469,38.08000183105469,79800,USM
2017-08-18,38.02000045776367,38.400001525878906,37.43000030517578,38.0099983215332,38.0099983215332,99200,USM
2017-08-21,38.029998779296875,38.189998626708984,37.83000183105469,37.900001525878906,37.900001525878906,50500,USM
2017-08-22,37.970001220703125,38.45000076293945,37.970001220703125,38.380001068115234,38.380001068115234,42100,USM
2017-08-23,38.209999084472656,38.88999938964844,38.209999084472656,38.869998931884766,38.869998931884766,78700,USM
2017-08-24,39.04999923706055,39.189998626708984,38.79999923706055,38.880001068115234,38.880001068115234,37800,USM
2017-08-25,39.040000915527344,39.38999938964844,38.95000076293945,39.189998626708984,39.189998626708984,27000,USM
2017-08-28,39.34000015258789,39.34000015258789,38.93000030517578,39.11000061035156,39.11000061035156,47200,USM
2017-08-29,38.65999984741211,38.93000030517578,38.45000076293945,38.54999923706055,38.54999923706055,51300,USM
2017-08-30,38.54999923706055,38.720001220703125,38.279998779296875,38.31999969482422,38.31999969482422,64800,USM
2017-08-31,38.45000076293945,39.08000183105469,38.29999923706055,38.68000030517578,38.68000030517578,54100,USM
2017-09-01,38.790000915527344,39.540000915527344,38.7400016784668,39.4900016784668,39.4900016784668,57000,USM
2017-09-05,39.369998931884766,39.54999923706055,38.560001373291016,38.849998474121094,38.849998474121094,69400,USM
2017-09-06,39.06999969482422,39.06999969482422,36.970001220703125,37.029998779296875,37.029998779296875,148100,USM
2017-09-07,37.11000061035156,37.11000061035156,35.02000045776367,35.33000183105469,35.33000183105469,189700,USM
2017-09-08,35.2400016784668,35.59000015258789,34.29999923706055,35.099998474121094,35.099998474121094,129600,USM
2017-09-11,35.38999938964844,35.52000045776367,34.650001525878906,34.779998779296875,34.779998779296875,139900,USM
2017-09-12,34.900001525878906,35.880001068115234,34.900001525878906,35.52000045776367,35.52000045776367,67000,USM
2017-09-13,35.52000045776367,35.70000076293945,34.95000076293945,35.02000045776367,35.02000045776367,47300,USM
2017-09-14,35.08000183105469,35.08000183105469,34.31999969482422,34.599998474121094,34.599998474121094,93400,USM
2017-09-15,34.58000183105469,34.959999084472656,34.41999816894531,34.90999984741211,34.90999984741211,172100,USM
2017-09-18,34.97999954223633,35.40999984741211,34.7599983215332,35.22999954223633,35.22999954223633,72100,USM
2017-09-19,35.290000915527344,36.119998931884766,35.20000076293945,35.72999954223633,35.72999954223633,85900,USM
2017-09-20,35.81999969482422,36.15999984741211,35.459999084472656,35.79999923706055,35.79999923706055,42400,USM
2017-09-21,35.779998779296875,35.900001525878906,35.04999923706055,35.52000045776367,35.52000045776367,52800,USM
2017-09-22,35.720001220703125,35.9900016784668,35.540000915527344,35.65999984741211,35.65999984741211,58900,USM
2017-09-25,35.65999984741211,35.97999954223633,35.349998474121094,35.7599983215332,35.7599983215332,47500,USM
2017-09-26,35.70000076293945,36.25,35.400001525878906,35.790000915527344,35.790000915527344,120900,USM
2017-09-27,35.77000045776367,36.09000015258789,35.279998779296875,35.70000076293945,35.70000076293945,68400,USM
2017-09-28,35.59000015258789,35.91999816894531,35.459999084472656,35.75,35.75,37500,USM
2017-09-29,35.79999923706055,35.79999923706055,35.189998626708984,35.400001525878906,35.400001525878906,51200,USM
2017-10-02,35.43000030517578,35.63999938964844,35.06999969482422,35.310001373291016,35.310001373291016,58200,USM
2017-10-03,35.34000015258789,36.439998626708984,35.34000015258789,36.2400016784668,36.2400016784668,86900,USM
2017-10-04,36.31999969482422,38.0099983215332,36.27000045776367,37.59000015258789,37.59000015258789,181000,USM
2017-10-05,37.560001373291016,38.2599983215332,36.9900016784668,37.02000045776367,37.02000045776367,117400,USM
2017-10-06,36.84000015258789,37.06999969482422,36.34000015258789,36.91999816894531,36.91999816894531,66300,USM
2017-10-09,36.86000061035156,37.349998474121094,36.43000030517578,36.630001068115234,36.630001068115234,63600,USM
2017-10-10,36.84000015258789,37.29999923706055,36.45000076293945,37.11000061035156,37.11000061035156,88100,USM
2017-10-11,37.0,37.56999969482422,36.95000076293945,37.38999938964844,37.38999938964844,72400,USM
2017-10-12,37.22999954223633,37.22999954223633,36.380001068115234,36.95000076293945,36.95000076293945,69100,USM
2017-10-13,37.20000076293945,37.20000076293945,36.459999084472656,36.54999923706055,36.54999923706055,47600,USM
2017-10-16,36.61000061035156,36.9900016784668,36.310001373291016,36.43000030517578,36.43000030517578,52000,USM
2017-10-17,36.5099983215332,36.68000030517578,35.65999984741211,36.34000015258789,36.34000015258789,37000,USM
2017-10-18,36.279998779296875,36.81999969482422,35.95000076293945,36.720001220703125,36.720001220703125,62300,USM
2017-10-19,36.70000076293945,37.38999938964844,36.689998626708984,36.97999954223633,36.97999954223633,56500,USM
2017-10-20,37.18000030517578,37.349998474121094,36.689998626708984,36.779998779296875,36.779998779296875,33600,USM
2017-10-23,36.630001068115234,37.150001525878906,36.29999923706055,36.45000076293945,36.45000076293945,49500,USM
2017-10-24,36.439998626708984,36.58000183105469,36.27000045776367,36.36000061035156,36.36000061035156,28900,USM
2017-10-25,36.18000030517578,36.290000915527344,35.90999984741211,36.2400016784668,36.2400016784668,44400,USM
2017-10-26,36.45000076293945,36.97999954223633,36.38999938964844,36.779998779296875,36.779998779296875,43900,USM
2017-10-27,36.790000915527344,36.869998931884766,36.209999084472656,36.7599983215332,36.7599983215332,35100,USM
2017-10-30,36.66999816894531,36.720001220703125,35.900001525878906,36.130001068115234,36.130001068115234,51500,USM
2017-10-31,36.209999084472656,36.7400016784668,36.209999084472656,36.59000015258789,36.59000015258789,47400,USM
2017-11-01,36.75,36.970001220703125,35.81999969482422,36.18000030517578,36.18000030517578,75600,USM
2017-11-02,36.09000015258789,36.130001068115234,34.97999954223633,35.54999923706055,35.54999923706055,70800,USM
2017-11-03,35.58000183105469,35.619998931884766,34.43000030517578,35.20000076293945,35.20000076293945,99100,USM
2017-11-06,35.13999938964844,35.5,34.939998626708984,35.45000076293945,35.45000076293945,67000,USM
2017-11-07,35.529998779296875,35.59000015258789,34.63999938964844,35.150001525878906,35.150001525878906,73600,USM
2017-11-08,34.599998474121094,36.5099983215332,32.59000015258789,32.959999084472656,32.959999084472656,168500,USM
2017-11-09,32.38999938964844,34.779998779296875,32.290000915527344,33.849998474121094,33.849998474121094,118400,USM
2017-11-10,33.91999816894531,34.2400016784668,33.79999923706055,33.9900016784668,33.9900016784668,69400,USM
2017-11-13,34.0,34.0,32.56999969482422,32.95000076293945,32.95000076293945,69000,USM
2017-11-14,32.90999984741211,34.040000915527344,32.7400016784668,33.47999954223633,33.47999954223633,175000,USM
2017-11-15,33.41999816894531,33.41999816894531,32.86000061035156,33.040000915527344,33.040000915527344,63500,USM
2017-11-16,33.150001525878906,34.90999984741211,33.150001525878906,34.650001525878906,34.650001525878906,134600,USM
2017-11-17,34.68000030517578,35.97999954223633,34.619998931884766,35.65999984741211,35.65999984741211,109500,USM
2017-11-20,35.58000183105469,35.849998474121094,35.43000030517578,35.66999816894531,35.66999816894531,59700,USM
2017-11-21,35.63999938964844,36.29999923706055,35.58000183105469,35.900001525878906,35.900001525878906,49200,USM
2017-11-22,35.88999938964844,36.84000015258789,35.79999923706055,36.2400016784668,36.2400016784668,76100,USM
2017-11-24,36.29999923706055,36.29999923706055,35.790000915527344,36.20000076293945,36.20000076293945,40300,USM
2017-11-27,36.189998626708984,37.40999984741211,36.189998626708984,37.33000183105469,37.33000183105469,95500,USM
2017-11-28,37.279998779296875,37.61000061035156,37.18000030517578,37.45000076293945,37.45000076293945,68000,USM
2017-11-29,37.43000030517578,37.86000061035156,36.529998779296875,37.63999938964844,37.63999938964844,94300,USM
2017-11-30,37.91999816894531,38.43000030517578,37.43000030517578,37.84000015258789,37.84000015258789,229100,USM
2017-12-01,37.81999969482422,38.31999969482422,37.369998931884766,37.810001373291016,37.810001373291016,98700,USM
2017-12-04,38.18000030517578,38.56999969482422,37.68000030517578,37.95000076293945,37.95000076293945,141600,USM
2017-12-05,37.93000030517578,38.380001068115234,37.41999816894531,37.61000061035156,37.61000061035156,85500,USM
2017-12-06,37.56999969482422,37.58000183105469,36.18000030517578,36.2400016784668,36.2400016784668,147400,USM
2017-12-07,36.09000015258789,36.540000915527344,35.56999969482422,35.65999984741211,35.65999984741211,148000,USM
2017-12-08,35.79999923706055,36.099998474121094,35.43000030517578,36.0,36.0,147200,USM
2017-12-11,36.02000045776367,36.09000015258789,35.58000183105469,35.84000015258789,35.84000015258789,124500,USM
2017-12-12,35.849998474121094,35.959999084472656,35.47999954223633,35.5099983215332,35.5099983215332,85700,USM
2017-12-13,35.529998779296875,35.75,35.220001220703125,35.45000076293945,35.45000076293945,134700,USM
2017-12-14,35.459999084472656,35.459999084472656,34.70000076293945,34.7400016784668,34.7400016784668,109400,USM
2017-12-15,34.84000015258789,34.9900016784668,34.45000076293945,34.61000061035156,34.61000061035156,429000,USM
2017-12-18,34.84000015258789,35.189998626708984,34.529998779296875,34.63999938964844,34.63999938964844,109500,USM
2017-12-19,34.66999816894531,35.130001068115234,34.66999816894531,34.970001220703125,34.970001220703125,166300,USM
2017-12-20,35.130001068115234,35.81999969482422,34.650001525878906,35.58000183105469,35.58000183105469,148200,USM
2017-12-21,35.650001525878906,36.36000061035156,35.650001525878906,36.18000030517578,36.18000030517578,143200,USM
2017-12-22,36.400001525878906,37.52000045776367,36.2400016784668,37.36000061035156,37.36000061035156,117100,USM
2017-12-26,37.25,38.279998779296875,37.25,37.4900016784668,37.4900016784668,102100,USM
2017-12-27,37.400001525878906,38.2599983215332,37.400001525878906,37.81999969482422,37.81999969482422,94900,USM
2017-12-28,37.880001068115234,38.220001220703125,37.849998474121094,38.150001525878906,38.150001525878906,84400,USM
2017-12-29,38.15999984741211,38.279998779296875,37.560001373291016,37.630001068115234,37.630001068115234,97900,USM
2018-01-02,37.790000915527344,37.90999984741211,37.029998779296875,37.2400016784668,37.2400016784668,128000,USM
2018-01-03,37.209999084472656,37.869998931884766,37.08000183105469,37.459999084472656,37.459999084472656,95400,USM
2018-01-04,37.560001373291016,37.66999816894531,37.27000045776367,37.54999923706055,37.54999923706055,66500,USM
2018-01-05,37.72999954223633,37.880001068115234,37.560001373291016,37.68000030517578,37.68000030517578,43900,USM
2018-01-08,37.5,37.790000915527344,37.40999984741211,37.5099983215332,37.5099983215332,70100,USM
2018-01-09,37.560001373291016,37.86000061035156,37.31999969482422,37.529998779296875,37.529998779296875,85900,USM
2018-01-10,37.27000045776367,37.29999923706055,36.02000045776367,36.06999969482422,36.06999969482422,101200,USM
2018-01-11,36.150001525878906,36.79999923706055,36.11000061035156,36.779998779296875,36.779998779296875,85300,USM
2018-01-12,36.75,37.2599983215332,36.54999923706055,37.0099983215332,37.0099983215332,95700,USM
2018-01-16,37.150001525878906,37.150001525878906,36.0099983215332,36.04999923706055,36.04999923706055,72800,USM
2018-01-17,36.20000076293945,36.56999969482422,35.7400016784668,35.970001220703125,35.970001220703125,76100,USM
2018-01-18,35.88999938964844,35.88999938964844,35.529998779296875,35.56999969482422,35.56999969482422,49400,USM
2018-01-19,35.58000183105469,35.810001373291016,35.439998626708984,35.65999984741211,35.65999984741211,94100,USM
2018-01-22,35.61000061035156,35.86000061035156,35.150001525878906,35.84000015258789,35.84000015258789,67200,USM
2018-01-23,35.86000061035156,35.869998931884766,35.119998931884766,35.18000030517578,35.18000030517578,73300,USM
2018-01-24,35.27000045776367,35.52000045776367,35.0099983215332,35.04999923706055,35.04999923706055,54600,USM
2018-01-25,35.16999816894531,35.16999816894531,34.86000061035156,34.9900016784668,34.9900016784668,61200,USM
2018-01-26,35.08000183105469,35.310001373291016,34.79999923706055,35.25,35.25,52600,USM
2018-01-29,35.119998931884766,36.2599983215332,34.720001220703125,36.13999938964844,36.13999938964844,170500,USM
2018-01-30,36.0099983215332,37.45000076293945,36.0099983215332,37.33000183105469,37.33000183105469,189400,USM
2018-01-31,37.400001525878906,37.54999923706055,36.150001525878906,36.369998931884766,36.369998931884766,85500,USM
2018-02-01,36.2400016784668,36.86000061035156,35.70000076293945,36.68000030517578,36.68000030517578,131700,USM
2018-02-02,36.45000076293945,36.54999923706055,35.66999816894531,35.7400016784668,35.7400016784668,119500,USM
2018-02-05,35.5,35.529998779296875,34.27000045776367,34.470001220703125,34.470001220703125,119600,USM
2018-02-06,33.77000045776367,34.47999954223633,33.189998626708984,33.9900016784668,33.9900016784668,182200,USM
2018-02-07,33.97999954223633,34.650001525878906,33.810001373291016,34.189998626708984,34.189998626708984,81000,USM
2018-02-08,34.099998474121094,34.959999084472656,32.880001068115234,32.88999938964844,32.88999938964844,113200,USM
2018-02-09,33.279998779296875,33.40999984741211,32.060001373291016,33.08000183105469,33.08000183105469,88100,USM
2018-02-12,33.29999923706055,33.79999923706055,32.869998931884766,33.22999954223633,33.22999954223633,50000,USM
2018-02-13,33.08000183105469,33.08000183105469,32.560001373291016,32.939998626708984,32.939998626708984,76900,USM
2018-02-14,32.79999923706055,33.380001068115234,32.66999816894531,33.209999084472656,33.209999084472656,60400,USM
2018-02-15,33.43000030517578,34.18000030517578,32.560001373291016,34.08000183105469,34.08000183105469,65200,USM
2018-02-16,34.029998779296875,34.4900016784668,33.959999084472656,34.40999984741211,34.40999984741211,57300,USM
2018-02-20,34.29999923706055,34.439998626708984,33.529998779296875,33.61000061035156,33.61000061035156,154400,USM
2018-02-21,33.599998474121094,34.31999969482422,33.27000045776367,33.31999969482422,33.31999969482422,72800,USM
2018-02-22,33.220001220703125,33.31999969482422,32.599998474121094,32.7599983215332,32.7599983215332,96800,USM
2018-02-23,34.40999984741211,36.72999954223633,34.27000045776367,36.40999984741211,36.40999984741211,386800,USM
2018-02-26,36.810001373291016,36.97999954223633,35.66999816894531,35.81999969482422,35.81999969482422,258200,USM
2018-02-27,36.02000045776367,37.91999816894531,36.02000045776367,36.9900016784668,36.9900016784668,207000,USM
2018-02-28,37.209999084472656,39.029998779296875,37.209999084472656,38.59000015258789,38.59000015258789,227200,USM
2018-03-01,38.56999969482422,39.849998474121094,38.279998779296875,39.599998474121094,39.599998474121094,177100,USM
2018-03-02,39.150001525878906,39.88999938964844,38.72999954223633,39.849998474121094,39.849998474121094,223500,USM
2018-03-05,39.66999816894531,40.7599983215332,39.5,40.560001373291016,40.560001373291016,127300,USM
2018-03-06,40.11000061035156,41.189998626708984,39.0099983215332,40.880001068115234,40.880001068115234,155200,USM
2018-03-07,40.33000183105469,41.099998474121094,40.33000183105469,40.52000045776367,40.52000045776367,155600,USM
2018-03-08,40.68000030517578,40.9900016784668,40.130001068115234,40.720001220703125,40.720001220703125,173400,USM
2018-03-09,41.0,41.13999938964844,40.27000045776367,40.34000015258789,40.34000015258789,145100,USM
2018-03-12,40.380001068115234,40.400001525878906,38.90999984741211,39.560001373291016,39.560001373291016,290800,USM
2018-03-13,39.779998779296875,39.97999954223633,39.099998474121094,39.22999954223633,39.22999954223633,228000,USM
2018-03-14,39.369998931884766,40.20000076293945,39.09000015258789,40.13999938964844,40.13999938964844,353100,USM
2018-03-15,40.150001525878906,40.65999984741211,39.36000061035156,39.77000045776367,39.77000045776367,182800,USM
2018-03-16,39.86000061035156,40.709999084472656,39.4900016784668,40.63999938964844,40.63999938964844,692400,USM
2018-03-19,40.709999084472656,40.959999084472656,40.02000045776367,40.25,40.25,147700,USM
2018-03-20,40.220001220703125,40.849998474121094,39.02000045776367,40.7400016784668,40.7400016784668,127700,USM
2018-03-21,40.849998474121094,41.290000915527344,40.4900016784668,40.90999984741211,40.90999984741211,121400,USM
2018-03-22,40.61000061035156,41.40999984741211,40.119998931884766,40.20000076293945,40.20000076293945,124900,USM
2018-03-23,40.31999969482422,40.31999969482422,39.65999984741211,39.7599983215332,39.7599983215332,116700,USM
2018-03-26,40.20000076293945,40.20000076293945,39.369998931884766,40.0,40.0,86800,USM
2018-03-27,40.20000076293945,41.04999923706055,39.65999984741211,39.880001068115234,39.880001068115234,180500,USM
2018-03-28,39.7599983215332,40.7599983215332,39.7599983215332,40.150001525878906,40.150001525878906,155300,USM
2018-03-29,40.29999923706055,40.52000045776367,40.02000045776367,40.189998626708984,40.189998626708984,103500,USM
2018-04-02,39.869998931884766,40.20000076293945,38.66999816894531,38.83000183105469,38.83000183105469,164700,USM
2018-04-03,39.040000915527344,39.790000915527344,38.91999816894531,39.25,39.25,135500,USM
2018-04-04,38.56999969482422,39.810001373291016,38.5,39.75,39.75,109700,USM
2018-04-05,39.75,40.7400016784668,39.470001220703125,40.52000045776367,40.52000045776367,155300,USM
2018-04-06,40.36000061035156,40.900001525878906,39.61000061035156,39.88999938964844,39.88999938964844,87000,USM
2018-04-09,40.16999816894531,40.279998779296875,39.7400016784668,39.810001373291016,39.810001373291016,93500,USM
2018-04-10,40.02000045776367,41.11000061035156,40.02000045776367,40.310001373291016,40.310001373291016,152700,USM
2018-04-11,40.040000915527344,40.68000030517578,40.040000915527344,40.380001068115234,40.380001068115234,91400,USM
2018-04-12,40.400001525878906,40.40999984741211,39.97999954223633,40.11000061035156,40.11000061035156,77700,USM
2018-04-13,40.290000915527344,40.400001525878906,39.84000015258789,40.040000915527344,40.040000915527344,71500,USM
2018-04-16,40.130001068115234,40.619998931884766,39.810001373291016,40.45000076293945,40.45000076293945,79200,USM
2018-04-17,40.75,41.310001373291016,40.54999923706055,41.2599983215332,41.2599983215332,95800,USM
2018-04-18,41.2599983215332,41.5,41.040000915527344,41.349998474121094,41.349998474121094,92200,USM
2018-04-19,41.150001525878906,41.470001220703125,40.790000915527344,40.84000015258789,40.84000015258789,71200,USM
2018-04-20,40.900001525878906,41.439998626708984,40.779998779296875,40.97999954223633,40.97999954223633,79000,USM
2018-04-23,40.970001220703125,41.15999984741211,40.650001525878906,40.939998626708984,40.939998626708984,91800,USM
2018-04-24,41.189998626708984,41.5,41.060001373291016,41.290000915527344,41.290000915527344,96700,USM
2018-04-25,41.290000915527344,41.5,40.68000030517578,41.4900016784668,41.4900016784668,81100,USM
2018-04-26,41.5,41.5,41.029998779296875,41.34000015258789,41.34000015258789,63400,USM
2018-04-27,41.5,41.81999969482422,41.20000076293945,41.2400016784668,41.2400016784668,107500,USM
2018-04-30,41.40999984741211,41.40999984741211,39.09000015258789,39.56999969482422,39.56999969482422,150200,USM
2018-05-01,39.86000061035156,39.86000061035156,33.790000915527344,34.02000045776367,34.02000045776367,380500,USM
2018-05-02,35.25,38.68000030517578,34.45000076293945,38.470001220703125,38.470001220703125,317700,USM
2018-05-03,38.54999923706055,38.70000076293945,36.59000015258789,37.29999923706055,37.29999923706055,274300,USM
2018-05-04,37.25,37.790000915527344,37.11000061035156,37.59000015258789,37.59000015258789,111100,USM
2018-05-07,37.720001220703125,37.79999923706055,36.779998779296875,37.11000061035156,37.11000061035156,181200,USM
2018-05-08,37.08000183105469,37.380001068115234,36.40999984741211,37.0099983215332,37.0099983215332,98700,USM
2018-05-09,37.16999816894531,37.290000915527344,36.529998779296875,37.130001068115234,37.130001068115234,142900,USM
2018-05-10,37.189998626708984,37.52000045776367,37.16999816894531,37.33000183105469,37.33000183105469,85100,USM
2018-05-11,37.33000183105469,37.709999084472656,37.18000030517578,37.380001068115234,37.380001068115234,80400,USM
2018-05-14,37.380001068115234,37.56999969482422,36.880001068115234,37.2599983215332,37.2599983215332,108500,USM
2018-05-15,37.0099983215332,37.41999816894531,36.86000061035156,37.11000061035156,37.11000061035156,111000,USM
2018-05-16,37.04999923706055,37.130001068115234,36.630001068115234,36.86000061035156,36.86000061035156,108800,USM
2018-05-17,36.869998931884766,37.40999984741211,36.560001373291016,36.65999984741211,36.65999984741211,108800,USM
2018-05-18,36.52000045776367,37.13999938964844,36.439998626708984,36.619998931884766,36.619998931884766,84200,USM
2018-05-21,36.790000915527344,37.29999923706055,36.470001220703125,37.04999923706055,37.04999923706055,76400,USM
2018-05-22,36.959999084472656,37.5099983215332,36.88999938964844,36.97999954223633,36.97999954223633,66100,USM
2018-05-23,36.709999084472656,36.72999954223633,35.61000061035156,36.13999938964844,36.13999938964844,142400,USM
2018-05-24,36.220001220703125,36.38999938964844,35.849998474121094,36.279998779296875,36.279998779296875,112800,USM
2018-05-25,36.209999084472656,36.22999954223633,35.86000061035156,36.0,36.0,110400,USM
2018-05-29,35.81999969482422,36.34000015258789,35.5,36.099998474121094,36.099998474121094,97800,USM
2018-05-30,36.310001373291016,36.599998474121094,35.95000076293945,36.439998626708984,36.439998626708984,96100,USM
2018-05-31,36.45000076293945,36.45000076293945,35.38999938964844,35.91999816894531,35.91999816894531,150700,USM
2018-06-01,36.09000015258789,36.2400016784668,35.88999938964844,35.900001525878906,35.900001525878906,90000,USM
2018-06-04,36.02000045776367,36.77000045776367,35.959999084472656,36.630001068115234,36.630001068115234,96700,USM
2018-06-05,36.65999984741211,36.779998779296875,36.27000045776367,36.38999938964844,36.38999938964844,66600,USM
2018-06-06,36.369998931884766,36.470001220703125,36.150001525878906,36.36000061035156,36.36000061035156,86700,USM
2018-06-07,36.369998931884766,36.720001220703125,36.27000045776367,36.400001525878906,36.400001525878906,75600,USM
2018-06-08,36.41999816894531,36.900001525878906,35.97999954223633,36.7599983215332,36.7599983215332,85900,USM
2018-06-11,36.849998474121094,36.939998626708984,36.150001525878906,36.29999923706055,36.29999923706055,99800,USM
2018-06-12,36.38999938964844,36.79999923706055,36.38999938964844,36.65999984741211,36.65999984741211,78600,USM
2018-06-13,36.70000076293945,36.83000183105469,36.279998779296875,36.349998474121094,36.349998474121094,90300,USM
2018-06-14,36.439998626708984,36.81999969482422,36.31999969482422,36.75,36.75,76500,USM
2018-06-15,36.70000076293945,36.97999954223633,36.33000183105469,36.720001220703125,36.720001220703125,153400,USM
2018-06-18,36.599998474121094,36.970001220703125,36.5,36.689998626708984,36.689998626708984,59000,USM
2018-06-19,36.459999084472656,36.88999938964844,36.34000015258789,36.7400016784668,36.7400016784668,103300,USM
2018-06-20,36.849998474121094,36.849998474121094,36.380001068115234,36.52000045776367,36.52000045776367,117800,USM
2018-06-21,36.61000061035156,36.66999816894531,35.97999954223633,36.060001373291016,36.060001373291016,114600,USM
2018-06-22,36.209999084472656,36.849998474121094,36.209999084472656,36.810001373291016,36.810001373291016,164600,USM
2018-06-25,36.75,37.099998474121094,36.59000015258789,36.9900016784668,36.9900016784668,74400,USM
2018-06-26,37.04999923706055,37.04999923706055,36.52000045776367,36.93000030517578,36.93000030517578,177400,USM
2018-06-27,36.939998626708984,36.970001220703125,36.33000183105469,36.439998626708984,36.439998626708984,120500,USM
2018-06-28,36.58000183105469,37.0,36.279998779296875,36.970001220703125,36.970001220703125,59600,USM
2018-06-29,37.0,37.11000061035156,36.61000061035156,37.040000915527344,37.040000915527344,76000,USM
2018-07-02,36.91999816894531,37.18000030517578,36.689998626708984,37.150001525878906,37.150001525878906,86500,USM
2018-07-03,37.150001525878906,37.939998626708984,37.040000915527344,37.439998626708984,37.439998626708984,80600,USM
2018-07-05,37.63999938964844,38.130001068115234,37.41999816894531,38.099998474121094,38.099998474121094,88300,USM
2018-07-06,38.11000061035156,39.130001068115234,38.11000061035156,39.11000061035156,39.11000061035156,104100,USM
2018-07-09,39.11000061035156,39.869998931884766,39.0,39.61000061035156,39.61000061035156,122100,USM
2018-07-10,39.56999969482422,39.68000030517578,39.36000061035156,39.56999969482422,39.56999969482422,87800,USM
2018-07-11,37.9900016784668,38.630001068115234,33.970001220703125,34.099998474121094,34.099998474121094,458500,USM
2018-07-12,34.130001068115234,35.0,34.0,34.58000183105469,34.58000183105469,260100,USM
2018-07-13,34.43000030517578,35.02000045776367,34.380001068115234,34.52000045776367,34.52000045776367,165800,USM
2018-07-16,34.52000045776367,34.720001220703125,34.099998474121094,34.41999816894531,34.41999816894531,121900,USM
2018-07-17,34.310001373291016,34.7400016784668,34.310001373291016,34.400001525878906,34.400001525878906,118100,USM
2018-07-18,34.34000015258789,34.34000015258789,33.560001373291016,34.060001373291016,34.060001373291016,154600,USM
2018-07-19,33.88999938964844,34.13999938964844,33.630001068115234,33.689998626708984,33.689998626708984,92700,USM
2018-07-20,33.630001068115234,33.630001068115234,33.09000015258789,33.40999984741211,33.40999984741211,98600,USM
2018-07-23,33.33000183105469,33.439998626708984,32.90999984741211,33.130001068115234,33.130001068115234,164000,USM
2018-07-24,33.36000061035156,33.36000061035156,32.33000183105469,33.099998474121094,33.099998474121094,139400,USM
2018-07-25,33.189998626708984,33.90999984741211,32.529998779296875,32.810001373291016,32.810001373291016,136200,USM
2018-07-26,32.810001373291016,34.25,32.7599983215332,33.959999084472656,33.959999084472656,121500,USM
2018-07-27,33.97999954223633,34.54999923706055,33.7599983215332,33.86000061035156,33.86000061035156,67700,USM
2018-07-30,33.880001068115234,34.7400016784668,33.880001068115234,34.61000061035156,34.61000061035156,101700,USM
2018-07-31,34.7400016784668,34.7400016784668,34.0,34.36000061035156,34.36000061035156,88800,USM
2018-08-01,34.25,34.470001220703125,34.029998779296875,34.439998626708984,34.439998626708984,120700,USM
2018-08-02,34.439998626708984,35.599998474121094,34.15999984741211,35.40999984741211,35.40999984741211,112700,USM
2018-08-03,37.84000015258789,40.0,36.709999084472656,37.38999938964844,37.38999938964844,381200,USM
2018-08-06,37.529998779296875,40.95000076293945,37.529998779296875,40.5099983215332,40.5099983215332,405400,USM
2018-08-07,40.20000076293945,41.2400016784668,40.0,41.08000183105469,41.08000183105469,308500,USM
2018-08-08,41.130001068115234,42.470001220703125,40.77000045776367,42.189998626708984,42.189998626708984,312600,USM
2018-08-09,42.02000045776367,43.650001525878906,41.810001373291016,43.099998474121094,43.099998474121094,216000,USM
2018-08-10,42.709999084472656,43.72999954223633,42.369998931884766,42.83000183105469,42.83000183105469,219400,USM
2018-08-13,42.83000183105469,43.59000015258789,42.470001220703125,43.189998626708984,43.189998626708984,168400,USM
2018-08-14,43.150001525878906,44.0,42.72999954223633,43.470001220703125,43.470001220703125,241200,USM
2018-08-15,43.369998931884766,43.5,42.790000915527344,43.06999969482422,43.06999969482422,192500,USM
2018-08-16,43.279998779296875,44.47999954223633,43.279998779296875,43.93000030517578,43.93000030517578,237800,USM
2018-08-17,43.81999969482422,44.970001220703125,43.41999816894531,44.619998931884766,44.619998931884766,152900,USM
2018-08-20,44.58000183105469,45.0,44.40999984741211,44.54999923706055,44.54999923706055,127600,USM
2018-08-21,44.63999938964844,45.0,44.16999816894531,44.470001220703125,44.470001220703125,142700,USM
2018-08-22,44.27000045776367,44.43000030517578,43.40999984741211,43.52000045776367,43.52000045776367,128000,USM
2018-08-23,43.52000045776367,43.97999954223633,43.25,43.790000915527344,43.790000915527344,78800,USM
2018-08-24,43.939998626708984,43.939998626708984,43.540000915527344,43.72999954223633,43.72999954223633,75000,USM
2018-08-27,43.90999984741211,44.47999954223633,43.540000915527344,44.060001373291016,44.060001373291016,80500,USM
2018-08-28,44.04999923706055,44.08000183105469,43.41999816894531,43.650001525878906,43.650001525878906,86700,USM
2018-08-29,43.619998931884766,44.11000061035156,43.20000076293945,43.79999923706055,43.79999923706055,67200,USM
2018-08-30,43.65999984741211,43.75,43.189998626708984,43.2599983215332,43.2599983215332,107700,USM
2018-08-31,43.209999084472656,43.310001373291016,42.2599983215332,42.7599983215332,42.7599983215332,143500,USM
2018-09-04,42.599998474121094,43.529998779296875,41.5099983215332,42.4900016784668,42.4900016784668,181300,USM
2018-09-05,42.5,43.02000045776367,41.849998474121094,42.58000183105469,42.58000183105469,212500,USM
2018-09-06,42.56999969482422,42.72999954223633,42.060001373291016,42.65999984741211,42.65999984741211,97100,USM
2018-09-07,42.560001373291016,42.7599983215332,42.0,42.31999969482422,42.31999969482422,59200,USM
2018-09-10,42.439998626708984,42.900001525878906,42.34000015258789,42.56999969482422,42.56999969482422,102400,USM
2018-09-11,42.540000915527344,43.560001373291016,42.540000915527344,43.18000030517578,43.18000030517578,120700,USM
2018-09-12,43.0099983215332,43.90999984741211,43.0099983215332,43.75,43.75,106800,USM
2018-09-13,43.88999938964844,44.86000061035156,43.790000915527344,44.459999084472656,44.459999084472656,102100,USM
2018-09-14,44.540000915527344,44.7599983215332,44.06999969482422,44.380001068115234,44.380001068115234,77900,USM
2018-09-17,44.400001525878906,44.400001525878906,43.790000915527344,43.90999984741211,43.90999984741211,67000,USM
2018-09-18,43.849998474121094,44.25,43.79999923706055,44.060001373291016,44.060001373291016,65100,USM
2018-09-19,44.060001373291016,44.060001373291016,43.2400016784668,43.4900016784668,43.4900016784668,103300,USM
2018-09-20,43.72999954223633,44.0099983215332,43.099998474121094,43.939998626708984,43.939998626708984,122500,USM
2018-09-21,43.9900016784668,44.619998931884766,43.959999084472656,44.400001525878906,44.400001525878906,270900,USM
2018-09-24,44.349998474121094,44.38999938964844,43.54999923706055,43.599998474121094,43.599998474121094,135000,USM
2018-09-25,43.56999969482422,43.869998931884766,43.31999969482422,43.52000045776367,43.52000045776367,102200,USM
2018-09-26,43.58000183105469,43.83000183105469,43.290000915527344,43.4900016784668,43.4900016784668,83900,USM
2018-09-27,43.5,44.310001373291016,43.20000076293945,43.970001220703125,43.970001220703125,84700,USM
2018-09-28,43.93000030517578,45.0,43.93000030517578,44.779998779296875,44.779998779296875,158700,USM
2018-10-01,44.95000076293945,44.95000076293945,43.83000183105469,44.150001525878906,44.150001525878906,101000,USM
2018-10-02,44.06999969482422,44.58000183105469,43.97999954223633,44.369998931884766,44.369998931884766,94900,USM
2018-10-03,44.65999984741211,44.93000030517578,43.81999969482422,44.400001525878906,44.400001525878906,142500,USM
2018-10-04,44.45000076293945,44.869998931884766,43.880001068115234,44.79999923706055,44.79999923706055,91000,USM
2018-10-05,44.95000076293945,46.0,44.86000061035156,45.439998626708984,45.439998626708984,273700,USM
2018-10-08,45.29999923706055,45.72999954223633,45.15999984741211,45.43000030517578,45.43000030517578,172200,USM
2018-10-09,45.41999816894531,48.029998779296875,45.41999816894531,47.5,47.5,257400,USM
2018-10-10,47.38999938964844,48.31999969482422,47.15999984741211,47.189998626708984,47.189998626708984,195700,USM
2018-10-11,47.189998626708984,47.189998626708984,45.56999969482422,45.709999084472656,45.709999084472656,190600,USM
2018-10-12,46.380001068115234,47.97999954223633,45.86000061035156,47.709999084472656,47.709999084472656,223300,USM
2018-10-15,47.70000076293945,49.0,47.400001525878906,47.869998931884766,47.869998931884766,182100,USM
2018-10-16,48.540000915527344,48.95000076293945,47.75,48.63999938964844,48.63999938964844,122100,USM
2018-10-17,48.63999938964844,49.4900016784668,48.56999969482422,48.97999954223633,48.97999954223633,173200,USM
2018-10-18,48.91999816894531,49.25,47.9900016784668,48.22999954223633,48.22999954223633,106100,USM
2018-10-19,48.369998931884766,49.11000061035156,48.290000915527344,48.70000076293945,48.70000076293945,125600,USM
2018-10-22,48.9900016784668,50.119998931884766,48.63999938964844,48.70000076293945,48.70000076293945,185500,USM
2018-10-23,48.2599983215332,49.83000183105469,47.7599983215332,49.27000045776367,49.27000045776367,166200,USM
2018-10-24,49.290000915527344,49.290000915527344,46.7400016784668,46.790000915527344,46.790000915527344,131400,USM
2018-10-25,46.97999954223633,47.72999954223633,46.06999969482422,46.4900016784668,46.4900016784668,100300,USM
2018-10-26,45.900001525878906,46.2599983215332,44.790000915527344,45.689998626708984,45.689998626708984,79900,USM
2018-10-29,46.29999923706055,47.060001373291016,44.84000015258789,45.540000915527344,45.540000915527344,74400,USM
2018-10-30,45.459999084472656,47.06999969482422,45.459999084472656,46.75,46.75,85000,USM
2018-10-31,47.25,48.459999084472656,47.25,47.77000045776367,47.77000045776367,113900,USM
2018-11-01,48.09000015258789,48.209999084472656,47.060001373291016,47.5099983215332,47.5099983215332,157400,USM
2018-11-02,49.0,56.88999938964844,48.0,56.0,56.0,529100,USM
2018-11-05,55.060001373291016,55.400001525878906,51.720001220703125,52.66999816894531,52.66999816894531,481500,USM
2018-11-06,52.470001220703125,52.790000915527344,51.209999084472656,51.869998931884766,51.869998931884766,369900,USM
2018-11-07,52.0,54.869998931884766,51.93000030517578,54.2400016784668,54.2400016784668,173000,USM
2018-11-08,54.20000076293945,54.70000076293945,52.68000030517578,52.9900016784668,52.9900016784668,199200,USM
2018-11-09,52.84000015258789,54.220001220703125,52.630001068115234,53.849998474121094,53.849998474121094,169100,USM
2018-11-12,53.77000045776367,54.310001373291016,53.20000076293945,53.75,53.75,142000,USM
2018-11-13,54.25,54.7400016784668,53.130001068115234,53.90999984741211,53.90999984741211,149100,USM
2018-11-14,54.0,54.97999954223633,53.650001525878906,54.20000076293945,54.20000076293945,188300,USM
2018-11-15,53.849998474121094,55.2599983215332,53.849998474121094,54.79999923706055,54.79999923706055,153500,USM
2018-11-16,54.34000015258789,55.9900016784668,54.34000015258789,55.72999954223633,55.72999954223633,164000,USM
2018-11-19,55.97999954223633,56.099998474121094,55.08000183105469,55.619998931884766,55.619998931884766,158700,USM
2018-11-20,55.0,55.4900016784668,53.959999084472656,54.119998931884766,54.119998931884766,375700,USM
2018-11-21,54.52000045776367,57.0,54.52000045776367,56.560001373291016,56.560001373291016,180800,USM
2018-11-23,56.33000183105469,57.0,55.720001220703125,56.619998931884766,56.619998931884766,98900,USM
2018-11-26,57.08000183105469,57.45000076293945,56.209999084472656,56.279998779296875,56.279998779296875,146300,USM
2018-11-27,56.13999938964844,57.7599983215332,56.13999938964844,57.13999938964844,57.13999938964844,309000,USM
2018-11-28,57.31999969482422,58.439998626708984,56.4900016784668,58.2599983215332,58.2599983215332,362100,USM
2018-11-29,58.18000030517578,58.209999084472656,56.540000915527344,57.04999923706055,57.04999923706055,203500,USM
2018-11-30,56.959999084472656,58.040000915527344,55.7400016784668,55.86000061035156,55.86000061035156,502600,USM
2018-12-03,56.18000030517578,56.18000030517578,54.5,55.349998474121094,55.349998474121094,269200,USM
2018-12-04,55.20000076293945,55.810001373291016,53.66999816894531,54.4900016784668,54.4900016784668,318900,USM
2018-12-06,53.79999923706055,54.84000015258789,53.04999923706055,54.810001373291016,54.810001373291016,199900,USM
2018-12-07,54.5099983215332,55.439998626708984,53.5099983215332,53.77000045776367,53.77000045776367,225200,USM
2018-12-10,53.66999816894531,53.88999938964844,52.5099983215332,53.36000061035156,53.36000061035156,178200,USM
2018-12-11,53.65999984741211,55.119998931884766,53.380001068115234,53.43000030517578,53.43000030517578,147600,USM
2018-12-12,54.66999816894531,55.220001220703125,53.91999816894531,55.119998931884766,55.119998931884766,182400,USM
2018-12-13,54.9900016784668,55.790000915527344,53.880001068115234,54.38999938964844,54.38999938964844,279700,USM
2018-12-14,54.08000183105469,55.16999816894531,53.689998626708984,53.91999816894531,53.91999816894531,158300,USM
2018-12-17,53.790000915527344,54.4900016784668,52.58000183105469,52.93000030517578,52.93000030517578,227200,USM
2018-12-18,53.130001068115234,53.9900016784668,52.52000045776367,53.15999984741211,53.15999984741211,244600,USM
2018-12-19,53.150001525878906,54.220001220703125,51.880001068115234,52.349998474121094,52.349998474121094,171200,USM
2018-12-20,52.36000061035156,52.66999816894531,50.849998474121094,51.70000076293945,51.70000076293945,99000,USM
2018-12-21,51.65999984741211,51.86000061035156,49.08000183105469,49.52000045776367,49.52000045776367,241700,USM
2018-12-24,48.959999084472656,49.689998626708984,48.52000045776367,49.18000030517578,49.18000030517578,78700,USM
2018-12-26,49.36000061035156,51.5099983215332,48.959999084472656,51.470001220703125,51.470001220703125,105700,USM
2018-12-27,50.779998779296875,50.869998931884766,49.18000030517578,50.869998931884766,50.869998931884766,95000,USM
2018-12-28,51.130001068115234,51.63999938964844,50.36000061035156,51.20000076293945,51.20000076293945,106100,USM
2018-12-31,51.31999969482422,52.16999816894531,50.66999816894531,51.970001220703125,51.970001220703125,153800,USM
2019-01-02,51.45000076293945,52.470001220703125,50.630001068115234,52.470001220703125,52.470001220703125,185400,USM
2019-01-03,52.119998931884766,53.45000076293945,51.63999938964844,52.91999816894531,52.91999816894531,179200,USM
2019-01-04,53.470001220703125,55.380001068115234,53.470001220703125,55.130001068115234,55.130001068115234,170200,USM
2019-01-07,55.09000015258789,57.06999969482422,55.09000015258789,56.56999969482422,56.56999969482422,243600,USM
2019-01-08,57.04999923706055,57.04999923706055,56.0,56.779998779296875,56.779998779296875,145200,USM
2019-01-09,57.25,57.290000915527344,56.119998931884766,56.70000076293945,56.70000076293945,129200,USM
2019-01-10,56.58000183105469,57.56999969482422,56.22999954223633,57.380001068115234,57.380001068115234,72800,USM
2019-01-11,57.5,58.29999923706055,57.209999084472656,58.16999816894531,58.16999816894531,95200,USM
2019-01-14,57.9900016784668,58.31999969482422,56.36000061035156,56.56999969482422,56.56999969482422,201200,USM
2019-01-15,56.7599983215332,57.529998779296875,56.619998931884766,57.36000061035156,57.36000061035156,121400,USM
2019-01-16,57.5099983215332,58.47999954223633,57.029998779296875,57.40999984741211,57.40999984741211,206700,USM
2019-01-17,57.31999969482422,57.54999923706055,56.689998626708984,57.06999969482422,57.06999969482422,239000,USM
2019-01-18,57.459999084472656,58.029998779296875,57.16999816894531,57.540000915527344,57.540000915527344,68300,USM
2019-01-22,57.4900016784668,58.290000915527344,56.93000030517578,57.72999954223633,57.72999954223633,188600,USM
2019-01-23,58.16999816894531,58.790000915527344,57.369998931884766,58.599998474121094,58.599998474121094,129400,USM
2019-01-24,58.630001068115234,59.11000061035156,57.90999984741211,59.060001373291016,59.060001373291016,188300,USM
2019-01-25,58.86000061035156,59.7400016784668,57.7599983215332,57.88999938964844,57.88999938964844,132600,USM
2019-01-28,57.63999938964844,58.45000076293945,57.18000030517578,57.4900016784668,57.4900016784668,103700,USM
2019-01-29,57.380001068115234,57.650001525878906,55.790000915527344,56.0099983215332,56.0099983215332,169000,USM
2019-01-30,56.040000915527344,56.38999938964844,55.20000076293945,56.09000015258789,56.09000015258789,122700,USM
2019-01-31,56.20000076293945,57.720001220703125,55.83000183105469,57.58000183105469,57.58000183105469,187200,USM
2019-02-01,57.560001373291016,58.369998931884766,56.91999816894531,57.099998474121094,57.099998474121094,111200,USM
2019-02-04,57.060001373291016,57.310001373291016,56.560001373291016,56.83000183105469,56.83000183105469,104800,USM
2019-02-05,57.0,57.0,55.56999969482422,55.650001525878906,55.650001525878906,111300,USM
2019-02-06,55.619998931884766,55.70000076293945,54.4900016784668,54.68000030517578,54.68000030517578,119900,USM
2019-02-07,54.540000915527344,54.84000015258789,54.11000061035156,54.84000015258789,54.84000015258789,249100,USM
2019-02-08,54.52000045776367,55.18000030517578,53.68000030517578,55.130001068115234,55.130001068115234,172500,USM
2019-02-11,55.25,55.63999938964844,54.65999984741211,54.810001373291016,54.810001373291016,85300,USM
2019-02-12,55.41999816894531,56.099998474121094,54.97999954223633,55.63999938964844,55.63999938964844,145600,USM
2019-02-13,55.63999938964844,55.79999923706055,54.29999923706055,54.56999969482422,54.56999969482422,124500,USM
2019-02-14,54.459999084472656,55.36000061035156,53.93000030517578,55.119998931884766,55.119998931884766,181800,USM
2019-02-15,55.31999969482422,56.2599983215332,55.27000045776367,56.09000015258789,56.09000015258789,134400,USM
2019-02-19,55.86000061035156,56.56999969482422,55.5,56.41999816894531,56.41999816894531,211100,USM
2019-02-20,56.52000045776367,56.97999954223633,56.09000015258789,56.630001068115234,56.630001068115234,122500,USM
2019-02-21,56.709999084472656,56.709999084472656,55.45000076293945,55.90999984741211,55.90999984741211,188500,USM
2019-02-22,57.720001220703125,57.720001220703125,48.810001373291016,49.099998474121094,49.099998474121094,791100,USM
2019-02-25,48.9900016784668,49.599998474121094,47.18000030517578,47.810001373291016,47.810001373291016,525400,USM
2019-02-26,47.5099983215332,47.849998474121094,45.560001373291016,46.34000015258789,46.34000015258789,438600,USM
2019-02-27,46.029998779296875,46.63999938964844,46.029998779296875,46.59000015258789,46.59000015258789,340300,USM
2019-02-28,46.619998931884766,46.900001525878906,46.119998931884766,46.689998626708984,46.689998626708984,374800,USM
2019-03-01,46.70000076293945,47.290000915527344,46.369998931884766,47.09000015258789,47.09000015258789,276400,USM
2019-03-04,46.83000183105469,47.0,46.02000045776367,46.68000030517578,46.68000030517578,230300,USM
2019-03-05,46.529998779296875,46.59000015258789,46.11000061035156,46.18000030517578,46.18000030517578,126300,USM
2019-03-06,46.09000015258789,46.13999938964844,45.11000061035156,45.599998474121094,45.599998474121094,236300,USM
2019-03-07,45.41999816894531,46.34000015258789,45.209999084472656,45.97999954223633,45.97999954223633,212500,USM
2019-03-08,45.900001525878906,46.09000015258789,45.47999954223633,45.59000015258789,45.59000015258789,124600,USM
2019-03-11,45.709999084472656,47.04999923706055,45.709999084472656,46.88999938964844,46.88999938964844,176300,USM
2019-03-12,46.93000030517578,48.029998779296875,46.91999816894531,47.279998779296875,47.279998779296875,221700,USM
2019-03-13,47.400001525878906,48.119998931884766,46.790000915527344,46.880001068115234,46.880001068115234,164300,USM
2019-03-14,46.88999938964844,47.119998931884766,46.529998779296875,47.02000045776367,47.02000045776367,118000,USM
2019-03-15,47.16999816894531,47.459999084472656,46.88999938964844,47.18000030517578,47.18000030517578,279900,USM
2019-03-18,47.16999816894531,48.099998474121094,47.16999816894531,48.0099983215332,48.0099983215332,197800,USM
2019-03-19,48.2400016784668,48.59000015258789,47.25,47.400001525878906,47.400001525878906,183300,USM
2019-03-20,47.41999816894531,47.790000915527344,46.97999954223633,47.040000915527344,47.040000915527344,196800,USM
2019-03-21,47.0,48.0,46.5,47.279998779296875,47.279998779296875,209200,USM
2019-03-22,46.959999084472656,47.15999984741211,46.369998931884766,46.709999084472656,46.709999084472656,143700,USM
2019-03-25,46.81999969482422,47.61000061035156,46.61000061035156,47.540000915527344,47.540000915527344,213800,USM
2019-03-26,47.70000076293945,48.22999954223633,46.9900016784668,47.41999816894531,47.41999816894531,179000,USM
2019-03-27,47.130001068115234,47.34000015258789,46.25,46.25,46.25,294000,USM
2019-03-28,46.400001525878906,46.720001220703125,45.29999923706055,45.689998626708984,45.689998626708984,214900,USM
2019-03-29,45.849998474121094,46.130001068115234,45.20000076293945,45.90999984741211,45.90999984741211,287300,USM
2019-04-01,46.220001220703125,46.59000015258789,46.15999984741211,46.43000030517578,46.43000030517578,149400,USM
2019-04-02,46.43000030517578,46.59000015258789,45.86000061035156,46.11000061035156,46.11000061035156,275900,USM
2019-04-03,46.349998474121094,47.38999938964844,46.2599983215332,46.90999984741211,46.90999984741211,860600,USM
2019-04-04,46.9900016784668,47.95000076293945,46.810001373291016,47.790000915527344,47.790000915527344,303100,USM
2019-04-05,47.65999984741211,48.150001525878906,47.02000045776367,47.150001525878906,47.150001525878906,232400,USM
2019-04-08,46.900001525878906,47.220001220703125,46.060001373291016,46.91999816894531,46.91999816894531,176700,USM
2019-04-09,46.619998931884766,47.349998474121094,46.560001373291016,46.939998626708984,46.939998626708984,166800,USM
2019-04-10,47.18000030517578,48.119998931884766,46.7599983215332,47.83000183105469,47.83000183105469,134300,USM
2019-04-11,47.72999954223633,47.72999954223633,47.08000183105469,47.38999938964844,47.38999938964844,129200,USM
2019-04-12,47.5,47.630001068115234,46.630001068115234,46.689998626708984,46.689998626708984,110600,USM
2019-04-15,46.5099983215332,47.22999954223633,46.5,46.709999084472656,46.709999084472656,133000,USM
2019-04-16,46.790000915527344,47.33000183105469,46.75,47.09000015258789,47.09000015258789,124900,USM
2019-04-17,47.0,47.189998626708984,45.099998474121094,45.40999984741211,45.40999984741211,265100,USM
2019-04-18,45.599998474121094,47.11000061035156,45.18000030517578,46.91999816894531,46.91999816894531,231900,USM
2019-04-22,46.66999816894531,50.06999969482422,46.560001373291016,49.790000915527344,49.790000915527344,685700,USM
2019-04-23,49.65999984741211,50.029998779296875,48.2400016784668,49.959999084472656,49.959999084472656,640400,USM
2019-04-24,50.0,50.0,47.54999923706055,47.68000030517578,47.68000030517578,560000,USM
2019-04-25,47.70000076293945,50.790000915527344,47.4900016784668,49.290000915527344,49.290000915527344,430900,USM
2019-04-26,48.93000030517578,49.38999938964844,47.31999969482422,47.88999938964844,47.88999938964844,924500,USM
2019-04-29,47.9900016784668,48.720001220703125,47.709999084472656,48.630001068115234,48.630001068115234,258700,USM
2019-04-30,48.689998626708984,48.689998626708984,47.560001373291016,48.099998474121094,48.099998474121094,313500,USM
2019-05-01,48.2400016784668,49.5099983215332,48.029998779296875,48.709999084472656,48.709999084472656,239500,USM
2019-05-02,48.41999816894531,49.15999984741211,47.59000015258789,49.119998931884766,49.119998931884766,418500,USM
2019-05-03,47.90999984741211,51.209999084472656,47.90999984741211,50.45000076293945,50.45000076293945,410700,USM
2019-05-06,49.709999084472656,49.709999084472656,47.2599983215332,47.540000915527344,47.540000915527344,317000,USM
2019-05-07,47.40999984741211,48.380001068115234,46.869998931884766,48.189998626708984,48.189998626708984,254400,USM
2019-05-08,48.189998626708984,49.02000045776367,47.31999969482422,47.5,47.5,217000,USM
2019-05-09,47.33000183105469,48.45000076293945,47.2599983215332,48.290000915527344,48.290000915527344,167500,USM
2019-05-10,47.9900016784668,48.220001220703125,46.88999938964844,48.09000015258789,48.09000015258789,225700,USM
2019-05-13,47.25,47.290000915527344,44.90999984741211,45.38999938964844,45.38999938964844,237200,USM
2019-05-14,45.29999923706055,46.040000915527344,45.09000015258789,45.77000045776367,45.77000045776367,237300,USM
2019-05-15,45.290000915527344,46.16999816894531,45.11000061035156,45.939998626708984,45.939998626708984,182400,USM
2019-05-16,46.0,47.290000915527344,45.59000015258789,46.189998626708984,46.189998626708984,158500,USM
2019-05-17,45.86000061035156,47.18000030517578,45.86000061035156,46.68000030517578,46.68000030517578,218800,USM
2019-05-20,46.47999954223633,47.5,46.40999984741211,46.59000015258789,46.59000015258789,327500,USM
2019-05-21,46.56999969482422,47.650001525878906,46.56999969482422,47.27000045776367,47.27000045776367,156900,USM
2019-05-22,46.900001525878906,47.0,46.119998931884766,46.22999954223633,46.22999954223633,154300,USM
2019-05-23,45.939998626708984,45.939998626708984,44.7599983215332,44.86000061035156,44.86000061035156,151800,USM
2019-05-24,45.209999084472656,46.29999923706055,45.209999084472656,46.150001525878906,46.150001525878906,140100,USM
2019-05-28,46.150001525878906,46.66999816894531,45.65999984741211,45.70000076293945,45.70000076293945,281700,USM
2019-05-29,45.66999816894531,46.08000183105469,45.369998931884766,45.779998779296875,45.779998779296875,115800,USM
2019-05-30,45.72999954223633,45.9900016784668,45.279998779296875,45.58000183105469,45.58000183105469,84400,USM
2019-05-31,45.13999938964844,45.2400016784668,43.43000030517578,43.54999923706055,43.54999923706055,143700,USM
2019-06-03,43.779998779296875,44.29999923706055,43.22999954223633,43.900001525878906,43.900001525878906,218100,USM
2019-06-04,44.349998474121094,44.880001068115234,44.16999816894531,44.790000915527344,44.790000915527344,193300,USM
2019-06-05,44.88999938964844,45.099998474121094,44.56999969482422,45.02000045776367,45.02000045776367,162900,USM
2019-06-06,45.09000015258789,46.060001373291016,45.09000015258789,45.619998931884766,45.619998931884766,239400,USM
2019-06-07,45.79999923706055,45.900001525878906,45.2400016784668,45.65999984741211,45.65999984741211,113800,USM
2019-06-10,45.81999969482422,46.06999969482422,44.0099983215332,44.08000183105469,44.08000183105469,136300,USM
2019-06-11,44.38999938964844,44.47999954223633,43.7400016784668,44.150001525878906,44.150001525878906,126600,USM
2019-06-12,44.130001068115234,44.380001068115234,43.61000061035156,44.16999816894531,44.16999816894531,120800,USM
2019-06-13,44.290000915527344,44.790000915527344,43.77000045776367,44.66999816894531,44.66999816894531,212900,USM
2019-06-14,44.63999938964844,44.63999938964844,43.02000045776367,43.7400016784668,43.7400016784668,141400,USM
2019-06-17,43.61000061035156,44.29999923706055,43.61000061035156,44.18000030517578,44.18000030517578,170100,USM
2019-06-18,47.25,51.18000030517578,47.25,50.540000915527344,50.540000915527344,470400,USM
2019-06-19,50.279998779296875,51.20000076293945,49.79999923706055,50.040000915527344,50.040000915527344,313600,USM
2019-06-20,50.54999923706055,50.54999923706055,48.83000183105469,49.31999969482422,49.31999969482422,177800,USM
2019-06-21,49.119998931884766,49.20000076293945,47.959999084472656,48.33000183105469,48.33000183105469,233500,USM
2019-06-24,48.459999084472656,48.880001068115234,47.720001220703125,47.75,47.75,131500,USM
2019-06-25,47.77000045776367,47.869998931884766,46.90999984741211,46.9900016784668,46.9900016784668,185000,USM
2019-06-26,47.0,47.209999084472656,43.5,43.599998474121094,43.599998474121094,404200,USM
2019-06-27,43.849998474121094,45.52000045776367,43.849998474121094,45.02000045776367,45.02000045776367,210500,USM
2019-06-28,45.290000915527344,45.290000915527344,44.290000915527344,44.66999816894531,44.66999816894531,296900,USM
2019-07-01,45.099998474121094,45.15999984741211,43.869998931884766,44.380001068115234,44.380001068115234,218900,USM
2019-07-02,44.72999954223633,47.27000045776367,44.70000076293945,47.0099983215332,47.0099983215332,369000,USM
2019-07-03,47.09000015258789,47.970001220703125,46.38999938964844,46.83000183105469,46.83000183105469,477400,USM
2019-07-05,46.83000183105469,47.20000076293945,46.150001525878906,47.040000915527344,47.040000915527344,136100,USM
2019-07-08,46.81999969482422,47.4900016784668,46.72999954223633,47.369998931884766,47.369998931884766,184600,USM
2019-07-09,47.150001525878906,47.43000030517578,46.779998779296875,46.959999084472656,46.959999084472656,148800,USM
2019-07-10,47.18000030517578,47.869998931884766,45.95000076293945,46.45000076293945,46.45000076293945,114400,USM
2019-07-11,46.5099983215332,46.5099983215332,45.66999816894531,45.72999954223633,45.72999954223633,139300,USM
2019-07-12,45.599998474121094,46.75,45.58000183105469,46.470001220703125,46.470001220703125,140800,USM
2019-07-15,46.529998779296875,46.529998779296875,45.59000015258789,45.790000915527344,45.790000915527344,182600,USM
2019-07-16,45.869998931884766,46.849998474121094,45.650001525878906,46.79999923706055,46.79999923706055,220200,USM
2019-07-17,46.849998474121094,47.36000061035156,45.880001068115234,46.70000076293945,46.70000076293945,208200,USM
2019-07-18,46.689998626708984,47.119998931884766,46.220001220703125,47.099998474121094,47.099998474121094,134100,USM
2019-07-19,47.52000045776367,49.0099983215332,47.369998931884766,47.88999938964844,47.88999938964844,528900,USM
2019-07-22,48.060001373291016,48.310001373291016,46.86000061035156,47.029998779296875,47.029998779296875,419100,USM
2019-07-23,47.0099983215332,47.0099983215332,45.349998474121094,46.63999938964844,46.63999938964844,243400,USM
2019-07-24,46.7400016784668,48.599998474121094,46.47999954223633,48.060001373291016,48.060001373291016,237500,USM
2019-07-25,48.22999954223633,48.5099983215332,47.59000015258789,47.83000183105469,47.83000183105469,163900,USM
2019-07-26,48.11000061035156,49.529998779296875,47.9900016784668,49.20000076293945,49.20000076293945,257300,USM
2019-07-29,49.11000061035156,49.5099983215332,47.97999954223633,48.5,48.5,187600,USM
2019-07-30,48.20000076293945,48.720001220703125,48.0099983215332,48.349998474121094,48.349998474121094,165200,USM
2019-07-31,48.45000076293945,48.75,47.599998474121094,47.88999938964844,47.88999938964844,208500,USM
2019-08-01,47.849998474121094,48.630001068115234,45.470001220703125,46.08000183105469,46.08000183105469,232300,USM
2019-08-02,41.20000076293945,42.27000045776367,36.29999923706055,38.20000076293945,38.20000076293945,1005800,USM
2019-08-05,38.189998626708984,38.65999984741211,36.65999984741211,37.880001068115234,37.880001068115234,434400,USM
2019-08-06,37.810001373291016,38.279998779296875,36.900001525878906,37.43000030517578,37.43000030517578,354200,USM
2019-08-07,36.86000061035156,36.88999938964844,35.61000061035156,36.29999923706055,36.29999923706055,313300,USM
2019-08-08,36.59000015258789,37.2599983215332,36.060001373291016,36.95000076293945,36.95000076293945,287400,USM
2019-08-09,36.68000030517578,36.90999984741211,35.43000030517578,35.810001373291016,35.810001373291016,301200,USM
2019-08-12,35.41999816894531,35.4900016784668,35.0,35.13999938964844,35.13999938964844,250600,USM
2019-08-13,35.099998474121094,35.720001220703125,35.0,35.16999816894531,35.16999816894531,218000,USM
2019-08-14,34.970001220703125,34.970001220703125,33.540000915527344,34.41999816894531,34.41999816894531,227300,USM
2019-08-15,34.25,34.849998474121094,34.0,34.08000183105469,34.08000183105469,288000,USM
2019-08-16,34.13999938964844,35.47999954223633,34.0,34.970001220703125,34.970001220703125,321100,USM
2019-08-19,35.09000015258789,35.470001220703125,34.61000061035156,35.119998931884766,35.119998931884766,257700,USM
2019-08-20,35.0,35.31999969482422,34.66999816894531,34.68000030517578,34.68000030517578,265000,USM
2019-08-21,34.849998474121094,35.59000015258789,34.599998474121094,35.5,35.5,219400,USM
2019-08-22,35.560001373291016,36.38999938964844,35.279998779296875,35.540000915527344,35.540000915527344,281700,USM
2019-08-23,35.34000015258789,36.29999923706055,34.29999923706055,34.41999816894531,34.41999816894531,236000,USM
2019-08-26,34.68000030517578,34.83000183105469,34.400001525878906,34.720001220703125,34.720001220703125,157700,USM
2019-08-27,34.880001068115234,34.90999984741211,34.22999954223633,34.349998474121094,34.349998474121094,126500,USM
2019-08-28,34.15999984741211,35.31999969482422,34.15999984741211,35.2400016784668,35.2400016784668,128800,USM
2019-08-29,35.54999923706055,36.2400016784668,35.5099983215332,35.95000076293945,35.95000076293945,114300,USM
2019-08-30,36.11000061035156,36.31999969482422,35.7400016784668,35.9900016784668,35.9900016784668,112300,USM
2019-09-03,35.689998626708984,35.900001525878906,35.08000183105469,35.849998474121094,35.849998474121094,245600,USM
2019-09-04,36.20000076293945,36.599998474121094,35.720001220703125,35.880001068115234,35.880001068115234,123100,USM
2019-09-05,36.060001373291016,36.83000183105469,36.060001373291016,36.33000183105469,36.33000183105469,149100,USM
2019-09-06,36.349998474121094,36.93000030517578,36.34000015258789,36.72999954223633,36.72999954223633,140700,USM
2019-09-09,36.880001068115234,38.060001373291016,36.880001068115234,37.65999984741211,37.65999984741211,245200,USM
2019-09-10,37.75,38.970001220703125,37.290000915527344,38.7599983215332,38.7599983215332,204700,USM
2019-09-11,38.65999984741211,39.90999984741211,38.400001525878906,39.77000045776367,39.77000045776367,253200,USM
2019-09-12,39.72999954223633,39.9900016784668,39.11000061035156,39.869998931884766,39.869998931884766,162500,USM
2019-09-13,39.779998779296875,40.029998779296875,38.900001525878906,39.08000183105469,39.08000183105469,157200,USM
2019-09-16,38.959999084472656,39.400001525878906,38.61000061035156,39.119998931884766,39.119998931884766,144900,USM
2019-09-17,38.810001373291016,38.810001373291016,37.81999969482422,38.150001525878906,38.150001525878906,129600,USM
2019-09-18,37.959999084472656,37.959999084472656,37.0099983215332,37.45000076293945,37.45000076293945,184500,USM
2019-09-19,37.34000015258789,37.47999954223633,37.0,37.15999984741211,37.15999984741211,281100,USM
2019-09-20,37.150001525878906,38.16999816894531,36.9900016784668,37.61000061035156,37.61000061035156,248400,USM
2019-09-23,37.33000183105469,38.22999954223633,37.09000015258789,37.810001373291016,37.810001373291016,124700,USM
2019-09-24,37.95000076293945,37.97999954223633,36.959999084472656,37.0,37.0,129900,USM
2019-09-25,36.7400016784668,37.720001220703125,36.709999084472656,37.61000061035156,37.61000061035156,194300,USM
2019-09-26,37.45000076293945,37.65999984741211,36.720001220703125,36.72999954223633,36.72999954223633,183700,USM
2019-09-27,36.689998626708984,37.130001068115234,36.36000061035156,36.83000183105469,36.83000183105469,156400,USM
2019-09-30,37.029998779296875,37.97999954223633,36.66999816894531,37.58000183105469,37.58000183105469,193800,USM
2019-10-01,37.84000015258789,37.959999084472656,36.689998626708984,36.91999816894531,36.91999816894531,293100,USM
2019-10-02,36.290000915527344,36.38999938964844,33.150001525878906,33.939998626708984,33.939998626708984,802700,USM
2019-10-03,33.56999969482422,33.90999984741211,32.779998779296875,33.38999938964844,33.38999938964844,3182900,USM
2019-10-04,33.72999954223633,35.459999084472656,33.630001068115234,35.369998931884766,35.369998931884766,640600,USM
2019-10-07,35.25,36.0,34.79999923706055,34.88999938964844,34.88999938964844,400400,USM
2019-10-08,34.599998474121094,35.43000030517578,34.439998626708984,35.099998474121094,35.099998474121094,353500,USM
2019-10-09,35.58000183105469,35.58000183105469,34.08000183105469,35.150001525878906,35.150001525878906,225100,USM
2019-10-10,35.220001220703125,35.52000045776367,34.869998931884766,35.290000915527344,35.290000915527344,165300,USM
2019-10-11,35.70000076293945,36.4900016784668,35.599998474121094,35.810001373291016,35.810001373291016,270000,USM
2019-10-14,35.790000915527344,35.83000183105469,35.209999084472656,35.59000015258789,35.59000015258789,111800,USM
2019-10-15,35.83000183105469,36.58000183105469,35.38999938964844,36.369998931884766,36.369998931884766,158800,USM
2019-10-16,36.279998779296875,36.689998626708984,35.7599983215332,35.93000030517578,35.93000030517578,189200,USM
2019-10-17,36.04999923706055,36.36000061035156,35.93000030517578,36.29999923706055,36.29999923706055,146700,USM
2019-10-18,36.189998626708984,36.58000183105469,35.95000076293945,36.33000183105469,36.33000183105469,226500,USM
2019-10-21,36.54999923706055,37.04999923706055,36.22999954223633,36.380001068115234,36.380001068115234,204600,USM
2019-10-22,36.380001068115234,37.20000076293945,36.060001373291016,36.79999923706055,36.79999923706055,135500,USM
2019-10-23,36.599998474121094,37.2400016784668,36.5099983215332,37.22999954223633,37.22999954223633,383500,USM
2019-10-24,37.33000183105469,37.33000183105469,36.119998931884766,36.33000183105469,36.33000183105469,125000,USM
2019-10-25,36.2400016784668,36.88999938964844,36.2400016784668,36.58000183105469,36.58000183105469,149000,USM
2019-10-28,36.75,37.880001068115234,36.5,37.58000183105469,37.58000183105469,247200,USM
2019-10-29,37.4900016784668,37.58000183105469,36.720001220703125,36.779998779296875,36.779998779296875,333000,USM
2019-10-30,36.77000045776367,37.9900016784668,36.77000045776367,37.81999969482422,37.81999969482422,241500,USM
2019-10-31,37.790000915527344,37.790000915527344,36.47999954223633,37.220001220703125,37.220001220703125,213500,USM
2019-11-01,36.029998779296875,36.2400016784668,30.739999771118164,31.489999771118164,31.489999771118164,858900,USM
2019-11-04,33.040000915527344,36.650001525878906,33.040000915527344,35.15999984741211,35.15999984741211,732100,USM
2019-11-05,35.2599983215332,35.900001525878906,35.06999969482422,35.709999084472656,35.709999084472656,283200,USM
2019-11-06,35.470001220703125,35.470001220703125,34.43000030517578,34.84000015258789,34.84000015258789,258600,USM
2019-11-07,35.369998931884766,35.849998474121094,34.959999084472656,35.720001220703125,35.720001220703125,392800,USM
2019-11-08,35.56999969482422,35.56999969482422,34.58000183105469,35.2400016784668,35.2400016784668,211700,USM
2019-11-11,34.900001525878906,35.54999923706055,34.75,35.279998779296875,35.279998779296875,395200,USM
2019-11-12,35.4900016784668,35.59000015258789,34.59000015258789,35.380001068115234,35.380001068115234,413400,USM
2019-11-13,35.18000030517578,35.349998474121094,34.72999954223633,35.04999923706055,35.04999923706055,255900,USM
2019-11-14,34.81999969482422,34.95000076293945,33.869998931884766,34.099998474121094,34.099998474121094,219600,USM
2019-11-15,34.2400016784668,34.5099983215332,34.04999923706055,34.29999923706055,34.29999923706055,147900,USM
2019-11-18,34.2599983215332,34.2599983215332,33.38999938964844,33.58000183105469,33.58000183105469,135600,USM
2019-11-19,33.689998626708984,33.869998931884766,33.099998474121094,33.2599983215332,33.2599983215332,290700,USM
2019-11-20,33.310001373291016,33.81999969482422,32.95000076293945,33.04999923706055,33.04999923706055,234200,USM
2019-11-21,33.15999984741211,33.540000915527344,33.029998779296875,33.27000045776367,33.27000045776367,184000,USM
2019-11-22,33.349998474121094,33.790000915527344,33.349998474121094,33.630001068115234,33.630001068115234,135600,USM
2019-11-25,33.70000076293945,34.04999923706055,33.54999923706055,33.900001525878906,33.900001525878906,203900,USM
2019-11-26,33.529998779296875,34.02000045776367,33.400001525878906,33.81999969482422,33.81999969482422,114000,USM
2019-11-27,33.880001068115234,34.22999954223633,33.790000915527344,34.0,34.0,82400,USM
2019-11-29,34.0,34.09000015258789,33.77000045776367,33.90999984741211,33.90999984741211,69400,USM
2019-12-02,34.099998474121094,34.099998474121094,33.63999938964844,33.70000076293945,33.70000076293945,164500,USM
2019-12-03,33.5,33.650001525878906,33.20000076293945,33.599998474121094,33.599998474121094,127500,USM
2019-12-04,33.619998931884766,34.36000061035156,33.619998931884766,33.97999954223633,33.97999954223633,222400,USM
2019-12-05,34.189998626708984,34.529998779296875,34.099998474121094,34.150001525878906,34.150001525878906,123700,USM
2019-12-06,34.400001525878906,35.08000183105469,34.400001525878906,34.91999816894531,34.91999816894531,118300,USM
2019-12-09,34.790000915527344,35.189998626708984,33.97999954223633,34.25,34.25,276600,USM
2019-12-10,34.2400016784668,34.880001068115234,34.06999969482422,34.130001068115234,34.130001068115234,356400,USM
2019-12-11,34.22999954223633,34.709999084472656,34.16999816894531,34.540000915527344,34.540000915527344,175500,USM
2019-12-12,34.47999954223633,35.34000015258789,34.38999938964844,34.88999938964844,34.88999938964844,218300,USM
2019-12-13,34.88999938964844,35.0,34.04999923706055,34.18000030517578,34.18000030517578,141600,USM
2019-12-16,34.36000061035156,35.040000915527344,34.25,34.59000015258789,34.59000015258789,133000,USM
2019-12-17,34.470001220703125,34.65999984741211,34.130001068115234,34.400001525878906,34.400001525878906,260100,USM
2019-12-18,34.599998474121094,35.13999938964844,34.58000183105469,34.7400016784668,34.7400016784668,128300,USM
2019-12-19,34.68000030517578,35.36000061035156,34.68000030517578,35.18000030517578,35.18000030517578,208400,USM
2019-12-20,35.27000045776367,35.7400016784668,35.220001220703125,35.47999954223633,35.47999954223633,283600,USM
2019-12-23,35.43000030517578,35.43000030517578,34.619998931884766,35.15999984741211,35.15999984741211,136400,USM
2019-12-24,35.369998931884766,35.630001068115234,35.119998931884766,35.119998931884766,35.119998931884766,42400,USM
2019-12-26,35.27000045776367,35.68000030517578,35.099998474121094,35.189998626708984,35.189998626708984,67300,USM
2019-12-27,35.290000915527344,35.41999816894531,34.86000061035156,35.02000045776367,35.02000045776367,80100,USM
2019-12-30,35.08000183105469,35.619998931884766,35.08000183105469,35.34000015258789,35.34000015258789,169300,USM
2019-12-31,35.25,36.349998474121094,35.25,36.22999954223633,36.22999954223633,143500,USM
2020-01-02,36.439998626708984,36.439998626708984,35.529998779296875,36.349998474121094,36.349998474121094,207100,USM
2020-01-03,36.150001525878906,36.279998779296875,35.31999969482422,35.81999969482422,35.81999969482422,125700,USM
2020-01-06,35.68000030517578,35.900001525878906,35.31999969482422,35.52000045776367,35.52000045776367,128400,USM
2020-01-07,35.47999954223633,35.630001068115234,35.02000045776367,35.20000076293945,35.20000076293945,136200,USM
2020-01-08,35.279998779296875,35.619998931884766,34.7400016784668,35.2400016784668,35.2400016784668,107200,USM
2020-01-09,35.43000030517578,35.529998779296875,34.720001220703125,35.43000030517578,35.43000030517578,141700,USM
2020-01-10,35.45000076293945,35.45000076293945,34.650001525878906,34.810001373291016,34.810001373291016,79600,USM
2020-01-13,34.900001525878906,35.16999816894531,34.47999954223633,34.970001220703125,34.970001220703125,158700,USM
2020-01-14,35.0,35.52000045776367,34.869998931884766,35.38999938964844,35.38999938964844,159800,USM
2020-01-15,35.439998626708984,35.7400016784668,35.22999954223633,35.380001068115234,35.380001068115234,145100,USM
2020-01-16,35.459999084472656,36.83000183105469,35.459999084472656,36.41999816894531,36.41999816894531,172200,USM
2020-01-17,36.4900016784668,36.4900016784668,35.939998626708984,36.310001373291016,36.310001373291016,146300,USM
2020-01-21,36.310001373291016,36.310001373291016,35.810001373291016,35.95000076293945,35.95000076293945,135400,USM
2020-01-22,36.08000183105469,36.54999923706055,35.93000030517578,36.5099983215332,36.5099983215332,126200,USM
2020-01-23,36.41999816894531,36.4900016784668,35.869998931884766,36.349998474121094,36.349998474121094,215100,USM
2020-01-24,36.5,36.5,35.400001525878906,35.470001220703125,35.470001220703125,110400,USM
2020-01-27,34.93000030517578,34.93000030517578,34.459999084472656,34.720001220703125,34.720001220703125,107300,USM
2020-01-28,34.959999084472656,35.33000183105469,34.88999938964844,34.9900016784668,34.9900016784668,107700,USM
2020-01-29,35.13999938964844,35.13999938964844,33.470001220703125,33.560001373291016,33.560001373291016,124900,USM
2020-01-30,33.25,33.33000183105469,32.560001373291016,33.310001373291016,33.310001373291016,124800,USM
2020-01-31,33.25,33.310001373291016,31.8799991607666,32.02000045776367,32.02000045776367,223000,USM
2020-02-03,32.20000076293945,32.75,31.899999618530273,32.540000915527344,32.540000915527344,148400,USM
2020-02-04,32.939998626708984,33.40999984741211,32.81999969482422,33.25,33.25,78300,USM
2020-02-05,33.84000015258789,34.13999938964844,33.72999954223633,33.9900016784668,33.9900016784668,92600,USM
2020-02-06,34.2599983215332,34.47999954223633,33.9900016784668,34.099998474121094,34.099998474121094,100600,USM
2020-02-07,34.060001373291016,34.439998626708984,33.66999816894531,34.349998474121094,34.349998474121094,109800,USM
2020-02-10,34.209999084472656,34.27000045776367,33.40999984741211,33.560001373291016,33.560001373291016,102100,USM
2020-02-11,33.939998626708984,35.95000076293945,33.939998626708984,35.349998474121094,35.349998474121094,191200,USM
2020-02-12,35.58000183105469,36.380001068115234,35.38999938964844,35.95000076293945,35.95000076293945,184500,USM
2020-02-13,35.880001068115234,35.9900016784668,34.810001373291016,35.20000076293945,35.20000076293945,142800,USM
2020-02-14,35.43000030517578,35.43000030517578,34.29999923706055,34.7400016784668,34.7400016784668,124700,USM
2020-02-18,34.65999984741211,35.7599983215332,34.02000045776367,35.709999084472656,35.709999084472656,93300,USM
2020-02-19,35.869998931884766,36.279998779296875,35.720001220703125,36.209999084472656,36.209999084472656,95000,USM
2020-02-20,36.08000183105469,36.619998931884766,36.060001373291016,36.38999938964844,36.38999938964844,133800,USM
2020-02-21,37.29999923706055,37.75,31.670000076293945,32.290000915527344,32.290000915527344,673400,USM
2020-02-24,31.290000915527344,32.56999969482422,31.040000915527344,31.610000610351562,31.610000610351562,251200,USM
2020-02-25,31.75,31.850000381469727,30.329999923706055,30.579999923706055,30.579999923706055,249400,USM
2020-02-26,30.739999771118164,31.850000381469727,30.739999771118164,31.770000457763672,31.770000457763672,250600,USM
2020-02-27,31.290000915527344,31.290000915527344,29.84000015258789,29.90999984741211,29.90999984741211,214800,USM
2020-02-28,28.90999984741211,31.440000534057617,28.0,31.40999984741211,31.40999984741211,521400,USM
2020-03-02,31.579999923706055,31.809999465942383,30.59000015258789,31.700000762939453,31.700000762939453,270700,USM
2020-03-03,31.559999465942383,32.41999816894531,30.110000610351562,30.469999313354492,30.469999313354492,167700,USM
2020-03-04,30.979999542236328,31.06999969482422,30.149999618530273,30.989999771118164,30.989999771118164,174900,USM
2020-03-05,30.270000457763672,30.559999465942383,29.729999542236328,29.790000915527344,29.790000915527344,173300,USM
2020-03-06,28.790000915527344,30.190000534057617,28.600000381469727,30.049999237060547,30.049999237060547,248100,USM
2020-03-09,28.40999984741211,29.030000686645508,27.31999969482422,27.389999389648438,27.389999389648438,281300,USM
2020-03-10,28.190000534057617,28.329999923706055,26.59000015258789,27.969999313354492,27.969999313354492,198400,USM
2020-03-11,27.3799991607666,28.229999542236328,26.6200008392334,26.950000762939453,26.950000762939453,358800,USM
2020-03-12,25.81999969482422,25.940000534057617,23.90999984741211,25.309999465942383,25.309999465942383,282200,USM
2020-03-13,26.309999465942383,27.579999923706055,25.170000076293945,27.440000534057617,27.440000534057617,272500,USM
2020-03-16,26.18000030517578,28.06999969482422,25.18000030517578,26.979999542236328,26.979999542236328,311100,USM
2020-03-17,27.360000610351562,31.739999771118164,27.020000457763672,31.299999237060547,31.299999237060547,390300,USM
2020-03-18,29.959999084472656,33.15999984741211,27.829999923706055,31.790000915527344,31.790000915527344,359900,USM
2020-03-19,32.900001525878906,34.779998779296875,31.030000686645508,32.22999954223633,32.22999954223633,434200,USM
2020-03-20,32.439998626708984,32.439998626708984,27.850000381469727,28.209999084472656,28.209999084472656,410900,USM
2020-03-23,28.020000457763672,30.15999984741211,26.709999084472656,29.579999923706055,29.579999923706055,345800,USM
2020-03-24,31.25,31.25,29.18000030517578,29.940000534057617,29.940000534057617,254800,USM
2020-03-25,29.8700008392334,31.010000228881836,28.540000915527344,28.719999313354492,28.719999313354492,276200,USM
2020-03-26,28.899999618530273,30.540000915527344,28.420000076293945,29.56999969482422,29.56999969482422,308000,USM
2020-03-27,28.860000610351562,30.610000610351562,28.760000228881836,29.81999969482422,29.81999969482422,214600,USM
2020-03-30,30.030000686645508,30.450000762939453,29.6299991607666,30.229999542236328,30.229999542236328,268800,USM
2020-03-31,29.950000762939453,31.06999969482422,29.1299991607666,29.290000915527344,29.290000915527344,304900,USM
2020-04-01,28.549999237060547,29.079999923706055,27.1200008392334,27.700000762939453,27.700000762939453,228600,USM
2020-04-02,27.610000610351562,28.43000030517578,26.760000228881836,27.15999984741211,27.15999984741211,169900,USM
2020-04-03,27.020000457763672,27.709999084472656,26.239999771118164,27.579999923706055,27.579999923706055,223200,USM
2020-04-06,28.3799991607666,29.479999542236328,28.139999389648438,28.940000534057617,28.940000534057617,149100,USM
2020-04-07,29.229999542236328,30.309999465942383,28.610000610351562,29.260000228881836,29.260000228881836,302100,USM
2020-04-08,29.559999465942383,30.770000457763672,29.260000228881836,30.540000915527344,30.540000915527344,198800,USM
2020-04-09,30.829999923706055,31.329999923706055,29.6200008392334,31.1200008392334,31.1200008392334,231500,USM
2020-04-13,31.1299991607666,31.809999465942383,30.549999237060547,31.360000610351562,31.360000610351562,156000,USM
2020-04-14,31.760000228881836,32.13999938964844,30.399999618530273,30.899999618530273,30.899999618530273,223400,USM
2020-04-15,30.31999969482422,30.809999465942383,28.469999313354492,28.579999923706055,28.579999923706055,238700,USM
2020-04-16,28.959999084472656,31.459999084472656,28.350000381469727,31.360000610351562,31.360000610351562,302800,USM
2020-04-17,32.220001220703125,32.220001220703125,30.90999984741211,31.31999969482422,31.31999969482422,181800,USM
2020-04-20,31.09000015258789,31.81999969482422,30.8700008392334,31.43000030517578,31.43000030517578,85100,USM
2020-04-21,31.309999465942383,31.309999465942383,30.139999389648438,30.540000915527344,30.540000915527344,131400,USM
2020-04-22,30.75,31.030000686645508,30.18000030517578,30.399999618530273,30.399999618530273,81200,USM
2020-04-23,30.639999389648438,31.8700008392334,30.5,31.510000228881836,31.510000228881836,109200,USM
2020-04-24,31.510000228881836,31.809999465942383,30.829999923706055,31.389999389648438,31.389999389648438,74100,USM
2020-04-27,31.65999984741211,32.33000183105469,31.56999969482422,32.209999084472656,32.209999084472656,83500,USM
2020-04-28,32.599998474121094,32.84000015258789,31.889999389648438,31.979999542236328,31.979999542236328,114000,USM
2020-04-29,32.54999923706055,33.29999923706055,32.34000015258789,32.810001373291016,32.810001373291016,136900,USM
2020-04-30,32.68000030517578,33.20000076293945,31.260000228881836,31.829999923706055,31.829999923706055,200000,USM
2020-05-01,34.0,34.0,29.56999969482422,30.06999969482422,30.06999969482422,244700,USM
2020-05-04,29.729999542236328,29.729999542236328,28.5,29.09000015258789,29.09000015258789,275700,USM
2020-05-05,29.329999923706055,29.959999084472656,28.950000762939453,29.719999313354492,29.719999313354492,247500,USM
2020-05-06,29.899999618530273,29.959999084472656,28.65999984741211,28.770000457763672,28.770000457763672,163800,USM
2020-05-07,29.149999618530273,30.110000610351562,29.149999618530273,29.739999771118164,29.739999771118164,133700,USM
2020-05-08,29.739999771118164,30.979999542236328,29.729999542236328,30.93000030517578,30.93000030517578,197900,USM
2020-05-11,30.40999984741211,30.559999465942383,29.809999465942383,30.100000381469727,30.100000381469727,138900,USM
2020-05-12,30.100000381469727,30.100000381469727,29.139999389648438,29.170000076293945,29.170000076293945,117600,USM
2020-05-13,29.0,29.020000457763672,27.549999237060547,28.100000381469727,28.100000381469727,144400,USM
2020-05-14,27.450000762939453,28.110000610351562,26.979999542236328,28.110000610351562,28.110000610351562,117300,USM
2020-05-15,27.84000015258789,28.5,27.719999313354492,28.31999969482422,28.31999969482422,98900,USM
2020-05-18,29.25,31.049999237060547,29.25,30.43000030517578,30.43000030517578,170000,USM
2020-05-19,30.59000015258789,30.59000015258789,29.959999084472656,29.989999771118164,29.989999771118164,84100,USM
2020-05-20,30.450000762939453,30.829999923706055,30.1200008392334,30.3700008392334,30.3700008392334,119500,USM
2020-05-21,30.520000457763672,30.860000610351562,30.5,30.549999237060547,30.549999237060547,112400,USM
2020-05-22,30.559999465942383,31.34000015258789,30.229999542236328,31.34000015258789,31.34000015258789,124000,USM
2020-05-26,31.989999771118164,32.400001525878906,31.610000610351562,31.690000534057617,31.690000534057617,162000,USM
2020-05-27,32.209999084472656,32.52000045776367,31.75,32.279998779296875,32.279998779296875,115000,USM
2020-05-28,32.560001373291016,32.560001373291016,31.739999771118164,31.809999465942383,31.809999465942383,104500,USM
2020-05-29,31.510000228881836,31.68000030517578,31.040000915527344,31.510000228881836,31.510000228881836,161600,USM
2020-06-01,31.6299991607666,32.970001220703125,31.43000030517578,32.63999938964844,32.63999938964844,124200,USM
2020-06-02,32.650001525878906,32.650001525878906,31.8700008392334,32.439998626708984,32.439998626708984,187000,USM
2020-06-03,32.63999938964844,33.119998931884766,32.630001068115234,32.81999969482422,32.81999969482422,175600,USM
2020-06-04,32.56999969482422,33.0,32.099998474121094,33.0,33.0,243400,USM
2020-06-05,33.43000030517578,33.83000183105469,32.70000076293945,33.0099983215332,33.0099983215332,221800,USM
2020-06-08,33.439998626708984,35.15999984741211,33.029998779296875,35.0,35.0,234600,USM
2020-06-09,34.77000045776367,34.77000045776367,33.2400016784668,33.959999084472656,33.959999084472656,157400,USM
2020-06-10,33.83000183105469,33.880001068115234,32.68000030517578,32.81999969482422,32.81999969482422,156000,USM
2020-06-11,31.780000686645508,31.81999969482422,30.610000610351562,30.709999084472656,30.709999084472656,162800,USM
2020-06-12,31.610000610351562,31.809999465942383,30.549999237060547,31.15999984741211,31.15999984741211,188300,USM
2020-06-15,30.600000381469727,32.0099983215332,30.170000076293945,31.770000457763672,31.770000457763672,186100,USM
2020-06-16,32.54999923706055,32.75,31.809999465942383,32.040000915527344,32.040000915527344,233600,USM
2020-06-17,31.899999618530273,32.060001373291016,31.020000457763672,31.059999465942383,31.059999465942383,149000,USM
2020-06-18,31.010000228881836,31.579999923706055,30.989999771118164,31.260000228881836,31.260000228881836,137700,USM
2020-06-19,31.649999618530273,31.649999618530273,30.889999389648438,31.100000381469727,31.100000381469727,206400,USM
2020-06-22,31.010000228881836,31.299999237060547,30.65999984741211,31.040000915527344,31.040000915527344,199000,USM
2020-06-23,31.280000686645508,31.6200008392334,30.760000228881836,31.290000915527344,31.290000915527344,229100,USM
2020-06-24,31.1200008392334,31.1200008392334,29.75,30.790000915527344,30.790000915527344,190700,USM
2020-06-25,30.639999389648438,31.09000015258789,30.34000015258789,30.969999313354492,30.969999313354492,165400,USM
2020-06-26,30.799999237060547,30.799999237060547,29.0,29.31999969482422,29.31999969482422,299600,USM
2020-06-29,29.6200008392334,30.84000015258789,29.6200008392334,30.75,30.75,110400,USM
2020-06-30,31.09000015258789,31.40999984741211,30.809999465942383,30.8700008392334,30.8700008392334,150700,USM
2020-07-01,30.860000610351562,31.399999618530273,30.729999542236328,31.030000686645508,31.030000686645508,127000,USM
2020-07-02,31.489999771118164,31.649999618530273,30.729999542236328,30.809999465942383,30.809999465942383,94500,USM
2020-07-06,31.139999389648438,31.56999969482422,30.75,30.8799991607666,30.8799991607666,102400,USM
2020-07-07,30.700000762939453,30.959999084472656,30.260000228881836,30.670000076293945,30.670000076293945,101400,USM
2020-07-08,30.559999465942383,30.81999969482422,30.260000228881836,30.760000228881836,30.760000228881836,147100,USM
2020-07-09,31.010000228881836,31.040000915527344,30.25,30.3799991607666,30.3799991607666,112500,USM
2020-07-10,30.489999771118164,31.139999389648438,30.360000610351562,31.1200008392334,31.1200008392334,126500,USM
2020-07-13,31.329999923706055,31.950000762939453,30.690000534057617,31.190000534057617,31.190000534057617,679000,USM
2020-07-14,31.25,32.040000915527344,30.950000762939453,31.809999465942383,31.809999465942383,119300,USM
2020-07-15,31.959999084472656,32.25,31.139999389648438,31.260000228881836,31.260000228881836,142400,USM
2020-07-16,31.149999618530273,31.84000015258789,31.06999969482422,31.530000686645508,31.530000686645508,112900,USM
2020-07-17,31.65999984741211,32.119998931884766,31.3700008392334,32.060001373291016,32.060001373291016,111300,USM
2020-07-20,31.940000534057617,32.150001525878906,31.530000686645508,31.56999969482422,31.56999969482422,68500,USM
2020-07-21,31.739999771118164,32.31999969482422,31.670000076293945,31.75,31.75,175300,USM
2020-07-22,31.59000015258789,31.68000030517578,30.360000610351562,30.709999084472656,30.709999084472656,138800,USM
2020-07-23,30.65999984741211,30.90999984741211,30.020000457763672,30.809999465942383,30.809999465942383,114400,USM
2020-07-24,30.809999465942383,30.8700008392334,30.020000457763672,30.270000457763672,30.270000457763672,112100,USM
2020-07-27,30.170000076293945,30.420000076293945,29.5,30.31999969482422,30.31999969482422,116800,USM
2020-07-28,30.3700008392334,30.770000457763672,29.940000534057617,30.34000015258789,30.34000015258789,102500,USM
2020-07-29,30.280000686645508,30.6299991607666,30.18000030517578,30.31999969482422,30.31999969482422,84600,USM
2020-07-30,30.010000228881836,30.010000228881836,29.31999969482422,29.479999542236328,29.479999542236328,108200,USM
2020-07-31,29.709999084472656,29.850000381469727,28.790000915527344,29.670000076293945,29.670000076293945,124300,USM
2020-08-03,30.020000457763672,30.06999969482422,29.56999969482422,29.75,29.75,139800,USM
2020-08-04,29.549999237060547,30.139999389648438,29.549999237060547,29.959999084472656,29.959999084472656,191900,USM
2020-08-05,30.149999618530273,30.25,29.610000610351562,29.709999084472656,29.709999084472656,181000,USM
2020-08-06,29.81999969482422,30.25,29.559999465942383,29.940000534057617,29.940000534057617,164100,USM
2020-08-07,30.989999771118164,35.31999969482422,30.829999923706055,35.119998931884766,35.119998931884766,511200,USM
2020-08-10,35.310001373291016,35.529998779296875,34.54999923706055,35.36000061035156,35.36000061035156,268700,USM
2020-08-11,35.61000061035156,36.20000076293945,35.09000015258789,35.27000045776367,35.27000045776367,231100,USM
2020-08-12,35.349998474121094,36.20000076293945,35.349998474121094,35.83000183105469,35.83000183105469,123900,USM
2020-08-13,35.90999984741211,36.58000183105469,35.790000915527344,36.119998931884766,36.119998931884766,89600,USM
2020-08-14,36.0,36.810001373291016,35.7599983215332,36.599998474121094,36.599998474121094,72200,USM
2020-08-17,36.599998474121094,36.90999984741211,36.06999969482422,36.119998931884766,36.119998931884766,103400,USM
2020-08-18,36.040000915527344,36.630001068115234,35.779998779296875,36.52000045776367,36.52000045776367,130500,USM
2020-08-19,36.560001373291016,37.279998779296875,36.4900016784668,36.90999984741211,36.90999984741211,101500,USM
2020-08-20,36.709999084472656,37.209999084472656,36.130001068115234,36.31999969482422,36.31999969482422,127600,USM
2020-08-21,36.310001373291016,36.400001525878906,35.619998931884766,35.81999969482422,35.81999969482422,112000,USM
2020-08-24,35.93000030517578,36.59000015258789,35.93000030517578,36.31999969482422,36.31999969482422,185500,USM
2020-08-25,36.630001068115234,36.630001068115234,35.63999938964844,36.38999938964844,36.38999938964844,126500,USM
2020-08-26,36.349998474121094,36.650001525878906,35.79999923706055,36.58000183105469,36.58000183105469,90700,USM
2020-08-27,36.70000076293945,37.13999938964844,36.70000076293945,36.93000030517578,36.93000030517578,81900,USM
2020-08-28,37.279998779296875,37.279998779296875,36.529998779296875,36.65999984741211,36.65999984741211,107000,USM
2020-08-31,37.0,37.0,36.27000045776367,36.380001068115234,36.380001068115234,101500,USM
2020-09-01,36.189998626708984,36.349998474121094,35.88999938964844,36.02000045776367,36.02000045776367,141200,USM
2020-09-02,35.81999969482422,36.63999938964844,35.81999969482422,36.5,36.5,130100,USM
2020-09-03,36.33000183105469,36.58000183105469,35.560001373291016,36.04999923706055,36.04999923706055,125800,USM
2020-09-04,36.25,36.439998626708984,35.119998931884766,35.56999969482422,35.56999969482422,94300,USM
2020-09-08,35.29999923706055,35.45000076293945,34.38999938964844,34.709999084472656,34.709999084472656,113900,USM
2020-09-09,34.970001220703125,35.56999969482422,34.84000015258789,35.06999969482422,35.06999969482422,161900,USM
2020-09-10,35.279998779296875,35.650001525878906,34.630001068115234,34.650001525878906,34.650001525878906,147000,USM
2020-09-11,34.619998931884766,34.72999954223633,34.18000030517578,34.310001373291016,34.310001373291016,123600,USM
2020-09-14,34.45000076293945,34.540000915527344,33.31999969482422,33.34000015258789,33.34000015258789,145000,USM
2020-09-15,33.400001525878906,33.83000183105469,32.65999984741211,33.0,33.0,141900,USM
2020-09-16,33.209999084472656,34.0,33.0099983215332,33.31999969482422,33.31999969482422,158300,USM
2020-09-17,32.90999984741211,32.97999954223633,32.45000076293945,32.7400016784668,32.7400016784668,193100,USM
2020-09-18,32.77000045776367,32.93000030517578,31.670000076293945,32.04999923706055,32.04999923706055,212900,USM
2020-09-21,31.639999389648438,31.719999313354492,30.690000534057617,30.969999313354492,30.969999313354492,168200,USM
2020-09-22,30.90999984741211,31.530000686645508,30.68000030517578,30.850000381469727,30.850000381469727,203500,USM
2020-09-23,30.81999969482422,31.020000457763672,29.510000228881836,29.670000076293945,29.670000076293945,133200,USM
2020-09-24,29.670000076293945,30.1200008392334,29.389999389648438,29.6200008392334,29.6200008392334,97600,USM
2020-09-25,29.420000076293945,29.729999542236328,29.079999923706055,29.56999969482422,29.56999969482422,104500,USM
2020-09-28,29.760000228881836,30.190000534057617,29.760000228881836,30.110000610351562,30.110000610351562,116000,USM
2020-09-29,30.190000534057617,30.290000915527344,29.850000381469727,29.8700008392334,29.8700008392334,116700,USM
2020-09-30,29.600000381469727,30.0,29.40999984741211,29.530000686645508,29.530000686645508,170800,USM
2020-10-01,29.549999237060547,29.729999542236328,28.950000762939453,29.559999465942383,29.559999465942383,122000,USM
2020-10-02,29.139999389648438,29.700000762939453,29.020000457763672,29.540000915527344,29.540000915527344,110600,USM
2020-10-05,29.700000762939453,29.920000076293945,29.100000381469727,29.649999618530273,29.649999618530273,130800,USM
2020-10-06,29.729999542236328,30.059999465942383,29.3799991607666,29.56999969482422,29.56999969482422,138000,USM
2020-10-07,29.719999313354492,30.239999771118164,29.31999969482422,30.15999984741211,30.15999984741211,173600,USM
2020-10-08,30.280000686645508,30.809999465942383,30.059999465942383,30.6299991607666,30.6299991607666,134300,USM
2020-10-09,30.670000076293945,31.469999313354492,30.670000076293945,31.170000076293945,31.170000076293945,89300,USM
2020-10-12,31.06999969482422,31.329999923706055,30.729999542236328,31.260000228881836,31.260000228881836,98400,USM
2020-10-13,31.209999084472656,31.360000610351562,30.6299991607666,30.90999984741211,30.90999984741211,78700,USM
2020-10-14,30.940000534057617,31.170000076293945,29.649999618530273,29.760000228881836,29.760000228881836,99200,USM
2020-10-15,29.5,30.06999969482422,29.100000381469727,30.06999969482422,30.06999969482422,100500,USM
2020-10-16,29.899999618530273,30.1299991607666,29.709999084472656,29.950000762939453,29.950000762939453,87300,USM
2020-10-19,29.950000762939453,30.40999984741211,29.81999969482422,30.110000610351562,30.110000610351562,203800,USM
2020-10-20,30.280000686645508,30.549999237060547,29.899999618530273,30.229999542236328,30.229999542236328,211000,USM
2020-10-21,30.260000228881836,30.260000228881836,29.170000076293945,29.40999984741211,29.40999984741211,145000,USM
2020-10-22,29.520000457763672,29.6200008392334,29.209999084472656,29.329999923706055,29.329999923706055,75900,USM
2020-10-23,29.440000534057617,29.709999084472656,29.270000457763672,29.420000076293945,29.420000076293945,79600,USM
2020-10-26,29.06999969482422,29.309999465942383,28.549999237060547,29.280000686645508,29.280000686645508,98500,USM
2020-10-27,29.25,29.780000686645508,29.1200008392334,29.440000534057617,29.440000534057617,110300,USM
2020-10-28,28.81999969482422,29.010000228881836,28.260000228881836,28.389999389648438,28.389999389648438,166900,USM
2020-10-29,28.360000610351562,28.850000381469727,28.190000534057617,28.670000076293945,28.670000076293945,118700,USM
2020-10-30,28.350000381469727,29.350000381469727,28.299999237060547,29.1200008392334,29.1200008392334,103200,USM
2020-11-02,29.209999084472656,29.260000228881836,28.6299991607666,29.260000228881836,29.260000228881836,131400,USM
2020-11-03,29.3700008392334,29.780000686645508,28.90999984741211,29.280000686645508,29.280000686645508,118500,USM
2020-11-04,29.290000915527344,29.579999923706055,28.549999237060547,29.18000030517578,29.18000030517578,120800,USM
2020-11-05,29.5,30.549999237060547,29.5,30.059999465942383,30.059999465942383,182300,USM
2020-11-06,31.600000381469727,32.20000076293945,28.5,28.719999313354492,28.719999313354492,259200,USM
2020-11-09,29.979999542236328,32.77000045776367,29.719999313354492,30.780000686645508,30.780000686645508,292200,USM
2020-11-10,30.790000915527344,31.190000534057617,30.420000076293945,30.93000030517578,30.93000030517578,137000,USM
2020-11-11,31.209999084472656,31.739999771118164,30.739999771118164,31.31999969482422,31.31999969482422,170700,USM
2020-11-12,31.329999923706055,32.18000030517578,31.0,31.5,31.5,186200,USM
2020-11-13,31.610000610351562,32.400001525878906,31.40999984741211,31.719999313354492,31.719999313354492,131000,USM
2020-11-16,32.36000061035156,33.119998931884766,31.139999389648438,31.809999465942383,31.809999465942383,247500,USM
2020-11-17,31.510000228881836,32.06999969482422,31.270000457763672,31.729999542236328,31.729999542236328,157800,USM
2020-11-18,31.8799991607666,32.0099983215332,31.149999618530273,31.329999923706055,31.329999923706055,175500,USM
2020-11-19,31.350000381469727,31.809999465942383,30.829999923706055,31.219999313354492,31.219999313354492,96400,USM
2020-11-20,31.200000762939453,31.299999237060547,30.809999465942383,31.049999237060547,31.049999237060547,109500,USM
2020-11-23,31.1200008392334,31.40999984741211,30.84000015258789,31.3700008392334,31.3700008392334,127300,USM
2020-11-24,31.649999618530273,32.63999938964844,31.6299991607666,32.29999923706055,32.29999923706055,143200,USM
2020-11-25,32.369998931884766,32.459999084472656,31.920000076293945,32.16999816894531,32.16999816894531,133500,USM
2020-11-27,32.119998931884766,32.810001373291016,32.0099983215332,32.529998779296875,32.529998779296875,102700,USM
2020-11-30,32.40999984741211,32.54999923706055,31.09000015258789,31.350000381469727,31.350000381469727,176500,USM
2020-12-01,31.3700008392334,31.729999542236328,30.780000686645508,31.329999923706055,31.329999923706055,256000,USM
2020-12-02,31.329999923706055,31.84000015258789,30.989999771118164,31.15999984741211,31.15999984741211,119700,USM
2020-12-03,31.25,31.34000015258789,30.950000762939453,31.15999984741211,31.15999984741211,150000,USM
2020-12-04,31.280000686645508,31.65999984741211,30.799999237060547,31.040000915527344,31.040000915527344,152300,USM
2020-12-07,31.329999923706055,31.510000228881836,30.8799991607666,31.059999465942383,31.059999465942383,126400,USM
2020-12-08,30.90999984741211,30.950000762939453,30.40999984741211,30.579999923706055,30.579999923706055,141000,USM
2020-12-09,30.75,31.0,30.530000686645508,30.729999542236328,30.729999542236328,132100,USM
2020-12-10,30.600000381469727,30.780000686645508,30.350000381469727,30.6200008392334,30.6200008392334,117200,USM
2020-12-11,30.420000076293945,30.6200008392334,30.200000762939453,30.40999984741211,30.40999984741211,86800,USM
2020-12-14,30.59000015258789,31.149999618530273,30.59000015258789,30.850000381469727,30.850000381469727,175000,USM
2020-12-15,31.1200008392334,31.56999969482422,30.860000610351562,31.389999389648438,31.389999389648438,194900,USM
2020-12-16,31.290000915527344,31.290000915527344,30.670000076293945,30.889999389648438,30.889999389648438,149200,USM
2020-12-17,30.84000015258789,30.979999542236328,30.219999313354492,30.670000076293945,30.670000076293945,128600,USM
2020-12-18,30.719999313354492,30.81999969482422,29.860000610351562,30.549999237060547,30.549999237060547,395400,USM
2020-12-21,30.100000381469727,30.25,29.450000762939453,29.559999465942383,29.559999465942383,143300,USM
2020-12-22,29.68000030517578,29.700000762939453,28.809999465942383,28.93000030517578,28.93000030517578,196500,USM
2020-12-23,29.049999237060547,29.81999969482422,28.899999618530273,29.690000534057617,29.690000534057617,137200,USM
2020-12-24,29.81999969482422,30.059999465942383,29.5,29.979999542236328,29.979999542236328,45500,USM
2020-12-28,30.18000030517578,30.399999618530273,29.760000228881836,30.3700008392334,30.3700008392334,134400,USM
2020-12-29,30.469999313354492,30.690000534057617,29.75,30.040000915527344,30.040000915527344,94700,USM
2020-12-30,29.979999542236328,30.219999313354492,29.68000030517578,29.93000030517578,29.93000030517578,104800,USM
2020-12-31,30.09000015258789,30.780000686645508,29.75,30.690000534057617,30.690000534057617,105700,USM
2021-01-04,30.75,31.0,30.049999237060547,30.90999984741211,30.90999984741211,118500,USM
2021-01-05,30.899999618530273,31.18000030517578,30.639999389648438,30.770000457763672,30.770000457763672,109700,USM
2021-01-06,31.1299991607666,31.729999542236328,30.920000076293945,31.68000030517578,31.68000030517578,107000,USM
2021-01-07,31.8799991607666,32.09000015258789,31.479999542236328,31.5,31.5,149600,USM
2021-01-08,31.56999969482422,31.600000381469727,30.68000030517578,31.40999984741211,31.40999984741211,154100,USM
2021-01-11,30.860000610351562,31.229999542236328,30.559999465942383,30.950000762939453,30.950000762939453,92500,USM
2021-01-12,30.950000762939453,31.59000015258789,30.670000076293945,30.84000015258789,30.84000015258789,102100,USM
2021-01-13,30.75,30.8799991607666,30.479999542236328,30.579999923706055,30.579999923706055,80600,USM
2021-01-14,30.739999771118164,32.400001525878906,30.59000015258789,31.850000381469727,31.850000381469727,125200,USM
2021-01-15,31.84000015258789,32.52000045776367,31.510000228881836,32.470001220703125,32.470001220703125,79000,USM
2021-01-19,33.560001373291016,34.58000183105469,33.400001525878906,34.099998474121094,34.099998474121094,296400,USM
2021-01-20,34.540000915527344,34.84000015258789,33.529998779296875,33.97999954223633,33.97999954223633,198300,USM
2021-01-21,34.060001373291016,34.18000030517578,33.20000076293945,33.400001525878906,33.400001525878906,114700,USM
2021-01-22,33.15999984741211,33.970001220703125,33.08000183105469,33.83000183105469,33.83000183105469,103900,USM
2021-01-25,33.970001220703125,34.22999954223633,33.0,33.77000045776367,33.77000045776367,157900,USM
2021-01-26,34.0099983215332,34.40999984741211,33.459999084472656,34.2400016784668,34.2400016784668,134200,USM
2021-01-27,33.95000076293945,34.209999084472656,33.099998474121094,33.279998779296875,33.279998779296875,147000,USM
2021-01-28,33.5,33.52000045776367,31.760000228881836,31.860000610351562,31.860000610351562,150100,USM
2021-01-29,31.979999542236328,32.189998626708984,31.010000228881836,31.18000030517578,31.18000030517578,153400,USM
2021-02-01,31.469999313354492,32.11000061035156,30.8799991607666,31.860000610351562,31.860000610351562,171700,USM
2021-02-02,32.150001525878906,32.18000030517578,31.690000534057617,32.0,32.0,116600,USM
2021-02-03,32.189998626708984,32.36000061035156,31.600000381469727,32.15999984741211,32.15999984741211,141200,USM
2021-02-04,32.36000061035156,32.88999938964844,31.93000030517578,32.599998474121094,32.599998474121094,136300,USM
2021-02-05,33.0,33.81999969482422,32.63999938964844,33.540000915527344,33.540000915527344,167800,USM
2021-02-08,33.83000183105469,34.54999923706055,33.220001220703125,34.04999923706055,34.04999923706055,119900,USM
2021-02-09,34.099998474121094,34.119998931884766,33.04999923706055,33.52000045776367,33.52000045776367,115900,USM
2021-02-10,33.790000915527344,33.790000915527344,32.880001068115234,32.95000076293945,32.95000076293945,128000,USM
2021-02-11,32.83000183105469,33.220001220703125,32.130001068115234,32.79999923706055,32.79999923706055,157600,USM
2021-02-12,32.779998779296875,33.09000015258789,32.58000183105469,32.90999984741211,32.90999984741211,90800,USM
2021-02-16,33.060001373291016,33.5,32.72999954223633,33.2599983215332,33.2599983215332,234400,USM
2021-02-17,33.40999984741211,33.52000045776367,32.959999084472656,33.33000183105469,33.33000183105469,179800,USM
2021-02-18,33.150001525878906,33.400001525878906,32.61000061035156,32.779998779296875,32.779998779296875,167800,USM
2021-02-19,32.79999923706055,33.38999938964844,30.649999618530273,31.68000030517578,31.68000030517578,286700,USM
2021-02-22,30.020000457763672,30.690000534057617,28.610000610351562,29.209999084472656,29.209999084472656,519100,USM
2021-02-23,29.149999618530273,29.389999389648438,28.530000686645508,29.260000228881836,29.260000228881836,252200,USM
2021-02-24,29.219999313354492,29.459999084472656,28.75,29.360000610351562,29.360000610351562,319700,USM
2021-02-25,29.299999237060547,29.959999084472656,29.079999923706055,29.75,29.75,259800,USM
2021-02-26,29.649999618530273,29.690000534057617,29.200000762939453,29.43000030517578,29.43000030517578,205200,USM
2021-03-01,29.450000762939453,30.0,29.420000076293945,29.770000457763672,29.770000457763672,193700,USM
2021-03-02,30.0,30.479999542236328,29.850000381469727,29.8799991607666,29.8799991607666,139900,USM
2021-03-03,30.059999465942383,30.610000610351562,29.889999389648438,30.350000381469727,30.350000381469727,211200,USM
2021-03-04,30.479999542236328,31.229999542236328,30.31999969482422,30.3799991607666,30.3799991607666,203000,USM
2021-03-05,30.81999969482422,32.630001068115234,30.809999465942383,32.61000061035156,32.61000061035156,266200,USM
2021-03-08,32.849998474121094,35.189998626708984,32.70000076293945,34.650001525878906,34.650001525878906,383900,USM
2021-03-09,34.61000061035156,35.45000076293945,34.31999969482422,35.130001068115234,35.130001068115234,246000,USM
2021-03-10,35.459999084472656,37.470001220703125,35.22999954223633,37.040000915527344,37.040000915527344,317900,USM
2021-03-11,37.0,37.380001068115234,35.43000030517578,35.52000045776367,35.52000045776367,264600,USM
2021-03-12,35.65999984741211,36.43000030517578,35.65999984741211,36.36000061035156,36.36000061035156,97500,USM
2021-03-15,36.45000076293945,37.56999969482422,36.45000076293945,36.79999923706055,36.79999923706055,225100,USM
2021-03-16,36.90999984741211,37.130001068115234,36.040000915527344,36.7599983215332,36.7599983215332,119300,USM
2021-03-17,36.97999954223633,37.04999923706055,36.16999816894531,36.779998779296875,36.779998779296875,162000,USM
2021-03-18,36.540000915527344,36.630001068115234,35.40999984741211,35.529998779296875,35.529998779296875,168100,USM
2021-03-19,35.45000076293945,35.970001220703125,35.040000915527344,35.58000183105469,35.58000183105469,264300,USM
2021-03-22,35.400001525878906,35.810001373291016,34.900001525878906,35.25,35.25,135400,USM
2021-03-23,35.13999938964844,35.18000030517578,34.099998474121094,34.189998626708984,34.189998626708984,154200,USM
2021-03-24,34.130001068115234,34.470001220703125,33.61000061035156,33.66999816894531,33.66999816894531,134100,USM
2021-03-25,33.20000076293945,34.939998626708984,33.0,34.869998931884766,34.869998931884766,166200,USM
2021-03-26,35.189998626708984,35.5099983215332,34.90999984741211,35.33000183105469,35.33000183105469,109500,USM
2021-03-29,35.0,36.220001220703125,35.0,35.630001068115234,35.630001068115234,182700,USM
2021-03-30,35.63999938964844,36.22999954223633,35.4900016784668,36.18000030517578,36.18000030517578,204300,USM
2021-03-31,36.2400016784668,36.720001220703125,35.779998779296875,36.47999954223633,36.47999954223633,159400,USM
2021-04-01,36.52000045776367,36.86000061035156,35.7400016784668,36.79999923706055,36.79999923706055,95300,USM
2021-04-05,37.11000061035156,37.790000915527344,37.11000061035156,37.68000030517578,37.68000030517578,129800,USM
2021-04-06,37.369998931884766,37.369998931884766,36.099998474121094,36.52000045776367,36.52000045776367,153500,USM
2021-04-07,36.560001373291016,37.150001525878906,36.27000045776367,37.0,37.0,130000,USM
2021-04-08,37.099998474121094,37.45000076293945,36.68000030517578,36.86000061035156,36.86000061035156,125200,USM
2021-04-09,36.90999984741211,36.97999954223633,35.93000030517578,36.22999954223633,36.22999954223633,149000,USM
2021-04-12,36.22999954223633,37.04999923706055,35.95000076293945,36.95000076293945,36.95000076293945,102400,USM
2021-04-13,36.95000076293945,37.18000030517578,36.459999084472656,36.650001525878906,36.650001525878906,185700,USM
2021-04-14,36.58000183105469,36.93000030517578,36.09000015258789,36.209999084472656,36.209999084472656,118300,USM
2021-04-15,36.31999969482422,36.75,36.16999816894531,36.560001373291016,36.560001373291016,109000,USM
2021-04-16,36.91999816894531,36.97999954223633,36.18000030517578,36.459999084472656,36.459999084472656,199000,USM
2021-04-19,36.38999938964844,36.59000015258789,36.0,36.56999969482422,36.56999969482422,146100,USM
2021-04-20,36.56999969482422,36.619998931884766,35.54999923706055,35.79999923706055,35.79999923706055,135800,USM
2021-04-21,35.939998626708984,36.15999984741211,35.400001525878906,35.97999954223633,35.97999954223633,110900,USM
2021-04-22,36.15999984741211,36.15999984741211,35.58000183105469,35.84000015258789,35.84000015258789,88200,USM
2021-04-23,35.66999816894531,35.91999816894531,35.40999984741211,35.75,35.75,139200,USM
2021-04-26,35.77000045776367,35.869998931884766,35.18000030517578,35.279998779296875,35.279998779296875,79000,USM
2021-04-27,35.189998626708984,35.349998474121094,34.56999969482422,34.7599983215332,34.7599983215332,95600,USM
2021-04-28,35.0,35.0,34.33000183105469,34.70000076293945,34.70000076293945,108100,USM
2021-04-29,34.91999816894531,35.31999969482422,34.720001220703125,34.900001525878906,34.900001525878906,82800,USM
2021-04-30,35.060001373291016,35.189998626708984,33.9900016784668,34.130001068115234,34.130001068115234,110300,USM
2021-05-03,34.77000045776367,35.7400016784668,34.209999084472656,35.45000076293945,35.45000076293945,164500,USM
2021-05-04,35.439998626708984,35.66999816894531,35.02000045776367,35.380001068115234,35.380001068115234,140200,USM
2021-05-05,35.43000030517578,36.13999938964844,35.349998474121094,36.09000015258789,36.09000015258789,102500,USM
2021-05-06,36.34000015258789,37.11000061035156,36.04999923706055,37.08000183105469,37.08000183105469,242800,USM
2021-05-07,37.189998626708984,37.20000076293945,35.25,36.5,36.5,225500,USM
2021-05-10,36.56999969482422,38.33000183105469,36.279998779296875,37.70000076293945,37.70000076293945,228000,USM
2021-05-11,37.709999084472656,38.11000061035156,37.2400016784668,37.65999984741211,37.65999984741211,194300,USM
2021-05-12,37.63999938964844,37.849998474121094,37.02000045776367,37.2400016784668,37.2400016784668,133300,USM
2021-05-13,37.15999984741211,38.130001068115234,37.150001525878906,37.88999938964844,37.88999938964844,129100,USM
2021-05-14,38.060001373291016,38.93000030517578,37.970001220703125,38.290000915527344,38.290000915527344,155800,USM
2021-05-17,38.150001525878906,38.869998931884766,37.70000076293945,37.810001373291016,37.810001373291016,101900,USM
2021-05-18,37.540000915527344,37.630001068115234,36.47999954223633,36.86000061035156,36.86000061035156,155200,USM
2021-05-19,36.52000045776367,37.5099983215332,36.459999084472656,37.36000061035156,37.36000061035156,112600,USM
2021-05-20,37.279998779296875,37.880001068115234,37.25,37.349998474121094,37.349998474121094,143500,USM
2021-05-21,37.29999923706055,37.849998474121094,36.900001525878906,37.31999969482422,37.31999969482422,123200,USM
2021-05-24,37.560001373291016,37.88999938964844,37.189998626708984,37.83000183105469,37.83000183105469,120800,USM
2021-05-25,37.959999084472656,37.9900016784668,37.11000061035156,37.22999954223633,37.22999954223633,209300,USM
2021-05-26,37.25,38.08000183105469,37.15999984741211,37.970001220703125,37.970001220703125,187800,USM
2021-05-27,38.380001068115234,38.52000045776367,37.7400016784668,37.86000061035156,37.86000061035156,207200,USM
2021-05-28,37.81999969482422,38.08000183105469,37.529998779296875,37.75,37.75,120700,USM
2021-06-01,37.75,38.63999938964844,37.75,38.529998779296875,38.529998779296875,139700,USM
2021-06-02,38.540000915527344,38.63999938964844,37.849998474121094,38.11000061035156,38.11000061035156,128300,USM
2021-06-03,38.06999969482422,38.72999954223633,37.84000015258789,38.650001525878906,38.650001525878906,94500,USM
2021-06-04,38.77000045776367,39.150001525878906,38.04999923706055,39.040000915527344,39.040000915527344,139600,USM
2021-06-07,39.15999984741211,39.5,38.84000015258789,39.20000076293945,39.20000076293945,111700,USM
2021-06-08,39.09000015258789,39.84000015258789,38.970001220703125,39.68000030517578,39.68000030517578,133300,USM
2021-06-09,39.75,39.959999084472656,39.59000015258789,39.630001068115234,39.630001068115234,121100,USM
2021-06-10,39.79999923706055,39.95000076293945,39.58000183105469,39.65999984741211,39.65999984741211,94100,USM
2021-06-11,39.720001220703125,39.849998474121094,39.38999938964844,39.779998779296875,39.779998779296875,95500,USM
2021-06-14,39.849998474121094,39.849998474121094,38.130001068115234,38.15999984741211,38.15999984741211,149900,USM
2021-06-15,38.04999923706055,38.709999084472656,37.63999938964844,38.459999084472656,38.459999084472656,159000,USM
2021-06-16,38.41999816894531,38.900001525878906,38.25,38.689998626708984,38.689998626708984,215700,USM
2021-06-17,38.5099983215332,39.09000015258789,38.400001525878906,38.400001525878906,38.400001525878906,235800,USM
2021-06-18,37.869998931884766,38.33000183105469,36.43000030517578,36.52000045776367,36.52000045776367,287500,USM
2021-06-21,36.709999084472656,37.5,36.599998474121094,37.29999923706055,37.29999923706055,174400,USM
2021-06-22,37.220001220703125,38.029998779296875,36.88999938964844,37.79999923706055,37.79999923706055,301200,USM
2021-06-23,37.66999816894531,37.90999984741211,37.029998779296875,37.2400016784668,37.2400016784668,164500,USM
2021-06-24,37.22999954223633,38.060001373291016,37.189998626708984,37.95000076293945,37.95000076293945,243600,USM
2021-06-25,37.869998931884766,37.88999938964844,36.65999984741211,36.83000183105469,36.83000183105469,2102400,USM
2021-06-28,36.599998474121094,36.79999923706055,35.7400016784668,36.25,36.25,246600,USM
2021-06-29,36.33000183105469,36.540000915527344,35.61000061035156,35.75,35.75,218900,USM
2021-06-30,35.619998931884766,36.45000076293945,35.619998931884766,36.310001373291016,36.310001373291016,202800,USM
2021-07-01,36.20000076293945,36.689998626708984,36.20000076293945,36.25,36.25,152200,USM
2021-07-02,36.29999923706055,37.209999084472656,36.119998931884766,37.060001373291016,37.060001373291016,123400,USM
2021-07-06,36.95000076293945,36.97999954223633,35.97999954223633,36.90999984741211,36.90999984741211,185200,USM
2021-07-07,36.77000045776367,36.970001220703125,35.88999938964844,36.63999938964844,36.63999938964844,191000,USM
2021-07-08,36.189998626708984,36.540000915527344,35.720001220703125,36.119998931884766,36.119998931884766,260100,USM
2021-07-09,36.560001373291016,37.56999969482422,36.41999816894531,37.459999084472656,37.459999084472656,183000,USM
2021-07-12,37.099998474121094,37.5099983215332,36.66999816894531,37.06999969482422,37.06999969482422,136700,USM
2021-07-13,36.9900016784668,37.15999984741211,36.77000045776367,36.90999984741211,36.90999984741211,98100,USM
2021-07-14,37.08000183105469,37.099998474121094,35.70000076293945,35.869998931884766,35.869998931884766,149900,USM
2021-07-15,35.66999816894531,36.2400016784668,35.52000045776367,36.16999816894531,36.16999816894531,164000,USM
2021-07-16,36.439998626708984,36.7599983215332,36.31999969482422,36.70000076293945,36.70000076293945,107900,USM
2021-07-19,36.290000915527344,37.40999984741211,36.2400016784668,37.13999938964844,37.13999938964844,162600,USM
2021-07-20,37.36000061035156,38.04999923706055,36.95000076293945,36.970001220703125,36.970001220703125,159300,USM
2021-07-21,37.290000915527344,37.56999969482422,37.08000183105469,37.13999938964844,37.13999938964844,141400,USM
2021-07-22,37.29999923706055,37.29999923706055,36.540000915527344,36.81999969482422,36.81999969482422,103900,USM
2021-07-23,37.060001373291016,37.29999923706055,36.72999954223633,36.90999984741211,36.90999984741211,113300,USM
2021-07-26,37.0099983215332,37.790000915527344,37.0099983215332,37.38999938964844,37.38999938964844,90500,USM
2021-07-27,37.16999816894531,37.52000045776367,36.88999938964844,37.060001373291016,37.060001373291016,76400,USM
2021-07-28,37.11000061035156,37.119998931884766,36.54999923706055,36.75,36.75,71500,USM
2021-07-29,36.90999984741211,37.130001068115234,36.56999969482422,36.779998779296875,36.779998779296875,78500,USM
2021-07-30,36.72999954223633,36.7599983215332,36.09000015258789,36.36000061035156,36.36000061035156,132100,USM
2021-08-02,34.84000015258789,34.84000015258789,32.79999923706055,32.90999984741211,32.90999984741211,302500,USM
2021-08-03,33.0,33.41999816894531,32.52000045776367,32.65999984741211,32.65999984741211,139100,USM
2021-08-04,32.2599983215332,32.38999938964844,31.09000015258789,31.440000534057617,31.440000534057617,144800,USM
2021-08-05,31.3700008392334,32.150001525878906,31.3700008392334,31.6299991607666,31.6299991607666,146300,USM
2021-08-06,30.489999771118164,31.639999389648438,30.06999969482422,30.969999313354492,30.969999313354492,207100,USM
2021-08-09,30.719999313354492,32.2400016784668,30.719999313354492,31.68000030517578,31.68000030517578,221000,USM
2021-08-10,31.520000457763672,31.989999771118164,31.3700008392334,31.450000762939453,31.450000762939453,213400,USM
2021-08-11,31.610000610351562,31.81999969482422,31.530000686645508,31.670000076293945,31.670000076293945,134400,USM
2021-08-12,31.649999618530273,32.150001525878906,31.649999618530273,31.8700008392334,31.8700008392334,135300,USM
2021-08-13,31.93000030517578,32.09000015258789,31.649999618530273,31.75,31.75,158100,USM
2021-08-16,31.780000686645508,31.81999969482422,30.899999618530273,30.920000076293945,30.920000076293945,128000,USM
2021-08-17,30.670000076293945,31.420000076293945,30.56999969482422,31.280000686645508,31.280000686645508,101400,USM
2021-08-18,31.34000015258789,31.610000610351562,31.049999237060547,31.149999618530273,31.149999618530273,104700,USM
2021-08-19,31.149999618530273,31.34000015258789,30.670000076293945,30.920000076293945,30.920000076293945,123400,USM
2021-08-20,30.760000228881836,31.709999084472656,30.540000915527344,31.510000228881836,31.510000228881836,127800,USM
2021-08-23,31.469999313354492,31.899999618530273,31.469999313354492,31.75,31.75,102000,USM
2021-08-24,31.950000762939453,31.950000762939453,31.6200008392334,31.729999542236328,31.729999542236328,103000,USM
2021-08-25,31.799999237060547,31.920000076293945,31.270000457763672,31.270000457763672,31.270000457763672,104200,USM
2021-08-26,31.200000762939453,31.700000762939453,31.170000076293945,31.25,31.25,100800,USM
2021-08-27,31.420000076293945,32.06999969482422,31.420000076293945,32.0099983215332,32.0099983215332,98900,USM
2021-08-30,32.0,32.09000015258789,31.829999923706055,31.989999771118164,31.989999771118164,86500,USM
2021-08-31,31.8700008392334,32.27000045776367,31.84000015258789,31.950000762939453,31.950000762939453,134300,USM
2021-09-01,32.15999984741211,32.41999816894531,31.959999084472656,32.18000030517578,32.18000030517578,74200,USM
2021-09-02,32.310001373291016,32.70000076293945,31.940000534057617,32.619998931884766,32.619998931884766,66400,USM
2021-09-03,32.63999938964844,32.63999938964844,32.220001220703125,32.439998626708984,32.439998626708984,53300,USM
2021-09-07,32.27000045776367,32.709999084472656,32.220001220703125,32.220001220703125,32.220001220703125,92100,USM
2021-09-08,32.08000183105469,32.25,31.649999618530273,31.889999389648438,31.889999389648438,131500,USM
2021-09-09,31.81999969482422,32.130001068115234,31.65999984741211,31.670000076293945,31.670000076293945,122000,USM
2021-09-10,31.65999984741211,31.770000457763672,31.049999237060547,31.309999465942383,31.309999465942383,114300,USM
2021-09-13,31.520000457763672,32.18000030517578,31.450000762939453,31.790000915527344,31.790000915527344,102700,USM
2021-09-14,31.780000686645508,31.90999984741211,30.639999389648438,30.709999084472656,30.709999084472656,131200,USM
2021-09-15,30.889999389648438,31.079999923706055,30.549999237060547,30.84000015258789,30.84000015258789,117100,USM
2021-09-16,30.84000015258789,31.059999465942383,30.440000534057617,30.850000381469727,30.850000381469727,89000,USM
2021-09-17,30.969999313354492,31.530000686645508,30.969999313354492,31.329999923706055,31.329999923706055,383200,USM
2021-09-20,30.889999389648438,31.1299991607666,30.59000015258789,30.8799991607666,30.8799991607666,116100,USM
2021-09-21,30.860000610351562,31.360000610351562,30.68000030517578,30.68000030517578,30.68000030517578,90800,USM
2021-09-22,30.889999389648438,31.190000534057617,30.579999923706055,30.600000381469727,30.600000381469727,86400,USM
2021-09-23,30.709999084472656,31.200000762939453,30.709999084472656,31.100000381469727,31.100000381469727,101600,USM
2021-09-24,30.940000534057617,31.15999984741211,30.559999465942383,30.780000686645508,30.780000686645508,132100,USM
2021-09-27,30.950000762939453,31.850000381469727,30.950000762939453,31.450000762939453,31.450000762939453,106200,USM
2021-09-28,31.540000915527344,31.770000457763672,31.3799991607666,31.549999237060547,31.549999237060547,106100,USM
2021-09-29,31.6200008392334,32.279998779296875,31.559999465942383,32.20000076293945,32.20000076293945,94600,USM
2021-09-30,32.20000076293945,32.25,31.770000457763672,31.889999389648438,31.889999389648438,122600,USM
2021-10-01,31.90999984741211,32.2599983215332,31.59000015258789,32.0,32.0,199300,USM
2021-10-04,32.08000183105469,32.689998626708984,32.060001373291016,32.20000076293945,32.20000076293945,69600,USM
2021-10-05,32.16999816894531,32.279998779296875,31.84000015258789,31.899999618530273,31.899999618530273,76000,USM
2021-10-06,31.65999984741211,31.770000457763672,31.020000457763672,31.709999084472656,31.709999084472656,105800,USM
2021-10-07,31.799999237060547,32.29999923706055,31.799999237060547,31.979999542236328,31.979999542236328,78900,USM
2021-10-08,31.90999984741211,31.93000030517578,31.260000228881836,31.280000686645508,31.280000686645508,80100,USM
2021-10-11,31.440000534057617,31.780000686645508,31.079999923706055,31.139999389648438,31.139999389648438,95800,USM
2021-10-12,31.25,31.579999923706055,31.110000610351562,31.170000076293945,31.170000076293945,100700,USM
2021-10-13,31.0,31.540000915527344,30.860000610351562,31.270000457763672,31.270000457763672,75300,USM
2021-10-14,31.350000381469727,31.790000915527344,31.190000534057617,31.399999618530273,31.399999618530273,99100,USM
2021-10-15,31.84000015258789,32.11000061035156,31.56999969482422,31.6200008392334,31.6200008392334,114200,USM
2021-10-18,31.489999771118164,31.65999984741211,31.040000915527344,31.059999465942383,31.059999465942383,104400,USM
2021-10-19,31.059999465942383,31.729999542236328,31.0,31.649999618530273,31.649999618530273,80200,USM
2021-10-20,31.700000762939453,32.459999084472656,31.700000762939453,32.02000045776367,32.02000045776367,81100,USM
2021-10-21,32.119998931884766,32.349998474121094,31.559999465942383,31.709999084472656,31.709999084472656,72800,USM
2021-10-22,31.59000015258789,31.690000534057617,31.170000076293945,31.450000762939453,31.450000762939453,67800,USM
2021-10-25,31.610000610351562,32.060001373291016,31.25,31.920000076293945,31.920000076293945,72500,USM
2021-10-26,32.029998779296875,32.09000015258789,31.549999237060547,31.579999923706055,31.579999923706055,83800,USM
2021-10-27,31.440000534057617,31.68000030517578,30.739999771118164,31.149999618530273,31.149999618530273,341200,USM
2021-10-28,31.34000015258789,31.639999389648438,30.56999969482422,30.75,30.75,354200,USM
2021-10-29,30.649999618530273,31.049999237060547,30.1200008392334,30.56999969482422,30.56999969482422,228000,USM
2021-11-01,30.639999389648438,32.18000030517578,30.6200008392334,31.790000915527344,31.790000915527344,192900,USM
2021-11-02,32.099998474121094,32.150001525878906,31.34000015258789,31.700000762939453,31.700000762939453,104600,USM
2021-11-03,31.809999465942383,33.150001525878906,31.809999465942383,32.66999816894531,32.66999816894531,101100,USM
2021-11-04,32.91999816894531,32.91999816894531,32.349998474121094,32.66999816894531,32.66999816894531,101800,USM
2021-11-05,32.65999984741211,33.66999816894531,32.33000183105469,32.40999984741211,32.40999984741211,157700,USM
2021-11-08,32.72999954223633,32.77000045776367,32.15999984741211,32.68000030517578,32.68000030517578,142100,USM
2021-11-09,32.810001373291016,33.060001373291016,32.31999969482422,32.5,32.5,102500,USM
2021-11-10,32.41999816894531,33.06999969482422,32.41999816894531,32.86000061035156,32.86000061035156,82000,USM
2021-11-11,33.13999938964844,33.31999969482422,32.720001220703125,33.150001525878906,33.150001525878906,82500,USM
2021-11-12,33.40999984741211,33.40999984741211,32.66999816894531,32.880001068115234,32.880001068115234,133200,USM
2021-11-15,33.060001373291016,33.060001373291016,31.899999618530273,32.029998779296875,32.029998779296875,68300,USM
2021-11-16,31.770000457763672,32.09000015258789,31.520000457763672,31.600000381469727,31.600000381469727,71100,USM
2021-11-17,31.360000610351562,31.969999313354492,31.18000030517578,31.93000030517578,31.93000030517578,112100,USM
2021-11-18,31.93000030517578,31.93000030517578,31.299999237060547,31.59000015258789,31.59000015258789,118200,USM
2021-11-19,31.299999237060547,31.299999237060547,30.25,30.530000686645508,30.530000686645508,103900,USM
2021-11-22,30.8799991607666,31.6299991607666,30.5,30.920000076293945,30.920000076293945,148700,USM
2021-11-23,31.040000915527344,31.700000762939453,30.8799991607666,31.59000015258789,31.59000015258789,91900,USM
2021-11-24,31.420000076293945,31.65999984741211,31.239999771118164,31.469999313354492,31.469999313354492,70700,USM
2021-11-26,31.010000228881836,31.06999969482422,30.399999618530273,30.729999542236328,30.729999542236328,75500,USM
2021-11-29,31.15999984741211,31.15999984741211,30.0,30.360000610351562,30.360000610351562,89000,USM
2021-11-30,30.149999618530273,30.149999618530273,28.959999084472656,29.110000610351562,29.110000610351562,152900,USM
2021-12-01,29.649999618530273,29.920000076293945,28.600000381469727,28.6200008392334,28.6200008392334,106200,USM
2021-12-02,28.729999542236328,29.440000534057617,28.639999389648438,29.25,29.25,214300,USM
2021-12-03,29.450000762939453,30.059999465942383,29.149999618530273,29.8799991607666,29.8799991607666,89900,USM
2021-12-06,30.56999969482422,31.899999618530273,30.049999237060547,31.610000610351562,31.610000610351562,155100,USM
2021-12-07,31.709999084472656,31.709999084472656,30.969999313354492,31.399999618530273,31.399999618530273,114200,USM
2021-12-08,31.389999389648438,31.790000915527344,31.239999771118164,31.440000534057617,31.440000534057617,95800,USM
2021-12-09,31.1299991607666,31.190000534057617,30.639999389648438,31.020000457763672,31.020000457763672,55000,USM
2021-12-10,31.100000381469727,31.59000015258789,31.100000381469727,31.399999618530273,31.399999618530273,108100,USM
2021-12-13,31.190000534057617,31.239999771118164,30.420000076293945,31.079999923706055,31.079999923706055,89200,USM
2021-12-14,31.15999984741211,32.099998474121094,30.639999389648438,31.780000686645508,31.780000686645508,227900,USM
2021-12-15,31.93000030517578,31.93000030517578,30.850000381469727,31.6299991607666,31.6299991607666,149000,USM
2021-12-16,31.950000762939453,32.7400016784668,31.770000457763672,32.38999938964844,32.38999938964844,121700,USM
2021-12-17,32.40999984741211,32.619998931884766,31.709999084472656,31.969999313354492,31.969999313354492,237000,USM
2021-12-20,31.6299991607666,31.700000762939453,30.600000381469727,31.56999969482422,31.56999969482422,104300,USM
2021-12-21,31.969999313354492,32.77000045776367,31.790000915527344,32.4900016784668,32.4900016784668,113600,USM
2021-12-22,32.529998779296875,32.58000183105469,32.119998931884766,32.38999938964844,32.38999938964844,67200,USM
2021-12-23,32.34000015258789,32.380001068115234,31.920000076293945,32.08000183105469,32.08000183105469,81500,USM
2021-12-27,32.060001373291016,32.060001373291016,31.219999313354492,31.770000457763672,31.770000457763672,51800,USM
2021-12-28,31.670000076293945,32.209999084472656,31.530000686645508,31.56999969482422,31.56999969482422,68100,USM
2021-12-29,31.729999542236328,31.959999084472656,31.479999542236328,31.639999389648438,31.639999389648438,94300,USM
2021-12-30,31.6200008392334,32.0,31.610000610351562,31.670000076293945,31.670000076293945,49700,USM
